2026-09-21 16:35:49,072 [INFO] Source folder: E:\Programming\Personal_projects\Horizon_Browser\Horizon_Browser_official_release\code_files
2026-09-21 16:35:49,073 [INFO] Temp log: C:\Users\MORDEK~1\AppData\Local\Temp\push_to_github_20260921_163549.log
2026-09-21 16:35:49,073 [DEBUG] Running: git --version
2026-09-21 16:35:49,188 [DEBUG] stdout: git version 2.55.0.windows.2
2026-09-21 16:35:49,188 [DEBUG] stderr: 
2026-09-21 16:35:49,188 [INFO] Existing git repository detected.
2026-09-21 16:35:49,189 [DEBUG] Running: git config core.longpaths true
2026-09-21 16:35:49,294 [DEBUG] stdout: 
2026-09-21 16:35:49,294 [DEBUG] stderr: 
2026-09-21 16:35:49,294 [DEBUG] Running: git remote -v
2026-09-21 16:35:49,403 [DEBUG] stdout: origin	https://github.com/MoRDekai1364/Horizon_Browser (fetch)
origin	https://github.com/MoRDekai1364/Horizon_Browser (push)
2026-09-21 16:35:49,403 [DEBUG] stderr: 
2026-09-21 16:35:49,403 [INFO] Detected remotes:
2026-09-21 16:35:49,403 [INFO]   1. origin -> https://github.com/MoRDekai1364/Horizon_Browser
2026-09-21 16:35:49,403 [INFO]   2. Enter a new repository URL
2026-09-21 16:35:50,637 [INFO] Verifying repository access.
2026-09-21 16:35:50,637 [DEBUG] Running: git ls-remote https://github.com/MoRDekai1364/Horizon_Browser
2026-09-21 16:35:51,424 [DEBUG] stdout: 369bc34b0eb442f66bc59b53de084935ad0164a2	HEAD
330ca2b02f0381e1371865ec855baaa718eb793a	refs/heads/alpha
8d27432c7e58db0d1d7e54a9edc4d274e7317c93	refs/heads/beta
22644b0d8d098df9ebb775e185004978ae0c99e8	refs/heads/local_usable
369bc34b0eb442f66bc59b53de084935ad0164a2	refs/heads/official_release
80c2e9b562c2a11b3ad8993e03429efa743ac1eb	refs/tags/Horizon
5ffe45035b989122fa937a9a2afc6a67a4663fb2	refs/tags/Horizon_2.6.1
5ffe45035b989122fa937a9a2afc6a67a4663fb2	refs/tags/Horizon_2.6.2
80c2e9b562c2a11b3ad8993e03429efa743ac1eb	refs/tags/Horizon_Browser_2.0
88531221ba30ce81d7a808e5d04115b71364a32f	refs/tags/Horizon_Browser_2.1
e97fdaa873ede316dfccdc9d1f357ea89c9b30a8	refs/tags/Horizon_Browser_2.2
65aabcd91d50749048d80e690951c1c6840c9cff	refs/tags/Horizon_Browser_2.3
1704d5bb9db2807f1c7b248ab078a590f10a3722	refs/tags/Horizon_Browser_2.4
5ffe45035b989122fa937a9a2afc6a67a4663fb2	refs/tags/Horizon_Browser_2.6.3
f320c7c49374bb613c339116b1cf43998b74ed90	refs/tags/Horizon_Browser_2.6.4
f320c7c49374bb613c339116b1cf43998b74ed90	refs/tags/Horizon_Browser_2.6.5
f320c7c49374bb613c339116b1cf43998b74ed90	refs/tags/Horizon_Browser_2.6.6
f320c7c49374bb613c339116b1cf43998b74ed90	refs/tags/Horizon_Browser_2.6.8
d46a996ea50e9554d2821c113e6bab9af9dc1f3e	refs/tags/Horizon_Browser_2.6.9
369bc34b0eb442f66bc59b53de084935ad0164a2	refs/tags/Horizon_Browser_2.7.3
369bc34b0eb442f66bc59b53de084935ad0164a2	refs/tags/Horizon_Browser_2.7.4
8d27432c7e58db0d1d7e54a9edc4d274e7317c93	refs/tags/Horizon_Browser_2.7.4_Beta
369bc34b0eb442f66bc59b53de084935ad0164a2	refs/tags/Horizon_Browser_2.7.5_Release
d46a996ea50e9554d2821c113e6bab9af9dc1f3e	refs/tags/Horizon_Browser_Beta
d46a996ea50e9554d2821c113e6bab9af9dc1f3e	refs/tags/Horizon_Browser_Official_Release
369bc34b0eb442f66bc59b53de084935ad0164a2	refs/tags/Horizon_Browser_version_2.7.3
80c2e9b562c2a11b3ad8993e03429efa743ac1eb	refs/tags/Horizon_browser
5ffe45035b989122fa937a9a2afc6a67a4663fb2	refs/tags/Horizon_browser_2.6
2026-09-21 16:35:51,424 [DEBUG] stderr: 
2026-09-21 16:35:51,424 [DEBUG] Running: git branch --list
2026-09-21 16:35:51,525 [DEBUG] stdout: local_usable
* official_release
2026-09-21 16:35:51,525 [DEBUG] stderr: 
2026-09-21 16:35:51,525 [DEBUG] Running: git ls-remote --heads origin
2026-09-21 16:35:52,249 [DEBUG] stdout: 330ca2b02f0381e1371865ec855baaa718eb793a	refs/heads/alpha
8d27432c7e58db0d1d7e54a9edc4d274e7317c93	refs/heads/beta
22644b0d8d098df9ebb775e185004978ae0c99e8	refs/heads/local_usable
369bc34b0eb442f66bc59b53de084935ad0164a2	refs/heads/official_release
2026-09-21 16:35:52,249 [DEBUG] stderr: 
2026-09-21 16:35:52,249 [INFO] Detected branches:
2026-09-21 16:35:52,250 [INFO]   1. alpha
2026-09-21 16:35:52,251 [INFO]   2. beta
2026-09-21 16:35:52,252 [INFO]   3. local_usable
2026-09-21 16:35:52,252 [INFO]   4. official_release
2026-09-21 16:35:52,253 [INFO]   5. Enter a new branch name
2026-09-21 16:35:56,042 [DEBUG] Running: git status --porcelain
2026-09-21 16:35:56,167 [DEBUG] stdout: M push_to_github.py
?? .github/
?? Finish.txt
?? Hello.txt
?? Horizon_Browser.lnk
?? Read_Before_Use.txt
?? Setup_File/
?? Setup_Horizon_Browser_Official_Release.iss
?? "TERMS_OF SERVICE"
?? logs/push_to_github_20260921_123734.log
2026-09-21 16:35:56,167 [DEBUG] stderr: 
2026-09-21 16:35:56,167 [DEBUG] Running: git status --porcelain
2026-09-21 16:35:56,296 [DEBUG] stdout: M push_to_github.py
?? .github/
?? Finish.txt
?? Hello.txt
?? Horizon_Browser.lnk
?? Read_Before_Use.txt
?? Setup_File/
?? Setup_Horizon_Browser_Official_Release.iss
?? "TERMS_OF SERVICE"
?? logs/push_to_github_20260921_123734.log
2026-09-21 16:35:56,297 [DEBUG] stderr: 
2026-09-21 16:35:56,297 [DEBUG] Running: git rev-parse HEAD
2026-09-21 16:35:56,393 [DEBUG] stdout: ef65ab40e665603cf0c666dca58db457bbcd39a5
2026-09-21 16:35:56,393 [DEBUG] stderr: 
2026-09-21 16:35:56,393 [DEBUG] Running: git stash
2026-09-21 16:35:56,880 [DEBUG] stdout: Saved working directory and index state WIP on official_release: ef65ab4 (this is automated commit message) 2026-09-21 12:38:00
2026-09-21 16:35:56,880 [DEBUG] stderr: 
2026-09-21 16:35:56,881 [DEBUG] Running: git branch --list
2026-09-21 16:35:56,978 [DEBUG] stdout: local_usable
* official_release
2026-09-21 16:35:56,979 [DEBUG] stderr: 
2026-09-21 16:35:56,979 [DEBUG] Running: git checkout official_release
2026-09-21 16:35:57,113 [DEBUG] stdout: 
2026-09-21 16:35:57,113 [DEBUG] stderr: Already on 'official_release'
2026-09-21 16:35:57,114 [DEBUG] Running: git stash pop
2026-09-21 16:35:57,381 [DEBUG] stdout: On branch official_release
Changes not staged for commit:
  (use "git add <file>..." to update what will be committed)
  (use "git restore <file>..." to discard changes in working directory)
	modified:   push_to_github.py

Untracked files:
  (use "git add <file>..." to include in what will be committed)
	.github/
	Finish.txt
	Hello.txt
	Horizon_Browser.lnk
	Read_Before_Use.txt
	Setup_File/
	Setup_Horizon_Browser_Official_Release.iss
	TERMS_OF SERVICE
	logs/push_to_github_20260921_123734.log

no changes added to commit (use "git add" and/or "git commit -a")
Dropped refs/stash@{0} (18de5778994db2de8f4914c9c953175b1f73200c)
2026-09-21 16:35:57,381 [DEBUG] stderr: 
2026-09-21 16:35:57,381 [DEBUG] Running: git add -A
2026-09-21 16:35:58,156 [DEBUG] stdout: 
2026-09-21 16:35:58,156 [DEBUG] stderr: 
2026-09-21 16:35:58,156 [DEBUG] Running: git status --porcelain
2026-09-21 16:35:58,301 [DEBUG] stdout: A  .github/workflows/dotnet-desktop.yml
A  Finish.txt
A  Hello.txt
A  Horizon_Browser.lnk
A  Read_Before_Use.txt
A  Setup_File/Setup_Horizon_Browser_Official_Release.exe
A  Setup_Horizon_Browser_Official_Release.iss
A  "TERMS_OF SERVICE"
A  logs/push_to_github_20260921_123734.log
M  push_to_github.py
2026-09-21 16:35:58,301 [DEBUG] stderr: 
2026-09-21 16:35:59,145 [INFO] No commit message entered — using automated message:
2026-09-21 16:35:59,145 [INFO] ----------------------------------------
2026-09-21 16:35:59,145 [INFO] (this is automated commit message) 2026-09-21 16:35:59
2026-09-21 16:35:59,146 [INFO] 
2026-09-21 16:35:59,146 [INFO] Repository: https://github.com/MoRDekai1364/Horizon_Browser
2026-09-21 16:35:59,146 [INFO]   [new] .github/workflows/dotnet-desktop.yml
2026-09-21 16:35:59,146 [INFO]   [new] Finish.txt
2026-09-21 16:35:59,146 [INFO]   [new] Hello.txt
2026-09-21 16:35:59,147 [INFO]   [new] Horizon_Browser.lnk
2026-09-21 16:35:59,147 [INFO]   [new] Read_Before_Use.txt
2026-09-21 16:35:59,147 [INFO]   [new] Setup_File/Setup_Horizon_Browser_Official_Release.exe
2026-09-21 16:35:59,147 [INFO]   [new] Setup_Horizon_Browser_Official_Release.iss
2026-09-21 16:35:59,148 [INFO]   [new] "TERMS_OF SERVICE"
2026-09-21 16:35:59,148 [INFO]   [new] logs/push_to_github_20260921_123734.log
2026-09-21 16:35:59,148 [INFO]   [modified] push_to_github.py
2026-09-21 16:35:59,149 [INFO] ----------------------------------------
2026-09-21 16:35:59,149 [DEBUG] Running: git status --porcelain
2026-09-21 16:35:59,278 [DEBUG] stdout: A  .github/workflows/dotnet-desktop.yml
A  Finish.txt
A  Hello.txt
A  Horizon_Browser.lnk
A  Read_Before_Use.txt
A  Setup_File/Setup_Horizon_Browser_Official_Release.exe
A  Setup_Horizon_Browser_Official_Release.iss
A  "TERMS_OF SERVICE"
A  logs/push_to_github_20260921_123734.log
M  push_to_github.py
2026-09-21 16:35:59,278 [DEBUG] stderr: 
2026-09-21 16:35:59,278 [DEBUG] Running: git commit -m (this is automated commit message) 2026-09-21 16:35:59

Repository: https://github.com/MoRDekai1364/Horizon_Browser
  [new] .github/workflows/dotnet-desktop.yml
  [new] Finish.txt
  [new] Hello.txt
  [new] Horizon_Browser.lnk
  [new] Read_Before_Use.txt
  [new] Setup_File/Setup_Horizon_Browser_Official_Release.exe
  [new] Setup_Horizon_Browser_Official_Release.iss
  [new] "TERMS_OF SERVICE"
  [new] logs/push_to_github_20260921_123734.log
  [modified] push_to_github.py
2026-09-21 16:35:59,685 [DEBUG] stdout: [official_release 5993460] (this is automated commit message) 2026-09-21 16:35:59
 10 files changed, 501 insertions(+)
 create mode 100644 .github/workflows/dotnet-desktop.yml
 create mode 100644 Finish.txt
 create mode 100644 Hello.txt
 create mode 100644 Horizon_Browser.lnk
 create mode 100644 Read_Before_Use.txt
 create mode 100644 Setup_File/Setup_Horizon_Browser_Official_Release.exe
 create mode 100644 Setup_Horizon_Browser_Official_Release.iss
 create mode 100644 TERMS_OF SERVICE
 create mode 100644 logs/push_to_github_20260921_123734.log
2026-09-21 16:35:59,686 [DEBUG] stderr: 
2026-09-21 16:35:59,686 [INFO] Checking for remote changes before pushing.
2026-09-21 16:35:59,686 [DEBUG] Running: git fetch origin
2026-09-21 16:36:00,585 [DEBUG] stdout: 
2026-09-21 16:36:00,585 [DEBUG] stderr: 
2026-09-21 16:36:00,585 [DEBUG] Running: git rev-parse --verify --quiet origin/official_release
2026-09-21 16:36:00,674 [DEBUG] stdout: 369bc34b0eb442f66bc59b53de084935ad0164a2
2026-09-21 16:36:00,674 [DEBUG] stderr: 
2026-09-21 16:36:00,674 [DEBUG] Running: git rev-parse official_release
2026-09-21 16:36:00,766 [DEBUG] stdout: 5993460a0332574c1b2b15d7804b942847aec4c3
2026-09-21 16:36:00,766 [DEBUG] stderr: 
2026-09-21 16:36:00,766 [DEBUG] Running: git rev-parse origin/official_release
2026-09-21 16:36:00,862 [DEBUG] stdout: 369bc34b0eb442f66bc59b53de084935ad0164a2
2026-09-21 16:36:00,863 [DEBUG] stderr: 
2026-09-21 16:36:00,863 [DEBUG] Running: git rev-list --count official_release..origin/official_release
2026-09-21 16:36:00,963 [DEBUG] stdout: 65
2026-09-21 16:36:00,963 [DEBUG] stderr: 
2026-09-21 16:36:00,963 [INFO] Remote has 65 commit(s) you don't have locally — rebasing before push.
2026-09-21 16:36:00,964 [DEBUG] Running: git rebase origin/official_release
2026-09-21 16:36:13,812 [DEBUG] stdout: warning: Cannot merge binary files: .gitignore (HEAD vs. 092d764 (version 2.7.5))
Auto-merging .gitignore
CONFLICT (add/add): Merge conflict in .gitignore
Auto-merging Build_Release.bat
CONFLICT (add/add): Merge conflict in Build_Release.bat
Auto-merging README.md
CONFLICT (add/add): Merge conflict in README.md
Auto-merging deploy_backend.ps1
CONFLICT (add/add): Merge conflict in deploy_backend.ps1
Auto-merging version.txt
CONFLICT (add/add): Merge conflict in version.txt
2026-09-21 16:36:13,812 [DEBUG] stderr: Rebasing (1/3)
error: could not apply 092d764... version 2.7.5
hint: Resolve all conflicts manually, mark them as resolved with
hint: "git add/rm <conflicted_files>", then run "git rebase --continue".
hint: You can instead skip this commit: run "git rebase --skip".
hint: To abort and get back to the state before "git rebase", run "git rebase --abort".
hint: Disable this message with "git config set advice.mergeConflict false"
Could not apply 092d764... # version 2.7.5
2026-09-21 16:36:13,812 [DEBUG] Running: git rebase --abort
2026-09-21 16:36:17,073 [DEBUG] stdout: 
2026-09-21 16:36:17,073 [DEBUG] stderr: 
2026-09-21 16:36:17,073 [INFO] Rebase failed — local and remote history conflict (often because the local
2026-09-21 16:36:17,074 [INFO] repo was freshly initialized and shares no commit history with the remote).
2026-09-21 16:36:17,076 [INFO] How should conflicting lines be resolved?
2026-09-21 16:36:17,077 [INFO]   1. Keep MY local version wherever content conflicts
2026-09-21 16:36:17,080 [INFO]   2. Keep the REMOTE version wherever content conflicts
2026-09-21 16:36:17,081 [INFO]   3. Abort — I'll resolve manually in a terminal
2026-09-21 16:36:46,190 [DEBUG] Running: git merge -X ours origin/official_release -m Merge origin/official_release, prefer ours --allow-unrelated-histories
2026-09-21 16:36:52,420 [DEBUG] stdout: Auto-merging .gitignore
Auto-merging Build_Release.bat
Auto-merging README.md
Auto-merging deploy_backend.ps1
Auto-merging version.txt
Merge made by the 'ort' strategy.
 .../128.png                                        |    Bin 0 -> 746 bytes
 .../16.png                                         |    Bin 0 -> 240 bytes
 .../32.png                                         |    Bin 0 -> 331 bytes
 .../48.png                                         |    Bin 0 -> 392 bytes
 .../README.md                                      |      7 +
 .../_metadata/verified_contents.json               |      1 +
 .../background.js                                  |    191 +
 .../manifest.json                                  |     32 +
 .../popup.html                                     |    157 +
 .../popup.js                                       |     96 +
 .../_metadata/verified_contents.json               |      1 +
 .../Remove-Paywalls-Chrome-Web-Store/background.js |      7 +
 .../Remove-Paywalls-Chrome-Web-Store/icon128.png   |    Bin 0 -> 1248 bytes
 .../Remove-Paywalls-Chrome-Web-Store/icon16.png    |    Bin 0 -> 384 bytes
 .../Remove-Paywalls-Chrome-Web-Store/icon48.png    |    Bin 0 -> 566 bytes
 .../Remove-Paywalls-Chrome-Web-Store/manifest.json |     19 +
 .../Remove-Paywalls-Chrome-Web-Store/popup.html    |     10 +
 .../Remove-Paywalls-Chrome-Web-Store/popup.js      |     10 +
 .../_locales/ar/messages.json                      |      1 +
 .../_locales/bg/messages.json                      |      1 +
 .../_locales/bn/messages.json                      |      1 +
 .../_locales/ca/messages.json                      |      1 +
 .../_locales/cs/messages.json                      |      1 +
 .../_locales/da/messages.json                      |      1 +
 .../_locales/de/messages.json                      |      1 +
 .../_locales/el/messages.json                      |      1 +
 .../_locales/en/messages.json                      |      1 +
 .../_locales/es/messages.json                      |      1 +
 .../_locales/et/messages.json                      |      1 +
 .../_locales/fa/messages.json                      |      1 +
 .../_locales/fi/messages.json                      |      1 +
 .../_locales/fil/messages.json                     |      1 +
 .../_locales/fr/messages.json                      |      1 +
 .../_locales/he/messages.json                      |      1 +
 .../_locales/hi/messages.json                      |      1 +
 .../_locales/hr/messages.json                      |      1 +
 .../_locales/hu/messages.json                      |      1 +
 .../_locales/id/messages.json                      |      1 +
 .../_locales/it/messages.json                      |      1 +
 .../_locales/ja/messages.json                      |      1 +
 .../_locales/kn/messages.json                      |      1 +
 .../_locales/ko/messages.json                      |      1 +
 .../_locales/lt/messages.json                      |      1 +
 .../_locales/lv/messages.json                      |      1 +
 .../_locales/ml/messages.json                      |      1 +
 .../_locales/ms/messages.json                      |      1 +
 .../_locales/nl/messages.json                      |      1 +
 .../_locales/no/messages.json                      |      1 +
 .../_locales/pl/messages.json                      |      1 +
 .../_locales/pt_BR/messages.json                   |      1 +
 .../_locales/pt_PT/messages.json                   |      1 +
 .../_locales/ro/messages.json                      |      1 +
 .../_locales/ru/messages.json                      |      1 +
 .../_locales/sk/messages.json                      |      1 +
 .../_locales/sl/messages.json                      |      1 +
 .../_locales/sr/messages.json                      |      1 +
 .../_locales/sv/messages.json                      |      1 +
 .../_locales/ta/messages.json                      |      1 +
 .../_locales/te/messages.json                      |      1 +
 .../_locales/th/messages.json                      |      1 +
 .../_locales/tr/messages.json                      |      1 +
 .../_locales/uk/messages.json                      |      1 +
 .../_locales/vi/messages.json                      |      1 +
 .../_locales/zh_CN/messages.json                   |      1 +
 .../_locales/zh_TW/messages.json                   |      1 +
 .../_metadata/verified_contents.json               |      1 +
 .../content.css                                    |    998 +
 .../help/images/notice.png                         |    Bin 0 -> 20690 bytes
 .../help/images/popup.png                          |    Bin 0 -> 126906 bytes
 .../help/images/submission menu.png                |    Bin 0 -> 9979 bytes
 .../help/images/votebuttons.gif                    |    Bin 0 -> 65625 bytes
 .../help/index.html                                |    148 +
 .../help/styles.css                                |    448 +
 .../icons/IconSponsorBlocker1024px.png             |    Bin 0 -> 66818 bytes
 .../icons/IconSponsorBlocker128px.png              |    Bin 0 -> 22463 bytes
 .../icons/IconSponsorBlocker16px.png               |    Bin 0 -> 551 bytes
 .../icons/IconSponsorBlocker256px.png              |    Bin 0 -> 24321 bytes
 .../icons/IconSponsorBlocker32px.png               |    Bin 0 -> 1207 bytes
 .../icons/IconSponsorBlocker512px.png              |    Bin 0 -> 39928 bytes
 .../icons/IconSponsorBlocker64px.png               |    Bin 0 -> 13022 bytes
 .../icons/LogoSponsorBlocker1024px.png             |    Bin 0 -> 80531 bytes
 .../icons/LogoSponsorBlocker128px.png              |    Bin 0 -> 7453 bytes
 .../icons/LogoSponsorBlocker256px.png              |    Bin 0 -> 17313 bytes
 .../icons/LogoSponsorBlocker512px.png              |    Bin 0 -> 37217 bytes
 .../icons/LogoSponsorBlocker64px.png               |    Bin 0 -> 3454 bytes
 .../PlayerCancelSegmentIconSponsorBlocker.svg      |     68 +
 .../icons/PlayerDeleteIconSponsorBlocker.svg       |     88 +
 .../icons/PlayerInfoIconSponsorBlocker.svg         |      6 +
 .../icons/PlayerStartIconSponsorBlocker.svg        |     71 +
 .../icons/PlayerStopIconSponsorBlocker.svg         |     67 +
 .../icons/PlayerUploadFailedIconSponsorBlocker.svg |     71 +
 .../icons/PlayerUploadIconSponsorBlocker.svg       |     67 +
 .../icons/SafariIconSponsorBlocker128px.png        |    Bin 0 -> 6829 bytes
 .../icons/SafariIconSponsorBlocker16px.png         |    Bin 0 -> 3139 bytes
 .../icons/SafariIconSponsorBlocker32px.png         |    Bin 0 -> 3536 bytes
 .../icons/SafariIconSponsorBlocker64px.png         |    Bin 0 -> 4673 bytes
 .../icons/beep.oga                                 |    Bin 0 -> 4706 bytes
 .../icons/bolt.svg                                 |     37 +
 .../icons/campaign.svg                             |     37 +
 .../icons/check-smaller.svg                        |     38 +
 .../icons/check.svg                                |      1 +
 .../icons/clipboard.svg                            |      1 +
 .../icons/close-smaller.svg                        |     37 +
 .../icons/close.png                                |    Bin 0 -> 3614 bytes
 .../icons/dearrow.svg                              |     54 +
 .../icons/downvote.png                             |    Bin 0 -> 6513 bytes
 .../icons/export.svg                               |    124 +
 .../icons/heart.svg                                |     43 +
 .../icons/help.svg                                 |     58 +
 .../icons/import.svg                               |     93 +
 .../icons/lightbulb.svg                            |     37 +
 .../icons/loop.svg                                 |      4 +
 .../icons/looped.svg                               |      4 +
 .../icons/money.svg                                |     37 +
 .../icons/music-note.svg                           |     37 +
 .../icons/newprofilepic.jpg                        |    Bin 0 -> 85033 bytes
 .../icons/not_visible.svg                          |     39 +
 .../icons/pause.svg                                |     59 +
 .../icons/pencil.svg                               |      1 +
 .../icons/pride.svg                                |     90 +
 .../icons/refresh.svg                              |      1 +
 .../icons/report.png                               |    Bin 0 -> 2753 bytes
 .../icons/right-arrow.svg                          |     37 +
 .../icons/sb-pride.png                             |    Bin 0 -> 14961 bytes
 .../icons/segway.png                               |    Bin 0 -> 1316 bytes
 .../icons/settings.svg                             |      1 +
 .../icons/skip.svg                                 |      1 +
 .../icons/skipIcon.svg                             |     71 +
 .../icons/sort.svg                                 |      1 +
 .../icons/star.svg                                 |     37 +
 .../icons/stop.svg                                 |     59 +
 .../icons/stopwatch.svg                            |     37 +
 .../icons/thumb.svg                                |      1 +
 .../icons/thumbs_down.svg                          |     58 +
 .../icons/thumbs_down_locked.svg                   |     58 +
 .../icons/thumbs_up.svg                            |     59 +
 .../icons/upvote.png                               |    Bin 0 -> 6600 bytes
 .../icons/upvote.svg                               |     98 +
 .../icons/visible.svg                              |      1 +
 .../js/background.js                               |      2 +
 .../js/content.js                                  |      3 +
 .../js/content.js.LICENSE.txt                      |     29 +
 .../js/document.js                                 |      1 +
 .../js/help.js                                     |      2 +
 .../js/options.js                                  |      3 +
 .../js/options.js.LICENSE.txt                      |     29 +
 .../js/permissions.js                              |      2 +
 .../js/popup.js                                    |      3 +
 .../js/popup.js.LICENSE.txt                        |     29 +
 .../6xKydSBYKcSV-LCoeQqfX1RYOo3ig4vwlBduz8A.woff2  |    Bin 0 -> 8280 bytes
 .../6xKydSBYKcSV-LCoeQqfX1RYOo3ig4vwlxdu.woff2     |    Bin 0 -> 15764 bytes
 .../6xKydSBYKcSV-LCoeQqfX1RYOo3ig4vwmBduz8A.woff2  |    Bin 0 -> 5564 bytes
 .../6xKydSBYKcSV-LCoeQqfX1RYOo3ig4vwmRduz8A.woff2  |    Bin 0 -> 14808 bytes
 .../libs/Source+Sans+Pro.css                       |    112 +
 .../manifest.json                                  |    188 +
 .../options/options.css                            |    898 +
 .../options/options.html                           |    693 +
 .../oss-attribution/attribution.txt                |    206 +
 .../permissions/index.html                         |     33 +
 .../permissions/styles.css                         |    360 +
 .../popup.css                                      |    778 +
 .../popup.html                                     |     13 +
 .../res/countries.json                             |      1 +
 .../shared.css                                     |    237 +
 .../TWP-Translate-[BETA]-Chrome-Web-Store/LICENSE  |    373 +
 .../_locales/af/messages.json                      |    600 +
 .../_locales/ar/messages.json                      |    600 +
 .../_locales/bg/messages.json                      |    600 +
 .../_locales/bn/messages.json                      |    600 +
 .../_locales/ca/messages.json                      |    600 +
 .../_locales/cs/messages.json                      |    600 +
 .../_locales/da/messages.json                      |    600 +
 .../_locales/de/messages.json                      |    600 +
 .../_locales/el/messages.json                      |    600 +
 .../_locales/en/messages.json                      |    600 +
 .../_locales/es/messages.json                      |    600 +
 .../_locales/fa/messages.json                      |    600 +
 .../_locales/fi/messages.json                      |    600 +
 .../_locales/fr/messages.json                      |    600 +
 .../_locales/he/messages.json                      |    600 +
 .../_locales/hi/messages.json                      |    600 +
 .../_locales/hr/messages.json                      |    600 +
 .../_locales/hu/messages.json                      |    600 +
 .../_locales/is/messages.json                      |    600 +
 .../_locales/it/messages.json                      |    600 +
 .../_locales/ja/messages.json                      |    600 +
 .../_locales/kaa/messages.json                     |    600 +
 .../_locales/ko/messages.json                      |    600 +
 .../_locales/lv/messages.json                      |    600 +
 .../_locales/nl/messages.json                      |    600 +
 .../_locales/no/messages.json                      |    600 +
 .../_locales/pl/messages.json                      |    600 +
 .../_locales/pt_BR/messages.json                   |    600 +
 .../_locales/pt_PT/messages.json                   |    600 +
 .../_locales/ro/messages.json                      |    600 +
 .../_locales/ru/messages.json                      |    600 +
 .../_locales/sat/messages.json                     |    600 +
 .../_locales/sl/messages.json                      |    600 +
 .../_locales/sr/messages.json                      |    600 +
 .../_locales/sv/messages.json                      |    600 +
 .../_locales/ta/messages.json                      |    600 +
 .../_locales/th/messages.json                      |    600 +
 .../_locales/tr/messages.json                      |    600 +
 .../_locales/ug/messages.json                      |    600 +
 .../_locales/uk/messages.json                      |    600 +
 .../_locales/vi/messages.json                      |    600 +
 .../_locales/zh_CN/messages.json                   |    600 +
 .../_locales/zh_TW/messages.json                   |    600 +
 .../_metadata/verified_contents.json               |      1 +
 .../background/background.js                       |    982 +
 .../background/textToSpeech.js                     |    129 +
 .../background/translationCache.js                 |    615 +
 .../background/translationService.js               |   1293 +
 .../TWP-Translate-[BETA]-Chrome-Web-Store/bg.js    |     29 +
 .../contentScript/checkScriptIsInjected.js         |      9 +
 .../contentScript/css/showOriginal.css             |     27 +
 .../contentScript/css/showTranslated.css           |     76 +
 .../contentScript/css/translateSelected.css        |    167 +
 .../contentScript/deepl.js                         |    159 +
 .../contentScript/html/popupMobile.html            |    309 +
 .../contentScript/pageTranslator.js                |   1080 +
 .../contentScript/popupMobile.js                   |    555 +
 .../contentScript/showOriginal.js                  |    203 +
 .../contentScript/showTranslated.js                |    583 +
 .../contentScript/translateSelected.js             |   1013 +
 .../firefox-manifest.json                          |    171 +
 .../icons/bing-translate-32.png                    |    Bin 0 -> 479 bytes
 .../icons/btn_donate_LG.webp                       |    Bin 0 -> 746 bytes
 .../icons/coinpayments.png                         |    Bin 0 -> 4768 bytes
 .../icons/google-translate-32.png                  |    Bin 0 -> 2316 bytes
 .../icons/icon-128.png                             |    Bin 0 -> 5163 bytes
 .../icons/icon-16.png                              |    Bin 0 -> 678 bytes
 .../icons/icon-32-translated.png                   |    Bin 0 -> 1388 bytes
 .../icons/icon-32.png                              |    Bin 0 -> 1398 bytes
 .../icons/icon-64.png                              |    Bin 0 -> 2690 bytes
 .../icons/icon-translated.svg                      |    217 +
 .../icons/icon.svg                                 |    217 +
 .../icons/patreon.png                              |    Bin 0 -> 4333 bytes
 .../icons/patreon_icon.png                         |    Bin 0 -> 17064 bytes
 .../icons/pixel.gif                                |    Bin 0 -> 42 bytes
 .../icons/swap-32.png                              |    Bin 0 -> 1637 bytes
 .../icons/yandex-translate-32.png                  |    Bin 0 -> 2132 bytes
 .../lib/XMLHttpRequestShim.js                      |    157 +
 .../lib/checkedLastError.js                        |      7 +
 .../lib/config.js                                  |    525 +
 .../lib/i18n.js                                    |    119 +
 .../lib/languages.js                               |  11808 ++
 .../lib/platformInfo.js                            |     29 +
 .../lib/polyfill.js                                |      2 +
 .../lib/stuff.js                                   |     24 +
 .../manifest.json                                  |    135 +
 .../off_screen.html                                |     10 +
 .../off_screen.js                                  |    623 +
 .../options/darkmode.js                            |     45 +
 .../options/open-options.html                      |     11 +
 .../options/open-options.js                        |     17 +
 .../options/options.css                            |    243 +
 .../options/options.html                           |    744 +
 .../options/options.js                             |   1143 +
 .../options/release-notes/en.html                  |   1588 +
 .../popup/detect-pdf.js                            |     20 +
 .../popup/improve-translation.html                 |    158 +
 .../popup/improve-translation.js                   |    159 +
 .../popup/old-popup.css                            |    201 +
 .../popup/old-popup.html                           |    141 +
 .../popup/old-popup.js                             |    517 +
 .../popup/popup-translate-document.html            |    118 +
 .../popup/popup-translate-document.js              |    154 +
 .../popup/popup-translate-text.html                |    165 +
 .../popup/popup-translate-text.js                  |    380 +
 .../popup/popup.css                                |    259 +
 .../popup/popup.html                               |    153 +
 .../popup/popup.js                                 |    507 +
 .../w3css/4/w3.css                                 |    232 +
 .../Extensions/adguard/_locales/ar/messages.json   |   1469 +
 .../Extensions/adguard/_locales/be/messages.json   |   1469 +
 .../Extensions/adguard/_locales/bg/messages.json   |   1469 +
 .../Extensions/adguard/_locales/bn/messages.json   |     11 +
 .../Extensions/adguard/_locales/ca/messages.json   |   1346 +
 .../Extensions/adguard/_locales/cs/messages.json   |   1469 +
 .../Extensions/adguard/_locales/da/messages.json   |   1469 +
 .../Extensions/adguard/_locales/de/messages.json   |   1469 +
 .../Extensions/adguard/_locales/el/messages.json   |   1469 +
 .../Extensions/adguard/_locales/en/messages.json   |   1469 +
 .../Extensions/adguard/_locales/es/messages.json   |   1469 +
 .../adguard/_locales/es_419/messages.json          |   1469 +
 .../Extensions/adguard/_locales/et/messages.json   |   1469 +
 .../Extensions/adguard/_locales/fa/messages.json   |   1469 +
 .../Extensions/adguard/_locales/fi/messages.json   |   1469 +
 .../Extensions/adguard/_locales/fil/messages.json  |     11 +
 .../Extensions/adguard/_locales/fr/messages.json   |   1469 +
 .../Extensions/adguard/_locales/he/messages.json   |   1469 +
 .../Extensions/adguard/_locales/hi/messages.json   |   1469 +
 .../Extensions/adguard/_locales/hr/messages.json   |   1469 +
 .../Extensions/adguard/_locales/hu/messages.json   |   1469 +
 .../Extensions/adguard/_locales/hy/messages.json   |   1469 +
 .../Extensions/adguard/_locales/id/messages.json   |   1469 +
 .../Extensions/adguard/_locales/it/messages.json   |   1469 +
 .../Extensions/adguard/_locales/ja/messages.json   |   1469 +
 .../Extensions/adguard/_locales/kn/messages.json   |     11 +
 .../Extensions/adguard/_locales/ko/messages.json   |   1469 +
 .../Extensions/adguard/_locales/lt/messages.json   |   1469 +
 .../Extensions/adguard/_locales/lv/messages.json   |     11 +
 .../adguard/_locales/mk-MK/messages.json           |     11 +
 .../Extensions/adguard/_locales/mk/messages.json   |   1469 +
 .../Extensions/adguard/_locales/ms/messages.json   |   1469 +
 .../Extensions/adguard/_locales/nb/messages.json   |   1469 +
 .../Extensions/adguard/_locales/nl/messages.json   |   1469 +
 .../Extensions/adguard/_locales/pl/messages.json   |   1469 +
 .../adguard/_locales/pt_BR/messages.json           |   1469 +
 .../adguard/_locales/pt_PT/messages.json           |   1469 +
 .../Extensions/adguard/_locales/ro/messages.json   |   1469 +
 .../Extensions/adguard/_locales/ru/messages.json   |   1469 +
 .../Extensions/adguard/_locales/sk/messages.json   |   1469 +
 .../Extensions/adguard/_locales/sl/messages.json   |   1469 +
 .../Extensions/adguard/_locales/sr/messages.json   |   1469 +
 .../Extensions/adguard/_locales/sv/messages.json   |   1469 +
 .../Extensions/adguard/_locales/ta/messages.json   |     11 +
 .../Extensions/adguard/_locales/te/messages.json   |     11 +
 .../Extensions/adguard/_locales/th/messages.json   |   1469 +
 .../Extensions/adguard/_locales/tr/messages.json   |   1469 +
 .../Extensions/adguard/_locales/uk/messages.json   |   1469 +
 .../Extensions/adguard/_locales/vi/messages.json   |   1469 +
 .../adguard/_locales/zh_CN/messages.json           |   1469 +
 .../adguard/_locales/zh_TW/messages.json           |   1469 +
 .../adguard/assets/css/alert-container.css         |     17 +
 .../Extensions/adguard/assets/css/alert-popup.css  |    235 +
 bin/Release/Extensions/adguard/assets/css/c3.css   |    175 +
 .../adguard/assets/css/devtools/custom.css         |     37 +
 .../adguard/assets/css/devtools/dark.css           |     98 +
 .../adguard/assets/css/devtools/elementsPanel.css  |    770 +
 .../assets/css/devtools/inspectorCommon.css        |    224 +
 .../adguard/assets/css/devtools/inspectorStyle.css |    518 +
 .../css/devtools/inspectorSyntaxHighlight.css      |    140 +
 .../adguard/assets/css/devtools/sidebarPane.css    |    114 +
 .../Extensions/adguard/assets/css/fonts.css        |     29 +
 .../Extensions/adguard/assets/css/layout.css       |     74 +
 bin/Release/Extensions/adguard/assets/css/log.css  |    412 +
 bin/Release/Extensions/adguard/assets/css/main.css |      4 +
 .../Extensions/adguard/assets/css/nanobar.css      |      9 +
 .../adguard/assets/css/rules-limits-container.css  |     15 +
 .../adguard/assets/css/rules-limits-popup.css      |    107 +
 .../Extensions/adguard/assets/css/style.css        |   1440 +
 .../adguard/assets/css/update-container.css        |     15 +
 .../adguard/assets/fonts/Roboto-Flex-Regular.woff2 |    Bin 0 -> 728620 bytes
 .../Extensions/adguard/assets/icons/loading-19.png |    Bin 0 -> 662 bytes
 .../Extensions/adguard/assets/icons/loading-38.png |    Bin 0 -> 1173 bytes
 .../adguard/assets/icons/newyear25-off-19.png      |    Bin 0 -> 340 bytes
 .../adguard/assets/icons/newyear25-off-38.png      |    Bin 0 -> 492 bytes
 .../adguard/assets/icons/newyear25-on-19.png       |    Bin 0 -> 358 bytes
 .../adguard/assets/icons/newyear25-on-38.png       |    Bin 0 -> 511 bytes
 .../Extensions/adguard/assets/icons/off-19.png     |    Bin 0 -> 410 bytes
 .../Extensions/adguard/assets/icons/off-38.png     |    Bin 0 -> 702 bytes
 .../Extensions/adguard/assets/icons/on-128.png     |    Bin 0 -> 2776 bytes
 .../Extensions/adguard/assets/icons/on-16.png      |    Bin 0 -> 480 bytes
 .../Extensions/adguard/assets/icons/on-19.png      |    Bin 0 -> 564 bytes
 .../Extensions/adguard/assets/icons/on-38.png      |    Bin 0 -> 955 bytes
 .../adguard/assets/icons/update-available-19.png   |    Bin 0 -> 553 bytes
 .../adguard/assets/icons/update-available-38.png   |    Bin 0 -> 890 bytes
 .../Extensions/adguard/assets/icons/warning-19.png |    Bin 0 -> 471 bytes
 .../Extensions/adguard/assets/icons/warning-38.png |    Bin 0 -> 797 bytes
 .../Extensions/adguard/assets/images/alert.svg     |     15 +
 .../Extensions/adguard/assets/images/app-store.svg |     14 +
 .../adguard/assets/images/arrow-down-grey.svg      |     16 +
 .../adguard/assets/images/arrow-down.svg           |     12 +
 .../Extensions/adguard/assets/images/avatar.svg    |     16 +
 .../Extensions/adguard/assets/images/checked.svg   |     16 +
 .../Extensions/adguard/assets/images/chrome.svg    |     52 +
 .../Extensions/adguard/assets/images/cross.svg     |      3 +
 .../Extensions/adguard/assets/images/dropbox.svg   |     43 +
 .../Extensions/adguard/assets/images/filters.svg   |     51 +
 .../adguard/assets/images/google-play.svg          |     59 +
 .../adguard/assets/images/hero-green.svg           |      1 +
 .../Extensions/adguard/assets/images/hero-red.svg  |      1 +
 .../Extensions/adguard/assets/images/link.svg      |      1 +
 .../Extensions/adguard/assets/images/logo-dark.svg |     11 +
 .../adguard/assets/images/logo-shield.svg          |     10 +
 .../Extensions/adguard/assets/images/logo.svg      |     11 +
 .../Extensions/adguard/assets/images/newyear25.svg |     90 +
 .../adguard/assets/images/reload-ico-green.svg     |      1 +
 .../adguard/assets/images/reload-ico.svg           |     17 +
 .../Extensions/adguard/assets/images/shield.svg    |      1 +
 .../Extensions/adguard/assets/images/tick.svg      |      1 +
 .../adguard/assets/images/toggler-bg.svg           |     13 +
 .../Extensions/adguard/assets/images/trash.svg     |      1 +
 .../Extensions/adguard/assets/js/preload-theme.js  |     42 +
 .../Extensions/adguard/assets/videos/loading.webm  |    Bin 0 -> 189336 bytes
 .../Extensions/adguard/filters/filter_1.txt        |  19342 +++
 .../Extensions/adguard/filters/filter_10.txt       |    378 +
 .../Extensions/adguard/filters/filter_11.txt       |   8585 +
 .../Extensions/adguard/filters/filter_13.txt       |   6781 +
 .../Extensions/adguard/filters/filter_14.txt       |  61911 ++++++++
 .../Extensions/adguard/filters/filter_15.txt       | 146590 +++++++++++++++++
 .../Extensions/adguard/filters/filter_16.txt       |  17744 +++
 .../Extensions/adguard/filters/filter_17.txt       |   3590 +
 .../Extensions/adguard/filters/filter_18.txt       |  22943 +++
 .../Extensions/adguard/filters/filter_19.txt       |  21322 +++
 .../Extensions/adguard/filters/filter_2.txt        | 149405 ++++++++++++++++++
 .../Extensions/adguard/filters/filter_20.txt       |   4020 +
 .../Extensions/adguard/filters/filter_21.txt       |  10851 ++
 .../Extensions/adguard/filters/filter_22.txt       |   2814 +
 .../Extensions/adguard/filters/filter_224.txt      |  22282 +++
 .../Extensions/adguard/filters/filter_23.txt       |   5738 +
 .../Extensions/adguard/filters/filter_3.txt        | 139538 ++++++++++++++++
 .../Extensions/adguard/filters/filter_4.txt        |  16452 ++
 .../Extensions/adguard/filters/filter_5.txt        |    234 +
 .../Extensions/adguard/filters/filter_6.txt        |  11935 ++
 .../Extensions/adguard/filters/filter_7.txt        |  12416 ++
 .../Extensions/adguard/filters/filter_8.txt        |   2133 +
 .../Extensions/adguard/filters/filter_9.txt        |   6118 +
 .../Extensions/adguard/filters/filter_mobile_1.txt |   7495 +
 .../adguard/filters/filter_mobile_10.txt           |    247 +
 .../adguard/filters/filter_mobile_11.txt           |   7478 +
 .../adguard/filters/filter_mobile_13.txt           |   5885 +
 .../adguard/filters/filter_mobile_14.txt           |  30774 ++++
 .../adguard/filters/filter_mobile_15.txt           | 145038 +++++++++++++++++
 .../adguard/filters/filter_mobile_16.txt           |   4813 +
 .../adguard/filters/filter_mobile_17.txt           |   2447 +
 .../adguard/filters/filter_mobile_18.txt           |  11557 ++
 .../adguard/filters/filter_mobile_19.txt           |  10559 ++
 .../Extensions/adguard/filters/filter_mobile_2.txt |  47463 ++++++
 .../adguard/filters/filter_mobile_20.txt           |   2119 +
 .../adguard/filters/filter_mobile_21.txt           |   4788 +
 .../adguard/filters/filter_mobile_22.txt           |   1620 +
 .../adguard/filters/filter_mobile_224.txt          |  21606 +++
 .../adguard/filters/filter_mobile_23.txt           |   5232 +
 .../Extensions/adguard/filters/filter_mobile_3.txt | 135918 ++++++++++++++++
 .../Extensions/adguard/filters/filter_mobile_4.txt |   9931 ++
 .../Extensions/adguard/filters/filter_mobile_5.txt |     28 +
 .../Extensions/adguard/filters/filter_mobile_6.txt |   4988 +
 .../Extensions/adguard/filters/filter_mobile_7.txt |  11765 ++
 .../Extensions/adguard/filters/filter_mobile_8.txt |   1931 +
 .../Extensions/adguard/filters/filter_mobile_9.txt |   5217 +
 .../Extensions/adguard/filters/filters.json        |   2452 +
 .../Extensions/adguard/filters/filters_i18n.json   |  29200 ++++
 bin/Release/Extensions/adguard/manifest.json       |     96 +
 .../Extensions/adguard/pages/assistant-inject.js   |   6539 +
 .../Extensions/adguard/pages/background.html       |      1 +
 bin/Release/Extensions/adguard/pages/background.js |  67820 ++++++++
 .../Extensions/adguard/pages/blocking/blocked.html |   1587 +
 .../Extensions/adguard/pages/blocking/blocked.js   |  10738 ++
 .../adguard/pages/blocking/safebrowsing.html       |   1464 +
 .../adguard/pages/blocking/safebrowsing.js         |   8797 ++
 .../Extensions/adguard/pages/content-script-end.js |   1870 +
 .../adguard/pages/content-script-start.js          |  14693 ++
 .../adguard/pages/devtools-elements-sidebar.html   |     42 +
 .../adguard/pages/devtools-elements-sidebar.js     |   3746 +
 bin/Release/Extensions/adguard/pages/devtools.html |      1 +
 bin/Release/Extensions/adguard/pages/devtools.js   |   1263 +
 .../Extensions/adguard/pages/filtering-log.html    |      6 +
 .../Extensions/adguard/pages/filtering-log.js      |  37711 +++++
 .../adguard/pages/fullscreen-user-rules.html       |     15 +
 .../adguard/pages/fullscreen-user-rules.js         |  14941 ++
 bin/Release/Extensions/adguard/pages/options.html  |      6 +
 bin/Release/Extensions/adguard/pages/options.js    |  27259 ++++
 bin/Release/Extensions/adguard/pages/popup.html    |      6 +
 bin/Release/Extensions/adguard/pages/popup.js      |  45866 ++++++
 .../Extensions/adguard/pages/post-install.html     |     26 +
 .../Extensions/adguard/pages/post-install.js       |   7563 +
 bin/Release/Extensions/adguard/pages/subscribe.js  |   3636 +
 bin/Release/Extensions/adguard/pages/thankyou.js   |   8910 ++
 bin/Release/Extensions/adguard/runtime.js          |    238 +
 bin/Release/Extensions/adguard/shared/editor.js    |  47575 ++++++
 bin/Release/Extensions/adguard/vendors/agtree.js   |     76 +
 .../Extensions/adguard/vendors/css-tokenizer.js    |   1798 +
 bin/Release/Extensions/adguard/vendors/mobx.js     |   5285 +
 bin/Release/Extensions/adguard/vendors/react.js    |    504 +
 .../Extensions/adguard/vendors/scriptlets.js       |     26 +
 .../adguard/vendors/text-encoding-polyfill.js      |   3426 +
 .../vendors/tsurlfilter-declarative-converter.js   |  23380 +++
 .../Extensions/adguard/vendors/tsurlfilter.js      |  52362 ++++++
 .../Extensions/adguard/vendors/tswebextension.js   |  36868 +++++
 bin/Release/Extensions/adguard/vendors/xstate.js   |   5021 +
 .../adguard/web-accessible-resources/redirects.yml |   3734 +
 .../redirects/1x1-transparent.gif                  |    Bin 0 -> 37 bytes
 .../redirects/2x2-transparent.png                  |    Bin 0 -> 68 bytes
 .../redirects/32x32-transparent.png                |    Bin 0 -> 83 bytes
 .../redirects/3x2-transparent.png                  |    Bin 0 -> 68 bytes
 .../redirects/amazon-apstag.js                     |     52 +
 .../redirects/ati-smarttag.js                      |    112 +
 .../redirects/click2load.html                      |    253 +
 .../redirects/didomi-loader.js                     |    160 +
 .../redirects/fingerprintjs.js                     |     92 +
 .../redirects/fingerprintjs2.js                    |     60 +
 .../redirects/fingerprintjs3.js                    |     63 +
 .../web-accessible-resources/redirects/gemius.js   |     50 +
 .../redirects/google-analytics-ga.js               |    119 +
 .../redirects/google-analytics.js                  |    129 +
 .../redirects/google-ima3.js                       |    643 +
 .../redirects/googlesyndication-adsbygoogle.js     |     91 +
 .../redirects/googletagservices-gpt.js             |    425 +
 .../web-accessible-resources/redirects/matomo.js   |     53 +
 .../redirects/metrika-yandex-tag.js                |    110 +
 .../redirects/metrika-yandex-watch.js              |     94 +
 .../redirects/naver-wcslog.js                      |     46 +
 .../web-accessible-resources/redirects/noeval.js   |     50 +
 .../web-accessible-resources/redirects/noopcss.css |      0
 .../redirects/noopframe.html                       |      5 +
 .../web-accessible-resources/redirects/noopjs.js   |      1 +
 .../redirects/noopjson.json                        |      1 +
 .../web-accessible-resources/redirects/noopmp3.mp3 |    Bin 0 -> 813 bytes
 .../web-accessible-resources/redirects/noopmp4.mp4 |    Bin 0 -> 3753 bytes
 .../web-accessible-resources/redirects/nooptext.js |      0
 .../redirects/noopvast02.xml                       |      1 +
 .../redirects/noopvast03.xml                       |      1 +
 .../redirects/noopvast04.xml                       |      1 +
 .../redirects/noopvmap01.xml                       |      1 +
 .../redirects/pardot-1.0.js                        |     69 +
 .../redirects/prebid-ads.js                        |     42 +
 .../web-accessible-resources/redirects/prebid.js   |     83 +
 .../redirects/prevent-bab.js                       |     89 +
 .../redirects/prevent-bab2.js                      |     55 +
 .../redirects/prevent-fab-3.2.0.js                 |    107 +
 .../redirects/prevent-popads-net.js                |     69 +
 .../redirects/scorecardresearch-beacon.js          |     46 +
 .../redirects/set-popads-dummy.js                  |     55 +
 bin/Release/Extensions/consent-o-matic/Action.js   |    852 +
 bin/Release/Extensions/consent-o-matic/CMP.js      |    202 +
 bin/Release/Extensions/consent-o-matic/Consent.js  |     92 +
 .../Extensions/consent-o-matic/ConsentEngine.js    |    476 +
 bin/Release/Extensions/consent-o-matic/Detector.js |     48 +
 .../Extensions/consent-o-matic/GDPRConfig.js       |    336 +
 bin/Release/Extensions/consent-o-matic/Language.js |   1677 +
 bin/Release/Extensions/consent-o-matic/Matcher.js  |    234 +
 bin/Release/Extensions/consent-o-matic/Tools.js    |    237 +
 .../Extensions/consent-o-matic/background.js       |    249 +
 bin/Release/Extensions/consent-o-matic/content.css |      1 +
 bin/Release/Extensions/consent-o-matic/content.js  |      1 +
 .../Extensions/consent-o-matic/content.scss        |    137 +
 .../Extensions/consent-o-matic/contentScript.js    |    125 +
 bin/Release/Extensions/consent-o-matic/editor.html |      1 +
 bin/Release/Extensions/consent-o-matic/editor.js   |      1 +
 bin/Release/Extensions/consent-o-matic/hide.svg    |      1 +
 .../Extensions/consent-o-matic/icon_1024.png       |    Bin 0 -> 58048 bytes
 .../Extensions/consent-o-matic/icon_128.png        |    Bin 0 -> 5390 bytes
 bin/Release/Extensions/consent-o-matic/icon_48.png |    Bin 0 -> 1895 bytes
 bin/Release/Extensions/consent-o-matic/icon_96.png |    Bin 0 -> 3926 bytes
 bin/Release/Extensions/consent-o-matic/logo.svg    |      1 +
 bin/Release/Extensions/consent-o-matic/main.css    |      1 +
 .../consent-o-matic/manifest.chromium.json         |     47 +
 .../consent-o-matic/manifest.firefox.json          |     55 +
 .../Extensions/consent-o-matic/manifest.json       |     47 +
 .../consent-o-matic/manifest.safari.json           |     48 +
 .../Extensions/consent-o-matic/minimize.svg        |      1 +
 .../Extensions/consent-o-matic/options.html        |      1 +
 bin/Release/Extensions/consent-o-matic/options.js  |    313 +
 bin/Release/Extensions/consent-o-matic/popup.html  |      1 +
 bin/Release/Extensions/consent-o-matic/popup.js    |     63 +
 bin/Release/Extensions/consent-o-matic/service.js  |      1 +
 .../Extensions/consent-o-matic/templates.html      |      1 +
 bin/Release/Extensions/consent-o-matic/ui.css      |      1 +
 bin/Release/Extensions/consent-o-matic/ui.js       |      1 +
 bin/Release/Extensions/consent-o-matic/ui.scss     |    368 +
 bin/Release/Horizon.Browser.deps.json              |    199 +
 bin/Release/Horizon.Browser.dll                    |    Bin 0 -> 1033728 bytes
 bin/Release/Horizon.Browser.exe                    |    Bin 0 -> 152576 bytes
 bin/Release/Horizon.Browser.pdb                    |    Bin 0 -> 213772 bytes
 bin/Release/Horizon.Browser.runtimeconfig.json     |     19 +
 bin/Release/Horizon.Stealth.deps.json              |    199 +
 bin/Release/Horizon.Stealth.dll                    |    Bin 0 -> 962560 bytes
 bin/Release/Horizon.Stealth.pdb                    |    Bin 0 -> 168284 bytes
 bin/Release/Horizon.Stealth.runtimeconfig.json     |     19 +
 .../1.0.0.10/manifest.json                         |      5 +
 .../1.0.0.10/protocols.json                        |    119 +
 .../BrowserMetrics/BrowserMetrics-6A4FF9BB-FC8.pma |    Bin 0 -> 1310720 bytes
 .../BrowserMetrics-6A4FFA12-37C4.pma               |    Bin 0 -> 1310720 bytes
 .../BrowserMetrics-6A4FFA30-42BC.pma               |    Bin 0 -> 1310720 bytes
 .../CertificateRevocation/6498.2025.9.4/crl-set    |    Bin 0 -> 23123 bytes
 .../6498.2025.9.4/manifest.json                    |      5 +
 .../HorizonData/EBWebView/Crashpad/metadata        |    Bin 0 -> 16 bytes
 .../HorizonData/EBWebView/Crashpad/settings.dat    |    Bin 0 -> 288 bytes
 .../Crashpad/temp/edge_shutdown_crash.txt          |      1 +
 .../EBWebView/Crashpad/throttle_store.dat          |      1 +
 .../HorizonData/EBWebView/Crashpad/watson_metadata |    Bin 0 -> 16 bytes
 .../EBWebView/Default/AutofillAiModelCache/LOCK    |      0
 .../EBWebView/Default/AutofillAiModelCache/LOG     |      0
 .../EBWebView/Default/AutofillAiModelCache/LOG.old |      0
 .../EBWebView/Default/AutofillStrikeDatabase/LOCK  |      0
 .../EBWebView/Default/AutofillStrikeDatabase/LOG   |      0
 .../Default/AutofillStrikeDatabase/LOG.old         |      0
 .../Default/BookmarkMergedSurfaceOrdering          |      2 +
 .../EBWebView/Default/BrowsingTopicsSiteData       |    Bin 0 -> 28672 bytes
 .../Default/BrowsingTopicsSiteData-journal         |      0
 .../EBWebView/Default/BrowsingTopicsState          |     12 +
 .../EBWebView/Default/BudgetDatabase/LOCK          |      0
 .../EBWebView/Default/BudgetDatabase/LOG           |      0
 .../EBWebView/Default/BudgetDatabase/LOG.old       |      0
 .../EBWebView/Default/Cache/Cache_Data/data_0      |    Bin 0 -> 45056 bytes
 .../EBWebView/Default/Cache/Cache_Data/data_1      |    Bin 0 -> 270336 bytes
 .../EBWebView/Default/Cache/Cache_Data/data_2      |    Bin 0 -> 1056768 bytes
 .../EBWebView/Default/Cache/Cache_Data/data_3      |    Bin 0 -> 4202496 bytes
 .../EBWebView/Default/Cache/Cache_Data/f_000001    |    Bin 0 -> 20208 bytes
 .../EBWebView/Default/Cache/Cache_Data/f_000002    |    Bin 0 -> 20556 bytes
 .../EBWebView/Default/Cache/Cache_Data/f_000003    |    Bin 0 -> 43136 bytes
 .../EBWebView/Default/Cache/Cache_Data/f_000004    |    Bin 0 -> 41348 bytes
 .../EBWebView/Default/Cache/Cache_Data/f_000005    |    Bin 0 -> 51003 bytes
 .../EBWebView/Default/Cache/Cache_Data/f_000006    |    Bin 0 -> 28651 bytes
 .../EBWebView/Default/Cache/Cache_Data/f_000007    |    Bin 0 -> 55505 bytes
 .../EBWebView/Default/Cache/Cache_Data/f_000008    |    Bin 0 -> 217900 bytes
 .../EBWebView/Default/Cache/Cache_Data/f_000009    |    Bin 0 -> 176838 bytes
 .../EBWebView/Default/Cache/Cache_Data/f_00000a    |    Bin 0 -> 49168 bytes
 .../EBWebView/Default/Cache/Cache_Data/f_00000b    |    Bin 0 -> 33388 bytes
 .../EBWebView/Default/Cache/Cache_Data/f_00000c    |    Bin 0 -> 32876 bytes
 .../EBWebView/Default/Cache/Cache_Data/f_00000d    |    Bin 0 -> 33080 bytes
 .../EBWebView/Default/Cache/Cache_Data/f_00000e    |    Bin 0 -> 41697 bytes
 .../EBWebView/Default/Cache/Cache_Data/f_00000f    |    Bin 0 -> 66676 bytes
 .../EBWebView/Default/Cache/Cache_Data/f_000010    |    Bin 0 -> 74205 bytes
 .../EBWebView/Default/Cache/Cache_Data/f_000011    |    Bin 0 -> 66106 bytes
 .../EBWebView/Default/Cache/Cache_Data/f_000012    |    Bin 0 -> 17103 bytes
 .../EBWebView/Default/Cache/Cache_Data/f_000013    |    Bin 0 -> 55813 bytes
 .../EBWebView/Default/Cache/Cache_Data/f_000015    |    Bin 0 -> 43923 bytes
 .../EBWebView/Default/Cache/Cache_Data/f_000016    |    Bin 0 -> 154676 bytes
 .../EBWebView/Default/Cache/Cache_Data/f_000017    |    Bin 0 -> 77322 bytes
 .../EBWebView/Default/Cache/Cache_Data/f_000018    |    Bin 0 -> 36683 bytes
 .../EBWebView/Default/Cache/Cache_Data/f_000019    |    Bin 0 -> 25552 bytes
 .../EBWebView/Default/Cache/Cache_Data/f_00001b    |    Bin 0 -> 19735 bytes
 .../EBWebView/Default/Cache/Cache_Data/f_00001c    |    Bin 0 -> 18093 bytes
 .../EBWebView/Default/Cache/Cache_Data/f_00001d    |    Bin 0 -> 47103 bytes
 .../EBWebView/Default/Cache/Cache_Data/f_00001e    |    Bin 0 -> 55196 bytes
 .../EBWebView/Default/Cache/Cache_Data/f_00001f    |    Bin 0 -> 116919 bytes
 .../EBWebView/Default/Cache/Cache_Data/f_000020    |    Bin 0 -> 48236 bytes
 .../EBWebView/Default/Cache/Cache_Data/f_000021    |    Bin 0 -> 30997 bytes
 .../EBWebView/Default/Cache/Cache_Data/f_000022    |    Bin 0 -> 644437 bytes
 .../EBWebView/Default/Cache/Cache_Data/f_000023    |    Bin 0 -> 615761 bytes
 .../EBWebView/Default/Cache/Cache_Data/f_000024    |    Bin 0 -> 69354 bytes
 .../EBWebView/Default/Cache/Cache_Data/f_000025    |    Bin 0 -> 33699 bytes
 .../EBWebView/Default/Cache/Cache_Data/f_000026    |    Bin 0 -> 185168 bytes
 .../EBWebView/Default/Cache/Cache_Data/f_000027    |    Bin 0 -> 232761 bytes
 .../EBWebView/Default/Cache/Cache_Data/f_000028    |    Bin 0 -> 30178 bytes
 .../EBWebView/Default/Cache/Cache_Data/f_000029    |    Bin 0 -> 107578 bytes
 .../EBWebView/Default/Cache/Cache_Data/f_00002a    |    Bin 0 -> 630035 bytes
 .../EBWebView/Default/Cache/Cache_Data/f_00002b    |    Bin 0 -> 37322 bytes
 .../EBWebView/Default/Cache/Cache_Data/f_00002c    |    Bin 0 -> 34204 bytes
 .../EBWebView/Default/Cache/Cache_Data/f_00002d    |    Bin 0 -> 48320 bytes
 .../EBWebView/Default/Cache/Cache_Data/f_00002e    |    Bin 0 -> 43136 bytes
 .../EBWebView/Default/Cache/Cache_Data/f_00002f    |    Bin 0 -> 21748 bytes
 .../EBWebView/Default/Cache/Cache_Data/f_000030    |    Bin 0 -> 21196 bytes
 .../EBWebView/Default/Cache/Cache_Data/f_000031    |    Bin 0 -> 66684 bytes
 .../EBWebView/Default/Cache/Cache_Data/f_000032    |    Bin 0 -> 22200 bytes
 .../EBWebView/Default/Cache/Cache_Data/f_000033    |    Bin 0 -> 23388 bytes
 .../EBWebView/Default/Cache/Cache_Data/f_000034    |    Bin 0 -> 123399 bytes
 .../EBWebView/Default/Cache/Cache_Data/f_000035    |    Bin 0 -> 22140 bytes
 .../EBWebView/Default/Cache/Cache_Data/f_000036    |    Bin 0 -> 373621 bytes
 .../EBWebView/Default/Cache/Cache_Data/f_000037    |    Bin 0 -> 214971 bytes
 .../EBWebView/Default/Cache/Cache_Data/f_000038    |    Bin 0 -> 338694 bytes
 .../EBWebView/Default/Cache/Cache_Data/f_000039    |    Bin 0 -> 20802 bytes
 .../EBWebView/Default/Cache/Cache_Data/f_00003a    |    Bin 0 -> 17136 bytes
 .../EBWebView/Default/Cache/Cache_Data/f_00003b    |    Bin 0 -> 151591 bytes
 .../EBWebView/Default/Cache/Cache_Data/f_00003c    |    Bin 0 -> 42542 bytes
 .../EBWebView/Default/Cache/Cache_Data/f_00003d    |    Bin 0 -> 373621 bytes
 .../EBWebView/Default/Cache/Cache_Data/f_00003e    |    Bin 0 -> 99714 bytes
 .../EBWebView/Default/Cache/Cache_Data/f_00003f    |    Bin 0 -> 147409 bytes
 .../EBWebView/Default/Cache/Cache_Data/f_000040    |    Bin 0 -> 40128 bytes
 .../EBWebView/Default/Cache/Cache_Data/f_000041    |    Bin 0 -> 130380 bytes
 .../EBWebView/Default/Cache/Cache_Data/f_000042    |    Bin 0 -> 147798 bytes
 .../EBWebView/Default/Cache/Cache_Data/f_000043    |    Bin 0 -> 146753 bytes
 .../EBWebView/Default/Cache/Cache_Data/f_000044    |    Bin 0 -> 16766 bytes
 .../EBWebView/Default/Cache/Cache_Data/f_000045    |    Bin 0 -> 26786 bytes
 .../EBWebView/Default/Cache/Cache_Data/f_000046    |    Bin 0 -> 131078 bytes
 .../EBWebView/Default/Cache/Cache_Data/f_000047    |    Bin 0 -> 22921 bytes
 .../EBWebView/Default/Cache/Cache_Data/f_000048    |    Bin 0 -> 166550 bytes
 .../EBWebView/Default/Cache/Cache_Data/f_000049    |    Bin 0 -> 963311 bytes
 .../EBWebView/Default/Cache/Cache_Data/f_00004a    |    Bin 0 -> 59066 bytes
 .../EBWebView/Default/Cache/Cache_Data/f_00004b    |    Bin 0 -> 657016 bytes
 .../EBWebView/Default/Cache/Cache_Data/f_00004c    |    Bin 0 -> 43136 bytes
 .../EBWebView/Default/Cache/Cache_Data/f_00004d    |    Bin 0 -> 23724 bytes
 .../EBWebView/Default/Cache/Cache_Data/f_00004e    |    Bin 0 -> 23439 bytes
 .../EBWebView/Default/Cache/Cache_Data/f_00004f    |    Bin 0 -> 35132 bytes
 .../EBWebView/Default/Cache/Cache_Data/f_000050    |    Bin 0 -> 169867 bytes
 .../EBWebView/Default/Cache/Cache_Data/f_000051    |    Bin 0 -> 41348 bytes
 .../EBWebView/Default/Cache/Cache_Data/f_000052    |    Bin 0 -> 107776 bytes
 .../EBWebView/Default/Cache/Cache_Data/f_000053    |    Bin 0 -> 145618 bytes
 .../EBWebView/Default/Cache/Cache_Data/f_000054    |    Bin 0 -> 119881 bytes
 .../EBWebView/Default/Cache/Cache_Data/f_000055    |    Bin 0 -> 330841 bytes
 .../EBWebView/Default/Cache/Cache_Data/f_000056    |    Bin 0 -> 2101768 bytes
 .../EBWebView/Default/Cache/Cache_Data/index       |    Bin 0 -> 524656 bytes
 .../Default/Cache/No_Vary_Search/journal.baj       |      1 +
 .../Default/Cache/No_Vary_Search/snapshot.baf      |    Bin 0 -> 20 bytes
 .../EBWebView/Default/ClientCertificates/LOCK      |      0
 .../EBWebView/Default/ClientCertificates/LOG       |      0
 .../EBWebView/Default/ClientCertificates/LOG.old   |      0
 .../Default/Code Cache/js/0076dbc2687a75c8_0       |    Bin 0 -> 239 bytes
 .../Default/Code Cache/js/02df4d919d1db631_0       |    Bin 0 -> 242 bytes
 .../Default/Code Cache/js/030deb08ea7f5704_0       |    Bin 0 -> 122672 bytes
 .../Default/Code Cache/js/039b9efa13a61bad_0       |    Bin 0 -> 242 bytes
 .../Default/Code Cache/js/03ab767b40f8cfee_0       |    Bin 0 -> 4055 bytes
 .../Default/Code Cache/js/043af1923a883e16_0       |    Bin 0 -> 265 bytes
 .../Default/Code Cache/js/04496e09a82d7be4_0       |    Bin 0 -> 268 bytes
 .../Default/Code Cache/js/04b821652310fb13_0       |    Bin 0 -> 98488 bytes
 .../Default/Code Cache/js/05b26522fd606645_0       |    Bin 0 -> 749 bytes
 .../Default/Code Cache/js/071d0789528838a9_0       |    Bin 0 -> 284 bytes
 .../Default/Code Cache/js/086ced5af2bd8220_0       |    Bin 0 -> 12466 bytes
 .../Default/Code Cache/js/0a4c526d5d310100_0       |    Bin 0 -> 270 bytes
 .../Default/Code Cache/js/0aaaf6edb73e546a_0       |    Bin 0 -> 13173 bytes
 .../Default/Code Cache/js/0afc682fb9dad7c2_0       |    Bin 0 -> 235 bytes
 .../Default/Code Cache/js/0b06db1a6bf880c2_0       |    Bin 0 -> 242 bytes
 .../Default/Code Cache/js/0b3a0da62588e0f5_0       |    Bin 0 -> 242 bytes
 .../Default/Code Cache/js/0c015efe6e649523_0       |    Bin 0 -> 308 bytes
 .../Default/Code Cache/js/0f7a89f46f65133f_0       |    Bin 0 -> 7788 bytes
 .../Default/Code Cache/js/0f7e5eeea93299c9_0       |    Bin 0 -> 306 bytes
 .../Default/Code Cache/js/103adf3520105e0f_0       |    Bin 0 -> 242 bytes
 .../Default/Code Cache/js/11328cb64a5d60eb_0       |    Bin 0 -> 260 bytes
 .../Default/Code Cache/js/113d72327aacc717_0       |    Bin 0 -> 15254 bytes
 .../Default/Code Cache/js/1154210b0c0831c9_0       |    Bin 0 -> 1922 bytes
 .../Default/Code Cache/js/1253ddc0847524d9_0       |    Bin 0 -> 4457 bytes
 .../Default/Code Cache/js/13b86ba548c0a839_0       |    Bin 0 -> 3651 bytes
 .../Default/Code Cache/js/142a6170a0e9d869_0       |    Bin 0 -> 254 bytes
 .../Default/Code Cache/js/1607200edb381bca_0       |    Bin 0 -> 249 bytes
 .../Default/Code Cache/js/166f248488e8e434_0       |    Bin 0 -> 242 bytes
 .../Default/Code Cache/js/191897f97e361b8f_0       |    Bin 0 -> 1882 bytes
 .../Default/Code Cache/js/195e2fd790676a21_0       |    Bin 0 -> 98488 bytes
 .../Default/Code Cache/js/198e8104f7f87921_0       |    Bin 0 -> 722 bytes
 .../Default/Code Cache/js/1bcd9e7257b3b57d_0       |    Bin 0 -> 242 bytes
 .../Default/Code Cache/js/1be905117ed82795_0       |    Bin 0 -> 1372 bytes
 .../Default/Code Cache/js/1bf5e7db2cc86bc8_0       |    Bin 0 -> 253 bytes
 .../Default/Code Cache/js/1c93a3582c65c4d3_0       |    Bin 0 -> 335136 bytes
 .../Default/Code Cache/js/1cc55164091f7d02_0       |    Bin 0 -> 239 bytes
 .../Default/Code Cache/js/1cdfac3e3497e90e_0       |    Bin 0 -> 242 bytes
 .../Default/Code Cache/js/1d25890505165c28_0       |    Bin 0 -> 256 bytes
 .../Default/Code Cache/js/1e533551742eeaf0_0       |    Bin 0 -> 57232 bytes
 .../Default/Code Cache/js/1f722db16f1e9c51_0       |    Bin 0 -> 627 bytes
 .../Default/Code Cache/js/1f780d5738f54f36_0       |    Bin 0 -> 245 bytes
 .../Default/Code Cache/js/1f7cf8395b07ebcd_0       |    Bin 0 -> 226 bytes
 .../Default/Code Cache/js/1facba9eab55149f_0       |    Bin 0 -> 88584 bytes
 .../Default/Code Cache/js/210c8b22d39f09d7_0       |    Bin 0 -> 241 bytes
 .../Default/Code Cache/js/213c9d2da2b585c1_0       |    Bin 0 -> 1586 bytes
 .../Default/Code Cache/js/219ba47e4f3fd15f_0       |    Bin 0 -> 242 bytes
 .../Default/Code Cache/js/21aa031a3d2c0479_0       |    Bin 0 -> 326 bytes
 .../Default/Code Cache/js/22f3ce7a7d7a6aac_0       |    Bin 0 -> 242 bytes
 .../Default/Code Cache/js/23e0af9c53491d3f_0       |    Bin 0 -> 1701 bytes
 .../Default/Code Cache/js/23ff0c8c70c7689f_0       |    Bin 0 -> 242 bytes
 .../Default/Code Cache/js/26c4287798fa812c_0       |    Bin 0 -> 922 bytes
 .../Default/Code Cache/js/285bf0c6b2a0869b_0       |    Bin 0 -> 99368 bytes
 .../Default/Code Cache/js/285e4739357c6106_0       |    Bin 0 -> 265 bytes
 .../Default/Code Cache/js/29305d07e19521a6_0       |      0
 .../Default/Code Cache/js/295728fafc7c1ebe_0       |    Bin 0 -> 1859 bytes
 .../Default/Code Cache/js/29f6e8ab8ec87e6c_0       |    Bin 0 -> 335136 bytes
 .../Default/Code Cache/js/2a61469126e13338_0       |    Bin 0 -> 44760 bytes
 .../Default/Code Cache/js/2aaeea5e819db95a_0       |    Bin 0 -> 256 bytes
 .../Default/Code Cache/js/2b3ca73aed475f2b_0       |    Bin 0 -> 299 bytes
 .../Default/Code Cache/js/2b5d95bda3bae015_0       |    Bin 0 -> 4266 bytes
 .../Default/Code Cache/js/2ba4a999fd4f886b_0       |    Bin 0 -> 289 bytes
 .../Default/Code Cache/js/2c3897a6197a9767_0       |    Bin 0 -> 284 bytes
 .../Default/Code Cache/js/2c410b04f0114046_0       |    Bin 0 -> 1360 bytes
 .../Default/Code Cache/js/2dc54355c897759f_0       |    Bin 0 -> 667872 bytes
 .../Default/Code Cache/js/2e98f626d1f446d8_0       |    Bin 0 -> 41928 bytes
 .../Default/Code Cache/js/2fea4219311926b6_0       |    Bin 0 -> 260 bytes
 .../Default/Code Cache/js/301522068fae0a51_0       |    Bin 0 -> 322 bytes
 .../Default/Code Cache/js/30259e9f37aaf988_0       |    Bin 0 -> 274 bytes
 .../Default/Code Cache/js/31836ad4b5df3363_0       |    Bin 0 -> 271 bytes
 .../Default/Code Cache/js/32ac42b2888b846b_0       |    Bin 0 -> 260 bytes
 .../Default/Code Cache/js/32f350141aa87917_0       |    Bin 0 -> 1874 bytes
 .../Default/Code Cache/js/336a68eaaf209f48_0       |    Bin 0 -> 269 bytes
 .../Default/Code Cache/js/34ac8a9c0965f5ad_0       |    Bin 0 -> 98488 bytes
 .../Default/Code Cache/js/35a5f42315e20c02_0       |    Bin 0 -> 41928 bytes
 .../Default/Code Cache/js/3724a0324c3b6e26_0       |    Bin 0 -> 28392 bytes
 .../Default/Code Cache/js/3776c937168b5b52_0       |    Bin 0 -> 269 bytes
 .../Default/Code Cache/js/383a869199a8575d_0       |    Bin 0 -> 697 bytes
 .../Default/Code Cache/js/38419f8e309412eb_0       |    Bin 0 -> 668680 bytes
 .../Default/Code Cache/js/39cd07b5fed350c5_0       |    Bin 0 -> 247 bytes
 .../Default/Code Cache/js/3c45437c70bb8ea2_0       |    Bin 0 -> 5688 bytes
 .../Default/Code Cache/js/3d67dae5c887164b_0       |    Bin 0 -> 254 bytes
 .../Default/Code Cache/js/3d6bd5bd9da96636_0       |    Bin 0 -> 1360 bytes
 .../Default/Code Cache/js/3d7b3300c41a76c0_0       |    Bin 0 -> 122672 bytes
 .../Default/Code Cache/js/3eada1f109a8e7c6_0       |    Bin 0 -> 4206 bytes
 .../Default/Code Cache/js/3f746c470dfb4415_0       |    Bin 0 -> 4460 bytes
 .../Default/Code Cache/js/42d00762017c12e0_0       |    Bin 0 -> 242 bytes
 .../Default/Code Cache/js/43358fd863f969b1_0       |    Bin 0 -> 288 bytes
 .../Default/Code Cache/js/441c2476218dfa97_0       |    Bin 0 -> 247 bytes
 .../Default/Code Cache/js/4431bab738f28701_0       |    Bin 0 -> 237 bytes
 .../Default/Code Cache/js/4513aa6c19670f03_0       |    Bin 0 -> 667872 bytes
 .../Default/Code Cache/js/459a3a51c2e0cc5f_0       |    Bin 0 -> 242 bytes
 .../Default/Code Cache/js/45a0d6b4698d6793_0       |    Bin 0 -> 244 bytes
 .../Default/Code Cache/js/45ec19afc0c3926c_0       |    Bin 0 -> 41928 bytes
 .../Default/Code Cache/js/45f2a4e8b68183f1_0       |    Bin 0 -> 306 bytes
 .../Default/Code Cache/js/461394aad51d27a5_0       |      0
 .../Default/Code Cache/js/46f0f9bcc6381ca4_0       |    Bin 0 -> 122672 bytes
 .../Default/Code Cache/js/476e925384e274ca_0       |    Bin 0 -> 230 bytes
 .../Default/Code Cache/js/47b2c8679819c7f8_0       |    Bin 0 -> 225 bytes
 .../Default/Code Cache/js/48e780b63f42de42_0       |    Bin 0 -> 335136 bytes
 .../Default/Code Cache/js/49e3bf709fa8fdf6_0       |    Bin 0 -> 242 bytes
 .../Default/Code Cache/js/4a900104f5908b5f_0       |    Bin 0 -> 511 bytes
 .../Default/Code Cache/js/4b290833534e9090_0       |    Bin 0 -> 88584 bytes
 .../Default/Code Cache/js/4b72b65b98aee73e_0       |    Bin 0 -> 242 bytes
 .../Default/Code Cache/js/4b8e7f0dd7ad3829_0       |    Bin 0 -> 242 bytes
 .../Default/Code Cache/js/4c5ca62179efe410_0       |    Bin 0 -> 242 bytes
 .../Default/Code Cache/js/4d5ca12299fb0b42_0       |    Bin 0 -> 291 bytes
 .../Default/Code Cache/js/4fdb2fec396ea760_0       |    Bin 0 -> 335136 bytes
 .../Default/Code Cache/js/50a4945d49f08526_0       |    Bin 0 -> 245 bytes
 .../Default/Code Cache/js/53da2c5efbf7fa87_0       |    Bin 0 -> 257 bytes
 .../Default/Code Cache/js/553fd832d277d371_0       |    Bin 0 -> 274 bytes
 .../Default/Code Cache/js/557181f3109f2b5b_0       |    Bin 0 -> 88584 bytes
 .../Default/Code Cache/js/55a0c9678498ccce_0       |    Bin 0 -> 572128 bytes
 .../Default/Code Cache/js/55c19d41fa6293f5_0       |    Bin 0 -> 1530 bytes
 .../Default/Code Cache/js/5657fedf7d486af5_0       |    Bin 0 -> 667872 bytes
 .../Default/Code Cache/js/5889931439d1647c_0       |    Bin 0 -> 2947 bytes
 .../Default/Code Cache/js/58922cf0bc5f42a9_0       |    Bin 0 -> 242 bytes
 .../Default/Code Cache/js/591a6fd1e26522dd_0       |    Bin 0 -> 735 bytes
 .../Default/Code Cache/js/595fca4bc905ae3f_0       |    Bin 0 -> 335136 bytes
 .../Default/Code Cache/js/5bd1b3ba5b1083d5_0       |    Bin 0 -> 315 bytes
 .../Default/Code Cache/js/5bf0bdc3107aca3b_0       |    Bin 0 -> 252 bytes
 .../Default/Code Cache/js/5cede4bc155eab21_0       |    Bin 0 -> 280 bytes
 .../Default/Code Cache/js/5edb9c275f992577_0       |    Bin 0 -> 4264 bytes
 .../Default/Code Cache/js/60c4372e5f885bf0_0       |    Bin 0 -> 7479 bytes
 .../Default/Code Cache/js/60d8544d757b2679_0       |    Bin 0 -> 272 bytes
 .../Default/Code Cache/js/615dcdf40e3f867f_0       |    Bin 0 -> 343 bytes
 .../Default/Code Cache/js/6234441e9058402d_0       |    Bin 0 -> 627 bytes
 .../Default/Code Cache/js/62ebafc69ab63d3d_0       |    Bin 0 -> 273 bytes
 .../Default/Code Cache/js/64c0010e0b003e65_0       |    Bin 0 -> 58608 bytes
 .../Default/Code Cache/js/66416b18424601b2_0       |    Bin 0 -> 238 bytes
 .../Default/Code Cache/js/67e4b73732f3ae16_0       |    Bin 0 -> 228 bytes
 .../Default/Code Cache/js/6815baa5322591c2_0       |    Bin 0 -> 242 bytes
 .../Default/Code Cache/js/69d74f99fd05b8f5_0       |    Bin 0 -> 41928 bytes
 .../Default/Code Cache/js/6a29e1c45e953b04_0       |    Bin 0 -> 256 bytes
 .../Default/Code Cache/js/6a5f2f74491b0b10_0       |    Bin 0 -> 1885 bytes
 .../Default/Code Cache/js/6a69cef7b05e2116_0       |    Bin 0 -> 667848 bytes
 .../Default/Code Cache/js/6b905d6a03391e9b_0       |    Bin 0 -> 273 bytes
 .../Default/Code Cache/js/6c3763529eb6c42f_0       |    Bin 0 -> 759 bytes
 .../Default/Code Cache/js/6cc2c20d6d2d01d4_0       |    Bin 0 -> 265 bytes
 .../Default/Code Cache/js/6d83600370122c88_0       |    Bin 0 -> 300 bytes
 .../Default/Code Cache/js/6e2c3008b5beade3_0       |    Bin 0 -> 28392 bytes
 .../Default/Code Cache/js/700dc727cb9bcc1e_0       |    Bin 0 -> 317 bytes
 .../Default/Code Cache/js/706fac09a8efc57d_0       |    Bin 0 -> 249 bytes
 .../Default/Code Cache/js/729e06121263e699_0       |    Bin 0 -> 1847 bytes
 .../Default/Code Cache/js/73598283727f3d0c_0       |    Bin 0 -> 242 bytes
 .../Default/Code Cache/js/73d2efb9cf9769e7_0       |    Bin 0 -> 244 bytes
 .../Default/Code Cache/js/73d953c33c8cd15c_0       |    Bin 0 -> 970 bytes
 .../Default/Code Cache/js/750e718928cb9cc1_0       |    Bin 0 -> 242 bytes
 .../Default/Code Cache/js/75a67d19412e31c6_0       |    Bin 0 -> 244 bytes
 .../Default/Code Cache/js/75ce2afff720c5bc_0       |    Bin 0 -> 98488 bytes
 .../Default/Code Cache/js/75f9d714a9a0530d_0       |    Bin 0 -> 279 bytes
 .../Default/Code Cache/js/76fe2c38f69e6c3e_0       |    Bin 0 -> 241 bytes
 .../Default/Code Cache/js/7733fbf967c4657e_0       |    Bin 0 -> 422 bytes
 .../Default/Code Cache/js/7770572c4d5a85c6_0       |    Bin 0 -> 242 bytes
 .../Default/Code Cache/js/7796935dc90f4611_0       |    Bin 0 -> 309 bytes
 .../Default/Code Cache/js/77b0b838786966f3_0       |    Bin 0 -> 290 bytes
 .../Default/Code Cache/js/77fd57b40e5f0945_0       |    Bin 0 -> 251 bytes
 .../Default/Code Cache/js/7830bb3c6aebc8d2_0       |    Bin 0 -> 324880 bytes
 .../Default/Code Cache/js/7aa2a78c6711ee05_0       |    Bin 0 -> 28392 bytes
 .../Default/Code Cache/js/7b45860dc27c51d2_0       |    Bin 0 -> 242 bytes
 .../Default/Code Cache/js/7c10f56e3e1c96b7_0       |    Bin 0 -> 196 bytes
 .../Default/Code Cache/js/7c49ae0efcea2fba_0       |    Bin 0 -> 11214 bytes
 .../Default/Code Cache/js/7c4eca39ac31d3bf_0       |    Bin 0 -> 7114 bytes
 .../Default/Code Cache/js/7cb42cd2778ad146_0       |    Bin 0 -> 335136 bytes
 .../Default/Code Cache/js/7cee592cd11ccb85_0       |    Bin 0 -> 213 bytes
 .../Default/Code Cache/js/7e13452bd0baf78d_0       |    Bin 0 -> 24 bytes
 .../Default/Code Cache/js/7e77d93031b026df_0       |    Bin 0 -> 262 bytes
 .../Default/Code Cache/js/7ea7b5787d024c41_0       |    Bin 0 -> 557 bytes
 .../Default/Code Cache/js/7f4b4fe6877a5fa5_0       |    Bin 0 -> 252 bytes
 .../Default/Code Cache/js/80ae89df8ae7d4cb_0       |    Bin 0 -> 242 bytes
 .../Default/Code Cache/js/80c97569d2ef4727_0       |    Bin 0 -> 7122 bytes
 .../Default/Code Cache/js/80ca0c4d0abbee4c_0       |    Bin 0 -> 122672 bytes
 .../Default/Code Cache/js/8142d87dc62a8289_0       |    Bin 0 -> 280 bytes
 .../Default/Code Cache/js/81d5d441795a90ac_0       |    Bin 0 -> 5268 bytes
 .../Default/Code Cache/js/81e62ae930589f44_0       |    Bin 0 -> 242 bytes
 .../Default/Code Cache/js/82315b06200d0f51_0       |    Bin 0 -> 251 bytes
 .../Default/Code Cache/js/8257e29537493481_0       |    Bin 0 -> 92616 bytes
 .../Default/Code Cache/js/8309577bd3dfe91b_0       |    Bin 0 -> 242 bytes
 .../Default/Code Cache/js/83923ba863ef0328_0       |    Bin 0 -> 2112 bytes
 .../Default/Code Cache/js/83dffb8c3174fef0_0       |    Bin 0 -> 242 bytes
 .../Default/Code Cache/js/85c0d128ae6d1da1_0       |    Bin 0 -> 234 bytes
 .../Default/Code Cache/js/86597e01f9217b47_0       |    Bin 0 -> 242 bytes
 .../Default/Code Cache/js/86a9dc20f88e211e_0       |      0
 .../Default/Code Cache/js/8818a0082ce9f723_0       |    Bin 0 -> 1904 bytes
 .../Default/Code Cache/js/88640dfb72b4d0b9_0       |    Bin 0 -> 28392 bytes
 .../Default/Code Cache/js/8871a9ca939a2705_0       |    Bin 0 -> 212 bytes
 .../Default/Code Cache/js/89028526bc380681_0       |    Bin 0 -> 245 bytes
 .../Default/Code Cache/js/891dbe7f9c49cc7c_0       |    Bin 0 -> 242 bytes
 .../Default/Code Cache/js/8ae409e2dffaf445_0       |    Bin 0 -> 245 bytes
 .../Default/Code Cache/js/8b49d98d02614a25_0       |    Bin 0 -> 92616 bytes
 .../Default/Code Cache/js/8b4a252cbf815bea_0       |    Bin 0 -> 98488 bytes
 .../Default/Code Cache/js/8b87103f8561cdd7_0       |    Bin 0 -> 45288 bytes
 .../Default/Code Cache/js/8bb0e185a0529c66_0       |    Bin 0 -> 28392 bytes
 .../Default/Code Cache/js/8bbac0335be35a83_0       |    Bin 0 -> 695 bytes
 .../Default/Code Cache/js/8c6c37db201f7faf_0       |    Bin 0 -> 242 bytes
 .../Default/Code Cache/js/8d5ca1e661f2e6c5_0       |    Bin 0 -> 387 bytes
 .../Default/Code Cache/js/8dc5dfa83e38f1d4_0       |    Bin 0 -> 58608 bytes
 .../Default/Code Cache/js/8dd013a50b6f7494_0       |    Bin 0 -> 92608 bytes
 .../Default/Code Cache/js/8ddfab8cb1cec30d_0       |    Bin 0 -> 5058 bytes
 .../Default/Code Cache/js/902ea3f71f655b6a_0       |    Bin 0 -> 92616 bytes
 .../Default/Code Cache/js/909a42f141014997_0       |    Bin 0 -> 237 bytes
 .../Default/Code Cache/js/90d83890ae1d4820_0       |    Bin 0 -> 88584 bytes
 .../Default/Code Cache/js/910198d377dddd36_0       |    Bin 0 -> 45288 bytes
 .../Default/Code Cache/js/920c07db3f1a34c2_0       |    Bin 0 -> 263 bytes
 .../Default/Code Cache/js/928b3f1e19244afc_0       |    Bin 0 -> 7417 bytes
 .../Default/Code Cache/js/92a4b5f9b32da0b3_0       |    Bin 0 -> 245 bytes
 .../Default/Code Cache/js/92b03997d45af18a_0       |    Bin 0 -> 247 bytes
 .../Default/Code Cache/js/92d6be4f5a100850_0       |    Bin 0 -> 249 bytes
 .../Default/Code Cache/js/9318887779393cc9_0       |    Bin 0 -> 240 bytes
 .../Default/Code Cache/js/941c2c2acfe13589_0       |    Bin 0 -> 88584 bytes
 .../Default/Code Cache/js/95776333dfe668be_0       |    Bin 0 -> 242 bytes
 .../Default/Code Cache/js/97d01c453ca4dd4c_0       |    Bin 0 -> 4381 bytes
 .../Default/Code Cache/js/97d02b97ea766e65_0       |    Bin 0 -> 98488 bytes
 .../Default/Code Cache/js/9870b729e146b9f8_0       |    Bin 0 -> 242 bytes
 .../Default/Code Cache/js/98def3e77158b3d2_0       |    Bin 0 -> 237 bytes
 .../Default/Code Cache/js/98f29b078d991853_0       |    Bin 0 -> 2099 bytes
 .../Default/Code Cache/js/990191b661d360f6_0       |    Bin 0 -> 269 bytes
 .../Default/Code Cache/js/9949003591f367df_0       |    Bin 0 -> 242 bytes
 .../Default/Code Cache/js/99b5610a24549a44_0       |    Bin 0 -> 244 bytes
 .../Default/Code Cache/js/9a24a8a48e855424_0       |    Bin 0 -> 253 bytes
 .../Default/Code Cache/js/9a9f26166dafbcff_0       |    Bin 0 -> 242 bytes
 .../Default/Code Cache/js/9b35b4179943f4f9_0       |    Bin 0 -> 224 bytes
 .../Default/Code Cache/js/9c601942de9e1307_0       |    Bin 0 -> 92608 bytes
 .../Default/Code Cache/js/9dbf418880b89464_0       |    Bin 0 -> 312 bytes
 .../Default/Code Cache/js/9e07b06e8139ebbf_0       |    Bin 0 -> 88528 bytes
 .../Default/Code Cache/js/9ec8aab95fff3370_0       |    Bin 0 -> 226 bytes
 .../Default/Code Cache/js/a01c0310ff320564_0       |    Bin 0 -> 242 bytes
 .../Default/Code Cache/js/a031e9f83427b6de_0       |    Bin 0 -> 572120 bytes
 .../Default/Code Cache/js/a0bbe7530078111c_0       |    Bin 0 -> 221 bytes
 .../Default/Code Cache/js/a0ce1fb5ae763c47_0       |    Bin 0 -> 244 bytes
 .../Default/Code Cache/js/a0d854db23c4986e_0       |    Bin 0 -> 122672 bytes
 .../Default/Code Cache/js/a1b4afd9cecbde61_0       |    Bin 0 -> 352 bytes
 .../Default/Code Cache/js/a1fa137b64fa4022_0       |    Bin 0 -> 687 bytes
 .../Default/Code Cache/js/a2e2d3ccdd40b565_0       |    Bin 0 -> 192 bytes
 .../Default/Code Cache/js/a47b0ea0a8a017fb_0       |    Bin 0 -> 368 bytes
 .../Default/Code Cache/js/a5a1aadf172914fe_0       |      0
 .../Default/Code Cache/js/a5b8b39f63fde1bc_0       |    Bin 0 -> 41928 bytes
 .../Default/Code Cache/js/a5fa9be99cd4d0af_0       |    Bin 0 -> 303 bytes
 .../Default/Code Cache/js/a6094d2874ab90de_0       |    Bin 0 -> 368 bytes
 .../Default/Code Cache/js/a62a4215b9346676_0       |    Bin 0 -> 278 bytes
 .../Default/Code Cache/js/a63a1197625004b3_0       |    Bin 0 -> 7359 bytes
 .../Default/Code Cache/js/a810a0483ae40b23_0       |    Bin 0 -> 28392 bytes
 .../Default/Code Cache/js/a8593ea97381b208_0       |    Bin 0 -> 288 bytes
 .../Default/Code Cache/js/a897015626d44c6b_0       |    Bin 0 -> 737 bytes
 .../Default/Code Cache/js/a8ad890aa570e093_0       |    Bin 0 -> 4153 bytes
 .../Default/Code Cache/js/a99efcdec779dcdc_0       |    Bin 0 -> 24 bytes
 .../Default/Code Cache/js/aa6a1e8ce1426809_0       |    Bin 0 -> 274 bytes
 .../Default/Code Cache/js/aa9611a54af6bf36_0       |    Bin 0 -> 257 bytes
 .../Default/Code Cache/js/aafc135857612845_0       |    Bin 0 -> 241 bytes
 .../Default/Code Cache/js/ad2057eeb7705349_0       |    Bin 0 -> 28392 bytes
 .../Default/Code Cache/js/ad31ef1ddebe25ec_0       |    Bin 0 -> 41928 bytes
 .../Default/Code Cache/js/af08c8dfb60dc291_0       |    Bin 0 -> 252 bytes
 .../Default/Code Cache/js/b199925a04e1874e_0       |    Bin 0 -> 98488 bytes
 .../Default/Code Cache/js/b1a93205baf980e8_0       |    Bin 0 -> 242 bytes
 .../Default/Code Cache/js/b1b0bc2357e152d8_0       |    Bin 0 -> 242 bytes
 .../Default/Code Cache/js/b2ad4ddd51204622_0       |    Bin 0 -> 2010 bytes
 .../Default/Code Cache/js/b3f1056d02277b2e_0       |    Bin 0 -> 218 bytes
 .../Default/Code Cache/js/b6ca6ce343510893_0       |    Bin 0 -> 308 bytes
 .../Default/Code Cache/js/b6ebe0c7f8673633_0       |    Bin 0 -> 242 bytes
 .../Default/Code Cache/js/b75aece08654fcae_0       |    Bin 0 -> 41928 bytes
 .../Default/Code Cache/js/b9cd5c9e189b7c91_0       |    Bin 0 -> 272 bytes
 .../Default/Code Cache/js/bb3e10180f60d452_0       |    Bin 0 -> 667848 bytes
 .../Default/Code Cache/js/bb73546961cd6df8_0       |    Bin 0 -> 712 bytes
 .../Default/Code Cache/js/bbf72f37478d5754_0       |    Bin 0 -> 667872 bytes
 .../Default/Code Cache/js/bd9a8ebd92bd0fb1_0       |    Bin 0 -> 269 bytes
 .../Default/Code Cache/js/bdaea414e9ce4e38_0       |    Bin 0 -> 335136 bytes
 .../Default/Code Cache/js/be1546fea8ad5017_0       |    Bin 0 -> 241 bytes
 .../Default/Code Cache/js/bf073348812cd546_0       |    Bin 0 -> 209 bytes
 .../Default/Code Cache/js/bf3fabda45d6efc8_0       |    Bin 0 -> 1905 bytes
 .../Default/Code Cache/js/c00dfea51d750af9_0       |    Bin 0 -> 19168 bytes
 .../Default/Code Cache/js/c00f79b571e53a90_0       |    Bin 0 -> 288 bytes
 .../Default/Code Cache/js/c1e16c33e0d24977_0       |    Bin 0 -> 242 bytes
 .../Default/Code Cache/js/c20d71ecd0100ee8_0       |    Bin 0 -> 422 bytes
 .../Default/Code Cache/js/c2c2b3cc9051baa5_0       |    Bin 0 -> 367 bytes
 .../Default/Code Cache/js/c2f21af09aba525a_0       |    Bin 0 -> 252 bytes
 .../Default/Code Cache/js/c3f4f238755411ed_0       |    Bin 0 -> 1653 bytes
 .../Default/Code Cache/js/c6b9313c8e6e51ca_0       |    Bin 0 -> 667848 bytes
 .../Default/Code Cache/js/c6b94ec6df951cf6_0       |    Bin 0 -> 262 bytes
 .../Default/Code Cache/js/c6fd9b6fd7676322_0       |    Bin 0 -> 1837 bytes
 .../Default/Code Cache/js/c7041477f118ee1a_0       |    Bin 0 -> 242 bytes
 .../Default/Code Cache/js/c7d30abc0e0ff55a_0       |    Bin 0 -> 24 bytes
 .../Default/Code Cache/js/c8e48afcc9f9dfb4_0       |    Bin 0 -> 271 bytes
 .../Default/Code Cache/js/c9d9dc059f1676a5_0       |    Bin 0 -> 3269 bytes
 .../Default/Code Cache/js/cafc2e78c867be91_0       |    Bin 0 -> 99208 bytes
 .../Default/Code Cache/js/cb3a90e9370cef07_0       |    Bin 0 -> 284 bytes
 .../Default/Code Cache/js/cccc43e45a5a6960_0       |    Bin 0 -> 89936 bytes
 .../Default/Code Cache/js/cd82ba944fad5118_0       |    Bin 0 -> 7434 bytes
 .../Default/Code Cache/js/cd9ec71b49f10925_0       |    Bin 0 -> 92608 bytes
 .../Default/Code Cache/js/cdee42929affea09_0       |    Bin 0 -> 249 bytes
 .../Default/Code Cache/js/cdf731a6130495c9_0       |    Bin 0 -> 242 bytes
 .../Default/Code Cache/js/cf6d3e7947913a8c_0       |    Bin 0 -> 1515 bytes
 .../Default/Code Cache/js/d08c288fcb831196_0       |    Bin 0 -> 1886 bytes
 .../Default/Code Cache/js/d09a7b26ca5c5b1c_0       |    Bin 0 -> 279 bytes
 .../Default/Code Cache/js/d1000b77b936bbf5_0       |    Bin 0 -> 273 bytes
 .../Default/Code Cache/js/d3ab5bc620082724_0       |    Bin 0 -> 4053 bytes
 .../Default/Code Cache/js/d53537e9a3e5472d_0       |    Bin 0 -> 274 bytes
 .../Default/Code Cache/js/d6f878a7f569f6be_0       |    Bin 0 -> 242 bytes
 .../Default/Code Cache/js/d6ffd5adef6f9780_0       |    Bin 0 -> 242 bytes
 .../Default/Code Cache/js/d738afecb311bf8f_0       |    Bin 0 -> 242 bytes
 .../Default/Code Cache/js/d8f08168df5e633f_0       |    Bin 0 -> 44760 bytes
 .../Default/Code Cache/js/d92a2ba554ae9430_0       |    Bin 0 -> 257 bytes
 .../js/d9f5c1dc-f8fe-443c-b79f-73949db5d5a6.tmp    |      0
 .../Default/Code Cache/js/da34dff0bcb62624_0       |    Bin 0 -> 1994 bytes
 .../Default/Code Cache/js/da474bbe5702481d_0       |    Bin 0 -> 306 bytes
 .../Default/Code Cache/js/db1823a3ff744d88_0       |    Bin 0 -> 58608 bytes
 .../Default/Code Cache/js/dbc149b98865d134_0       |    Bin 0 -> 288 bytes
 .../Default/Code Cache/js/dcac0418fc975285_0       |    Bin 0 -> 242 bytes
 .../Default/Code Cache/js/dccd224e92bddd24_0       |    Bin 0 -> 262 bytes
 .../Default/Code Cache/js/de8ae10e19b4b086_0       |    Bin 0 -> 92616 bytes
 .../Default/Code Cache/js/dea1fd92bb8cbf0a_0       |    Bin 0 -> 288 bytes
 .../Default/Code Cache/js/df2b36ffadcebb01_0       |    Bin 0 -> 260 bytes
 .../Default/Code Cache/js/df479de699269e3f_0       |    Bin 0 -> 58608 bytes
 .../Default/Code Cache/js/dfca766ddb094e3a_0       |    Bin 0 -> 237 bytes
 .../Default/Code Cache/js/e0159b47c49a23d4_0       |    Bin 0 -> 352 bytes
 .../Default/Code Cache/js/e08a342f11c2b4d8_0       |    Bin 0 -> 249 bytes
 .../Default/Code Cache/js/e0bc52dcdce2e336_0       |    Bin 0 -> 265 bytes
 .../Default/Code Cache/js/e0e529bef6db25dd_0       |    Bin 0 -> 235 bytes
 .../Default/Code Cache/js/e13a798433bc05b6_0       |    Bin 0 -> 242 bytes
 .../Default/Code Cache/js/e14f7e9dd99336ce_0       |    Bin 0 -> 45288 bytes
 .../Default/Code Cache/js/e3a309c676de0a5f_0       |    Bin 0 -> 251 bytes
 .../Default/Code Cache/js/e44ad3cd0b07a517_0       |    Bin 0 -> 242 bytes
 .../Default/Code Cache/js/e4ea1ef674a32d6d_0       |    Bin 0 -> 273 bytes
 .../Default/Code Cache/js/e524cbfdb4b02c32_0       |    Bin 0 -> 225 bytes
 .../Default/Code Cache/js/e5b36b100c26d200_0       |    Bin 0 -> 335136 bytes
 .../Default/Code Cache/js/e5be169dd5b813f9_0       |    Bin 0 -> 272 bytes
 .../Default/Code Cache/js/e5c4a9f90aa0f87d_0       |    Bin 0 -> 272 bytes
 .../Default/Code Cache/js/e6afdfc6cc57adcf_0       |    Bin 0 -> 5177 bytes
 .../Default/Code Cache/js/e8879a23b76234d5_0       |    Bin 0 -> 242 bytes
 .../Default/Code Cache/js/e9aa19718374ecc0_0       |    Bin 0 -> 9044 bytes
 .../Default/Code Cache/js/ea8ba2135e947898_0       |    Bin 0 -> 247 bytes
 .../Default/Code Cache/js/eb090d2e8b6bc7c5_0       |    Bin 0 -> 245 bytes
 .../Default/Code Cache/js/eb8018a57d356e91_0       |    Bin 0 -> 854 bytes
 .../Default/Code Cache/js/ec85c2beb82685fe_0       |    Bin 0 -> 4256 bytes
 .../Default/Code Cache/js/ed1ebccfd7b61ac2_0       |    Bin 0 -> 229 bytes
 .../Default/Code Cache/js/ee6dcd6c07f6470f_0       |    Bin 0 -> 249 bytes
 .../Default/Code Cache/js/ef6ddc210bae5091_0       |    Bin 0 -> 122672 bytes
 .../Default/Code Cache/js/f14904204e0cae9d_0       |    Bin 0 -> 272 bytes
 .../Default/Code Cache/js/f1c61a15fbba8b68_0       |    Bin 0 -> 272 bytes
 .../Default/Code Cache/js/f22c278db29812f9_0       |    Bin 0 -> 226 bytes
 .../Default/Code Cache/js/f4bd7335de5c2cd2_0       |    Bin 0 -> 1214 bytes
 .../Default/Code Cache/js/f5153fdf53256f8a_0       |    Bin 0 -> 323 bytes
 .../Default/Code Cache/js/f5a74d39c574e5fa_0       |    Bin 0 -> 28392 bytes
 .../Default/Code Cache/js/f5c1d8a8db8c707b_0       |    Bin 0 -> 171 bytes
 .../Default/Code Cache/js/f6090645e91e43db_0       |    Bin 0 -> 311 bytes
 .../Default/Code Cache/js/f6fffb55bc115345_0       |    Bin 0 -> 245 bytes
 .../Default/Code Cache/js/f7beda5bc3d27201_0       |    Bin 0 -> 280 bytes
 .../Default/Code Cache/js/f82bd8f0441ee5e2_0       |      0
 .../Default/Code Cache/js/f83a24f1134e8f91_0       |    Bin 0 -> 242 bytes
 .../Default/Code Cache/js/fa266473efc65535_0       |    Bin 0 -> 242 bytes
 .../Default/Code Cache/js/fbacac4251ebeb2d_0       |    Bin 0 -> 88584 bytes
 .../Default/Code Cache/js/fbf45bdf3ff832a6_0       |    Bin 0 -> 1886 bytes
 .../Default/Code Cache/js/fc94cf1d21304a77_0       |    Bin 0 -> 3255 bytes
 .../Default/Code Cache/js/fcaca363c24dca05_0       |    Bin 0 -> 256 bytes
 .../Default/Code Cache/js/fcf0bfaba1bf0c04_0       |    Bin 0 -> 41928 bytes
 .../Default/Code Cache/js/fdca45ffb0a3309f_0       |    Bin 0 -> 57232 bytes
 .../Default/Code Cache/js/fe4af8ef2c8b8dc4_0       |    Bin 0 -> 274 bytes
 .../Default/Code Cache/js/fe7929590c218f10_0       |    Bin 0 -> 7692 bytes
 .../Default/Code Cache/js/ff12c2fda33299fb_0       |    Bin 0 -> 207 bytes
 .../EBWebView/Default/Code Cache/js/index          |    Bin 0 -> 24 bytes
 .../Default/Code Cache/js/index-dir/the-real-index |    Bin 0 -> 8568 bytes
 .../EBWebView/Default/Code Cache/wasm/index        |    Bin 0 -> 24 bytes
 .../Code Cache/wasm/index-dir/the-real-index       |    Bin 0 -> 48 bytes
 bin/Release/HorizonData/EBWebView/Default/DIPS     |    Bin 0 -> 36864 bytes
 .../EBWebView/Default/DashTrackerDatabase          |    Bin 0 -> 10240 bytes
 .../EBWebView/Default/DashTrackerDatabase-journal  |      0
 .../EBWebView/Default/DawnGraphiteCache/data_0     |    Bin 0 -> 8192 bytes
 .../EBWebView/Default/DawnGraphiteCache/data_1     |    Bin 0 -> 270336 bytes
 .../EBWebView/Default/DawnGraphiteCache/data_2     |    Bin 0 -> 8192 bytes
 .../EBWebView/Default/DawnGraphiteCache/data_3     |    Bin 0 -> 8192 bytes
 .../EBWebView/Default/DawnGraphiteCache/index      |    Bin 0 -> 262512 bytes
 .../EBWebView/Default/DawnWebGPUCache/data_0       |    Bin 0 -> 8192 bytes
 .../EBWebView/Default/DawnWebGPUCache/data_1       |    Bin 0 -> 270336 bytes
 .../EBWebView/Default/DawnWebGPUCache/data_2       |    Bin 0 -> 8192 bytes
 .../EBWebView/Default/DawnWebGPUCache/data_3       |    Bin 0 -> 8192 bytes
 .../EBWebView/Default/DawnWebGPUCache/index        |    Bin 0 -> 262512 bytes
 .../EBWebView/Default/EdgeJourneys/EdgeJourneys.db |    Bin 0 -> 114688 bytes
 .../Default/EdgeSessions/SessionRestoreLog         |      2 +
 .../EBWebView/Default/Extension Rules/000003.log   |    Bin 0 -> 133 bytes
 .../EBWebView/Default/Extension Rules/CURRENT      |      1 +
 .../EBWebView/Default/Extension Rules/LOCK         |      0
 .../EBWebView/Default/Extension Rules/LOG          |      3 +
 .../EBWebView/Default/Extension Rules/LOG.old      |      3 +
 .../Default/Extension Rules/MANIFEST-000001        |    Bin 0 -> 41 bytes
 .../EBWebView/Default/Extension Scripts/000003.log |    Bin 0 -> 133 bytes
 .../EBWebView/Default/Extension Scripts/CURRENT    |      1 +
 .../EBWebView/Default/Extension Scripts/LOCK       |      0
 .../EBWebView/Default/Extension Scripts/LOG        |      3 +
 .../EBWebView/Default/Extension Scripts/LOG.old    |      3 +
 .../Default/Extension Scripts/MANIFEST-000001      |    Bin 0 -> 41 bytes
 .../EBWebView/Default/Extension State/000003.log   |    Bin 0 -> 399 bytes
 .../EBWebView/Default/Extension State/CURRENT      |      1 +
 .../EBWebView/Default/Extension State/LOCK         |      0
 .../EBWebView/Default/Extension State/LOG          |      3 +
 .../EBWebView/Default/Extension State/LOG.old      |      3 +
 .../Default/Extension State/MANIFEST-000001        |    Bin 0 -> 41 bytes
 .../EBWebView/Default/ExtensionActivityComp        |      0
 .../EBWebView/Default/ExtensionActivityEdge        |    Bin 0 -> 32768 bytes
 .../Default/ExtensionActivityEdge-journal          |      0
 bin/Release/HorizonData/EBWebView/Default/Favicons |    Bin 0 -> 24576 bytes
 .../HorizonData/EBWebView/Default/Favicons-journal |      0
 .../Feature Engagement Tracker/AvailabilityDB/LOCK |      0
 .../Feature Engagement Tracker/AvailabilityDB/LOG  |      0
 .../AvailabilityDB/LOG.old                         |      0
 .../Feature Engagement Tracker/EventDB/LOCK        |      0
 .../Default/Feature Engagement Tracker/EventDB/LOG |      0
 .../Feature Engagement Tracker/EventDB/LOG.old     |      0
 .../HorizonData/EBWebView/Default/GPUCache/data_0  |    Bin 0 -> 8192 bytes
 .../HorizonData/EBWebView/Default/GPUCache/data_1  |    Bin 0 -> 270336 bytes
 .../HorizonData/EBWebView/Default/GPUCache/data_2  |    Bin 0 -> 8192 bytes
 .../HorizonData/EBWebView/Default/GPUCache/data_3  |    Bin 0 -> 8192 bytes
 .../HorizonData/EBWebView/Default/GPUCache/index   |    Bin 0 -> 262512 bytes
 bin/Release/HorizonData/EBWebView/Default/History  |    Bin 0 -> 212992 bytes
 .../HorizonData/EBWebView/Default/History-journal  |    Bin 0 -> 45656 bytes
 .../000003.log                                     |    Bin 0 -> 2943 bytes
 .../CURRENT                                        |      1 +
 .../LOCK                                           |      0
 .../LOG                                            |      3 +
 .../LOG.old                                        |      3 +
 .../MANIFEST-000001                                |    Bin 0 -> 23 bytes
 .../2/00/4                                         |    Bin 0 -> 4357911 bytes
 .../2/00/5                                         |    Bin 0 -> 4372542 bytes
 .../2/00/c                                         |    Bin 0 -> 4333414 bytes
 .../2/00/d                                         |    Bin 0 -> 4341625 bytes
 .../000036.ldb                                     |    Bin 0 -> 43606 bytes
 .../000037.log                                     |    Bin 0 -> 46 bytes
 .../000039.ldb                                     |    Bin 0 -> 43592 bytes
 .../CURRENT                                        |      1 +
 .../LOCK                                           |      0
 .../LOG                                            |     25 +
 .../LOG.old                                        |     14 +
 .../MANIFEST-000001                                |    Bin 0 -> 1411 bytes
 .../000003.log                                     |    Bin 0 -> 465 bytes
 .../CURRENT                                        |      1 +
 .../LOCK                                           |      0
 .../LOG                                            |      2 +
 .../MANIFEST-000001                                |    Bin 0 -> 23 bytes
 .../000003.log                                     |    Bin 0 -> 1089 bytes
 .../CURRENT                                        |      1 +
 .../LOCK                                           |      0
 .../LOG                                            |      3 +
 .../LOG.old                                        |      2 +
 .../MANIFEST-000001                                |    Bin 0 -> 23 bytes
 .../000003.log                                     |    Bin 0 -> 603291 bytes
 .../CURRENT                                        |      1 +
 .../LOCK                                           |      0
 .../LOG                                            |      2 +
 .../MANIFEST-000001                                |    Bin 0 -> 23 bytes
 .../000003.log                                     |    Bin 0 -> 1706 bytes
 .../CURRENT                                        |      1 +
 .../LOCK                                           |      0
 .../LOG                                            |      2 +
 .../MANIFEST-000001                                |    Bin 0 -> 23 bytes
 bin/Release/HorizonData/EBWebView/Default/LOCK     |      0
 bin/Release/HorizonData/EBWebView/Default/LOG      |      0
 bin/Release/HorizonData/EBWebView/Default/LOG.old  |      0
 .../cknpchhamkghepdgmebdeeiklbmhajjb/000003.log    |    Bin 0 -> 252 bytes
 .../cknpchhamkghepdgmebdeeiklbmhajjb/CURRENT       |      1 +
 .../cknpchhamkghepdgmebdeeiklbmhajjb/LOCK          |      0
 .../cknpchhamkghepdgmebdeeiklbmhajjb/LOG           |      3 +
 .../cknpchhamkghepdgmebdeeiklbmhajjb/LOG.old       |      3 +
 .../MANIFEST-000001                                |    Bin 0 -> 41 bytes
 .../enpiaeoobofcpedppdnooadnbaldkjih/000003.log    |    Bin 0 -> 3468 bytes
 .../enpiaeoobofcpedppdnooadnbaldkjih/CURRENT       |      1 +
 .../enpiaeoobofcpedppdnooadnbaldkjih/LOCK          |      0
 .../enpiaeoobofcpedppdnooadnbaldkjih/LOG           |      3 +
 .../enpiaeoobofcpedppdnooadnbaldkjih/LOG.old       |      3 +
 .../MANIFEST-000001                                |    Bin 0 -> 41 bytes
 .../fennofgmefeblbegldihhmpehdehoflg/000003.log    |    Bin 0 -> 455925 bytes
 .../fennofgmefeblbegldihhmpehdehoflg/CURRENT       |      1 +
 .../fennofgmefeblbegldihhmpehdehoflg/LOCK          |      0
 .../fennofgmefeblbegldihhmpehdehoflg/LOG           |      3 +
 .../fennofgmefeblbegldihhmpehdehoflg/LOG.old       |      3 +
 .../MANIFEST-000001                                |    Bin 0 -> 41 bytes
 .../fjfcaoomjhlpbniopilcfbpefalbhpba/000003.log    |    Bin 0 -> 163 bytes
 .../fjfcaoomjhlpbniopilcfbpefalbhpba/CURRENT       |      1 +
 .../fjfcaoomjhlpbniopilcfbpefalbhpba/LOCK          |      0
 .../fjfcaoomjhlpbniopilcfbpefalbhpba/LOG           |      3 +
 .../fjfcaoomjhlpbniopilcfbpefalbhpba/LOG.old       |      3 +
 .../MANIFEST-000001                                |    Bin 0 -> 41 bytes
 .../gjbcdalockdbdpjilfijigifebblleeo/000005.ldb    |    Bin 0 -> 1875915 bytes
 .../gjbcdalockdbdpjilfijigifebblleeo/000016.ldb    |    Bin 0 -> 469263 bytes
 .../gjbcdalockdbdpjilfijigifebblleeo/000018.log    |    Bin 0 -> 1374292 bytes
 .../gjbcdalockdbdpjilfijigifebblleeo/000019.ldb    |    Bin 0 -> 1875576 bytes
 .../gjbcdalockdbdpjilfijigifebblleeo/CURRENT       |      1 +
 .../gjbcdalockdbdpjilfijigifebblleeo/LOCK          |      0
 .../gjbcdalockdbdpjilfijigifebblleeo/LOG           |      3 +
 .../gjbcdalockdbdpjilfijigifebblleeo/LOG.old       |      6 +
 .../MANIFEST-000001                                |    Bin 0 -> 650 bytes
 .../llafjhmkffdlhpiojoipllmmedhckpgh/000003.log    |    Bin 0 -> 42 bytes
 .../llafjhmkffdlhpiojoipllmmedhckpgh/CURRENT       |      1 +
 .../llafjhmkffdlhpiojoipllmmedhckpgh/LOCK          |      0
 .../llafjhmkffdlhpiojoipllmmedhckpgh/LOG           |      3 +
 .../llafjhmkffdlhpiojoipllmmedhckpgh/LOG.old       |      3 +
 .../MANIFEST-000001                                |    Bin 0 -> 41 bytes
 .../mahdomgfmegkjcelplonolabemigokdm/000003.log    |    Bin 0 -> 176 bytes
 .../mahdomgfmegkjcelplonolabemigokdm/CURRENT       |      1 +
 .../mahdomgfmegkjcelplonolabemigokdm/LOCK          |      0
 .../mahdomgfmegkjcelplonolabemigokdm/LOG           |      3 +
 .../mahdomgfmegkjcelplonolabemigokdm/LOG.old       |      3 +
 .../MANIFEST-000001                                |    Bin 0 -> 41 bytes
 .../micabgbmbfjdcifaljgbioeiflcemnmo/000003.log    |    Bin 0 -> 760 bytes
 .../micabgbmbfjdcifaljgbioeiflcemnmo/CURRENT       |      1 +
 .../micabgbmbfjdcifaljgbioeiflcemnmo/LOCK          |      0
 .../micabgbmbfjdcifaljgbioeiflcemnmo/LOG           |      3 +
 .../micabgbmbfjdcifaljgbioeiflcemnmo/LOG.old       |      2 +
 .../MANIFEST-000001                                |    Bin 0 -> 41 bytes
 .../pnbopgbekiomlhlfodahgbchgghkkkie/000003.log    |    Bin 0 -> 4973 bytes
 .../pnbopgbekiomlhlfodahgbchgghkkkie/CURRENT       |      1 +
 .../pnbopgbekiomlhlfodahgbchgghkkkie/LOCK          |      0
 .../pnbopgbekiomlhlfodahgbchgghkkkie/LOG           |      3 +
 .../pnbopgbekiomlhlfodahgbchgghkkkie/LOG.old       |      3 +
 .../MANIFEST-000001                                |    Bin 0 -> 41 bytes
 .../Default/Local Storage/leveldb/000003.log       |    Bin 0 -> 30 bytes
 .../Default/Local Storage/leveldb/CURRENT          |      1 +
 .../EBWebView/Default/Local Storage/leveldb/LOCK   |      0
 .../EBWebView/Default/Local Storage/leveldb/LOG    |      3 +
 .../Default/Local Storage/leveldb/LOG.old          |      3 +
 .../Default/Local Storage/leveldb/MANIFEST-000001  |    Bin 0 -> 41 bytes
 .../HorizonData/EBWebView/Default/Login Data       |    Bin 0 -> 43008 bytes
 .../EBWebView/Default/Login Data For Account       |    Bin 0 -> 43008 bytes
 .../Default/Login Data For Account-journal         |      0
 .../EBWebView/Default/Login Data-journal           |      0
 .../HorizonData/EBWebView/Default/MediaDeviceSalts |    Bin 0 -> 24576 bytes
 .../EBWebView/Default/MediaDeviceSalts-journal     |      0
 .../EBWebView/Default/Network Action Predictor     |    Bin 0 -> 53248 bytes
 .../Default/Network Action Predictor-journal       |      0
 .../HorizonData/EBWebView/Default/Network/Cookies  |    Bin 0 -> 20480 bytes
 .../EBWebView/Default/Network/Cookies-journal      |      0
 .../Default/Network/Device Bound Sessions          |    Bin 0 -> 20480 bytes
 .../Default/Network/Device Bound Sessions-journal  |      0
 .../Default/Network/Network Persistent State       |      1 +
 .../EBWebView/Default/Network/NetworkDataMigrated  |      0
 .../EBWebView/Default/Network/Reporting and NEL    |    Bin 0 -> 36864 bytes
 .../Default/Network/Reporting and NEL-journal      |      0
 .../Default/Network/SCT Auditing Pending Reports   |      1 +
 .../EBWebView/Default/Network/Sdch Dictionaries    |      1 +
 .../EBWebView/Default/Network/TransportSecurity    |      1 +
 .../EBWebView/Default/Network/Trust Tokens         |    Bin 0 -> 36864 bytes
 .../EBWebView/Default/Network/Trust Tokens-journal |      0
 .../Password_Diagnostics/PMLog_13422023247647094   |     14 +
 .../EBWebView/Default/PersistentOriginTrials/LOCK  |      0
 .../EBWebView/Default/PersistentOriginTrials/LOG   |      0
 .../Default/PersistentOriginTrials/LOG.old         |      0
 .../Default/Platform Notifications/000003.log      |      0
 .../Default/Platform Notifications/CURRENT         |      1 +
 .../EBWebView/Default/Platform Notifications/LOCK  |      0
 .../EBWebView/Default/Platform Notifications/LOG   |      3 +
 .../Default/Platform Notifications/LOG.old         |      3 +
 .../Default/Platform Notifications/MANIFEST-000001 |    Bin 0 -> 41 bytes
 .../HorizonData/EBWebView/Default/Preferences      |      1 +
 bin/Release/HorizonData/EBWebView/Default/README   |      1 +
 .../Safe Browsing Network/NetworkDataMigrated      |      0
 .../Safe Browsing Network/Safe Browsing Cookies    |    Bin 0 -> 20480 bytes
 .../Safe Browsing Cookies-journal                  |      0
 .../EBWebView/Default/Secure Preferences           |      1 +
 .../EBWebView/Default/ServerCertificate            |    Bin 0 -> 20480 bytes
 .../EBWebView/Default/ServerCertificate-journal    |      0
 .../03723ec5564e7819_0                             |    Bin 0 -> 1421 bytes
 .../091349bb42039481_0                             |    Bin 0 -> 1663 bytes
 .../0b3bd81b114681fa_0                             |    Bin 0 -> 1549 bytes
 .../0e68ef3e3bc686b2_0                             |    Bin 0 -> 1564 bytes
 .../0efdd86b5e92caeb_0                             |    Bin 0 -> 1546 bytes
 .../11948aeda14cd8cd_0                             |    Bin 0 -> 12937 bytes
 .../152af16e821e5e53_0                             |    Bin 0 -> 1488 bytes
 .../1862774b103cb550_0                             |    Bin 0 -> 1620 bytes
 .../1ada7ade10cca105_0                             |    Bin 0 -> 1752 bytes
 .../1d17e378da8f28e8_0                             |    Bin 0 -> 1791 bytes
 .../22063dd5403b833c_0                             |    Bin 0 -> 1443 bytes
 .../273c4b250c7bc824_0                             |    Bin 0 -> 1464 bytes
 .../2e2413a06637b0ec_0                             |    Bin 0 -> 1416 bytes
 .../3107558eea9ba321_0                             |    Bin 0 -> 1429 bytes
 .../321911defb2f8cbc_0                             |    Bin 0 -> 1393 bytes
 .../32690e9511f86989_0                             |    Bin 0 -> 1632 bytes
 .../340d60e931bd37f7_0                             |    Bin 0 -> 1593 bytes
 .../375db0c2ac836167_0                             |    Bin 0 -> 1480 bytes
 .../383152c2a19b4e8f_0                             |    Bin 0 -> 1702 bytes
 .../385bf01b84b6743c_0                             |    Bin 0 -> 1595 bytes
 .../3d7948fc42349e78_0                             |    Bin 0 -> 1577 bytes
 .../44fdad3a201128f8_0                             |    Bin 0 -> 1495 bytes
 .../48ad33b5e6597f4d_0                             |    Bin 0 -> 1654 bytes
 .../4b32244f47a52aa1_0                             |    Bin 0 -> 1870 bytes
 .../4c4800b635ae2098_0                             |    Bin 0 -> 1499 bytes
 .../4f926102e9d4c072_0                             |    Bin 0 -> 1569 bytes
 .../5437f3efe07e0177_0                             |    Bin 0 -> 1532 bytes
 .../577dbf0b91a4fd20_0                             |    Bin 0 -> 1381 bytes
 .../5a89e5ba27a9709b_0                             |    Bin 0 -> 1625 bytes
 .../5f35d08eae8058b3_0                             |    Bin 0 -> 1567 bytes
 .../6b3d1b313bb275db_0                             |    Bin 0 -> 1523 bytes
 .../6b991611054a2e9f_0                             |    Bin 0 -> 1526 bytes
 .../704d1465ad2857ca_0                             |    Bin 0 -> 1343 bytes
 .../72d06060f92aae74_0                             |    Bin 0 -> 1539 bytes
 .../7866b425ec30631b_0                             |    Bin 0 -> 1576 bytes
 .../82ef43183c18dbcf_0                             |    Bin 0 -> 1183 bytes
 .../8383e54a78e96fc0_0                             |    Bin 0 -> 1512 bytes
 .../864e3d21e753f81a_0                             |    Bin 0 -> 1626 bytes
 .../8730e4942a92839c_0                             |    Bin 0 -> 1453 bytes
 .../88c1d03bb90903c8_0                             |    Bin 0 -> 1679 bytes
 .../8ba930f6d3763aad_0                             |    Bin 0 -> 1775 bytes
 .../95db89fc6a02f451_0                             |    Bin 0 -> 1535 bytes
 .../96723b9b77fbe36f_0                             |    Bin 0 -> 1648 bytes
 .../97de5abfe883dbcf_0                             |    Bin 0 -> 1555 bytes
 .../98064632364724f2_0                             |    Bin 0 -> 1526 bytes
 .../9e92cd97c19c8248_0                             |    Bin 0 -> 1541 bytes
 .../a85adbefb300ab4e_0                             |    Bin 0 -> 1398 bytes
 .../ac93d1cd50506b33_0                             |    Bin 0 -> 1492 bytes
 .../afbf989a8c95bf2e_0                             |    Bin 0 -> 1442 bytes
 .../b2141b088ee5e98c_0                             |    Bin 0 -> 1486 bytes
 .../b3f87b55d8dbfa47_0                             |    Bin 0 -> 1432 bytes
 .../b571bf0ba8facec6_0                             |    Bin 0 -> 1556 bytes
 .../b5f29d0312456036_0                             |    Bin 0 -> 2069 bytes
 .../b6edcb759d6cadbf_0                             |    Bin 0 -> 1509 bytes
 .../b7f636932c67bab4_0                             |    Bin 0 -> 1187 bytes
 .../b8bb1a549c6dcc10_0                             |    Bin 0 -> 1432 bytes
 .../b924469dce8b9a89_0                             |    Bin 0 -> 1699 bytes
 .../ba2b0906a4df382c_0                             |    Bin 0 -> 1962 bytes
 .../bcefea0b5feaa3e6_0                             |    Bin 0 -> 1435 bytes
 .../be581dea90cddde7_0                             |    Bin 0 -> 1565 bytes
 .../c8b473e0f9374235_0                             |    Bin 0 -> 1641 bytes
 .../ca4b8e6b4b207a9b_0                             |    Bin 0 -> 1479 bytes
 .../ca5a67fda3466f4d_0                             |    Bin 0 -> 1516 bytes
 .../cc04a8364b7fbf4b_0                             |    Bin 0 -> 1678 bytes
 .../cd85acb1c0e5f8f6_0                             |    Bin 0 -> 1568 bytes
 .../cde968a267e2506f_0                             |    Bin 0 -> 1787 bytes
 .../ce5fdc792b67fd6e_0                             |    Bin 0 -> 2187 bytes
 .../d026a83c98b68c4a_0                             |    Bin 0 -> 2113 bytes
 .../d094aec584cc1c06_0                             |    Bin 0 -> 1634 bytes
 .../d57fe2c6b1537486_0                             |    Bin 0 -> 1794 bytes
 .../d9509606979f3a92_0                             |    Bin 0 -> 1605 bytes
 .../da6db244aef24adb_0                             |    Bin 0 -> 1469 bytes
 .../dc1f0d705c07825e_0                             |    Bin 0 -> 1729 bytes
 .../df0cb294d29fc0fe_0                             |    Bin 0 -> 1520 bytes
 .../e49665df81d4c591_0                             |    Bin 0 -> 1486 bytes
 .../e53200cb6d914edd_0                             |    Bin 0 -> 1521 bytes
 .../e7639dc21c04a524_0                             |    Bin 0 -> 1524 bytes
 .../e8f209bb953d0431_0                             |    Bin 0 -> 1463 bytes
 .../eaffc3a9ed933df4_0                             |    Bin 0 -> 1516 bytes
 .../edc224e63f046684_0                             |    Bin 0 -> 1491 bytes
 .../f0192a7f283c74b2_0                             |    Bin 0 -> 1931 bytes
 .../fccc7c9e7e8c80f8_0                             |    Bin 0 -> 1466 bytes
 .../fdd89d27c13f85e5_0                             |    Bin 0 -> 2189 bytes
 .../fff368752d794b37_0                             |    Bin 0 -> 1426 bytes
 .../e61324ad-efcf-4993-a147-dbfbc543c56d/index     |    Bin 0 -> 24 bytes
 .../index-dir/the-real-index                       |    Bin 0 -> 2064 bytes
 .../index.txt                                      |    Bin 0 -> 136 bytes
 .../Default/Service Worker/Database/000003.log     |    Bin 0 -> 44674 bytes
 .../Default/Service Worker/Database/CURRENT        |      1 +
 .../EBWebView/Default/Service Worker/Database/LOCK |      0
 .../EBWebView/Default/Service Worker/Database/LOG  |      3 +
 .../Default/Service Worker/Database/LOG.old        |      3 +
 .../Service Worker/Database/MANIFEST-000001        |    Bin 0 -> 41 bytes
 .../Service Worker/ScriptCache/009c63609679d1cf_0  |    Bin 0 -> 2620 bytes
 .../Service Worker/ScriptCache/013888a1cda32b90_0  |    Bin 0 -> 3947 bytes
 .../Service Worker/ScriptCache/013888a1cda32b90_1  |    Bin 0 -> 4657 bytes
 .../Service Worker/ScriptCache/08bdbf206a472600_0  |    Bin 0 -> 3874 bytes
 .../Service Worker/ScriptCache/09008b1d0549f7ab_0  |    Bin 0 -> 2091 bytes
 .../Service Worker/ScriptCache/09dd09a6623d77a1_0  |    Bin 0 -> 6276 bytes
 .../Service Worker/ScriptCache/0b792330520baa9a_0  |    Bin 0 -> 4505 bytes
 .../Service Worker/ScriptCache/0b8d03323a5a6e07_0  |    Bin 0 -> 3695 bytes
 .../Service Worker/ScriptCache/0cac6d3631916f8d_0  |    Bin 0 -> 2255 bytes
 .../Service Worker/ScriptCache/1055481490f58805_0  |    Bin 0 -> 9597 bytes
 .../Service Worker/ScriptCache/117d142383163ca9_0  |    Bin 0 -> 14202 bytes
 .../Service Worker/ScriptCache/12d2b185ec62111a_0  |    Bin 0 -> 6434 bytes
 .../Service Worker/ScriptCache/130d5ab08abb09a6_0  |    Bin 0 -> 3626 bytes
 .../Service Worker/ScriptCache/14e7e9252ca2e7b6_0  |    Bin 0 -> 7037 bytes
 .../Service Worker/ScriptCache/1a168afddb7eaf90_0  |    Bin 0 -> 2981 bytes
 .../Service Worker/ScriptCache/1a44a79864a22847_0  |    Bin 0 -> 4031 bytes
 .../Service Worker/ScriptCache/1f4fc4ac2489c6b0_0  |    Bin 0 -> 3945 bytes
 .../Service Worker/ScriptCache/24100a74bb7d3820_0  |    Bin 0 -> 8501 bytes
 .../Service Worker/ScriptCache/25aaa8074a29cf86_0  |    Bin 0 -> 2027 bytes
 .../Service Worker/ScriptCache/26d1f970a09a4ca8_0  |    Bin 0 -> 32037 bytes
 .../Service Worker/ScriptCache/27622751cc830f3e_0  |    Bin 0 -> 4706 bytes
 .../Service Worker/ScriptCache/297ecea5cebb5dfe_0  |    Bin 0 -> 21365 bytes
 .../Service Worker/ScriptCache/297ecea5cebb5dfe_1  |    Bin 0 -> 21961 bytes
 .../Service Worker/ScriptCache/2cc80dabc69f58b6_0  |    Bin 0 -> 17761 bytes
 .../Service Worker/ScriptCache/2cc80dabc69f58b6_1  |    Bin 0 -> 12657 bytes
 .../Service Worker/ScriptCache/2cfef0e5a0f2936d_0  |    Bin 0 -> 4540 bytes
 .../Service Worker/ScriptCache/2d5e07bc3c67635e_0  |    Bin 0 -> 2135 bytes
 .../Service Worker/ScriptCache/32eae9c186dc8089_0  |    Bin 0 -> 5456 bytes
 .../Service Worker/ScriptCache/38992e00d1274191_0  |    Bin 0 -> 2340 bytes
 .../Service Worker/ScriptCache/40a21a6a5c2d889c_0  |    Bin 0 -> 5021 bytes
 .../Service Worker/ScriptCache/418e80f99e974dbe_0  |    Bin 0 -> 4614 bytes
 .../Service Worker/ScriptCache/449d86748cd51507_0  |    Bin 0 -> 1753 bytes
 .../Service Worker/ScriptCache/4698ecea4d4dad56_0  |    Bin 0 -> 125201 bytes
 .../Service Worker/ScriptCache/4698ecea4d4dad56_1  |    Bin 0 -> 316003 bytes
 .../Service Worker/ScriptCache/46a4b4aebfdaa48d_0  |    Bin 0 -> 9334 bytes
 .../Service Worker/ScriptCache/4cb013792b196a35_0  |    Bin 0 -> 8180 bytes
 .../Service Worker/ScriptCache/4cb013792b196a35_1  |    Bin 0 -> 24761 bytes
 .../Service Worker/ScriptCache/5037c89965fa5fae_0  |    Bin 0 -> 8972 bytes
 .../Service Worker/ScriptCache/50b5da359e6f22d0_0  |    Bin 0 -> 2271 bytes
 .../Service Worker/ScriptCache/5179d7e668773011_0  |    Bin 0 -> 5643 bytes
 .../Service Worker/ScriptCache/5779b052d5b25145_0  |    Bin 0 -> 18805 bytes
 .../Service Worker/ScriptCache/5d771a05a5f45d29_0  |    Bin 0 -> 4266 bytes
 .../Service Worker/ScriptCache/602a34051cfc2eed_0  |    Bin 0 -> 2825 bytes
 .../Service Worker/ScriptCache/63be69ca5d5015c4_0  |    Bin 0 -> 2697 bytes
 .../Service Worker/ScriptCache/679e0b7317f2041b_0  |    Bin 0 -> 3604 bytes
 .../Service Worker/ScriptCache/67a473248953641b_0  |    Bin 0 -> 8073 bytes
 .../Service Worker/ScriptCache/67a473248953641b_1  |    Bin 0 -> 8609 bytes
 .../Service Worker/ScriptCache/6cb56d63a90f990d_0  |    Bin 0 -> 2792 bytes
 .../Service Worker/ScriptCache/6e08a40cf80d1181_0  |    Bin 0 -> 4440 bytes
 .../Service Worker/ScriptCache/738bb294f89e1335_0  |    Bin 0 -> 8849 bytes
 .../Service Worker/ScriptCache/796b7562219390f0_0  |    Bin 0 -> 3178 bytes
 .../Service Worker/ScriptCache/79a60028be9c3010_0  |    Bin 0 -> 6357 bytes
 .../Service Worker/ScriptCache/79b5c737f7ab9642_0  |    Bin 0 -> 6962 bytes
 .../Service Worker/ScriptCache/7b5fb5b1483213a5_0  |    Bin 0 -> 3295 bytes
 .../Service Worker/ScriptCache/7c4cc75bcf4907c3_0  |    Bin 0 -> 6513 bytes
 .../Service Worker/ScriptCache/7d1277d0a0eef700_0  |    Bin 0 -> 1721 bytes
 .../Service Worker/ScriptCache/7de293882cd2065e_0  |    Bin 0 -> 1824 bytes
 .../Service Worker/ScriptCache/808f4ae21f10416c_0  |    Bin 0 -> 5641 bytes
 .../Service Worker/ScriptCache/820472a405c1a189_0  |    Bin 0 -> 2180 bytes
 .../Service Worker/ScriptCache/8258e27027d54dcb_0  |    Bin 0 -> 2582 bytes
 .../Service Worker/ScriptCache/82ee882be6fc216e_0  |    Bin 0 -> 3180 bytes
 .../Service Worker/ScriptCache/88a4c2fd955a7097_0  |    Bin 0 -> 3014 bytes
 .../Service Worker/ScriptCache/8b860a2f86638734_0  |    Bin 0 -> 3356 bytes
 .../Service Worker/ScriptCache/8ddc3053957b7fab_0  |    Bin 0 -> 10001 bytes
 .../Service Worker/ScriptCache/8e72542801e3a525_0  |    Bin 0 -> 2261 bytes
 .../Service Worker/ScriptCache/914b7547906f398d_0  |    Bin 0 -> 10613 bytes
 .../Service Worker/ScriptCache/91b3ea2d941cb397_0  |    Bin 0 -> 9207 bytes
 .../Service Worker/ScriptCache/982e0f881292c681_0  |    Bin 0 -> 18216 bytes
 .../Service Worker/ScriptCache/99116d486f284af4_0  |    Bin 0 -> 7516 bytes
 .../Service Worker/ScriptCache/9a217e9c08916dcd_0  |    Bin 0 -> 2330 bytes
 .../Service Worker/ScriptCache/9b14912231f64755_0  |    Bin 0 -> 38001 bytes
 .../Service Worker/ScriptCache/9e67022e6bb14133_0  |    Bin 0 -> 5435 bytes
 .../Service Worker/ScriptCache/a0f8700973795685_0  |    Bin 0 -> 2726 bytes
 .../Service Worker/ScriptCache/a29d487f541600d2_0  |    Bin 0 -> 2816 bytes
 .../Service Worker/ScriptCache/a6da08e680c55a2a_0  |    Bin 0 -> 7504 bytes
 .../Service Worker/ScriptCache/a956f0ce96eb29c8_0  |    Bin 0 -> 9448 bytes
 .../Service Worker/ScriptCache/aa4414e246438143_0  |    Bin 0 -> 4474 bytes
 .../Service Worker/ScriptCache/ab95ebc511b469f3_0  |    Bin 0 -> 3163 bytes
 .../Service Worker/ScriptCache/b2812321dea9c42b_0  |    Bin 0 -> 4279 bytes
 .../Service Worker/ScriptCache/b6817b5f586801b0_0  |    Bin 0 -> 6692 bytes
 .../Service Worker/ScriptCache/b6c28cea6ed9dfc1_0  |    Bin 0 -> 9812 bytes
 .../Service Worker/ScriptCache/b6c28cea6ed9dfc1_1  |    Bin 0 -> 18545 bytes
 .../Service Worker/ScriptCache/b7616e79858efbff_0  |    Bin 0 -> 9420 bytes
 .../Service Worker/ScriptCache/b8a8a89bc8f66b3e_0  |    Bin 0 -> 6164 bytes
 .../Service Worker/ScriptCache/b8d7680f52f241b7_0  |    Bin 0 -> 3711 bytes
 .../Service Worker/ScriptCache/b9e0c4e95791e1f7_0  |    Bin 0 -> 2455 bytes
 .../Service Worker/ScriptCache/ba23d8ecda68de77_0  |    Bin 0 -> 551 bytes
 .../Service Worker/ScriptCache/bc27a87fbf314a15_0  |    Bin 0 -> 7645 bytes
 .../Service Worker/ScriptCache/bf61ab29ad9780c2_0  |    Bin 0 -> 1931 bytes
 .../Service Worker/ScriptCache/c1faae48fbac0b64_0  |    Bin 0 -> 2032 bytes
 .../Service Worker/ScriptCache/c40b44d0ccb6b9f6_0  |    Bin 0 -> 9960 bytes
 .../Service Worker/ScriptCache/c417bfe2be7aa115_0  |    Bin 0 -> 17833 bytes
 .../Service Worker/ScriptCache/c720a327d255695f_0  |    Bin 0 -> 3048 bytes
 .../Service Worker/ScriptCache/c756b52bc59f5ac3_0  |    Bin 0 -> 65911 bytes
 .../Service Worker/ScriptCache/d14726c8af48f441_0  |    Bin 0 -> 1829 bytes
 .../Service Worker/ScriptCache/d449ff6c5b3062bc_0  |    Bin 0 -> 1755 bytes
 .../Service Worker/ScriptCache/d6b653ea64009786_0  |    Bin 0 -> 2688 bytes
 .../Service Worker/ScriptCache/dcbb9f52cf880e4a_0  |    Bin 0 -> 1906 bytes
 .../Service Worker/ScriptCache/dd1e345fe5dc5435_0  |    Bin 0 -> 3056 bytes
 .../Service Worker/ScriptCache/dd91b9ffd8efe2b6_0  |    Bin 0 -> 2288 bytes
 .../Service Worker/ScriptCache/dea936b84808bcef_0  |    Bin 0 -> 2243 bytes
 .../Service Worker/ScriptCache/e10db1fb7a0a4a8c_0  |    Bin 0 -> 4637 bytes
 .../Service Worker/ScriptCache/e27bfe875b62d81e_0  |    Bin 0 -> 2252 bytes
 .../Service Worker/ScriptCache/e384336e22fd2aef_0  |    Bin 0 -> 4349 bytes
 .../Service Worker/ScriptCache/e5ff62263ac8de7f_0  |    Bin 0 -> 1951 bytes
 .../Service Worker/ScriptCache/ed21dd5e2140ec01_0  |    Bin 0 -> 3240 bytes
 .../Service Worker/ScriptCache/ef6993cae43ae456_0  |    Bin 0 -> 4193 bytes
 .../Service Worker/ScriptCache/f131910baad453af_0  |    Bin 0 -> 56061 bytes
 .../Service Worker/ScriptCache/f1cdccba37924bda_0  |    Bin 0 -> 7206 bytes
 .../Service Worker/ScriptCache/f1cdccba37924bda_1  |    Bin 0 -> 8489 bytes
 .../Service Worker/ScriptCache/f287b7060e66da8a_0  |    Bin 0 -> 5849 bytes
 .../Service Worker/ScriptCache/f40501344c9c624c_0  |    Bin 0 -> 4341 bytes
 .../Service Worker/ScriptCache/f5dcf3f81cf9b463_0  |    Bin 0 -> 3053 bytes
 .../Service Worker/ScriptCache/fa813c9ad67834ac_0  |    Bin 0 -> 2446 bytes
 .../Service Worker/ScriptCache/fa813c9ad67834ac_1  |    Bin 0 -> 3809 bytes
 .../Service Worker/ScriptCache/ff57688b9ff2d49e_0  |    Bin 0 -> 3970 bytes
 .../Service Worker/ScriptCache/ff7379f37843d0a0_0  |    Bin 0 -> 5330 bytes
 .../Default/Service Worker/ScriptCache/index       |    Bin 0 -> 24 bytes
 .../ScriptCache/index-dir/the-real-index           |    Bin 0 -> 2640 bytes
 .../EBWebView/Default/Session Storage/000003.log   |    Bin 0 -> 137 bytes
 .../EBWebView/Default/Session Storage/CURRENT      |      1 +
 .../EBWebView/Default/Session Storage/LOCK         |      0
 .../EBWebView/Default/Session Storage/LOG          |      2 +
 .../Default/Session Storage/MANIFEST-000001        |    Bin 0 -> 41 bytes
 .../Default/Sessions/Session_13419757923248150     |    Bin 0 -> 22116 bytes
 .../Default/Shared Dictionary/cache/index          |    Bin 0 -> 24 bytes
 .../cache/index-dir/the-real-index                 |    Bin 0 -> 48 bytes
 .../EBWebView/Default/Shared Dictionary/db         |    Bin 0 -> 45056 bytes
 .../EBWebView/Default/Shared Dictionary/db-journal |      0
 .../HorizonData/EBWebView/Default/SharedStorage    |    Bin 0 -> 4096 bytes
 .../HorizonData/EBWebView/Default/Shortcuts        |    Bin 0 -> 20480 bytes
 .../EBWebView/Default/Shortcuts-journal            |      0
 .../Site Characteristics Database/000003.log       |    Bin 0 -> 112 bytes
 .../Default/Site Characteristics Database/CURRENT  |      1 +
 .../Default/Site Characteristics Database/LOCK     |      0
 .../Default/Site Characteristics Database/LOG      |      3 +
 .../Default/Site Characteristics Database/LOG.old  |      3 +
 .../Site Characteristics Database/MANIFEST-000001  |    Bin 0 -> 41 bytes
 .../EBWebView/Default/Sync Data/LevelDB/000003.log |    Bin 0 -> 84 bytes
 .../EBWebView/Default/Sync Data/LevelDB/CURRENT    |      1 +
 .../EBWebView/Default/Sync Data/LevelDB/LOCK       |      0
 .../EBWebView/Default/Sync Data/LevelDB/LOG        |      3 +
 .../EBWebView/Default/Sync Data/LevelDB/LOG.old    |      3 +
 .../Default/Sync Data/LevelDB/MANIFEST-000001      |    Bin 0 -> 41 bytes
 .../bjchemafiampldmkfmpigfoakogialkl/000003.log    |    Bin 0 -> 78 bytes
 .../bjchemafiampldmkfmpigfoakogialkl/CURRENT       |      1 +
 .../bjchemafiampldmkfmpigfoakogialkl/LOCK          |      0
 .../bjchemafiampldmkfmpigfoakogialkl/LOG           |      2 +
 .../MANIFEST-000001                                |    Bin 0 -> 41 bytes
 .../enpiaeoobofcpedppdnooadnbaldkjih/000003.log    |    Bin 0 -> 162 bytes
 .../enpiaeoobofcpedppdnooadnbaldkjih/CURRENT       |      1 +
 .../enpiaeoobofcpedppdnooadnbaldkjih/LOCK          |      0
 .../enpiaeoobofcpedppdnooadnbaldkjih/LOG           |      3 +
 .../enpiaeoobofcpedppdnooadnbaldkjih/LOG.old       |      3 +
 .../MANIFEST-000001                                |    Bin 0 -> 41 bytes
 .../fennofgmefeblbegldihhmpehdehoflg/000003.log    |    Bin 0 -> 342 bytes
 .../fennofgmefeblbegldihhmpehdehoflg/CURRENT       |      1 +
 .../fennofgmefeblbegldihhmpehdehoflg/LOCK          |      0
 .../fennofgmefeblbegldihhmpehdehoflg/LOG           |      3 +
 .../fennofgmefeblbegldihhmpehdehoflg/LOG.old       |      3 +
 .../MANIFEST-000001                                |    Bin 0 -> 41 bytes
 .../llafjhmkffdlhpiojoipllmmedhckpgh/000003.log    |    Bin 0 -> 1754 bytes
 .../llafjhmkffdlhpiojoipllmmedhckpgh/CURRENT       |      1 +
 .../llafjhmkffdlhpiojoipllmmedhckpgh/LOCK          |      0
 .../llafjhmkffdlhpiojoipllmmedhckpgh/LOG           |      3 +
 .../llafjhmkffdlhpiojoipllmmedhckpgh/LOG.old       |      3 +
 .../MANIFEST-000001                                |    Bin 0 -> 41 bytes
 .../HorizonData/EBWebView/Default/Top Sites        |    Bin 0 -> 20480 bytes
 .../EBWebView/Default/Top Sites-journal            |      0
 .../EBWebView/Default/VideoDecodeStats/LOCK        |      0
 .../EBWebView/Default/VideoDecodeStats/LOG         |      0
 .../HorizonData/EBWebView/Default/Vpn Tokens       |    Bin 0 -> 28672 bytes
 .../EBWebView/Default/Vpn Tokens-journal           |      0
 bin/Release/HorizonData/EBWebView/Default/Web Data |    Bin 0 -> 221184 bytes
 .../HorizonData/EBWebView/Default/Web Data-journal |      0
 .../EBWebView/Default/WebStorage/QuotaManager      |    Bin 0 -> 40960 bytes
 .../Default/WebStorage/QuotaManager-journal        |    Bin 0 -> 12824 bytes
 .../Default/commerce_subscription_db/LOCK          |      0
 .../EBWebView/Default/commerce_subscription_db/LOG |      0
 .../Default/commerce_subscription_db/LOG.old       |      0
 .../EBWebView/Default/discount_infos_db/LOCK       |      0
 .../EBWebView/Default/discount_infos_db/LOG        |      0
 .../EBWebView/Default/discount_infos_db/LOG.old    |      0
 .../EBWebView/Default/discounts_db/LOCK            |      0
 .../HorizonData/EBWebView/Default/discounts_db/LOG |      0
 .../EBWebView/Default/discounts_db/LOG.old         |      0
 .../EBWebView/Default/favorites_diagnostic.log     |      1 +
 .../Default/heavy_ad_intervention_opt_out.db       |    Bin 0 -> 16384 bytes
 .../heavy_ad_intervention_opt_out.db-journal       |      0
 .../optimization_guide_hint_cache_store/LOCK       |      0
 .../optimization_guide_hint_cache_store/LOG        |      0
 .../optimization_guide_hint_cache_store/LOG.old    |      0
 .../EBWebView/Default/parcel_tracking_db/LOCK      |      0
 .../EBWebView/Default/parcel_tracking_db/LOG       |      0
 .../EBWebView/Default/parcel_tracking_db/LOG.old   |      0
 .../EBWebView/Default/shared_proto_db/000003.log   |    Bin 0 -> 4892 bytes
 .../EBWebView/Default/shared_proto_db/CURRENT      |      1 +
 .../EBWebView/Default/shared_proto_db/LOCK         |      0
 .../EBWebView/Default/shared_proto_db/LOG          |      3 +
 .../EBWebView/Default/shared_proto_db/LOG.old      |      3 +
 .../Default/shared_proto_db/MANIFEST-000001        |    Bin 0 -> 41 bytes
 .../Default/shared_proto_db/metadata/000003.log    |    Bin 0 -> 954 bytes
 .../Default/shared_proto_db/metadata/CURRENT       |      1 +
 .../Default/shared_proto_db/metadata/LOCK          |      0
 .../EBWebView/Default/shared_proto_db/metadata/LOG |      3 +
 .../Default/shared_proto_db/metadata/LOG.old       |      3 +
 .../shared_proto_db/metadata/MANIFEST-000001       |    Bin 0 -> 41 bytes
 .../MNIWWJ6LYBXKQS7RZ2KZNUZ3QHFNW4K3/cache.db      |    Bin 0 -> 4096 bytes
 .../MNIWWJ6LYBXKQS7RZ2KZNUZ3QHFNW4K3/cache.db-wal  |    Bin 0 -> 12392 bytes
 .../MNIWWJ6LYBXKQS7RZ2KZNUZ3QHFNW4K3/cache.journal |      0
 .../HorizonData/EBWebView/GrShaderCache/data_0     |    Bin 0 -> 45056 bytes
 .../HorizonData/EBWebView/GrShaderCache/data_1     |    Bin 0 -> 270336 bytes
 .../HorizonData/EBWebView/GrShaderCache/data_2     |    Bin 0 -> 8192 bytes
 .../HorizonData/EBWebView/GrShaderCache/data_3     |    Bin 0 -> 4202496 bytes
 .../HorizonData/EBWebView/GrShaderCache/f_000001   |    Bin 0 -> 16656 bytes
 .../HorizonData/EBWebView/GrShaderCache/f_000002   |    Bin 0 -> 19280 bytes
 .../HorizonData/EBWebView/GrShaderCache/f_000003   |    Bin 0 -> 19280 bytes
 .../HorizonData/EBWebView/GrShaderCache/f_000004   |    Bin 0 -> 19280 bytes
 .../HorizonData/EBWebView/GrShaderCache/f_000005   |    Bin 0 -> 19280 bytes
 .../HorizonData/EBWebView/GrShaderCache/f_000006   |    Bin 0 -> 16584 bytes
 .../HorizonData/EBWebView/GrShaderCache/index      |    Bin 0 -> 262512 bytes
 .../HorizonData/EBWebView/GraphiteDawnCache/data_0 |    Bin 0 -> 8192 bytes
 .../HorizonData/EBWebView/GraphiteDawnCache/data_1 |    Bin 0 -> 270336 bytes
 .../HorizonData/EBWebView/GraphiteDawnCache/data_2 |    Bin 0 -> 8192 bytes
 .../HorizonData/EBWebView/GraphiteDawnCache/data_3 |    Bin 0 -> 8192 bytes
 .../HorizonData/EBWebView/GraphiteDawnCache/index  |    Bin 0 -> 262512 bytes
 bin/Release/HorizonData/EBWebView/Last Version     |      1 +
 bin/Release/HorizonData/EBWebView/Local State      |      1 +
 .../EBWebView/OriginTrials/0.0.1.7/manifest.json   |      1 +
 .../EBWebView/PKIMetadata/46.0.0.0/crs.pb          |    Bin 0 -> 239119 bytes
 .../EBWebView/PKIMetadata/46.0.0.0/ct_config.pb    |    Bin 0 -> 16452 bytes
 .../EBWebView/PKIMetadata/46.0.0.0/kp_pinslist.pb  |    Bin 0 -> 10674 bytes
 .../EBWebView/PKIMetadata/46.0.0.0/manifest.json   |      5 +
 .../HorizonData/EBWebView/ShaderCache/data_0       |    Bin 0 -> 8192 bytes
 .../HorizonData/EBWebView/ShaderCache/data_1       |    Bin 0 -> 270336 bytes
 .../HorizonData/EBWebView/ShaderCache/data_2       |    Bin 0 -> 8192 bytes
 .../HorizonData/EBWebView/ShaderCache/data_3       |    Bin 0 -> 8192 bytes
 .../HorizonData/EBWebView/ShaderCache/index        |    Bin 0 -> 262512 bytes
 .../Microsoft.CognitiveServices.Speech.core.dll    |    Bin 0 -> 2692424 bytes
 .../Speech Recognition/1.15.0.1/manifest.json      |      1 +
 .../Indexed Rules/37/10.34.0.84/LICENSE            |    383 +
 .../Indexed Rules/37/10.34.0.84/Ruleset Data       |    Bin 0 -> 3717992 bytes
 .../Unindexed Rules/10.34.0.84/Filtering Rules     |  58077 +++++++
 .../Unindexed Rules/10.34.0.84/Filtering Rules-AA  | 120295 ++++++++++++++
 .../Unindexed Rules/10.34.0.84/Filtering Rules-CA  |    821 +
 .../Unindexed Rules/10.34.0.84/LICENSE             |    383 +
 .../Unindexed Rules/10.34.0.84/Part-DE             |   8787 +
 .../Unindexed Rules/10.34.0.84/Part-ES             |   3912 +
 .../Unindexed Rules/10.34.0.84/Part-FR             |  15272 ++
 .../Unindexed Rules/10.34.0.84/Part-IT             |   6580 +
 .../Unindexed Rules/10.34.0.84/Part-NL             |   2418 +
 .../Unindexed Rules/10.34.0.84/Part-RU             |  41054 +++++
 .../Unindexed Rules/10.34.0.84/Part-ZH             |  23125 +++
 .../Unindexed Rules/10.34.0.84/adblock_snippet.js  |      1 +
 .../Unindexed Rules/10.34.0.84/manifest.json       |      6 +
 .../TrustTokenKeyCommitments/2026.3.23.1/LICENSE   |     27 +
 .../2026.3.23.1/_metadata/verified_contents.json   |      1 +
 .../TrustTokenKeyCommitments/2026.3.23.1/keys.json |      1 +
 .../2026.3.23.1/manifest.json                      |      5 +
 bin/Release/HorizonData/EBWebView/Variations       |      1 +
 ...e66bbcc0e7a9bed9a184c1be821b4d23570c6b7af7f0410 |    Bin 0 -> 186331 bytes
 .../EBWebView/component_crx_cache/metadata.json    |      1 +
 .../EBWebView/extensions_crx_cache/metadata.json   |      1 +
 .../120.0.6050.0/_metadata/verified_contents.json  |      1 +
 .../EBWebView/hyphen-data/120.0.6050.0/hyph-af.hyb |    Bin 0 -> 72640 bytes
 .../EBWebView/hyphen-data/120.0.6050.0/hyph-as.hyb |    Bin 0 -> 703 bytes
 .../EBWebView/hyphen-data/120.0.6050.0/hyph-be.hyb |    Bin 0 -> 6098 bytes
 .../EBWebView/hyphen-data/120.0.6050.0/hyph-bg.hyb |    Bin 0 -> 3467 bytes
 .../EBWebView/hyphen-data/120.0.6050.0/hyph-bn.hyb |    Bin 0 -> 703 bytes
 .../EBWebView/hyphen-data/120.0.6050.0/hyph-cs.hyb |    Bin 0 -> 64245 bytes
 .../EBWebView/hyphen-data/120.0.6050.0/hyph-cu.hyb |    Bin 0 -> 52842 bytes
 .../EBWebView/hyphen-data/120.0.6050.0/hyph-cy.hyb |    Bin 0 -> 35913 bytes
 .../EBWebView/hyphen-data/120.0.6050.0/hyph-da.hyb |    Bin 0 -> 6967 bytes
 .../hyphen-data/120.0.6050.0/hyph-de-1901.hyb      |    Bin 0 -> 121393 bytes
 .../hyphen-data/120.0.6050.0/hyph-de-1996.hyb      |    Bin 0 -> 120412 bytes
 .../hyphen-data/120.0.6050.0/hyph-de-ch-1901.hyb   |    Bin 0 -> 120218 bytes
 .../EBWebView/hyphen-data/120.0.6050.0/hyph-el.hyb |    Bin 0 -> 4219 bytes
 .../hyphen-data/120.0.6050.0/hyph-en-gb.hyb        |    Bin 0 -> 46607 bytes
 .../hyphen-data/120.0.6050.0/hyph-en-us.hyb        |    Bin 0 -> 59802 bytes
 .../EBWebView/hyphen-data/120.0.6050.0/hyph-es.hyb |    Bin 0 -> 14995 bytes
 .../EBWebView/hyphen-data/120.0.6050.0/hyph-et.hyb |    Bin 0 -> 21421 bytes
 .../EBWebView/hyphen-data/120.0.6050.0/hyph-eu.hyb |    Bin 0 -> 665 bytes
 .../EBWebView/hyphen-data/120.0.6050.0/hyph-fr.hyb |    Bin 0 -> 8165 bytes
 .../EBWebView/hyphen-data/120.0.6050.0/hyph-ga.hyb |    Bin 0 -> 35824 bytes
 .../EBWebView/hyphen-data/120.0.6050.0/hyph-gl.hyb |    Bin 0 -> 9289 bytes
 .../EBWebView/hyphen-data/120.0.6050.0/hyph-gu.hyb |    Bin 0 -> 655 bytes
 .../EBWebView/hyphen-data/120.0.6050.0/hyph-hi.hyb |    Bin 0 -> 687 bytes
 .../EBWebView/hyphen-data/120.0.6050.0/hyph-hr.hyb |    Bin 0 -> 3031 bytes
 .../EBWebView/hyphen-data/120.0.6050.0/hyph-hu.hyb |    Bin 0 -> 317251 bytes
 .../EBWebView/hyphen-data/120.0.6050.0/hyph-hy.hyb |    Bin 0 -> 605 bytes
 .../EBWebView/hyphen-data/120.0.6050.0/hyph-it.hyb |    Bin 0 -> 2512 bytes
 .../EBWebView/hyphen-data/120.0.6050.0/hyph-ka.hyb |    Bin 0 -> 9996 bytes
 .../EBWebView/hyphen-data/120.0.6050.0/hyph-kn.hyb |    Bin 0 -> 711 bytes
 .../EBWebView/hyphen-data/120.0.6050.0/hyph-la.hyb |    Bin 0 -> 1839 bytes
 .../EBWebView/hyphen-data/120.0.6050.0/hyph-lt.hyb |    Bin 0 -> 7774 bytes
 .../EBWebView/hyphen-data/120.0.6050.0/hyph-lv.hyb |    Bin 0 -> 38602 bytes
 .../EBWebView/hyphen-data/120.0.6050.0/hyph-ml.hyb |    Bin 0 -> 776 bytes
 .../hyphen-data/120.0.6050.0/hyph-mn-cyrl.hyb      |    Bin 0 -> 5142 bytes
 .../EBWebView/hyphen-data/120.0.6050.0/hyph-mr.hyb |    Bin 0 -> 687 bytes
 .../hyphen-data/120.0.6050.0/hyph-mul-ethi.hyb     |    Bin 0 -> 3740 bytes
 .../EBWebView/hyphen-data/120.0.6050.0/hyph-nb.hyb |    Bin 0 -> 145263 bytes
 .../EBWebView/hyphen-data/120.0.6050.0/hyph-nl.hyb |    Bin 0 -> 77080 bytes
 .../EBWebView/hyphen-data/120.0.6050.0/hyph-nn.hyb |    Bin 0 -> 145263 bytes
 .../EBWebView/hyphen-data/120.0.6050.0/hyph-or.hyb |    Bin 0 -> 647 bytes
 .../EBWebView/hyphen-data/120.0.6050.0/hyph-pa.hyb |    Bin 0 -> 607 bytes
 .../EBWebView/hyphen-data/120.0.6050.0/hyph-pt.hyb |    Bin 0 -> 1414 bytes
 .../EBWebView/hyphen-data/120.0.6050.0/hyph-ru.hyb |    Bin 0 -> 19886 bytes
 .../EBWebView/hyphen-data/120.0.6050.0/hyph-sk.hyb |    Bin 0 -> 64103 bytes
 .../EBWebView/hyphen-data/120.0.6050.0/hyph-sl.hyb |    Bin 0 -> 6631 bytes
 .../EBWebView/hyphen-data/120.0.6050.0/hyph-sq.hyb |    Bin 0 -> 2013 bytes
 .../EBWebView/hyphen-data/120.0.6050.0/hyph-sv.hyb |    Bin 0 -> 72119 bytes
 .../EBWebView/hyphen-data/120.0.6050.0/hyph-ta.hyb |    Bin 0 -> 554 bytes
 .../EBWebView/hyphen-data/120.0.6050.0/hyph-te.hyb |    Bin 0 -> 703 bytes
 .../EBWebView/hyphen-data/120.0.6050.0/hyph-tk.hyb |    Bin 0 -> 2712 bytes
 .../EBWebView/hyphen-data/120.0.6050.0/hyph-uk.hyb |    Bin 0 -> 19417 bytes
 .../hyphen-data/120.0.6050.0/hyph-und-ethi.hyb     |    Bin 0 -> 3484 bytes
 .../hyphen-data/120.0.6050.0/manifest.json         |      5 +
 bin/Release/HorizonData/FaviconCache/1mov.lol.png  |    Bin 0 -> 1106 bytes
 .../FaviconCache/accounts.google.com.png           |    Bin 0 -> 1339 bytes
 .../HorizonData/FaviconCache/alohafind.com.png     |    Bin 0 -> 2507 bytes
 .../FaviconCache/chromewebstore.google.com.png     |    Bin 0 -> 944 bytes
 bin/Release/HorizonData/FaviconCache/claude.ai.png |    Bin 0 -> 1103 bytes
 .../HorizonData/FaviconCache/claude.com.png        |    Bin 0 -> 1103 bytes
 .../HorizonData/FaviconCache/docs.google.com.png   |    Bin 0 -> 1339 bytes
 .../feedbackcol-nszemvwz.manus.space.png           |    Bin 0 -> 7669 bytes
 .../FaviconCache/forum.ubden.com.tr.png            |    Bin 0 -> 23931 bytes
 .../HorizonData/FaviconCache/gemini.google.com.png |    Bin 0 -> 1445 bytes
 .../ghappstore-j93n3sq2.manus.space.png            |    Bin 0 -> 5490 bytes
 .../HorizonData/FaviconCache/github.com.png        |    Bin 0 -> 519 bytes
 .../HorizonData/FaviconCache/hianimes.se.png       |    Bin 0 -> 853 bytes
 .../HorizonData/FaviconCache/mail.google.com.png   |    Bin 0 -> 1339 bytes
 bin/Release/HorizonData/FaviconCache/manus.im.png  |    Bin 0 -> 905 bytes
 .../manussend-8ladxhzk.manus.space.png             |    Bin 0 -> 10087 bytes
 .../FaviconCache/mdl.fcst.tu-sofia.bg.png          |    Bin 0 -> 5145 bytes
 .../HorizonData/FaviconCache/music.youtube.com.png |    Bin 0 -> 741 bytes
 .../FaviconCache/myaccount.google.com.png          |    Bin 0 -> 880 bytes
 .../FaviconCache/notebooklm.google.com.png         |    Bin 0 -> 1339 bytes
 .../HorizonData/FaviconCache/photos.google.com.png |    Bin 0 -> 1265 bytes
 .../FaviconCache/steamcommunity.com.png            |    Bin 0 -> 1272 bytes
 .../FaviconCache/support.google.com.png            |    Bin 0 -> 880 bytes
 .../FaviconCache/thebyteseffect.com.png            |    Bin 0 -> 466 bytes
 .../FaviconCache/thepiratebay.party.png            |    Bin 0 -> 329 bytes
 .../HorizonData/FaviconCache/tu-sofia.bg.png       |    Bin 0 -> 372 bytes
 .../HorizonData/FaviconCache/v1.tldrthis.com.png   |    Bin 0 -> 5913 bytes
 .../HorizonData/FaviconCache/web.telegram.org.png  |    Bin 0 -> 810 bytes
 .../FaviconCache/www.ageofempires.com.png          |    Bin 0 -> 396 bytes
 .../HorizonData/FaviconCache/www.anthropic.com.png |    Bin 0 -> 605 bytes
 .../FaviconCache/www.crunchyroll.com.png           |    Bin 0 -> 649 bytes
 .../HorizonData/FaviconCache/www.emag.bg.png       |    Bin 0 -> 890 bytes
 .../HorizonData/FaviconCache/www.google.com.png    |    Bin 0 -> 1063 bytes
 .../HorizonData/FaviconCache/www.microsoft.com.png |    Bin 0 -> 177 bytes
 .../FaviconCache/www.pirateproxy-bay.com.png       |    Bin 0 -> 1197 bytes
 .../HorizonData/FaviconCache/www.reddit.com.png    |    Bin 0 -> 1380 bytes
 .../HorizonData/FaviconCache/www.sublimehq.com.png |    Bin 0 -> 1343 bytes
 .../HorizonData/FaviconCache/www.youtube.com.png   |    Bin 0 -> 548 bytes
 bin/Release/HorizonData/config.json                |    116 +
 bin/Release/HorizonData/flux_sort_defaults.json    |     12 +
 bin/Release/LICENSE.txt                            |    392 +
 bin/Release/Microsoft.Data.Sqlite.dll              |    Bin 0 -> 173088 bytes
 bin/Release/Microsoft.Web.WebView2.Core.dll        |    Bin 0 -> 595568 bytes
 bin/Release/Microsoft.Web.WebView2.Core.xml        |   8805 ++
 bin/Release/Microsoft.Web.WebView2.WinForms.dll    |    Bin 0 -> 38976 bytes
 bin/Release/Microsoft.Web.WebView2.WinForms.xml    |    504 +
 bin/Release/Microsoft.Web.WebView2.Wpf.dll         |    Bin 0 -> 83520 bytes
 bin/Release/Microsoft.Web.WebView2.Wpf.xml         |   1926 +
 bin/Release/Microsoft.Windows.SDK.NET.dll          |    Bin 0 -> 24877600 bytes
 bin/Release/SQLitePCLRaw.batteries_v2.dll          |    Bin 0 -> 5120 bytes
 bin/Release/SQLitePCLRaw.core.dll                  |    Bin 0 -> 50688 bytes
 bin/Release/SQLitePCLRaw.provider.e_sqlite3.dll    |    Bin 0 -> 36352 bytes
 bin/Release/Update_manager.bat                     |    320 +
 bin/Release/WebView2Loader.dll                     |    Bin 0 -> 165952 bytes
 bin/Release/WinRT.Runtime.dll                      |    Bin 0 -> 528944 bytes
 bin/Release/e_sqlite3.dll                          |    Bin 0 -> 1691648 bytes
 bin/Release/logs/crash_tape_20260430_144609.err    |     16 +
 bin/Release/logs/crash_tape_20260515_135329.err    |     16 +
 bin/Release/logs/crash_tape_20260709_222321.err    |     14 +
 bin/Release/logs/crash_tape_20260709_224239.err    |     14 +
 bin/Release/logs/crash_tape_20260709_224412.err    |     14 +
 bin/Release/logs/crash_tape_20260709_224442.err    |     14 +
 bin/Release/logs/debug_20260404_093156.log         |     27 +
 bin/Release/logs/debug_20260404_093251.log         |     27 +
 bin/Release/logs/debug_20260404_093306.log         |     27 +
 bin/Release/logs/debug_20260406_232707.log         |     38 +
 bin/Release/logs/debug_20260406_232828.log         |     30 +
 bin/Release/logs/debug_20260421_162513.log         |     39 +
 bin/Release/logs/debug_20260430_144609.log         |    359 +
 bin/Release/logs/debug_20260430_144815.log         |     29 +
 bin/Release/logs/debug_20260430_214934.log         |     32 +
 bin/Release/logs/debug_20260430_215004.log         |     29 +
 bin/Release/logs/debug_20260430_215851.log         |     29 +
 bin/Release/logs/debug_20260515_135329.log         |     55 +
 bin/Release/logs/debug_20260519_154609.log         |     29 +
 bin/Release/logs/debug_20260522_185701.log         |     32 +
 bin/Release/logs/debug_20260522_195217.log         |     41 +
 bin/Release/logs/debug_20260522_195906.log         |     26 +
 bin/Release/logs/debug_20260522_195937.log         |     29 +
 bin/Release/logs/debug_20260523_005559.log         |     29 +
 bin/Release/logs/debug_20260605_205908.log         |     37 +
 bin/Release/logs/debug_20260605_210218.log         |     18 +
 bin/Release/logs/debug_20260605_210222.log         |     44 +
 bin/Release/logs/debug_20260709_222321.log         |     50 +
 bin/Release/logs/debug_20260709_224239.log         |     48 +
 bin/Release/logs/debug_20260709_224412.log         |     48 +
 bin/Release/logs/debug_20260709_224442.log         |     48 +
 .../win-x64/Horizon.Browser.deps.json              |    199 +
 .../win-x64/Horizon.Browser.dll                    |    Bin 0 -> 1033728 bytes
 .../win-x64/Horizon.Browser.exe                    |    Bin 0 -> 152576 bytes
 .../win-x64/Horizon.Browser.pdb                    |    Bin 0 -> 213772 bytes
 .../win-x64/Horizon.Browser.runtimeconfig.json     |     19 +
 .../win-x64/Horizon.Stealth.deps.json              |    199 +
 .../win-x64/Horizon.Stealth.dll                    |    Bin 0 -> 962560 bytes
 .../win-x64/Horizon.Stealth.exe                    |    Bin 0 -> 152576 bytes
 .../win-x64/Horizon.Stealth.pdb                    |    Bin 0 -> 168284 bytes
 .../win-x64/Horizon.Stealth.runtimeconfig.json     |     19 +
 .../win-x64/Microsoft.Data.Sqlite.dll              |    Bin 0 -> 173088 bytes
 .../win-x64/Microsoft.Web.WebView2.Core.dll        |    Bin 0 -> 595568 bytes
 .../win-x64/Microsoft.Web.WebView2.Core.xml        |   8805 ++
 .../win-x64/Microsoft.Web.WebView2.WinForms.dll    |    Bin 0 -> 38976 bytes
 .../win-x64/Microsoft.Web.WebView2.WinForms.xml    |    504 +
 .../win-x64/Microsoft.Web.WebView2.Wpf.dll         |    Bin 0 -> 83520 bytes
 .../win-x64/Microsoft.Web.WebView2.Wpf.xml         |   1926 +
 .../win-x64/Microsoft.Windows.SDK.NET.dll          |    Bin 0 -> 24877600 bytes
 .../win-x64/SQLitePCLRaw.batteries_v2.dll          |    Bin 0 -> 5120 bytes
 .../win-x64/SQLitePCLRaw.core.dll                  |    Bin 0 -> 50688 bytes
 .../win-x64/SQLitePCLRaw.provider.e_sqlite3.dll    |    Bin 0 -> 36352 bytes
 .../win-x64/WebView2Loader.dll                     |    Bin 0 -> 165952 bytes
 .../win-x64/WinRT.Runtime.dll                      |    Bin 0 -> 528944 bytes
 .../win-x64/e_sqlite3.dll                          |    Bin 0 -> 1691648 bytes
 .../runtimes/win-x64/native/WebView2Loader.dll     |    Bin 0 -> 165952 bytes
 bin/Release/path.txt                               |      1 +
 .../runtimes/win-x64/native/WebView2Loader.dll     |    Bin 0 -> 165952 bytes
 bin/Release/version.txt                            |      2 +
 code_files/!START_Horizon_Browser.lnk              |    Bin 0 -> 1739 bytes
 code_files/.gitignore                              |      3 +
 code_files/App.xaml                                |     11 +
 code_files/App.xaml.cs                             |    151 +
 code_files/Build_Release.bat                       |    103 +
 code_files/Build_Release_FAST.bat                  |     87 +
 code_files/Controls/BrowserView.xaml               |     57 +
 code_files/Controls/BrowserView.xaml.cs            |   2196 +
 code_files/Controls/FluxSidebar.xaml               |   1151 +
 code_files/Controls/FluxSidebar.xaml.cs            |   3192 +
 code_files/Controls/Omnibox.xaml                   |     26 +
 code_files/Controls/Omnibox.xaml.cs                |     59 +
 code_files/Controls/PdfOpenDialog.xaml             |     15 +
 code_files/Controls/PdfOpenDialog.xaml.cs          |     28 +
 code_files/Controls/VaultSidebar.xaml              |    172 +
 code_files/Controls/VaultSidebar.xaml.cs           |    245 +
 code_files/Core/ExtensionInstaller.cs              |    337 +
 code_files/Core/StealthEnvironment.cs              |    182 +
 code_files/Core/TabColorPaletteExtractor.cs        |    245 +
 code_files/Horizon.Browser.csproj                  |     25 +
 code_files/Horizon.bat                             |     15 +
 code_files/Horizon_Bootstrapper.bat                |    105 +
 code_files/Install_Horizon_Browser_beta.ifp        |     82 +
 code_files/LICENSE                                 |    392 +
 code_files/LICENSE.rtf                             |   1047 +
 code_files/LICENSE.txt                             |    392 +
 code_files/MainWindow.AdvancedCalc.cs              |    806 +
 code_files/MainWindow.Widgets.cs                   |   2395 +
 code_files/MainWindow.xaml                         |   1746 +
 code_files/MainWindow.xaml.cs                      |   8453 +
 code_files/MainWindow.xaml.cs.bak                  |   4783 +
 code_files/Output/Setup_Horizon_Browser_Beta.exe   |    Bin 0 -> 36532350 bytes
 code_files/PRIVACY_POLICY.md                       |     51 +
 code_files/README.md                               |     78 +
 code_files/Services/AccountSyncService.cs          |    560 +
 code_files/Services/BackgroundKeepAliveService.cs  |    161 +
 code_files/Services/BookmarksService.cs            |    257 +
 code_files/Services/BrowserDetectionService.cs     |     79 +
 code_files/Services/CacheJanitorService.cs         |     73 +
 code_files/Services/ChromiumHarvester.cs           |    192 +
 code_files/Services/ConfigService.cs               |     29 +
 code_files/Services/ExtensionRecord.cs             |     28 +
 code_files/Services/ExtensionService.cs            |    271 +
 code_files/Services/FluxJanitorService.cs          |    107 +
 code_files/Services/GithubUpdateService.cs         |    228 +
 code_files/Services/HealthService.cs               |     42 +
 code_files/Services/HistoryService.cs              |    106 +
 code_files/Services/HomePageService.cs             |    268 +
 code_files/Services/LogService.cs                  |     84 +
 code_files/Services/MediaDownloadService.cs        |    352 +
 code_files/Services/SettingsService.cs             |    243 +
 code_files/Services/TabSleepRulesService.cs        |     95 +
 code_files/Services/ThemeService.cs                |    118 +
 code_files/Services/VaultService.cs                |    267 +
 code_files/Setup_Horizon_Browser_Alpha.ifp         |     82 +
 code_files/Setup_Horizon_Browser_Beta.ifp          |     82 +
 code_files/Setup_Horizon_Browser_Beta.iss          |     73 +
 code_files/Themes/Horizon.xaml                     |     82 +
 code_files/Themes/Light.xaml                       |     83 +
 code_files/Themes/Redmond.xaml                     |     41 +
 code_files/Uninstall/uninstall.bat                 |      5 +
 code_files/Update_manager.bat                      |    320 +
 code_files/Update_manager_OLD.bat                  |    320 +
 code_files/ViewModels/TabViewModel.cs              |    439 +
 code_files/Views/LoginRecoveryDialog.xaml          |     60 +
 code_files/Views/LoginRecoveryDialog.xaml.cs       |     57 +
 code_files/Views/MaintenanceWindow.xaml            |     84 +
 code_files/Views/MaintenanceWindow.xaml.cs         |    162 +
 code_files/Views/NotificationToast.xaml            |     51 +
 code_files/Views/NotificationToast.xaml.cs         |     42 +
 code_files/Views/SettingsWindow.xaml               |    819 +
 code_files/Views/SettingsWindow.xaml.cs            |   1058 +
 code_files/Views/TabSwitcherWindow.xaml            |    162 +
 code_files/Views/TabSwitcherWindow.xaml.cs         |    780 +
 code_files/backup.bat                              |     70 +
 code_files/changelog.txt                           |      5 +
 code_files/cookies.json                            |     58 +
 code_files/deploy_branch.bat                       |     29 +
 code_files/dir                                     |      0
 code_files/emergency_log_failure.txt               |      1 +
 code_files/extra_files.txt                         |      1 +
 code_files/history.json                            |     22 +
 code_files/horizon.conf                            |     18 +
 code_files/install_auto.ps1                        |     54 +
 code_files/logs/Setup_Bootstrapper.log             |      5 +
 code_files/logs/horizon_update.log                 |     76 +
 code_files/logs/scan_debug_1776531966.log          |      1 +
 code_files/logs/scan_debug_1776532031.log          |      1 +
 code_files/logs/scan_debug_1776706586.log          |      1 +
 code_files/logs/scan_debug_1776706631.log          |      1 +
 code_files/logs/scan_debug_1782134229.log          |      1 +
 code_files/logs/scan_debug_1782135107.log          |      1 +
 code_files/logs/scan_debug_1782135140.log          |      1 +
 code_files/logs/scan_debug_1782135373.log          |      1 +
 code_files/maintenance_tool.bat                    |      4 +
 code_files/manage_build_files.bat                  |    112 +
 code_files/mapper_exclusions.txt                   |      3 +
 code_files/overlay.hta                             |    140 +
 code_files/path.txt                                |      1 +
 code_files/project_map_1782135374.txt              |    120 +
 code_files/project_mapper.py                       |    532 +
 code_files/restore.bat                             |     49 +
 .../Gemini_Generated_Image_7395cs7395cs7395.ico    |    Bin 0 -> 834 bytes
 .../Gemini_Generated_Image_7395cs7395cs7395.png    |    Bin 0 -> 7332776 bytes
 .../Gemini_Generated_Image_7395cs7395cs7395.ico    |    Bin 0 -> 834 bytes
 code_files/start_horizon.bat                       |     43 +
 code_files/start_mapper.bat                        |     57 +
 code_files/update.txt                              |      1 +
 code_files/update_orchestrator.bat                 |     40 +
 code_files/update_status.txt                       |      2 +
 code_files/version.txt                             |      2 +
 current_structure.txt                              |   3721 +
 logs/deploy_20260713_220954.log                    |      6 +
 logs/deploy_20260713_221322.log                    |      3 +
 logs/deploy_20260713_221407.log                    |      3 +
 logs/deploy_20260713_221706.log                    |      3 +
 logs/deploy_20260713_222003.log                    |      3 +
 logs/deploy_20260713_222239.log                    |     17 +
 logs/deploy_20260713_223317.log                    |     17 +
 logs/deploy_20260713_223613.log                    |      3 +
 logs/deploy_20260713_230042.log                    |      4 +
 logs/deploy_20260713_231802.log                    |      3 +
 1884 files changed, 2138184 insertions(+)
 create mode 100644 bin/Release/Extensions/CRX-Extractor-Downloader-Chrome-Web-Store/128.png
 create mode 100644 bin/Release/Extensions/CRX-Extractor-Downloader-Chrome-Web-Store/16.png
 create mode 100644 bin/Release/Extensions/CRX-Extractor-Downloader-Chrome-Web-Store/32.png
 create mode 100644 bin/Release/Extensions/CRX-Extractor-Downloader-Chrome-Web-Store/48.png
 create mode 100644 bin/Release/Extensions/CRX-Extractor-Downloader-Chrome-Web-Store/README.md
 create mode 100644 bin/Release/Extensions/CRX-Extractor-Downloader-Chrome-Web-Store/_metadata/verified_contents.json
 create mode 100644 bin/Release/Extensions/CRX-Extractor-Downloader-Chrome-Web-Store/background.js
 create mode 100644 bin/Release/Extensions/CRX-Extractor-Downloader-Chrome-Web-Store/manifest.json
 create mode 100644 bin/Release/Extensions/CRX-Extractor-Downloader-Chrome-Web-Store/popup.html
 create mode 100644 bin/Release/Extensions/CRX-Extractor-Downloader-Chrome-Web-Store/popup.js
 create mode 100644 bin/Release/Extensions/Remove-Paywalls-Chrome-Web-Store/_metadata/verified_contents.json
 create mode 100644 bin/Release/Extensions/Remove-Paywalls-Chrome-Web-Store/background.js
 create mode 100644 bin/Release/Extensions/Remove-Paywalls-Chrome-Web-Store/icon128.png
 create mode 100644 bin/Release/Extensions/Remove-Paywalls-Chrome-Web-Store/icon16.png
 create mode 100644 bin/Release/Extensions/Remove-Paywalls-Chrome-Web-Store/icon48.png
 create mode 100644 bin/Release/Extensions/Remove-Paywalls-Chrome-Web-Store/manifest.json
 create mode 100644 bin/Release/Extensions/Remove-Paywalls-Chrome-Web-Store/popup.html
 create mode 100644 bin/Release/Extensions/Remove-Paywalls-Chrome-Web-Store/popup.js
 create mode 100644 bin/Release/Extensions/SponsorBlock-for-YouTube-Skip-Sponsorships-Chrome-Web-Store/_locales/ar/messages.json
 create mode 100644 bin/Release/Extensions/SponsorBlock-for-YouTube-Skip-Sponsorships-Chrome-Web-Store/_locales/bg/messages.json
 create mode 100644 bin/Release/Extensions/SponsorBlock-for-YouTube-Skip-Sponsorships-Chrome-Web-Store/_locales/bn/messages.json
 create mode 100644 bin/Release/Extensions/SponsorBlock-for-YouTube-Skip-Sponsorships-Chrome-Web-Store/_locales/ca/messages.json
 create mode 100644 bin/Release/Extensions/SponsorBlock-for-YouTube-Skip-Sponsorships-Chrome-Web-Store/_locales/cs/messages.json
 create mode 100644 bin/Release/Extensions/SponsorBlock-for-YouTube-Skip-Sponsorships-Chrome-Web-Store/_locales/da/messages.json
 create mode 100644 bin/Release/Extensions/SponsorBlock-for-YouTube-Skip-Sponsorships-Chrome-Web-Store/_locales/de/messages.json
 create mode 100644 bin/Release/Extensions/SponsorBlock-for-YouTube-Skip-Sponsorships-Chrome-Web-Store/_locales/el/messages.json
 create mode 100644 bin/Release/Extensions/SponsorBlock-for-YouTube-Skip-Sponsorships-Chrome-Web-Store/_locales/en/messages.json
 create mode 100644 bin/Release/Extensions/SponsorBlock-for-YouTube-Skip-Sponsorships-Chrome-Web-Store/_locales/es/messages.json
 create mode 100644 bin/Release/Extensions/SponsorBlock-for-YouTube-Skip-Sponsorships-Chrome-Web-Store/_locales/et/messages.json
 create mode 100644 bin/Release/Extensions/SponsorBlock-for-YouTube-Skip-Sponsorships-Chrome-Web-Store/_locales/fa/messages.json
 create mode 100644 bin/Release/Extensions/SponsorBlock-for-YouTube-Skip-Sponsorships-Chrome-Web-Store/_locales/fi/messages.json
 create mode 100644 bin/Release/Extensions/SponsorBlock-for-YouTube-Skip-Sponsorships-Chrome-Web-Store/_locales/fil/messages.json
 create mode 100644 bin/Release/Extensions/SponsorBlock-for-YouTube-Skip-Sponsorships-Chrome-Web-Store/_locales/fr/messages.json
 create mode 100644 bin/Release/Extensions/SponsorBlock-for-YouTube-Skip-Sponsorships-Chrome-Web-Store/_locales/he/messages.json
 create mode 100644 bin/Release/Extensions/SponsorBlock-for-YouTube-Skip-Sponsorships-Chrome-Web-Store/_locales/hi/messages.json
 create mode 100644 bin/Release/Extensions/SponsorBlock-for-YouTube-Skip-Sponsorships-Chrome-Web-Store/_locales/hr/messages.json
 create mode 100644 bin/Release/Extensions/SponsorBlock-for-YouTube-Skip-Sponsorships-Chrome-Web-Store/_locales/hu/messages.json
 create mode 100644 bin/Release/Extensions/SponsorBlock-for-YouTube-Skip-Sponsorships-Chrome-Web-Store/_locales/id/messages.json
 create mode 100644 bin/Release/Extensions/SponsorBlock-for-YouTube-Skip-Sponsorships-Chrome-Web-Store/_locales/it/messages.json
 create mode 100644 bin/Release/Extensions/SponsorBlock-for-YouTube-Skip-Sponsorships-Chrome-Web-Store/_locales/ja/messages.json
 create mode 100644 bin/Release/Extensions/SponsorBlock-for-YouTube-Skip-Sponsorships-Chrome-Web-Store/_locales/kn/messages.json
 create mode 100644 bin/Release/Extensions/SponsorBlock-for-YouTube-Skip-Sponsorships-Chrome-Web-Store/_locales/ko/messages.json
 create mode 100644 bin/Release/Extensions/SponsorBlock-for-YouTube-Skip-Sponsorships-Chrome-Web-Store/_locales/lt/messages.json
 create mode 100644 bin/Release/Extensions/SponsorBlock-for-YouTube-Skip-Sponsorships-Chrome-Web-Store/_locales/lv/messages.json
 create mode 100644 bin/Release/Extensions/SponsorBlock-for-YouTube-Skip-Sponsorships-Chrome-Web-Store/_locales/ml/messages.json
 create mode 100644 bin/Release/Extensions/SponsorBlock-for-YouTube-Skip-Sponsorships-Chrome-Web-Store/_locales/ms/messages.json
 create mode 100644 bin/Release/Extensions/SponsorBlock-for-YouTube-Skip-Sponsorships-Chrome-Web-Store/_locales/nl/messages.json
 create mode 100644 bin/Release/Extensions/SponsorBlock-for-YouTube-Skip-Sponsorships-Chrome-Web-Store/_locales/no/messages.json
 create mode 100644 bin/Release/Extensions/SponsorBlock-for-YouTube-Skip-Sponsorships-Chrome-Web-Store/_locales/pl/messages.json
 create mode 100644 bin/Release/Extensions/SponsorBlock-for-YouTube-Skip-Sponsorships-Chrome-Web-Store/_locales/pt_BR/messages.json
 create mode 100644 bin/Release/Extensions/SponsorBlock-for-YouTube-Skip-Sponsorships-Chrome-Web-Store/_locales/pt_PT/messages.json
 create mode 100644 bin/Release/Extensions/SponsorBlock-for-YouTube-Skip-Sponsorships-Chrome-Web-Store/_locales/ro/messages.json
 create mode 100644 bin/Release/Extensions/SponsorBlock-for-YouTube-Skip-Sponsorships-Chrome-Web-Store/_locales/ru/messages.json
 create mode 100644 bin/Release/Extensions/SponsorBlock-for-YouTube-Skip-Sponsorships-Chrome-Web-Store/_locales/sk/messages.json
 create mode 100644 bin/Release/Extensions/SponsorBlock-for-YouTube-Skip-Sponsorships-Chrome-Web-Store/_locales/sl/messages.json
 create mode 100644 bin/Release/Extensions/SponsorBlock-for-YouTube-Skip-Sponsorships-Chrome-Web-Store/_locales/sr/messages.json
 create mode 100644 bin/Release/Extensions/SponsorBlock-for-YouTube-Skip-Sponsorships-Chrome-Web-Store/_locales/sv/messages.json
 create mode 100644 bin/Release/Extensions/SponsorBlock-for-YouTube-Skip-Sponsorships-Chrome-Web-Store/_locales/ta/messages.json
 create mode 100644 bin/Release/Extensions/SponsorBlock-for-YouTube-Skip-Sponsorships-Chrome-Web-Store/_locales/te/messages.json
 create mode 100644 bin/Release/Extensions/SponsorBlock-for-YouTube-Skip-Sponsorships-Chrome-Web-Store/_locales/th/messages.json
 create mode 100644 bin/Release/Extensions/SponsorBlock-for-YouTube-Skip-Sponsorships-Chrome-Web-Store/_locales/tr/messages.json
 create mode 100644 bin/Release/Extensions/SponsorBlock-for-YouTube-Skip-Sponsorships-Chrome-Web-Store/_locales/uk/messages.json
 create mode 100644 bin/Release/Extensions/SponsorBlock-for-YouTube-Skip-Sponsorships-Chrome-Web-Store/_locales/vi/messages.json
 create mode 100644 bin/Release/Extensions/SponsorBlock-for-YouTube-Skip-Sponsorships-Chrome-Web-Store/_locales/zh_CN/messages.json
 create mode 100644 bin/Release/Extensions/SponsorBlock-for-YouTube-Skip-Sponsorships-Chrome-Web-Store/_locales/zh_TW/messages.json
 create mode 100644 bin/Release/Extensions/SponsorBlock-for-YouTube-Skip-Sponsorships-Chrome-Web-Store/_metadata/verified_contents.json
 create mode 100644 bin/Release/Extensions/SponsorBlock-for-YouTube-Skip-Sponsorships-Chrome-Web-Store/content.css
 create mode 100644 bin/Release/Extensions/SponsorBlock-for-YouTube-Skip-Sponsorships-Chrome-Web-Store/help/images/notice.png
 create mode 100644 bin/Release/Extensions/SponsorBlock-for-YouTube-Skip-Sponsorships-Chrome-Web-Store/help/images/popup.png
 create mode 100644 bin/Release/Extensions/SponsorBlock-for-YouTube-Skip-Sponsorships-Chrome-Web-Store/help/images/submission menu.png
 create mode 100644 bin/Release/Extensions/SponsorBlock-for-YouTube-Skip-Sponsorships-Chrome-Web-Store/help/images/votebuttons.gif
 create mode 100644 bin/Release/Extensions/SponsorBlock-for-YouTube-Skip-Sponsorships-Chrome-Web-Store/help/index.html
 create mode 100644 bin/Release/Extensions/SponsorBlock-for-YouTube-Skip-Sponsorships-Chrome-Web-Store/help/styles.css
 create mode 100644 bin/Release/Extensions/SponsorBlock-for-YouTube-Skip-Sponsorships-Chrome-Web-Store/icons/IconSponsorBlocker1024px.png
 create mode 100644 bin/Release/Extensions/SponsorBlock-for-YouTube-Skip-Sponsorships-Chrome-Web-Store/icons/IconSponsorBlocker128px.png
 create mode 100644 bin/Release/Extensions/SponsorBlock-for-YouTube-Skip-Sponsorships-Chrome-Web-Store/icons/IconSponsorBlocker16px.png
 create mode 100644 bin/Release/Extensions/SponsorBlock-for-YouTube-Skip-Sponsorships-Chrome-Web-Store/icons/IconSponsorBlocker256px.png
 create mode 100644 bin/Release/Extensions/SponsorBlock-for-YouTube-Skip-Sponsorships-Chrome-Web-Store/icons/IconSponsorBlocker32px.png
 create mode 100644 bin/Release/Extensions/SponsorBlock-for-YouTube-Skip-Sponsorships-Chrome-Web-Store/icons/IconSponsorBlocker512px.png
 create mode 100644 bin/Release/Extensions/SponsorBlock-for-YouTube-Skip-Sponsorships-Chrome-Web-Store/icons/IconSponsorBlocker64px.png
 create mode 100644 bin/Release/Extensions/SponsorBlock-for-YouTube-Skip-Sponsorships-Chrome-Web-Store/icons/LogoSponsorBlocker1024px.png
 create mode 100644 bin/Release/Extensions/SponsorBlock-for-YouTube-Skip-Sponsorships-Chrome-Web-Store/icons/LogoSponsorBlocker128px.png
 create mode 100644 bin/Release/Extensions/SponsorBlock-for-YouTube-Skip-Sponsorships-Chrome-Web-Store/icons/LogoSponsorBlocker256px.png
 create mode 100644 bin/Release/Extensions/SponsorBlock-for-YouTube-Skip-Sponsorships-Chrome-Web-Store/icons/LogoSponsorBlocker512px.png
 create mode 100644 bin/Release/Extensions/SponsorBlock-for-YouTube-Skip-Sponsorships-Chrome-Web-Store/icons/LogoSponsorBlocker64px.png
 create mode 100644 bin/Release/Extensions/SponsorBlock-for-YouTube-Skip-Sponsorships-Chrome-Web-Store/icons/PlayerCancelSegmentIconSponsorBlocker.svg
 create mode 100644 bin/Release/Extensions/SponsorBlock-for-YouTube-Skip-Sponsorships-Chrome-Web-Store/icons/PlayerDeleteIconSponsorBlocker.svg
 create mode 100644 bin/Release/Extensions/SponsorBlock-for-YouTube-Skip-Sponsorships-Chrome-Web-Store/icons/PlayerInfoIconSponsorBlocker.svg
 create mode 100644 bin/Release/Extensions/SponsorBlock-for-YouTube-Skip-Sponsorships-Chrome-Web-Store/icons/PlayerStartIconSponsorBlocker.svg
 create mode 100644 bin/Release/Extensions/SponsorBlock-for-YouTube-Skip-Sponsorships-Chrome-Web-Store/icons/PlayerStopIconSponsorBlocker.svg
 create mode 100644 bin/Release/Extensions/SponsorBlock-for-YouTube-Skip-Sponsorships-Chrome-Web-Store/icons/PlayerUploadFailedIconSponsorBlocker.svg
 create mode 100644 bin/Release/Extensions/SponsorBlock-for-YouTube-Skip-Sponsorships-Chrome-Web-Store/icons/PlayerUploadIconSponsorBlocker.svg
 create mode 100644 bin/Release/Extensions/SponsorBlock-for-YouTube-Skip-Sponsorships-Chrome-Web-Store/icons/SafariIconSponsorBlocker128px.png
 create mode 100644 bin/Release/Extensions/SponsorBlock-for-YouTube-Skip-Sponsorships-Chrome-Web-Store/icons/SafariIconSponsorBlocker16px.png
 create mode 100644 bin/Release/Extensions/SponsorBlock-for-YouTube-Skip-Sponsorships-Chrome-Web-Store/icons/SafariIconSponsorBlocker32px.png
 create mode 100644 bin/Release/Extensions/SponsorBlock-for-YouTube-Skip-Sponsorships-Chrome-Web-Store/icons/SafariIconSponsorBlocker64px.png
 create mode 100644 bin/Release/Extensions/SponsorBlock-for-YouTube-Skip-Sponsorships-Chrome-Web-Store/icons/beep.oga
 create mode 100644 bin/Release/Extensions/SponsorBlock-for-YouTube-Skip-Sponsorships-Chrome-Web-Store/icons/bolt.svg
 create mode 100644 bin/Release/Extensions/SponsorBlock-for-YouTube-Skip-Sponsorships-Chrome-Web-Store/icons/campaign.svg
 create mode 100644 bin/Release/Extensions/SponsorBlock-for-YouTube-Skip-Sponsorships-Chrome-Web-Store/icons/check-smaller.svg
 create mode 100644 bin/Release/Extensions/SponsorBlock-for-YouTube-Skip-Sponsorships-Chrome-Web-Store/icons/check.svg
 create mode 100644 bin/Release/Extensions/SponsorBlock-for-YouTube-Skip-Sponsorships-Chrome-Web-Store/icons/clipboard.svg
 create mode 100644 bin/Release/Extensions/SponsorBlock-for-YouTube-Skip-Sponsorships-Chrome-Web-Store/icons/close-smaller.svg
 create mode 100644 bin/Release/Extensions/SponsorBlock-for-YouTube-Skip-Sponsorships-Chrome-Web-Store/icons/close.png
 create mode 100644 bin/Release/Extensions/SponsorBlock-for-YouTube-Skip-Sponsorships-Chrome-Web-Store/icons/dearrow.svg
 create mode 100644 bin/Release/Extensions/SponsorBlock-for-YouTube-Skip-Sponsorships-Chrome-Web-Store/icons/downvote.png
 create mode 100644 bin/Release/Extensions/SponsorBlock-for-YouTube-Skip-Sponsorships-Chrome-Web-Store/icons/export.svg
 create mode 100644 bin/Release/Extensions/SponsorBlock-for-YouTube-Skip-Sponsorships-Chrome-Web-Store/icons/heart.svg
 create mode 100644 bin/Release/Extensions/SponsorBlock-for-YouTube-Skip-Sponsorships-Chrome-Web-Store/icons/help.svg
 create mode 100644 bin/Release/Extensions/SponsorBlock-for-YouTube-Skip-Sponsorships-Chrome-Web-Store/icons/import.svg
 create mode 100644 bin/Release/Extensions/SponsorBlock-for-YouTube-Skip-Sponsorships-Chrome-Web-Store/icons/lightbulb.svg
 create mode 100644 bin/Release/Extensions/SponsorBlock-for-YouTube-Skip-Sponsorships-Chrome-Web-Store/icons/loop.svg
 create mode 100644 bin/Release/Extensions/SponsorBlock-for-YouTube-Skip-Sponsorships-Chrome-Web-Store/icons/looped.svg
 create mode 100644 bin/Release/Extensions/SponsorBlock-for-YouTube-Skip-Sponsorships-Chrome-Web-Store/icons/money.svg
 create mode 100644 bin/Release/Extensions/SponsorBlock-for-YouTube-Skip-Sponsorships-Chrome-Web-Store/icons/music-note.svg
 create mode 100644 bin/Release/Extensions/SponsorBlock-for-YouTube-Skip-Sponsorships-Chrome-Web-Store/icons/newprofilepic.jpg
 create mode 100644 bin/Release/Extensions/SponsorBlock-for-YouTube-Skip-Sponsorships-Chrome-Web-Store/icons/not_visible.svg
 create mode 100644 bin/Release/Extensions/SponsorBlock-for-YouTube-Skip-Sponsorships-Chrome-Web-Store/icons/pause.svg
 create mode 100644 bin/Release/Extensions/SponsorBlock-for-YouTube-Skip-Sponsorships-Chrome-Web-Store/icons/pencil.svg
 create mode 100644 bin/Release/Extensions/SponsorBlock-for-YouTube-Skip-Sponsorships-Chrome-Web-Store/icons/pride.svg
 create mode 100644 bin/Release/Extensions/SponsorBlock-for-YouTube-Skip-Sponsorships-Chrome-Web-Store/icons/refresh.svg
 create mode 100644 bin/Release/Extensions/SponsorBlock-for-YouTube-Skip-Sponsorships-Chrome-Web-Store/icons/report.png
 create mode 100644 bin/Release/Extensions/SponsorBlock-for-YouTube-Skip-Sponsorships-Chrome-Web-Store/icons/right-arrow.svg
 create mode 100644 bin/Release/Extensions/SponsorBlock-for-YouTube-Skip-Sponsorships-Chrome-Web-Store/icons/sb-pride.png
 create mode 100644 bin/Release/Extensions/SponsorBlock-for-YouTube-Skip-Sponsorships-Chrome-Web-Store/icons/segway.png
 create mode 100644 bin/Release/Extensions/SponsorBlock-for-YouTube-Skip-Sponsorships-Chrome-Web-Store/icons/settings.svg
 create mode 100644 bin/Release/Extensions/SponsorBlock-for-YouTube-Skip-Sponsorships-Chrome-Web-Store/icons/skip.svg
 create mode 100644 bin/Release/Extensions/SponsorBlock-for-YouTube-Skip-Sponsorships-Chrome-Web-Store/icons/skipIcon.svg
 create mode 100644 bin/Release/Extensions/SponsorBlock-for-YouTube-Skip-Sponsorships-Chrome-Web-Store/icons/sort.svg
 create mode 100644 bin/Release/Extensions/SponsorBlock-for-YouTube-Skip-Sponsorships-Chrome-Web-Store/icons/star.svg
 create mode 100644 bin/Release/Extensions/SponsorBlock-for-YouTube-Skip-Sponsorships-Chrome-Web-Store/icons/stop.svg
 create mode 100644 bin/Release/Extensions/SponsorBlock-for-YouTube-Skip-Sponsorships-Chrome-Web-Store/icons/stopwatch.svg
 create mode 100644 bin/Release/Extensions/SponsorBlock-for-YouTube-Skip-Sponsorships-Chrome-Web-Store/icons/thumb.svg
 create mode 100644 bin/Release/Extensions/SponsorBlock-for-YouTube-Skip-Sponsorships-Chrome-Web-Store/icons/thumbs_down.svg
 create mode 100644 bin/Release/Extensions/SponsorBlock-for-YouTube-Skip-Sponsorships-Chrome-Web-Store/icons/thumbs_down_locked.svg
 create mode 100644 bin/Release/Extensions/SponsorBlock-for-YouTube-Skip-Sponsorships-Chrome-Web-Store/icons/thumbs_up.svg
 create mode 100644 bin/Release/Extensions/SponsorBlock-for-YouTube-Skip-Sponsorships-Chrome-Web-Store/icons/upvote.png
 create mode 100644 bin/Release/Extensions/SponsorBlock-for-YouTube-Skip-Sponsorships-Chrome-Web-Store/icons/upvote.svg
 create mode 100644 bin/Release/Extensions/SponsorBlock-for-YouTube-Skip-Sponsorships-Chrome-Web-Store/icons/visible.svg
 create mode 100644 bin/Release/Extensions/SponsorBlock-for-YouTube-Skip-Sponsorships-Chrome-Web-Store/js/background.js
 create mode 100644 bin/Release/Extensions/SponsorBlock-for-YouTube-Skip-Sponsorships-Chrome-Web-Store/js/content.js
 create mode 100644 bin/Release/Extensions/SponsorBlock-for-YouTube-Skip-Sponsorships-Chrome-Web-Store/js/content.js.LICENSE.txt
 create mode 100644 bin/Release/Extensions/SponsorBlock-for-YouTube-Skip-Sponsorships-Chrome-Web-Store/js/document.js
 create mode 100644 bin/Release/Extensions/SponsorBlock-for-YouTube-Skip-Sponsorships-Chrome-Web-Store/js/help.js
 create mode 100644 bin/Release/Extensions/SponsorBlock-for-YouTube-Skip-Sponsorships-Chrome-Web-Store/js/options.js
 create mode 100644 bin/Release/Extensions/SponsorBlock-for-YouTube-Skip-Sponsorships-Chrome-Web-Store/js/options.js.LICENSE.txt
 create mode 100644 bin/Release/Extensions/SponsorBlock-for-YouTube-Skip-Sponsorships-Chrome-Web-Store/js/permissions.js
 create mode 100644 bin/Release/Extensions/SponsorBlock-for-YouTube-Skip-Sponsorships-Chrome-Web-Store/js/popup.js
 create mode 100644 bin/Release/Extensions/SponsorBlock-for-YouTube-Skip-Sponsorships-Chrome-Web-Store/js/popup.js.LICENSE.txt
 create mode 100644 bin/Release/Extensions/SponsorBlock-for-YouTube-Skip-Sponsorships-Chrome-Web-Store/libs/6xKydSBYKcSV-LCoeQqfX1RYOo3ig4vwlBduz8A.woff2
 create mode 100644 bin/Release/Extensions/SponsorBlock-for-YouTube-Skip-Sponsorships-Chrome-Web-Store/libs/6xKydSBYKcSV-LCoeQqfX1RYOo3ig4vwlxdu.woff2
 create mode 100644 bin/Release/Extensions/SponsorBlock-for-YouTube-Skip-Sponsorships-Chrome-Web-Store/libs/6xKydSBYKcSV-LCoeQqfX1RYOo3ig4vwmBduz8A.woff2
 create mode 100644 bin/Release/Extensions/SponsorBlock-for-YouTube-Skip-Sponsorships-Chrome-Web-Store/libs/6xKydSBYKcSV-LCoeQqfX1RYOo3ig4vwmRduz8A.woff2
 create mode 100644 bin/Release/Extensions/SponsorBlock-for-YouTube-Skip-Sponsorships-Chrome-Web-Store/libs/Source+Sans+Pro.css
 create mode 100644 bin/Release/Extensions/SponsorBlock-for-YouTube-Skip-Sponsorships-Chrome-Web-Store/manifest.json
 create mode 100644 bin/Release/Extensions/SponsorBlock-for-YouTube-Skip-Sponsorships-Chrome-Web-Store/options/options.css
 create mode 100644 bin/Release/Extensions/SponsorBlock-for-YouTube-Skip-Sponsorships-Chrome-Web-Store/options/options.html
 create mode 100644 bin/Release/Extensions/SponsorBlock-for-YouTube-Skip-Sponsorships-Chrome-Web-Store/oss-attribution/attribution.txt
 create mode 100644 bin/Release/Extensions/SponsorBlock-for-YouTube-Skip-Sponsorships-Chrome-Web-Store/permissions/index.html
 create mode 100644 bin/Release/Extensions/SponsorBlock-for-YouTube-Skip-Sponsorships-Chrome-Web-Store/permissions/styles.css
 create mode 100644 bin/Release/Extensions/SponsorBlock-for-YouTube-Skip-Sponsorships-Chrome-Web-Store/popup.css
 create mode 100644 bin/Release/Extensions/SponsorBlock-for-YouTube-Skip-Sponsorships-Chrome-Web-Store/popup.html
 create mode 100644 bin/Release/Extensions/SponsorBlock-for-YouTube-Skip-Sponsorships-Chrome-Web-Store/res/countries.json
 create mode 100644 bin/Release/Extensions/SponsorBlock-for-YouTube-Skip-Sponsorships-Chrome-Web-Store/shared.css
 create mode 100644 bin/Release/Extensions/TWP-Translate-[BETA]-Chrome-Web-Store/LICENSE
 create mode 100644 bin/Release/Extensions/TWP-Translate-[BETA]-Chrome-Web-Store/_locales/af/messages.json
 create mode 100644 bin/Release/Extensions/TWP-Translate-[BETA]-Chrome-Web-Store/_locales/ar/messages.json
 create mode 100644 bin/Release/Extensions/TWP-Translate-[BETA]-Chrome-Web-Store/_locales/bg/messages.json
 create mode 100644 bin/Release/Extensions/TWP-Translate-[BETA]-Chrome-Web-Store/_locales/bn/messages.json
 create mode 100644 bin/Release/Extensions/TWP-Translate-[BETA]-Chrome-Web-Store/_locales/ca/messages.json
 create mode 100644 bin/Release/Extensions/TWP-Translate-[BETA]-Chrome-Web-Store/_locales/cs/messages.json
 create mode 100644 bin/Release/Extensions/TWP-Translate-[BETA]-Chrome-Web-Store/_locales/da/messages.json
 create mode 100644 bin/Release/Extensions/TWP-Translate-[BETA]-Chrome-Web-Store/_locales/de/messages.json
 create mode 100644 bin/Release/Extensions/TWP-Translate-[BETA]-Chrome-Web-Store/_locales/el/messages.json
 create mode 100644 bin/Release/Extensions/TWP-Translate-[BETA]-Chrome-Web-Store/_locales/en/messages.json
 create mode 100644 bin/Release/Extensions/TWP-Translate-[BETA]-Chrome-Web-Store/_locales/es/messages.json
 create mode 100644 bin/Release/Extensions/TWP-Translate-[BETA]-Chrome-Web-Store/_locales/fa/messages.json
 create mode 100644 bin/Release/Extensions/TWP-Translate-[BETA]-Chrome-Web-Store/_locales/fi/messages.json
 create mode 100644 bin/Release/Extensions/TWP-Translate-[BETA]-Chrome-Web-Store/_locales/fr/messages.json
 create mode 100644 bin/Release/Extensions/TWP-Translate-[BETA]-Chrome-Web-Store/_locales/he/messages.json
 create mode 100644 bin/Release/Extensions/TWP-Translate-[BETA]-Chrome-Web-Store/_locales/hi/messages.json
 create mode 100644 bin/Release/Extensions/TWP-Translate-[BETA]-Chrome-Web-Store/_locales/hr/messages.json
 create mode 100644 bin/Release/Extensions/TWP-Translate-[BETA]-Chrome-Web-Store/_locales/hu/messages.json
 create mode 100644 bin/Release/Extensions/TWP-Translate-[BETA]-Chrome-Web-Store/_locales/is/messages.json
 create mode 100644 bin/Release/Extensions/TWP-Translate-[BETA]-Chrome-Web-Store/_locales/it/messages.json
 create mode 100644 bin/Release/Extensions/TWP-Translate-[BETA]-Chrome-Web-Store/_locales/ja/messages.json
 create mode 100644 bin/Release/Extensions/TWP-Translate-[BETA]-Chrome-Web-Store/_locales/kaa/messages.json
 create mode 100644 bin/Release/Extensions/TWP-Translate-[BETA]-Chrome-Web-Store/_locales/ko/messages.json
 create mode 100644 bin/Release/Extensions/TWP-Translate-[BETA]-Chrome-Web-Store/_locales/lv/messages.json
 create mode 100644 bin/Release/Extensions/TWP-Translate-[BETA]-Chrome-Web-Store/_locales/nl/messages.json
 create mode 100644 bin/Release/Extensions/TWP-Translate-[BETA]-Chrome-Web-Store/_locales/no/messages.json
 create mode 100644 bin/Release/Extensions/TWP-Translate-[BETA]-Chrome-Web-Store/_locales/pl/messages.json
 create mode 100644 bin/Release/Extensions/TWP-Translate-[BETA]-Chrome-Web-Store/_locales/pt_BR/messages.json
 create mode 100644 bin/Release/Extensions/TWP-Translate-[BETA]-Chrome-Web-Store/_locales/pt_PT/messages.json
 create mode 100644 bin/Release/Extensions/TWP-Translate-[BETA]-Chrome-Web-Store/_locales/ro/messages.json
 create mode 100644 bin/Release/Extensions/TWP-Translate-[BETA]-Chrome-Web-Store/_locales/ru/messages.json
 create mode 100644 bin/Release/Extensions/TWP-Translate-[BETA]-Chrome-Web-Store/_locales/sat/messages.json
 create mode 100644 bin/Release/Extensions/TWP-Translate-[BETA]-Chrome-Web-Store/_locales/sl/messages.json
 create mode 100644 bin/Release/Extensions/TWP-Translate-[BETA]-Chrome-Web-Store/_locales/sr/messages.json
 create mode 100644 bin/Release/Extensions/TWP-Translate-[BETA]-Chrome-Web-Store/_locales/sv/messages.json
 create mode 100644 bin/Release/Extensions/TWP-Translate-[BETA]-Chrome-Web-Store/_locales/ta/messages.json
 create mode 100644 bin/Release/Extensions/TWP-Translate-[BETA]-Chrome-Web-Store/_locales/th/messages.json
 create mode 100644 bin/Release/Extensions/TWP-Translate-[BETA]-Chrome-Web-Store/_locales/tr/messages.json
 create mode 100644 bin/Release/Extensions/TWP-Translate-[BETA]-Chrome-Web-Store/_locales/ug/messages.json
 create mode 100644 bin/Release/Extensions/TWP-Translate-[BETA]-Chrome-Web-Store/_locales/uk/messages.json
 create mode 100644 bin/Release/Extensions/TWP-Translate-[BETA]-Chrome-Web-Store/_locales/vi/messages.json
 create mode 100644 bin/Release/Extensions/TWP-Translate-[BETA]-Chrome-Web-Store/_locales/zh_CN/messages.json
 create mode 100644 bin/Release/Extensions/TWP-Translate-[BETA]-Chrome-Web-Store/_locales/zh_TW/messages.json
 create mode 100644 bin/Release/Extensions/TWP-Translate-[BETA]-Chrome-Web-Store/_metadata/verified_contents.json
 create mode 100644 bin/Release/Extensions/TWP-Translate-[BETA]-Chrome-Web-Store/background/background.js
 create mode 100644 bin/Release/Extensions/TWP-Translate-[BETA]-Chrome-Web-Store/background/textToSpeech.js
 create mode 100644 bin/Release/Extensions/TWP-Translate-[BETA]-Chrome-Web-Store/background/translationCache.js
 create mode 100644 bin/Release/Extensions/TWP-Translate-[BETA]-Chrome-Web-Store/background/translationService.js
 create mode 100644 bin/Release/Extensions/TWP-Translate-[BETA]-Chrome-Web-Store/bg.js
 create mode 100644 bin/Release/Extensions/TWP-Translate-[BETA]-Chrome-Web-Store/contentScript/checkScriptIsInjected.js
 create mode 100644 bin/Release/Extensions/TWP-Translate-[BETA]-Chrome-Web-Store/contentScript/css/showOriginal.css
 create mode 100644 bin/Release/Extensions/TWP-Translate-[BETA]-Chrome-Web-Store/contentScript/css/showTranslated.css
 create mode 100644 bin/Release/Extensions/TWP-Translate-[BETA]-Chrome-Web-Store/contentScript/css/translateSelected.css
 create mode 100644 bin/Release/Extensions/TWP-Translate-[BETA]-Chrome-Web-Store/contentScript/deepl.js
 create mode 100644 bin/Release/Extensions/TWP-Translate-[BETA]-Chrome-Web-Store/contentScript/html/popupMobile.html
 create mode 100644 bin/Release/Extensions/TWP-Translate-[BETA]-Chrome-Web-Store/contentScript/pageTranslator.js
 create mode 100644 bin/Release/Extensions/TWP-Translate-[BETA]-Chrome-Web-Store/contentScript/popupMobile.js
 create mode 100644 bin/Release/Extensions/TWP-Translate-[BETA]-Chrome-Web-Store/contentScript/showOriginal.js
 create mode 100644 bin/Release/Extensions/TWP-Translate-[BETA]-Chrome-Web-Store/contentScript/showTranslated.js
 create mode 100644 bin/Release/Extensions/TWP-Translate-[BETA]-Chrome-Web-Store/contentScript/translateSelected.js
 create mode 100644 bin/Release/Extensions/TWP-Translate-[BETA]-Chrome-Web-Store/firefox-manifest.json
 create mode 100644 bin/Release/Extensions/TWP-Translate-[BETA]-Chrome-Web-Store/icons/bing-translate-32.png
 create mode 100644 bin/Release/Extensions/TWP-Translate-[BETA]-Chrome-Web-Store/icons/btn_donate_LG.webp
 create mode 100644 bin/Release/Extensions/TWP-Translate-[BETA]-Chrome-Web-Store/icons/coinpayments.png
 create mode 100644 bin/Release/Extensions/TWP-Translate-[BETA]-Chrome-Web-Store/icons/google-translate-32.png
 create mode 100644 bin/Release/Extensions/TWP-Translate-[BETA]-Chrome-Web-Store/icons/icon-128.png
 create mode 100644 bin/Release/Extensions/TWP-Translate-[BETA]-Chrome-Web-Store/icons/icon-16.png
 create mode 100644 bin/Release/Extensions/TWP-Translate-[BETA]-Chrome-Web-Store/icons/icon-32-translated.png
 create mode 100644 bin/Release/Extensions/TWP-Translate-[BETA]-Chrome-Web-Store/icons/icon-32.png
 create mode 100644 bin/Release/Extensions/TWP-Translate-[BETA]-Chrome-Web-Store/icons/icon-64.png
 create mode 100644 bin/Release/Extensions/TWP-Translate-[BETA]-Chrome-Web-Store/icons/icon-translated.svg
 create mode 100644 bin/Release/Extensions/TWP-Translate-[BETA]-Chrome-Web-Store/icons/icon.svg
 create mode 100644 bin/Release/Extensions/TWP-Translate-[BETA]-Chrome-Web-Store/icons/patreon.png
 create mode 100644 bin/Release/Extensions/TWP-Translate-[BETA]-Chrome-Web-Store/icons/patreon_icon.png
 create mode 100644 bin/Release/Extensions/TWP-Translate-[BETA]-Chrome-Web-Store/icons/pixel.gif
 create mode 100644 bin/Release/Extensions/TWP-Translate-[BETA]-Chrome-Web-Store/icons/swap-32.png
 create mode 100644 bin/Release/Extensions/TWP-Translate-[BETA]-Chrome-Web-Store/icons/yandex-translate-32.png
 create mode 100644 bin/Release/Extensions/TWP-Translate-[BETA]-Chrome-Web-Store/lib/XMLHttpRequestShim.js
 create mode 100644 bin/Release/Extensions/TWP-Translate-[BETA]-Chrome-Web-Store/lib/checkedLastError.js
 create mode 100644 bin/Release/Extensions/TWP-Translate-[BETA]-Chrome-Web-Store/lib/config.js
 create mode 100644 bin/Release/Extensions/TWP-Translate-[BETA]-Chrome-Web-Store/lib/i18n.js
 create mode 100644 bin/Release/Extensions/TWP-Translate-[BETA]-Chrome-Web-Store/lib/languages.js
 create mode 100644 bin/Release/Extensions/TWP-Translate-[BETA]-Chrome-Web-Store/lib/platformInfo.js
 create mode 100644 bin/Release/Extensions/TWP-Translate-[BETA]-Chrome-Web-Store/lib/polyfill.js
 create mode 100644 bin/Release/Extensions/TWP-Translate-[BETA]-Chrome-Web-Store/lib/stuff.js
 create mode 100644 bin/Release/Extensions/TWP-Translate-[BETA]-Chrome-Web-Store/manifest.json
 create mode 100644 bin/Release/Extensions/TWP-Translate-[BETA]-Chrome-Web-Store/off_screen.html
 create mode 100644 bin/Release/Extensions/TWP-Translate-[BETA]-Chrome-Web-Store/off_screen.js
 create mode 100644 bin/Release/Extensions/TWP-Translate-[BETA]-Chrome-Web-Store/options/darkmode.js
 create mode 100644 bin/Release/Extensions/TWP-Translate-[BETA]-Chrome-Web-Store/options/open-options.html
 create mode 100644 bin/Release/Extensions/TWP-Translate-[BETA]-Chrome-Web-Store/options/open-options.js
 create mode 100644 bin/Release/Extensions/TWP-Translate-[BETA]-Chrome-Web-Store/options/options.css
 create mode 100644 bin/Release/Extensions/TWP-Translate-[BETA]-Chrome-Web-Store/options/options.html
 create mode 100644 bin/Release/Extensions/TWP-Translate-[BETA]-Chrome-Web-Store/options/options.js
 create mode 100644 bin/Release/Extensions/TWP-Translate-[BETA]-Chrome-Web-Store/options/release-notes/en.html
 create mode 100644 bin/Release/Extensions/TWP-Translate-[BETA]-Chrome-Web-Store/popup/detect-pdf.js
 create mode 100644 bin/Release/Extensions/TWP-Translate-[BETA]-Chrome-Web-Store/popup/improve-translation.html
 create mode 100644 bin/Release/Extensions/TWP-Translate-[BETA]-Chrome-Web-Store/popup/improve-translation.js
 create mode 100644 bin/Release/Extensions/TWP-Translate-[BETA]-Chrome-Web-Store/popup/old-popup.css
 create mode 100644 bin/Release/Extensions/TWP-Translate-[BETA]-Chrome-Web-Store/popup/old-popup.html
 create mode 100644 bin/Release/Extensions/TWP-Translate-[BETA]-Chrome-Web-Store/popup/old-popup.js
 create mode 100644 bin/Release/Extensions/TWP-Translate-[BETA]-Chrome-Web-Store/popup/popup-translate-document.html
 create mode 100644 bin/Release/Extensions/TWP-Translate-[BETA]-Chrome-Web-Store/popup/popup-translate-document.js
 create mode 100644 bin/Release/Extensions/TWP-Translate-[BETA]-Chrome-Web-Store/popup/popup-translate-text.html
 create mode 100644 bin/Release/Extensions/TWP-Translate-[BETA]-Chrome-Web-Store/popup/popup-translate-text.js
 create mode 100644 bin/Release/Extensions/TWP-Translate-[BETA]-Chrome-Web-Store/popup/popup.css
 create mode 100644 bin/Release/Extensions/TWP-Translate-[BETA]-Chrome-Web-Store/popup/popup.html
 create mode 100644 bin/Release/Extensions/TWP-Translate-[BETA]-Chrome-Web-Store/popup/popup.js
 create mode 100644 bin/Release/Extensions/TWP-Translate-[BETA]-Chrome-Web-Store/w3css/4/w3.css
 create mode 100644 bin/Release/Extensions/adguard/_locales/ar/messages.json
 create mode 100644 bin/Release/Extensions/adguard/_locales/be/messages.json
 create mode 100644 bin/Release/Extensions/adguard/_locales/bg/messages.json
 create mode 100644 bin/Release/Extensions/adguard/_locales/bn/messages.json
 create mode 100644 bin/Release/Extensions/adguard/_locales/ca/messages.json
 create mode 100644 bin/Release/Extensions/adguard/_locales/cs/messages.json
 create mode 100644 bin/Release/Extensions/adguard/_locales/da/messages.json
 create mode 100644 bin/Release/Extensions/adguard/_locales/de/messages.json
 create mode 100644 bin/Release/Extensions/adguard/_locales/el/messages.json
 create mode 100644 bin/Release/Extensions/adguard/_locales/en/messages.json
 create mode 100644 bin/Release/Extensions/adguard/_locales/es/messages.json
 create mode 100644 bin/Release/Extensions/adguard/_locales/es_419/messages.json
 create mode 100644 bin/Release/Extensions/adguard/_locales/et/messages.json
 create mode 100644 bin/Release/Extensions/adguard/_locales/fa/messages.json
 create mode 100644 bin/Release/Extensions/adguard/_locales/fi/messages.json
 create mode 100644 bin/Release/Extensions/adguard/_locales/fil/messages.json
 create mode 100644 bin/Release/Extensions/adguard/_locales/fr/messages.json
 create mode 100644 bin/Release/Extensions/adguard/_locales/he/messages.json
 create mode 100644 bin/Release/Extensions/adguard/_locales/hi/messages.json
 create mode 100644 bin/Release/Extensions/adguard/_locales/hr/messages.json
 create mode 100644 bin/Release/Extensions/adguard/_locales/hu/messages.json
 create mode 100644 bin/Release/Extensions/adguard/_locales/hy/messages.json
 create mode 100644 bin/Release/Extensions/adguard/_locales/id/messages.json
 create mode 100644 bin/Release/Extensions/adguard/_locales/it/messages.json
 create mode 100644 bin/Release/Extensions/adguard/_locales/ja/messages.json
 create mode 100644 bin/Release/Extensions/adguard/_locales/kn/messages.json
 create mode 100644 bin/Release/Extensions/adguard/_locales/ko/messages.json
 create mode 100644 bin/Release/Extensions/adguard/_locales/lt/messages.json
 create mode 100644 bin/Release/Extensions/adguard/_locales/lv/messages.json
 create mode 100644 bin/Release/Extensions/adguard/_locales/mk-MK/messages.json
 create mode 100644 bin/Release/Extensions/adguard/_locales/mk/messages.json
 create mode 100644 bin/Release/Extensions/adguard/_locales/ms/messages.json
 create mode 100644 bin/Release/Extensions/adguard/_locales/nb/messages.json
 create mode 100644 bin/Release/Extensions/adguard/_locales/nl/messages.json
 create mode 100644 bin/Release/Extensions/adguard/_locales/pl/messages.json
 create mode 100644 bin/Release/Extensions/adguard/_locales/pt_BR/messages.json
 create mode 100644 bin/Release/Extensions/adguard/_locales/pt_PT/messages.json
 create mode 100644 bin/Release/Extensions/adguard/_locales/ro/messages.json
 create mode 100644 bin/Release/Extensions/adguard/_locales/ru/messages.json
 create mode 100644 bin/Release/Extensions/adguard/_locales/sk/messages.json
 create mode 100644 bin/Release/Extensions/adguard/_locales/sl/messages.json
 create mode 100644 bin/Release/Extensions/adguard/_locales/sr/messages.json
 create mode 100644 bin/Release/Extensions/adguard/_locales/sv/messages.json
 create mode 100644 bin/Release/Extensions/adguard/_locales/ta/messages.json
 create mode 100644 bin/Release/Extensions/adguard/_locales/te/messages.json
 create mode 100644 bin/Release/Extensions/adguard/_locales/th/messages.json
 create mode 100644 bin/Release/Extensions/adguard/_locales/tr/messages.json
 create mode 100644 bin/Release/Extensions/adguard/_locales/uk/messages.json
 create mode 100644 bin/Release/Extensions/adguard/_locales/vi/messages.json
 create mode 100644 bin/Release/Extensions/adguard/_locales/zh_CN/messages.json
 create mode 100644 bin/Release/Extensions/adguard/_locales/zh_TW/messages.json
 create mode 100644 bin/Release/Extensions/adguard/assets/css/alert-container.css
 create mode 100644 bin/Release/Extensions/adguard/assets/css/alert-popup.css
 create mode 100644 bin/Release/Extensions/adguard/assets/css/c3.css
 create mode 100644 bin/Release/Extensions/adguard/assets/css/devtools/custom.css
 create mode 100644 bin/Release/Extensions/adguard/assets/css/devtools/dark.css
 create mode 100644 bin/Release/Extensions/adguard/assets/css/devtools/elementsPanel.css
 create mode 100644 bin/Release/Extensions/adguard/assets/css/devtools/inspectorCommon.css
 create mode 100644 bin/Release/Extensions/adguard/assets/css/devtools/inspectorStyle.css
 create mode 100644 bin/Release/Extensions/adguard/assets/css/devtools/inspectorSyntaxHighlight.css
 create mode 100644 bin/Release/Extensions/adguard/assets/css/devtools/sidebarPane.css
 create mode 100644 bin/Release/Extensions/adguard/assets/css/fonts.css
 create mode 100644 bin/Release/Extensions/adguard/assets/css/layout.css
 create mode 100644 bin/Release/Extensions/adguard/assets/css/log.css
 create mode 100644 bin/Release/Extensions/adguard/assets/css/main.css
 create mode 100644 bin/Release/Extensions/adguard/assets/css/nanobar.css
 create mode 100644 bin/Release/Extensions/adguard/assets/css/rules-limits-container.css
 create mode 100644 bin/Release/Extensions/adguard/assets/css/rules-limits-popup.css
 create mode 100644 bin/Release/Extensions/adguard/assets/css/style.css
 create mode 100644 bin/Release/Extensions/adguard/assets/css/update-container.css
 create mode 100644 bin/Release/Extensions/adguard/assets/fonts/Roboto-Flex-Regular.woff2
 create mode 100644 bin/Release/Extensions/adguard/assets/icons/loading-19.png
 create mode 100644 bin/Release/Extensions/adguard/assets/icons/loading-38.png
 create mode 100644 bin/Release/Extensions/adguard/assets/icons/newyear25-off-19.png
 create mode 100644 bin/Release/Extensions/adguard/assets/icons/newyear25-off-38.png
 create mode 100644 bin/Release/Extensions/adguard/assets/icons/newyear25-on-19.png
 create mode 100644 bin/Release/Extensions/adguard/assets/icons/newyear25-on-38.png
 create mode 100644 bin/Release/Extensions/adguard/assets/icons/off-19.png
 create mode 100644 bin/Release/Extensions/adguard/assets/icons/off-38.png
 create mode 100644 bin/Release/Extensions/adguard/assets/icons/on-128.png
 create mode 100644 bin/Release/Extensions/adguard/assets/icons/on-16.png
 create mode 100644 bin/Release/Extensions/adguard/assets/icons/on-19.png
 create mode 100644 bin/Release/Extensions/adguard/assets/icons/on-38.png
 create mode 100644 bin/Release/Extensions/adguard/assets/icons/update-available-19.png
 create mode 100644 bin/Release/Extensions/adguard/assets/icons/update-available-38.png
 create mode 100644 bin/Release/Extensions/adguard/assets/icons/warning-19.png
 create mode 100644 bin/Release/Extensions/adguard/assets/icons/warning-38.png
 create mode 100644 bin/Release/Extensions/adguard/assets/images/alert.svg
 create mode 100644 bin/Release/Extensions/adguard/assets/images/app-store.svg
 create mode 100644 bin/Release/Extensions/adguard/assets/images/arrow-down-grey.svg
 create mode 100644 bin/Release/Extensions/adguard/assets/images/arrow-down.svg
 create mode 100644 bin/Release/Extensions/adguard/assets/images/avatar.svg
 create mode 100644 bin/Release/Extensions/adguard/assets/images/checked.svg
 create mode 100644 bin/Release/Extensions/adguard/assets/images/chrome.svg
 create mode 100644 bin/Release/Extensions/adguard/assets/images/cross.svg
 create mode 100644 bin/Release/Extensions/adguard/assets/images/dropbox.svg
 create mode 100644 bin/Release/Extensions/adguard/assets/images/filters.svg
 create mode 100644 bin/Release/Extensions/adguard/assets/images/google-play.svg
 create mode 100644 bin/Release/Extensions/adguard/assets/images/hero-green.svg
 create mode 100644 bin/Release/Extensions/adguard/assets/images/hero-red.svg
 create mode 100644 bin/Release/Extensions/adguard/assets/images/link.svg
 create mode 100644 bin/Release/Extensions/adguard/assets/images/logo-dark.svg
 create mode 100644 bin/Release/Extensions/adguard/assets/images/logo-shield.svg
 create mode 100644 bin/Release/Extensions/adguard/assets/images/logo.svg
 create mode 100644 bin/Release/Extensions/adguard/assets/images/newyear25.svg
 create mode 100644 bin/Release/Extensions/adguard/assets/images/reload-ico-green.svg
 create mode 100644 bin/Release/Extensions/adguard/assets/images/reload-ico.svg
 create mode 100644 bin/Release/Extensions/adguard/assets/images/shield.svg
 create mode 100644 bin/Release/Extensions/adguard/assets/images/tick.svg
 create mode 100644 bin/Release/Extensions/adguard/assets/images/toggler-bg.svg
 create mode 100644 bin/Release/Extensions/adguard/assets/images/trash.svg
 create mode 100644 bin/Release/Extensions/adguard/assets/js/preload-theme.js
 create mode 100644 bin/Release/Extensions/adguard/assets/videos/loading.webm
 create mode 100644 bin/Release/Extensions/adguard/filters/filter_1.txt
 create mode 100644 bin/Release/Extensions/adguard/filters/filter_10.txt
 create mode 100644 bin/Release/Extensions/adguard/filters/filter_11.txt
 create mode 100644 bin/Release/Extensions/adguard/filters/filter_13.txt
 create mode 100644 bin/Release/Extensions/adguard/filters/filter_14.txt
 create mode 100644 bin/Release/Extensions/adguard/filters/filter_15.txt
 create mode 100644 bin/Release/Extensions/adguard/filters/filter_16.txt
 create mode 100644 bin/Release/Extensions/adguard/filters/filter_17.txt
 create mode 100644 bin/Release/Extensions/adguard/filters/filter_18.txt
 create mode 100644 bin/Release/Extensions/adguard/filters/filter_19.txt
 create mode 100644 bin/Release/Extensions/adguard/filters/filter_2.txt
 create mode 100644 bin/Release/Extensions/adguard/filters/filter_20.txt
 create mode 100644 bin/Release/Extensions/adguard/filters/filter_21.txt
 create mode 100644 bin/Release/Extensions/adguard/filters/filter_22.txt
 create mode 100644 bin/Release/Extensions/adguard/filters/filter_224.txt
 create mode 100644 bin/Release/Extensions/adguard/filters/filter_23.txt
 create mode 100644 bin/Release/Extensions/adguard/filters/filter_3.txt
 create mode 100644 bin/Release/Extensions/adguard/filters/filter_4.txt
 create mode 100644 bin/Release/Extensions/adguard/filters/filter_5.txt
 create mode 100644 bin/Release/Extensions/adguard/filters/filter_6.txt
 create mode 100644 bin/Release/Extensions/adguard/filters/filter_7.txt
 create mode 100644 bin/Release/Extensions/adguard/filters/filter_8.txt
 create mode 100644 bin/Release/Extensions/adguard/filters/filter_9.txt
 create mode 100644 bin/Release/Extensions/adguard/filters/filter_mobile_1.txt
 create mode 100644 bin/Release/Extensions/adguard/filters/filter_mobile_10.txt
 create mode 100644 bin/Release/Extensions/adguard/filters/filter_mobile_11.txt
 create mode 100644 bin/Release/Extensions/adguard/filters/filter_mobile_13.txt
 create mode 100644 bin/Release/Extensions/adguard/filters/filter_mobile_14.txt
 create mode 100644 bin/Release/Extensions/adguard/filters/filter_mobile_15.txt
 create mode 100644 bin/Release/Extensions/adguard/filters/filter_mobile_16.txt
 create mode 100644 bin/Release/Extensions/adguard/filters/filter_mobile_17.txt
 create mode 100644 bin/Release/Extensions/adguard/filters/filter_mobile_18.txt
 create mode 100644 bin/Release/Extensions/adguard/filters/filter_mobile_19.txt
 create mode 100644 bin/Release/Extensions/adguard/filters/filter_mobile_2.txt
 create mode 100644 bin/Release/Extensions/adguard/filters/filter_mobile_20.txt
 create mode 100644 bin/Release/Extensions/adguard/filters/filter_mobile_21.txt
 create mode 100644 bin/Release/Extensions/adguard/filters/filter_mobile_22.txt
 create mode 100644 bin/Release/Extensions/adguard/filters/filter_mobile_224.txt
 create mode 100644 bin/Release/Extensions/adguard/filters/filter_mobile_23.txt
 create mode 100644 bin/Release/Extensions/adguard/filters/filter_mobile_3.txt
 create mode 100644 bin/Release/Extensions/adguard/filters/filter_mobile_4.txt
 create mode 100644 bin/Release/Extensions/adguard/filters/filter_mobile_5.txt
 create mode 100644 bin/Release/Extensions/adguard/filters/filter_mobile_6.txt
 create mode 100644 bin/Release/Extensions/adguard/filters/filter_mobile_7.txt
 create mode 100644 bin/Release/Extensions/adguard/filters/filter_mobile_8.txt
 create mode 100644 bin/Release/Extensions/adguard/filters/filter_mobile_9.txt
 create mode 100644 bin/Release/Extensions/adguard/filters/filters.json
 create mode 100644 bin/Release/Extensions/adguard/filters/filters_i18n.json
 create mode 100644 bin/Release/Extensions/adguard/manifest.json
 create mode 100644 bin/Release/Extensions/adguard/pages/assistant-inject.js
 create mode 100644 bin/Release/Extensions/adguard/pages/background.html
 create mode 100644 bin/Release/Extensions/adguard/pages/background.js
 create mode 100644 bin/Release/Extensions/adguard/pages/blocking/blocked.html
 create mode 100644 bin/Release/Extensions/adguard/pages/blocking/blocked.js
 create mode 100644 bin/Release/Extensions/adguard/pages/blocking/safebrowsing.html
 create mode 100644 bin/Release/Extensions/adguard/pages/blocking/safebrowsing.js
 create mode 100644 bin/Release/Extensions/adguard/pages/content-script-end.js
 create mode 100644 bin/Release/Extensions/adguard/pages/content-script-start.js
 create mode 100644 bin/Release/Extensions/adguard/pages/devtools-elements-sidebar.html
 create mode 100644 bin/Release/Extensions/adguard/pages/devtools-elements-sidebar.js
 create mode 100644 bin/Release/Extensions/adguard/pages/devtools.html
 create mode 100644 bin/Release/Extensions/adguard/pages/devtools.js
 create mode 100644 bin/Release/Extensions/adguard/pages/filtering-log.html
 create mode 100644 bin/Release/Extensions/adguard/pages/filtering-log.js
 create mode 100644 bin/Release/Extensions/adguard/pages/fullscreen-user-rules.html
 create mode 100644 bin/Release/Extensions/adguard/pages/fullscreen-user-rules.js
 create mode 100644 bin/Release/Extensions/adguard/pages/options.html
 create mode 100644 bin/Release/Extensions/adguard/pages/options.js
 create mode 100644 bin/Release/Extensions/adguard/pages/popup.html
 create mode 100644 bin/Release/Extensions/adguard/pages/popup.js
 create mode 100644 bin/Release/Extensions/adguard/pages/post-install.html
 create mode 100644 bin/Release/Extensions/adguard/pages/post-install.js
 create mode 100644 bin/Release/Extensions/adguard/pages/subscribe.js
 create mode 100644 bin/Release/Extensions/adguard/pages/thankyou.js
 create mode 100644 bin/Release/Extensions/adguard/runtime.js
 create mode 100644 bin/Release/Extensions/adguard/shared/editor.js
 create mode 100644 bin/Release/Extensions/adguard/vendors/agtree.js
 create mode 100644 bin/Release/Extensions/adguard/vendors/css-tokenizer.js
 create mode 100644 bin/Release/Extensions/adguard/vendors/mobx.js
 create mode 100644 bin/Release/Extensions/adguard/vendors/react.js
 create mode 100644 bin/Release/Extensions/adguard/vendors/scriptlets.js
 create mode 100644 bin/Release/Extensions/adguard/vendors/text-encoding-polyfill.js
 create mode 100644 bin/Release/Extensions/adguard/vendors/tsurlfilter-declarative-converter.js
 create mode 100644 bin/Release/Extensions/adguard/vendors/tsurlfilter.js
 create mode 100644 bin/Release/Extensions/adguard/vendors/tswebextension.js
 create mode 100644 bin/Release/Extensions/adguard/vendors/xstate.js
 create mode 100644 bin/Release/Extensions/adguard/web-accessible-resources/redirects.yml
 create mode 100644 bin/Release/Extensions/adguard/web-accessible-resources/redirects/1x1-transparent.gif
 create mode 100644 bin/Release/Extensions/adguard/web-accessible-resources/redirects/2x2-transparent.png
 create mode 100644 bin/Release/Extensions/adguard/web-accessible-resources/redirects/32x32-transparent.png
 create mode 100644 bin/Release/Extensions/adguard/web-accessible-resources/redirects/3x2-transparent.png
 create mode 100644 bin/Release/Extensions/adguard/web-accessible-resources/redirects/amazon-apstag.js
 create mode 100644 bin/Release/Extensions/adguard/web-accessible-resources/redirects/ati-smarttag.js
 create mode 100644 bin/Release/Extensions/adguard/web-accessible-resources/redirects/click2load.html
 create mode 100644 bin/Release/Extensions/adguard/web-accessible-resources/redirects/didomi-loader.js
 create mode 100644 bin/Release/Extensions/adguard/web-accessible-resources/redirects/fingerprintjs.js
 create mode 100644 bin/Release/Extensions/adguard/web-accessible-resources/redirects/fingerprintjs2.js
 create mode 100644 bin/Release/Extensions/adguard/web-accessible-resources/redirects/fingerprintjs3.js
 create mode 100644 bin/Release/Extensions/adguard/web-accessible-resources/redirects/gemius.js
 create mode 100644 bin/Release/Extensions/adguard/web-accessible-resources/redirects/google-analytics-ga.js
 create mode 100644 bin/Release/Extensions/adguard/web-accessible-resources/redirects/google-analytics.js
 create mode 100644 bin/Release/Extensions/adguard/web-accessible-resources/redirects/google-ima3.js
 create mode 100644 bin/Release/Extensions/adguard/web-accessible-resources/redirects/googlesyndication-adsbygoogle.js
 create mode 100644 bin/Release/Extensions/adguard/web-accessible-resources/redirects/googletagservices-gpt.js
 create mode 100644 bin/Release/Extensions/adguard/web-accessible-resources/redirects/matomo.js
 create mode 100644 bin/Release/Extensions/adguard/web-accessible-resources/redirects/metrika-yandex-tag.js
 create mode 100644 bin/Release/Extensions/adguard/web-accessible-resources/redirects/metrika-yandex-watch.js
 create mode 100644 bin/Release/Extensions/adguard/web-accessible-resources/redirects/naver-wcslog.js
 create mode 100644 bin/Release/Extensions/adguard/web-accessible-resources/redirects/noeval.js
 create mode 100644 bin/Release/Extensions/adguard/web-accessible-resources/redirects/noopcss.css
 create mode 100644 bin/Release/Extensions/adguard/web-accessible-resources/redirects/noopframe.html
 create mode 100644 bin/Release/Extensions/adguard/web-accessible-resources/redirects/noopjs.js
 create mode 100644 bin/Release/Extensions/adguard/web-accessible-resources/redirects/noopjson.json
 create mode 100644 bin/Release/Extensions/adguard/web-accessible-resources/redirects/noopmp3.mp3
 create mode 100644 bin/Release/Extensions/adguard/web-accessible-resources/redirects/noopmp4.mp4
 create mode 100644 bin/Release/Extensions/adguard/web-accessible-resources/redirects/nooptext.js
 create mode 100644 bin/Release/Extensions/adguard/web-accessible-resources/redirects/noopvast02.xml
 create mode 100644 bin/Release/Extensions/adguard/web-accessible-resources/redirects/noopvast03.xml
 create mode 100644 bin/Release/Extensions/adguard/web-accessible-resources/redirects/noopvast04.xml
 create mode 100644 bin/Release/Extensions/adguard/web-accessible-resources/redirects/noopvmap01.xml
 create mode 100644 bin/Release/Extensions/adguard/web-accessible-resources/redirects/pardot-1.0.js
 create mode 100644 bin/Release/Extensions/adguard/web-accessible-resources/redirects/prebid-ads.js
 create mode 100644 bin/Release/Extensions/adguard/web-accessible-resources/redirects/prebid.js
 create mode 100644 bin/Release/Extensions/adguard/web-accessible-resources/redirects/prevent-bab.js
 create mode 100644 bin/Release/Extensions/adguard/web-accessible-resources/redirects/prevent-bab2.js
 create mode 100644 bin/Release/Extensions/adguard/web-accessible-resources/redirects/prevent-fab-3.2.0.js
 create mode 100644 bin/Release/Extensions/adguard/web-accessible-resources/redirects/prevent-popads-net.js
 create mode 100644 bin/Release/Extensions/adguard/web-accessible-resources/redirects/scorecardresearch-beacon.js
 create mode 100644 bin/Release/Extensions/adguard/web-accessible-resources/redirects/set-popads-dummy.js
 create mode 100644 bin/Release/Extensions/consent-o-matic/Action.js
 create mode 100644 bin/Release/Extensions/consent-o-matic/CMP.js
 create mode 100644 bin/Release/Extensions/consent-o-matic/Consent.js
 create mode 100644 bin/Release/Extensions/consent-o-matic/ConsentEngine.js
 create mode 100644 bin/Release/Extensions/consent-o-matic/Detector.js
 create mode 100644 bin/Release/Extensions/consent-o-matic/GDPRConfig.js
 create mode 100644 bin/Release/Extensions/consent-o-matic/Language.js
 create mode 100644 bin/Release/Extensions/consent-o-matic/Matcher.js
 create mode 100644 bin/Release/Extensions/consent-o-matic/Tools.js
 create mode 100644 bin/Release/Extensions/consent-o-matic/background.js
 create mode 100644 bin/Release/Extensions/consent-o-matic/content.css
 create mode 100644 bin/Release/Extensions/consent-o-matic/content.js
 create mode 100644 bin/Release/Extensions/consent-o-matic/content.scss
 create mode 100644 bin/Release/Extensions/consent-o-matic/contentScript.js
 create mode 100644 bin/Release/Extensions/consent-o-matic/editor.html
 create mode 100644 bin/Release/Extensions/consent-o-matic/editor.js
 create mode 100644 bin/Release/Extensions/consent-o-matic/hide.svg
 create mode 100644 bin/Release/Extensions/consent-o-matic/icon_1024.png
 create mode 100644 bin/Release/Extensions/consent-o-matic/icon_128.png
 create mode 100644 bin/Release/Extensions/consent-o-matic/icon_48.png
 create mode 100644 bin/Release/Extensions/consent-o-matic/icon_96.png
 create mode 100644 bin/Release/Extensions/consent-o-matic/logo.svg
 create mode 100644 bin/Release/Extensions/consent-o-matic/main.css
 create mode 100644 bin/Release/Extensions/consent-o-matic/manifest.chromium.json
 create mode 100644 bin/Release/Extensions/consent-o-matic/manifest.firefox.json
 create mode 100644 bin/Release/Extensions/consent-o-matic/manifest.json
 create mode 100644 bin/Release/Extensions/consent-o-matic/manifest.safari.json
 create mode 100644 bin/Release/Extensions/consent-o-matic/minimize.svg
 create mode 100644 bin/Release/Extensions/consent-o-matic/options.html
 create mode 100644 bin/Release/Extensions/consent-o-matic/options.js
 create mode 100644 bin/Release/Extensions/consent-o-matic/popup.html
 create mode 100644 bin/Release/Extensions/consent-o-matic/popup.js
 create mode 100644 bin/Release/Extensions/consent-o-matic/service.js
 create mode 100644 bin/Release/Extensions/consent-o-matic/templates.html
 create mode 100644 bin/Release/Extensions/consent-o-matic/ui.css
 create mode 100644 bin/Release/Extensions/consent-o-matic/ui.js
 create mode 100644 bin/Release/Extensions/consent-o-matic/ui.scss
 create mode 100644 bin/Release/Horizon.Browser.deps.json
 create mode 100644 bin/Release/Horizon.Browser.dll
 create mode 100644 bin/Release/Horizon.Browser.exe
 create mode 100644 bin/Release/Horizon.Browser.pdb
 create mode 100644 bin/Release/Horizon.Browser.runtimeconfig.json
 create mode 100644 bin/Release/Horizon.Stealth.deps.json
 create mode 100644 bin/Release/Horizon.Stealth.dll
 create mode 100644 bin/Release/Horizon.Stealth.pdb
 create mode 100644 bin/Release/Horizon.Stealth.runtimeconfig.json
 create mode 100644 bin/Release/HorizonData/EBWebView/AutoLaunchProtocolsComponent/1.0.0.10/manifest.json
 create mode 100644 bin/Release/HorizonData/EBWebView/AutoLaunchProtocolsComponent/1.0.0.10/protocols.json
 create mode 100644 bin/Release/HorizonData/EBWebView/BrowserMetrics/BrowserMetrics-6A4FF9BB-FC8.pma
 create mode 100644 bin/Release/HorizonData/EBWebView/BrowserMetrics/BrowserMetrics-6A4FFA12-37C4.pma
 create mode 100644 bin/Release/HorizonData/EBWebView/BrowserMetrics/BrowserMetrics-6A4FFA30-42BC.pma
 create mode 100644 bin/Release/HorizonData/EBWebView/CertificateRevocation/6498.2025.9.4/crl-set
 create mode 100644 bin/Release/HorizonData/EBWebView/CertificateRevocation/6498.2025.9.4/manifest.json
 create mode 100644 bin/Release/HorizonData/EBWebView/Crashpad/metadata
 create mode 100644 bin/Release/HorizonData/EBWebView/Crashpad/settings.dat
 create mode 100644 bin/Release/HorizonData/EBWebView/Crashpad/temp/edge_shutdown_crash.txt
 create mode 100644 bin/Release/HorizonData/EBWebView/Crashpad/throttle_store.dat
 create mode 100644 bin/Release/HorizonData/EBWebView/Crashpad/watson_metadata
 create mode 100644 bin/Release/HorizonData/EBWebView/Default/AutofillAiModelCache/LOCK
 create mode 100644 bin/Release/HorizonData/EBWebView/Default/AutofillAiModelCache/LOG
 create mode 100644 bin/Release/HorizonData/EBWebView/Default/AutofillAiModelCache/LOG.old
 create mode 100644 bin/Release/HorizonData/EBWebView/Default/AutofillStrikeDatabase/LOCK
 create mode 100644 bin/Release/HorizonData/EBWebView/Default/AutofillStrikeDatabase/LOG
 create mode 100644 bin/Release/HorizonData/EBWebView/Default/AutofillStrikeDatabase/LOG.old
 create mode 100644 bin/Release/HorizonData/EBWebView/Default/BookmarkMergedSurfaceOrdering
 create mode 100644 bin/Release/HorizonData/EBWebView/Default/BrowsingTopicsSiteData
 create mode 100644 bin/Release/HorizonData/EBWebView/Default/BrowsingTopicsSiteData-journal
 create mode 100644 bin/Release/HorizonData/EBWebView/Default/BrowsingTopicsState
 create mode 100644 bin/Release/HorizonData/EBWebView/Default/BudgetDatabase/LOCK
 create mode 100644 bin/Release/HorizonData/EBWebView/Default/BudgetDatabase/LOG
 create mode 100644 bin/Release/HorizonData/EBWebView/Default/BudgetDatabase/LOG.old
 create mode 100644 bin/Release/HorizonData/EBWebView/Default/Cache/Cache_Data/data_0
 create mode 100644 bin/Release/HorizonData/EBWebView/Default/Cache/Cache_Data/data_1
 create mode 100644 bin/Release/HorizonData/EBWebView/Default/Cache/Cache_Data/data_2
 create mode 100644 bin/Release/HorizonData/EBWebView/Default/Cache/Cache_Data/data_3
 create mode 100644 bin/Release/HorizonData/EBWebView/Default/Cache/Cache_Data/f_000001
 create mode 100644 bin/Release/HorizonData/EBWebView/Default/Cache/Cache_Data/f_000002
 create mode 100644 bin/Release/HorizonData/EBWebView/Default/Cache/Cache_Data/f_000003
 create mode 100644 bin/Release/HorizonData/EBWebView/Default/Cache/Cache_Data/f_000004
 create mode 100644 bin/Release/HorizonData/EBWebView/Default/Cache/Cache_Data/f_000005
 create mode 100644 bin/Release/HorizonData/EBWebView/Default/Cache/Cache_Data/f_000006
 create mode 100644 bin/Release/HorizonData/EBWebView/Default/Cache/Cache_Data/f_000007
 create mode 100644 bin/Release/HorizonData/EBWebView/Default/Cache/Cache_Data/f_000008
 create mode 100644 bin/Release/HorizonData/EBWebView/Default/Cache/Cache_Data/f_000009
 create mode 100644 bin/Release/HorizonData/EBWebView/Default/Cache/Cache_Data/f_00000a
 create mode 100644 bin/Release/HorizonData/EBWebView/Default/Cache/Cache_Data/f_00000b
 create mode 100644 bin/Release/HorizonData/EBWebView/Default/Cache/Cache_Data/f_00000c
 create mode 100644 bin/Release/HorizonData/EBWebView/Default/Cache/Cache_Data/f_00000d
 create mode 100644 bin/Release/HorizonData/EBWebView/Default/Cache/Cache_Data/f_00000e
 create mode 100644 bin/Release/HorizonData/EBWebView/Default/Cache/Cache_Data/f_00000f
 create mode 100644 bin/Release/HorizonData/EBWebView/Default/Cache/Cache_Data/f_000010
 create mode 100644 bin/Release/HorizonData/EBWebView/Default/Cache/Cache_Data/f_000011
 create mode 100644 bin/Release/HorizonData/EBWebView/Default/Cache/Cache_Data/f_000012
 create mode 100644 bin/Release/HorizonData/EBWebView/Default/Cache/Cache_Data/f_000013
 create mode 100644 bin/Release/HorizonData/EBWebView/Default/Cache/Cache_Data/f_000015
 create mode 100644 bin/Release/HorizonData/EBWebView/Default/Cache/Cache_Data/f_000016
 create mode 100644 bin/Release/HorizonData/EBWebView/Default/Cache/Cache_Data/f_000017
 create mode 100644 bin/Release/HorizonData/EBWebView/Default/Cache/Cache_Data/f_000018
 create mode 100644 bin/Release/HorizonData/EBWebView/Default/Cache/Cache_Data/f_000019
 create mode 100644 bin/Release/HorizonData/EBWebView/Default/Cache/Cache_Data/f_00001b
 create mode 100644 bin/Release/HorizonData/EBWebView/Default/Cache/Cache_Data/f_00001c
 create mode 100644 bin/Release/HorizonData/EBWebView/Default/Cache/Cache_Data/f_00001d
 create mode 100644 bin/Release/HorizonData/EBWebView/Default/Cache/Cache_Data/f_00001e
 create mode 100644 bin/Release/HorizonData/EBWebView/Default/Cache/Cache_Data/f_00001f
 create mode 100644 bin/Release/HorizonData/EBWebView/Default/Cache/Cache_Data/f_000020
 create mode 100644 bin/Release/HorizonData/EBWebView/Default/Cache/Cache_Data/f_000021
 create mode 100644 bin/Release/HorizonData/EBWebView/Default/Cache/Cache_Data/f_000022
 create mode 100644 bin/Release/HorizonData/EBWebView/Default/Cache/Cache_Data/f_000023
 create mode 100644 bin/Release/HorizonData/EBWebView/Default/Cache/Cache_Data/f_000024
 create mode 100644 bin/Release/HorizonData/EBWebView/Default/Cache/Cache_Data/f_000025
 create mode 100644 bin/Release/HorizonData/EBWebView/Default/Cache/Cache_Data/f_000026
 create mode 100644 bin/Release/HorizonData/EBWebView/Default/Cache/Cache_Data/f_000027
 create mode 100644 bin/Release/HorizonData/EBWebView/Default/Cache/Cache_Data/f_000028
 create mode 100644 bin/Release/HorizonData/EBWebView/Default/Cache/Cache_Data/f_000029
 create mode 100644 bin/Release/HorizonData/EBWebView/Default/Cache/Cache_Data/f_00002a
 create mode 100644 bin/Release/HorizonData/EBWebView/Default/Cache/Cache_Data/f_00002b
 create mode 100644 bin/Release/HorizonData/EBWebView/Default/Cache/Cache_Data/f_00002c
 create mode 100644 bin/Release/HorizonData/EBWebView/Default/Cache/Cache_Data/f_00002d
 create mode 100644 bin/Release/HorizonData/EBWebView/Default/Cache/Cache_Data/f_00002e
 create mode 100644 bin/Release/HorizonData/EBWebView/Default/Cache/Cache_Data/f_00002f
 create mode 100644 bin/Release/HorizonData/EBWebView/Default/Cache/Cache_Data/f_000030
 create mode 100644 bin/Release/HorizonData/EBWebView/Default/Cache/Cache_Data/f_000031
 create mode 100644 bin/Release/HorizonData/EBWebView/Default/Cache/Cache_Data/f_000032
 create mode 100644 bin/Release/HorizonData/EBWebView/Default/Cache/Cache_Data/f_000033
 create mode 100644 bin/Release/HorizonData/EBWebView/Default/Cache/Cache_Data/f_000034
 create mode 100644 bin/Release/HorizonData/EBWebView/Default/Cache/Cache_Data/f_000035
 create mode 100644 bin/Release/HorizonData/EBWebView/Default/Cache/Cache_Data/f_000036
 create mode 100644 bin/Release/HorizonData/EBWebView/Default/Cache/Cache_Data/f_000037
 create mode 100644 bin/Release/HorizonData/EBWebView/Default/Cache/Cache_Data/f_000038
 create mode 100644 bin/Release/HorizonData/EBWebView/Default/Cache/Cache_Data/f_000039
 create mode 100644 bin/Release/HorizonData/EBWebView/Default/Cache/Cache_Data/f_00003a
 create mode 100644 bin/Release/HorizonData/EBWebView/Default/Cache/Cache_Data/f_00003b
 create mode 100644 bin/Release/HorizonData/EBWebView/Default/Cache/Cache_Data/f_00003c
 create mode 100644 bin/Release/HorizonData/EBWebView/Default/Cache/Cache_Data/f_00003d
 create mode 100644 bin/Release/HorizonData/EBWebView/Default/Cache/Cache_Data/f_00003e
 create mode 100644 bin/Release/HorizonData/EBWebView/Default/Cache/Cache_Data/f_00003f
 create mode 100644 bin/Release/HorizonData/EBWebView/Default/Cache/Cache_Data/f_000040
 create mode 100644 bin/Release/HorizonData/EBWebView/Default/Cache/Cache_Data/f_000041
 create mode 100644 bin/Release/HorizonData/EBWebView/Default/Cache/Cache_Data/f_000042
 create mode 100644 bin/Release/HorizonData/EBWebView/Default/Cache/Cache_Data/f_000043
 create mode 100644 bin/Release/HorizonData/EBWebView/Default/Cache/Cache_Data/f_000044
 create mode 100644 bin/Release/HorizonData/EBWebView/Default/Cache/Cache_Data/f_000045
 create mode 100644 bin/Release/HorizonData/EBWebView/Default/Cache/Cache_Data/f_000046
 create mode 100644 bin/Release/HorizonData/EBWebView/Default/Cache/Cache_Data/f_000047
 create mode 100644 bin/Release/HorizonData/EBWebView/Default/Cache/Cache_Data/f_000048
 create mode 100644 bin/Release/HorizonData/EBWebView/Default/Cache/Cache_Data/f_000049
 create mode 100644 bin/Release/HorizonData/EBWebView/Default/Cache/Cache_Data/f_00004a
 create mode 100644 bin/Release/HorizonData/EBWebView/Default/Cache/Cache_Data/f_00004b
 create mode 100644 bin/Release/HorizonData/EBWebView/Default/Cache/Cache_Data/f_00004c
 create mode 100644 bin/Release/HorizonData/EBWebView/Default/Cache/Cache_Data/f_00004d
 create mode 100644 bin/Release/HorizonData/EBWebView/Default/Cache/Cache_Data/f_00004e
 create mode 100644 bin/Release/HorizonData/EBWebView/Default/Cache/Cache_Data/f_00004f
 create mode 100644 bin/Release/HorizonData/EBWebView/Default/Cache/Cache_Data/f_000050
 create mode 100644 bin/Release/HorizonData/EBWebView/Default/Cache/Cache_Data/f_000051
 create mode 100644 bin/Release/HorizonData/EBWebView/Default/Cache/Cache_Data/f_000052
 create mode 100644 bin/Release/HorizonData/EBWebView/Default/Cache/Cache_Data/f_000053
 create mode 100644 bin/Release/HorizonData/EBWebView/Default/Cache/Cache_Data/f_000054
 create mode 100644 bin/Release/HorizonData/EBWebView/Default/Cache/Cache_Data/f_000055
 create mode 100644 bin/Release/HorizonData/EBWebView/Default/Cache/Cache_Data/f_000056
 create mode 100644 bin/Release/HorizonData/EBWebView/Default/Cache/Cache_Data/index
 create mode 100644 bin/Release/HorizonData/EBWebView/Default/Cache/No_Vary_Search/journal.baj
 create mode 100644 bin/Release/HorizonData/EBWebView/Default/Cache/No_Vary_Search/snapshot.baf
 create mode 100644 bin/Release/HorizonData/EBWebView/Default/ClientCertificates/LOCK
 create mode 100644 bin/Release/HorizonData/EBWebView/Default/ClientCertificates/LOG
 create mode 100644 bin/Release/HorizonData/EBWebView/Default/ClientCertificates/LOG.old
 create mode 100644 bin/Release/HorizonData/EBWebView/Default/Code Cache/js/0076dbc2687a75c8_0
 create mode 100644 bin/Release/HorizonData/EBWebView/Default/Code Cache/js/02df4d919d1db631_0
 create mode 100644 bin/Release/HorizonData/EBWebView/Default/Code Cache/js/030deb08ea7f5704_0
 create mode 100644 bin/Release/HorizonData/EBWebView/Default/Code Cache/js/039b9efa13a61bad_0
 create mode 100644 bin/Release/HorizonData/EBWebView/Default/Code Cache/js/03ab767b40f8cfee_0
 create mode 100644 bin/Release/HorizonData/EBWebView/Default/Code Cache/js/043af1923a883e16_0
 create mode 100644 bin/Release/HorizonData/EBWebView/Default/Code Cache/js/04496e09a82d7be4_0
 create mode 100644 bin/Release/HorizonData/EBWebView/Default/Code Cache/js/04b821652310fb13_0
 create mode 100644 bin/Release/HorizonData/EBWebView/Default/Code Cache/js/05b26522fd606645_0
 create mode 100644 bin/Release/HorizonData/EBWebView/Default/Code Cache/js/071d0789528838a9_0
 create mode 100644 bin/Release/HorizonData/EBWebView/Default/Code Cache/js/086ced5af2bd8220_0
 create mode 100644 bin/Release/HorizonData/EBWebView/Default/Code Cache/js/0a4c526d5d310100_0
 create mode 100644 bin/Release/HorizonData/EBWebView/Default/Code Cache/js/0aaaf6edb73e546a_0
 create mode 100644 bin/Release/HorizonData/EBWebView/Default/Code Cache/js/0afc682fb9dad7c2_0
 create mode 100644 bin/Release/HorizonData/EBWebView/Default/Code Cache/js/0b06db1a6bf880c2_0
 create mode 100644 bin/Release/HorizonData/EBWebView/Default/Code Cache/js/0b3a0da62588e0f5_0
 create mode 100644 bin/Release/HorizonData/EBWebView/Default/Code Cache/js/0c015efe6e649523_0
 create mode 100644 bin/Release/HorizonData/EBWebView/Default/Code Cache/js/0f7a89f46f65133f_0
 create mode 100644 bin/Release/HorizonData/EBWebView/Default/Code Cache/js/0f7e5eeea93299c9_0
 create mode 100644 bin/Release/HorizonData/EBWebView/Default/Code Cache/js/103adf3520105e0f_0
 create mode 100644 bin/Release/HorizonData/EBWebView/Default/Code Cache/js/11328cb64a5d60eb_0
 create mode 100644 bin/Release/HorizonData/EBWebView/Default/Code Cache/js/113d72327aacc717_0
 create mode 100644 bin/Release/HorizonData/EBWebView/Default/Code Cache/js/1154210b0c0831c9_0
 create mode 100644 bin/Release/HorizonData/EBWebView/Default/Code Cache/js/1253ddc0847524d9_0
 create mode 100644 bin/Release/HorizonData/EBWebView/Default/Code Cache/js/13b86ba548c0a839_0
 create mode 100644 bin/Release/HorizonData/EBWebView/Default/Code Cache/js/142a6170a0e9d869_0
 create mode 100644 bin/Release/HorizonData/EBWebView/Default/Code Cache/js/1607200edb381bca_0
 create mode 100644 bin/Release/HorizonData/EBWebView/Default/Code Cache/js/166f248488e8e434_0
 create mode 100644 bin/Release/HorizonData/EBWebView/Default/Code Cache/js/191897f97e361b8f_0
 create mode 100644 bin/Release/HorizonData/EBWebView/Default/Code Cache/js/195e2fd790676a21_0
 create mode 100644 bin/Release/HorizonData/EBWebView/Default/Code Cache/js/198e8104f7f87921_0
 create mode 100644 bin/Release/HorizonData/EBWebView/Default/Code Cache/js/1bcd9e7257b3b57d_0
 create mode 100644 bin/Release/HorizonData/EBWebView/Default/Code Cache/js/1be905117ed82795_0
 create mode 100644 bin/Release/HorizonData/EBWebView/Default/Code Cache/js/1bf5e7db2cc86bc8_0
 create mode 100644 bin/Release/HorizonData/EBWebView/Default/Code Cache/js/1c93a3582c65c4d3_0
 create mode 100644 bin/Release/HorizonData/EBWebView/Default/Code Cache/js/1cc55164091f7d02_0
 create mode 100644 bin/Release/HorizonData/EBWebView/Default/Code Cache/js/1cdfac3e3497e90e_0
 create mode 100644 bin/Release/HorizonData/EBWebView/Default/Code Cache/js/1d25890505165c28_0
 create mode 100644 bin/Release/HorizonData/EBWebView/Default/Code Cache/js/1e533551742eeaf0_0
 create mode 100644 bin/Release/HorizonData/EBWebView/Default/Code Cache/js/1f722db16f1e9c51_0
 create mode 100644 bin/Release/HorizonData/EBWebView/Default/Code Cache/js/1f780d5738f54f36_0
 create mode 100644 bin/Release/HorizonData/EBWebView/Default/Code Cache/js/1f7cf8395b07ebcd_0
 create mode 100644 bin/Release/HorizonData/EBWebView/Default/Code Cache/js/1facba9eab55149f_0
 create mode 100644 bin/Release/HorizonData/EBWebView/Default/Code Cache/js/210c8b22d39f09d7_0
 create mode 100644 bin/Release/HorizonData/EBWebView/Default/Code Cache/js/213c9d2da2b585c1_0
 create mode 100644 bin/Release/HorizonData/EBWebView/Default/Code Cache/js/219ba47e4f3fd15f_0
 create mode 100644 bin/Release/HorizonData/EBWebView/Default/Code Cache/js/21aa031a3d2c0479_0
 create mode 100644 bin/Release/HorizonData/EBWebView/Default/Code Cache/js/22f3ce7a7d7a6aac_0
 create mode 100644 bin/Release/HorizonData/EBWebView/Default/Code Cache/js/23e0af9c53491d3f_0
 create mode 100644 bin/Release/HorizonData/EBWebView/Default/Code Cache/js/23ff0c8c70c7689f_0
 create mode 100644 bin/Release/HorizonData/EBWebView/Default/Code Cache/js/26c4287798fa812c_0
 create mode 100644 bin/Release/HorizonData/EBWebView/Default/Code Cache/js/285bf0c6b2a0869b_0
 create mode 100644 bin/Release/HorizonData/EBWebView/Default/Code Cache/js/285e4739357c6106_0
 create mode 100644 bin/Release/HorizonData/EBWebView/Default/Code Cache/js/29305d07e19521a6_0
 create mode 100644 bin/Release/HorizonData/EBWebView/Default/Code Cache/js/295728fafc7c1ebe_0
 create mode 100644 bin/Release/HorizonData/EBWebView/Default/Code Cache/js/29f6e8ab8ec87e6c_0
 create mode 100644 bin/Release/HorizonData/EBWebView/Default/Code Cache/js/2a61469126e13338_0
 create mode 100644 bin/Release/HorizonData/EBWebView/Default/Code Cache/js/2aaeea5e819db95a_0
 create mode 100644 bin/Release/HorizonData/EBWebView/Default/Code Cache/js/2b3ca73aed475f2b_0
 create mode 100644 bin/Release/HorizonData/EBWebView/Default/Code Cache/js/2b5d95bda3bae015_0
 create mode 100644 bin/Release/HorizonData/EBWebView/Default/Code Cache/js/2ba4a999fd4f886b_0
 create mode 100644 bin/Release/HorizonData/EBWebView/Default/Code Cache/js/2c3897a6197a9767_0
 create mode 100644 bin/Release/HorizonData/EBWebView/Default/Code Cache/js/2c410b04f0114046_0
 create mode 100644 bin/Release/HorizonData/EBWebView/Default/Code Cache/js/2dc54355c897759f_0
 create mode 100644 bin/Release/HorizonData/EBWebView/Default/Code Cache/js/2e98f626d1f446d8_0
 create mode 100644 bin/Release/HorizonData/EBWebView/Default/Code Cache/js/2fea4219311926b6_0
 create mode 100644 bin/Release/HorizonData/EBWebView/Default/Code Cache/js/301522068fae0a51_0
 create mode 100644 bin/Release/HorizonData/EBWebView/Default/Code Cache/js/30259e9f37aaf988_0
 create mode 100644 bin/Release/HorizonData/EBWebView/Default/Code Cache/js/31836ad4b5df3363_0
 create mode 100644 bin/Release/HorizonData/EBWebView/Default/Code Cache/js/32ac42b2888b846b_0
 create mode 100644 bin/Release/HorizonData/EBWebView/Default/Code Cache/js/32f350141aa87917_0
 create mode 100644 bin/Release/HorizonData/EBWebView/Default/Code Cache/js/336a68eaaf209f48_0
 create mode 100644 bin/Release/HorizonData/EBWebView/Default/Code Cache/js/34ac8a9c0965f5ad_0
 create mode 100644 bin/Release/HorizonData/EBWebView/Default/Code Cache/js/35a5f42315e20c02_0
 create mode 100644 bin/Release/HorizonData/EBWebView/Default/Code Cache/js/3724a0324c3b6e26_0
 create mode 100644 bin/Release/HorizonData/EBWebView/Default/Code Cache/js/3776c937168b5b52_0
 create mode 100644 bin/Release/HorizonData/EBWebView/Default/Code Cache/js/383a869199a8575d_0
 create mode 100644 bin/Release/HorizonData/EBWebView/Default/Code Cache/js/38419f8e309412eb_0
 create mode 100644 bin/Release/HorizonData/EBWebView/Default/Code Cache/js/39cd07b5fed350c5_0
 create mode 100644 bin/Release/HorizonData/EBWebView/Default/Code Cache/js/3c45437c70bb8ea2_0
 create mode 100644 bin/Release/HorizonData/EBWebView/Default/Code Cache/js/3d67dae5c887164b_0
 create mode 100644 bin/Release/HorizonData/EBWebView/Default/Code Cache/js/3d6bd5bd9da96636_0
 create mode 100644 bin/Release/HorizonData/EBWebView/Default/Code Cache/js/3d7b3300c41a76c0_0
 create mode 100644 bin/Release/HorizonData/EBWebView/Default/Code Cache/js/3eada1f109a8e7c6_0
 create mode 100644 bin/Release/HorizonData/EBWebView/Default/Code Cache/js/3f746c470dfb4415_0
 create mode 100644 bin/Release/HorizonData/EBWebView/Default/Code Cache/js/42d00762017c12e0_0
 create mode 100644 bin/Release/HorizonData/EBWebView/Default/Code Cache/js/43358fd863f969b1_0
 create mode 100644 bin/Release/HorizonData/EBWebView/Default/Code Cache/js/441c2476218dfa97_0
 create mode 100644 bin/Release/HorizonData/EBWebView/Default/Code Cache/js/4431bab738f28701_0
 create mode 100644 bin/Release/HorizonData/EBWebView/Default/Code Cache/js/4513aa6c19670f03_0
 create mode 100644 bin/Release/HorizonData/EBWebView/Default/Code Cache/js/459a3a51c2e0cc5f_0
 create mode 100644 bin/Release/HorizonData/EBWebView/Default/Code Cache/js/45a0d6b4698d6793_0
 create mode 100644 bin/Release/HorizonData/EBWebView/Default/Code Cache/js/45ec19afc0c3926c_0
 create mode 100644 bin/Release/HorizonData/EBWebView/Default/Code Cache/js/45f2a4e8b68183f1_0
 create mode 100644 bin/Release/HorizonData/EBWebView/Default/Code Cache/js/461394aad51d27a5_0
 create mode 100644 bin/Release/HorizonData/EBWebView/Default/Code Cache/js/46f0f9bcc6381ca4_0
 create mode 100644 bin/Release/HorizonData/EBWebView/Default/Code Cache/js/476e925384e274ca_0
 create mode 100644 bin/Release/HorizonData/EBWebView/Default/Code Cache/js/47b2c8679819c7f8_0
 create mode 100644 bin/Release/HorizonData/EBWebView/Default/Code Cache/js/48e780b63f42de42_0
 create mode 100644 bin/Release/HorizonData/EBWebView/Default/Code Cache/js/49e3bf709fa8fdf6_0
 create mode 100644 bin/Release/HorizonData/EBWebView/Default/Code Cache/js/4a900104f5908b5f_0
 create mode 100644 bin/Release/HorizonData/EBWebView/Default/Code Cache/js/4b290833534e9090_0
 create mode 100644 bin/Release/HorizonData/EBWebView/Default/Code Cache/js/4b72b65b98aee73e_0
 create mode 100644 bin/Release/HorizonData/EBWebView/Default/Code Cache/js/4b8e7f0dd7ad3829_0
 create mode 100644 bin/Release/HorizonData/EBWebView/Default/Code Cache/js/4c5ca62179efe410_0
 create mode 100644 bin/Release/HorizonData/EBWebView/Default/Code Cache/js/4d5ca12299fb0b42_0
 create mode 100644 bin/Release/HorizonData/EBWebView/Default/Code Cache/js/4fdb2fec396ea760_0
 create mode 100644 bin/Release/HorizonData/EBWebView/Default/Code Cache/js/50a4945d49f08526_0
 create mode 100644 bin/Release/HorizonData/EBWebView/Default/Code Cache/js/53da2c5efbf7fa87_0
 create mode 100644 bin/Release/HorizonData/EBWebView/Default/Code Cache/js/553fd832d277d371_0
 create mode 100644 bin/Release/HorizonData/EBWebView/Default/Code Cache/js/557181f3109f2b5b_0
 create mode 100644 bin/Release/HorizonData/EBWebView/Default/Code Cache/js/55a0c9678498ccce_0
 create mode 100644 bin/Release/HorizonData/EBWebView/Default/Code Cache/js/55c19d41fa6293f5_0
 create mode 100644 bin/Release/HorizonData/EBWebView/Default/Code Cache/js/5657fedf7d486af5_0
 create mode 100644 bin/Release/HorizonData/EBWebView/Default/Code Cache/js/5889931439d1647c_0
 create mode 100644 bin/Release/HorizonData/EBWebView/Default/Code Cache/js/58922cf0bc5f42a9_0
 create mode 100644 bin/Release/HorizonData/EBWebView/Default/Code Cache/js/591a6fd1e26522dd_0
 create mode 100644 bin/Release/HorizonData/EBWebView/Default/Code Cache/js/595fca4bc905ae3f_0
 create mode 100644 bin/Release/HorizonData/EBWebView/Default/Code Cache/js/5bd1b3ba5b1083d5_0
 create mode 100644 bin/Release/HorizonData/EBWebView/Default/Code Cache/js/5bf0bdc3107aca3b_0
 create mode 100644 bin/Release/HorizonData/EBWebView/Default/Code Cache/js/5cede4bc155eab21_0
 create mode 100644 bin/Release/HorizonData/EBWebView/Default/Code Cache/js/5edb9c275f992577_0
 create mode 100644 bin/Release/HorizonData/EBWebView/Default/Code Cache/js/60c4372e5f885bf0_0
 create mode 100644 bin/Release/HorizonData/EBWebView/Default/Code Cache/js/60d8544d757b2679_0
 create mode 100644 bin/Release/HorizonData/EBWebView/Default/Code Cache/js/615dcdf40e3f867f_0
 create mode 100644 bin/Release/HorizonData/EBWebView/Default/Code Cache/js/6234441e9058402d_0
 create mode 100644 bin/Release/HorizonData/EBWebView/Default/Code Cache/js/62ebafc69ab63d3d_0
 create mode 100644 bin/Release/HorizonData/EBWebView/Default/Code Cache/js/64c0010e0b003e65_0
 create mode 100644 bin/Release/HorizonData/EBWebView/Default/Code Cache/js/66416b18424601b2_0
 create mode 100644 bin/Release/HorizonData/EBWebView/Default/Code Cache/js/67e4b73732f3ae16_0
 create mode 100644 bin/Release/HorizonData/EBWebView/Default/Code Cache/js/6815baa5322591c2_0
 create mode 100644 bin/Release/HorizonData/EBWebView/Default/Code Cache/js/69d74f99fd05b8f5_0
 create mode 100644 bin/Release/HorizonData/EBWebView/Default/Code Cache/js/6a29e1c45e953b04_0
 create mode 100644 bin/Release/HorizonData/EBWebView/Default/Code Cache/js/6a5f2f74491b0b10_0
 create mode 100644 bin/Release/HorizonData/EBWebView/Default/Code Cache/js/6a69cef7b05e2116_0
 create mode 100644 bin/Release/HorizonData/EBWebView/Default/Code Cache/js/6b905d6a03391e9b_0
 create mode 100644 bin/Release/HorizonData/EBWebView/Default/Code Cache/js/6c3763529eb6c42f_0
 create mode 100644 bin/Release/HorizonData/EBWebView/Default/Code Cache/js/6cc2c20d6d2d01d4_0
 create mode 100644 bin/Release/HorizonData/EBWebView/Default/Code Cache/js/6d83600370122c88_0
 create mode 100644 bin/Release/HorizonData/EBWebView/Default/Code Cache/js/6e2c3008b5beade3_0
 create mode 100644 bin/Release/HorizonData/EBWebView/Default/Code Cache/js/700dc727cb9bcc1e_0
 create mode 100644 bin/Release/HorizonData/EBWebView/Default/Code Cache/js/706fac09a8efc57d_0
 create mode 100644 bin/Release/HorizonData/EBWebView/Default/Code Cache/js/729e06121263e699_0
 create mode 100644 bin/Release/HorizonData/EBWebView/Default/Code Cache/js/73598283727f3d0c_0
 create mode 100644 bin/Release/HorizonData/EBWebView/Default/Code Cache/js/73d2efb9cf9769e7_0
 create mode 100644 bin/Release/HorizonData/EBWebView/Default/Code Cache/js/73d953c33c8cd15c_0
 create mode 100644 bin/Release/HorizonData/EBWebView/Default/Code Cache/js/750e718928cb9cc1_0
 create mode 100644 bin/Release/HorizonData/EBWebView/Default/Code Cache/js/75a67d19412e31c6_0
 create mode 100644 bin/Release/HorizonData/EBWebView/Default/Code Cache/js/75ce2afff720c5bc_0
 create mode 100644 bin/Release/HorizonData/EBWebView/Default/Code Cache/js/75f9d714a9a0530d_0
 create mode 100644 bin/Release/HorizonData/EBWebView/Default/Code Cache/js/76fe2c38f69e6c3e_0
 create mode 100644 bin/Release/HorizonData/EBWebView/Default/Code Cache/js/7733fbf967c4657e_0
 create mode 100644 bin/Release/HorizonData/EBWebView/Default/Code Cache/js/7770572c4d5a85c6_0
 create mode 100644 bin/Release/HorizonData/EBWebView/Default/Code Cache/js/7796935dc90f4611_0
 create mode 100644 bin/Release/HorizonData/EBWebView/Default/Code Cache/js/77b0b838786966f3_0
 create mode 100644 bin/Release/HorizonData/EBWebView/Default/Code Cache/js/77fd57b40e5f0945_0
 create mode 100644 bin/Release/HorizonData/EBWebView/Default/Code Cache/js/7830bb3c6aebc8d2_0
 create mode 100644 bin/Release/HorizonData/EBWebView/Default/Code Cache/js/7aa2a78c6711ee05_0
 create mode 100644 bin/Release/HorizonData/EBWebView/Default/Code Cache/js/7b45860dc27c51d2_0
 create mode 100644 bin/Release/HorizonData/EBWebView/Default/Code Cache/js/7c10f56e3e1c96b7_0
 create mode 100644 bin/Release/HorizonData/EBWebView/Default/Code Cache/js/7c49ae0efcea2fba_0
 create mode 100644 bin/Release/HorizonData/EBWebView/Default/Code Cache/js/7c4eca39ac31d3bf_0
 create mode 100644 bin/Release/HorizonData/EBWebView/Default/Code Cache/js/7cb42cd2778ad146_0
 create mode 100644 bin/Release/HorizonData/EBWebView/Default/Code Cache/js/7cee592cd11ccb85_0
 create mode 100644 bin/Release/HorizonData/EBWebView/Default/Code Cache/js/7e13452bd0baf78d_0
 create mode 100644 bin/Release/HorizonData/EBWebView/Default/Code Cache/js/7e77d93031b026df_0
 create mode 100644 bin/Release/HorizonData/EBWebView/Default/Code Cache/js/7ea7b5787d024c41_0
 create mode 100644 bin/Release/HorizonData/EBWebView/Default/Code Cache/js/7f4b4fe6877a5fa5_0
 create mode 100644 bin/Release/HorizonData/EBWebView/Default/Code Cache/js/80ae89df8ae7d4cb_0
 create mode 100644 bin/Release/HorizonData/EBWebView/Default/Code Cache/js/80c97569d2ef4727_0
 create mode 100644 bin/Release/HorizonData/EBWebView/Default/Code Cache/js/80ca0c4d0abbee4c_0
 create mode 100644 bin/Release/HorizonData/EBWebView/Default/Code Cache/js/8142d87dc62a8289_0
 create mode 100644 bin/Release/HorizonData/EBWebView/Default/Code Cache/js/81d5d441795a90ac_0
 create mode 100644 bin/Release/HorizonData/EBWebView/Default/Code Cache/js/81e62ae930589f44_0
 create mode 100644 bin/Release/HorizonData/EBWebView/Default/Code Cache/js/82315b06200d0f51_0
 create mode 100644 bin/Release/HorizonData/EBWebView/Default/Code Cache/js/8257e29537493481_0
 create mode 100644 bin/Release/HorizonData/EBWebView/Default/Code Cache/js/8309577bd3dfe91b_0
 create mode 100644 bin/Release/HorizonData/EBWebView/Default/Code Cache/js/83923ba863ef0328_0
 create mode 100644 bin/Release/HorizonData/EBWebView/Default/Code Cache/js/83dffb8c3174fef0_0
 create mode 100644 bin/Release/HorizonData/EBWebView/Default/Code Cache/js/85c0d128ae6d1da1_0
 create mode 100644 bin/Release/HorizonData/EBWebView/Default/Code Cache/js/86597e01f9217b47_0
 create mode 100644 bin/Release/HorizonData/EBWebView/Default/Code Cache/js/86a9dc20f88e211e_0
 create mode 100644 bin/Release/HorizonData/EBWebView/Default/Code Cache/js/8818a0082ce9f723_0
 create mode 100644 bin/Release/HorizonData/EBWebView/Default/Code Cache/js/88640dfb72b4d0b9_0
 create mode 100644 bin/Release/HorizonData/EBWebView/Default/Code Cache/js/8871a9ca939a2705_0
 create mode 100644 bin/Release/HorizonData/EBWebView/Default/Code Cache/js/89028526bc380681_0
 create mode 100644 bin/Release/HorizonData/EBWebView/Default/Code Cache/js/891dbe7f9c49cc7c_0
 create mode 100644 bin/Release/HorizonData/EBWebView/Default/Code Cache/js/8ae409e2dffaf445_0
 create mode 100644 bin/Release/HorizonData/EBWebView/Default/Code Cache/js/8b49d98d02614a25_0
 create mode 100644 bin/Release/HorizonData/EBWebView/Default/Code Cache/js/8b4a252cbf815bea_0
 create mode 100644 bin/Release/HorizonData/EBWebView/Default/Code Cache/js/8b87103f8561cdd7_0
 create mode 100644 bin/Release/HorizonData/EBWebView/Default/Code Cache/js/8bb0e185a0529c66_0
 create mode 100644 bin/Release/HorizonData/EBWebView/Default/Code Cache/js/8bbac0335be35a83_0
 create mode 100644 bin/Release/HorizonData/EBWebView/Default/Code Cache/js/8c6c37db201f7faf_0
 create mode 100644 bin/Release/HorizonData/EBWebView/Default/Code Cache/js/8d5ca1e661f2e6c5_0
 create mode 100644 bin/Release/HorizonData/EBWebView/Default/Code Cache/js/8dc5dfa83e38f1d4_0
 create mode 100644 bin/Release/HorizonData/EBWebView/Default/Code Cache/js/8dd013a50b6f7494_0
 create mode 100644 bin/Release/HorizonData/EBWebView/Default/Code Cache/js/8ddfab8cb1cec30d_0
 create mode 100644 bin/Release/HorizonData/EBWebView/Default/Code Cache/js/902ea3f71f655b6a_0
 create mode 100644 bin/Release/HorizonData/EBWebView/Default/Code Cache/js/909a42f141014997_0
 create mode 100644 bin/Release/HorizonData/EBWebView/Default/Code Cache/js/90d83890ae1d4820_0
 create mode 100644 bin/Release/HorizonData/EBWebView/Default/Code Cache/js/910198d377dddd36_0
 create mode 100644 bin/Release/HorizonData/EBWebView/Default/Code Cache/js/920c07db3f1a34c2_0
 create mode 100644 bin/Release/HorizonData/EBWebView/Default/Code Cache/js/928b3f1e19244afc_0
 create mode 100644 bin/Release/HorizonData/EBWebView/Default/Code Cache/js/92a4b5f9b32da0b3_0
 create mode 100644 bin/Release/HorizonData/EBWebView/Default/Code Cache/js/92b03997d45af18a_0
 create mode 100644 bin/Release/HorizonData/EBWebView/Default/Code Cache/js/92d6be4f5a100850_0
 create mode 100644 bin/Release/HorizonData/EBWebView/Default/Code Cache/js/9318887779393cc9_0
 create mode 100644 bin/Release/HorizonData/EBWebView/Default/Code Cache/js/941c2c2acfe13589_0
 create mode 100644 bin/Release/HorizonData/EBWebView/Default/Code Cache/js/95776333dfe668be_0
 create mode 100644 bin/Release/HorizonData/EBWebView/Default/Code Cache/js/97d01c453ca4dd4c_0
 create mode 100644 bin/Release/HorizonData/EBWebView/Default/Code Cache/js/97d02b97ea766e65_0
 create mode 100644 bin/Release/HorizonData/EBWebView/Default/Code Cache/js/9870b729e146b9f8_0
 create mode 100644 bin/Release/HorizonData/EBWebView/Default/Code Cache/js/98def3e77158b3d2_0
 create mode 100644 bin/Release/HorizonData/EBWebView/Default/Code Cache/js/98f29b078d991853_0
 create mode 100644 bin/Release/HorizonData/EBWebView/Default/Code Cache/js/990191b661d360f6_0
 create mode 100644 bin/Release/HorizonData/EBWebView/Default/Code Cache/js/9949003591f367df_0
 create mode 100644 bin/Release/HorizonData/EBWebView/Default/Code Cache/js/99b5610a24549a44_0
 create mode 100644 bin/Release/HorizonData/EBWebView/Default/Code Cache/js/9a24a8a48e855424_0
 create mode 100644 bin/Release/HorizonData/EBWebView/Default/Code Cache/js/9a9f26166dafbcff_0
 create mode 100644 bin/Release/HorizonData/EBWebView/Default/Code Cache/js/9b35b4179943f4f9_0
 create mode 100644 bin/Release/HorizonData/EBWebView/Default/Code Cache/js/9c601942de9e1307_0
 create mode 100644 bin/Release/HorizonData/EBWebView/Default/Code Cache/js/9dbf418880b89464_0
 create mode 100644 bin/Release/HorizonData/EBWebView/Default/Code Cache/js/9e07b06e8139ebbf_0
 create mode 100644 bin/Release/HorizonData/EBWebView/Default/Code Cache/js/9ec8aab95fff3370_0
 create mode 100644 bin/Release/HorizonData/EBWebView/Default/Code Cache/js/a01c0310ff320564_0
 create mode 100644 bin/Release/HorizonData/EBWebView/Default/Code Cache/js/a031e9f83427b6de_0
 create mode 100644 bin/Release/HorizonData/EBWebView/Default/Code Cache/js/a0bbe7530078111c_0
 create mode 100644 bin/Release/HorizonData/EBWebView/Default/Code Cache/js/a0ce1fb5ae763c47_0
 create mode 100644 bin/Release/HorizonData/EBWebView/Default/Code Cache/js/a0d854db23c4986e_0
 create mode 100644 bin/Release/HorizonData/EBWebView/Default/Code Cache/js/a1b4afd9cecbde61_0
 create mode 100644 bin/Release/HorizonData/EBWebView/Default/Code Cache/js/a1fa137b64fa4022_0
 create mode 100644 bin/Release/HorizonData/EBWebView/Default/Code Cache/js/a2e2d3ccdd40b565_0
 create mode 100644 bin/Release/HorizonData/EBWebView/Default/Code Cache/js/a47b0ea0a8a017fb_0
 create mode 100644 bin/Release/HorizonData/EBWebView/Default/Code Cache/js/a5a1aadf172914fe_0
 create mode 100644 bin/Release/HorizonData/EBWebView/Default/Code Cache/js/a5b8b39f63fde1bc_0
 create mode 100644 bin/Release/HorizonData/EBWebView/Default/Code Cache/js/a5fa9be99cd4d0af_0
 create mode 100644 bin/Release/HorizonData/EBWebView/Default/Code Cache/js/a6094d2874ab90de_0
 create mode 100644 bin/Release/HorizonData/EBWebView/Default/Code Cache/js/a62a4215b9346676_0
 create mode 100644 bin/Release/HorizonData/EBWebView/Default/Code Cache/js/a63a1197625004b3_0
 create mode 100644 bin/Release/HorizonData/EBWebView/Default/Code Cache/js/a810a0483ae40b23_0
 create mode 100644 bin/Release/HorizonData/EBWebView/Default/Code Cache/js/a8593ea97381b208_0
 create mode 100644 bin/Release/HorizonData/EBWebView/Default/Code Cache/js/a897015626d44c6b_0
 create mode 100644 bin/Release/HorizonData/EBWebView/Default/Code Cache/js/a8ad890aa570e093_0
 create mode 100644 bin/Release/HorizonData/EBWebView/Default/Code Cache/js/a99efcdec779dcdc_0
 create mode 100644 bin/Release/HorizonData/EBWebView/Default/Code Cache/js/aa6a1e8ce1426809_0
 create mode 100644 bin/Release/HorizonData/EBWebView/Default/Code Cache/js/aa9611a54af6bf36_0
 create mode 100644 bin/Release/HorizonData/EBWebView/Default/Code Cache/js/aafc135857612845_0
 create mode 100644 bin/Release/HorizonData/EBWebView/Default/Code Cache/js/ad2057eeb7705349_0
 create mode 100644 bin/Release/HorizonData/EBWebView/Default/Code Cache/js/ad31ef1ddebe25ec_0
 create mode 100644 bin/Release/HorizonData/EBWebView/Default/Code Cache/js/af08c8dfb60dc291_0
 create mode 100644 bin/Release/HorizonData/EBWebView/Default/Code Cache/js/b199925a04e1874e_0
 create mode 100644 bin/Release/HorizonData/EBWebView/Default/Code Cache/js/b1a93205baf980e8_0
 create mode 100644 bin/Release/HorizonData/EBWebView/Default/Code Cache/js/b1b0bc2357e152d8_0
 create mode 100644 bin/Release/HorizonData/EBWebView/Default/Code Cache/js/b2ad4ddd51204622_0
 create mode 100644 bin/Release/HorizonData/EBWebView/Default/Code Cache/js/b3f1056d02277b2e_0
 create mode 100644 bin/Release/HorizonData/EBWebView/Default/Code Cache/js/b6ca6ce343510893_0
 create mode 100644 bin/Release/HorizonData/EBWebView/Default/Code Cache/js/b6ebe0c7f8673633_0
 create mode 100644 bin/Release/HorizonData/EBWebView/Default/Code Cache/js/b75aece08654fcae_0
 create mode 100644 bin/Release/HorizonData/EBWebView/Default/Code Cache/js/b9cd5c9e189b7c91_0
 create mode 100644 bin/Release/HorizonData/EBWebView/Default/Code Cache/js/bb3e10180f60d452_0
 create mode 100644 bin/Release/HorizonData/EBWebView/Default/Code Cache/js/bb73546961cd6df8_0
 create mode 100644 bin/Release/HorizonData/EBWebView/Default/Code Cache/js/bbf72f37478d5754_0
 create mode 100644 bin/Release/HorizonData/EBWebView/Default/Code Cache/js/bd9a8ebd92bd0fb1_0
 create mode 100644 bin/Release/HorizonData/EBWebView/Default/Code Cache/js/bdaea414e9ce4e38_0
 create mode 100644 bin/Release/HorizonData/EBWebView/Default/Code Cache/js/be1546fea8ad5017_0
 create mode 100644 bin/Release/HorizonData/EBWebView/Default/Code Cache/js/bf073348812cd546_0
 create mode 100644 bin/Release/HorizonData/EBWebView/Default/Code Cache/js/bf3fabda45d6efc8_0
 create mode 100644 bin/Release/HorizonData/EBWebView/Default/Code Cache/js/c00dfea51d750af9_0
 create mode 100644 bin/Release/HorizonData/EBWebView/Default/Code Cache/js/c00f79b571e53a90_0
 create mode 100644 bin/Release/HorizonData/EBWebView/Default/Code Cache/js/c1e16c33e0d24977_0
 create mode 100644 bin/Release/HorizonData/EBWebView/Default/Code Cache/js/c20d71ecd0100ee8_0
 create mode 100644 bin/Release/HorizonData/EBWebView/Default/Code Cache/js/c2c2b3cc9051baa5_0
 create mode 100644 bin/Release/HorizonData/EBWebView/Default/Code Cache/js/c2f21af09aba525a_0
 create mode 100644 bin/Release/HorizonData/EBWebView/Default/Code Cache/js/c3f4f238755411ed_0
 create mode 100644 bin/Release/HorizonData/EBWebView/Default/Code Cache/js/c6b9313c8e6e51ca_0
 create mode 100644 bin/Release/HorizonData/EBWebView/Default/Code Cache/js/c6b94ec6df951cf6_0
 create mode 100644 bin/Release/HorizonData/EBWebView/Default/Code Cache/js/c6fd9b6fd7676322_0
 create mode 100644 bin/Release/HorizonData/EBWebView/Default/Code Cache/js/c7041477f118ee1a_0
 create mode 100644 bin/Release/HorizonData/EBWebView/Default/Code Cache/js/c7d30abc0e0ff55a_0
 create mode 100644 bin/Release/HorizonData/EBWebView/Default/Code Cache/js/c8e48afcc9f9dfb4_0
 create mode 100644 bin/Release/HorizonData/EBWebView/Default/Code Cache/js/c9d9dc059f1676a5_0
 create mode 100644 bin/Release/HorizonData/EBWebView/Default/Code Cache/js/cafc2e78c867be91_0
 create mode 100644 bin/Release/HorizonData/EBWebView/Default/Code Cache/js/cb3a90e9370cef07_0
 create mode 100644 bin/Release/HorizonData/EBWebView/Default/Code Cache/js/cccc43e45a5a6960_0
 create mode 100644 bin/Release/HorizonData/EBWebView/Default/Code Cache/js/cd82ba944fad5118_0
 create mode 100644 bin/Release/HorizonData/EBWebView/Default/Code Cache/js/cd9ec71b49f10925_0
 create mode 100644 bin/Release/HorizonData/EBWebView/Default/Code Cache/js/cdee42929affea09_0
 create mode 100644 bin/Release/HorizonData/EBWebView/Default/Code Cache/js/cdf731a6130495c9_0
 create mode 100644 bin/Release/HorizonData/EBWebView/Default/Code Cache/js/cf6d3e7947913a8c_0
 create mode 100644 bin/Release/HorizonData/EBWebView/Default/Code Cache/js/d08c288fcb831196_0
 create mode 100644 bin/Release/HorizonData/EBWebView/Default/Code Cache/js/d09a7b26ca5c5b1c_0
 create mode 100644 bin/Release/HorizonData/EBWebView/Default/Code Cache/js/d1000b77b936bbf5_0
 create mode 100644 bin/Release/HorizonData/EBWebView/Default/Code Cache/js/d3ab5bc620082724_0
 create mode 100644 bin/Release/HorizonData/EBWebView/Default/Code Cache/js/d53537e9a3e5472d_0
 create mode 100644 bin/Release/HorizonData/EBWebView/Default/Code Cache/js/d6f878a7f569f6be_0
 create mode 100644 bin/Release/HorizonData/EBWebView/Default/Code Cache/js/d6ffd5adef6f9780_0
 create mode 100644 bin/Release/HorizonData/EBWebView/Default/Code Cache/js/d738afecb311bf8f_0
 create mode 100644 bin/Release/HorizonData/EBWebView/Default/Code Cache/js/d8f08168df5e633f_0
 create mode 100644 bin/Release/HorizonData/EBWebView/Default/Code Cache/js/d92a2ba554ae9430_0
 create mode 100644 bin/Release/HorizonData/EBWebView/Default/Code Cache/js/d9f5c1dc-f8fe-443c-b79f-73949db5d5a6.tmp
 create mode 100644 bin/Release/HorizonData/EBWebView/Default/Code Cache/js/da34dff0bcb62624_0
 create mode 100644 bin/Release/HorizonData/EBWebView/Default/Code Cache/js/da474bbe5702481d_0
 create mode 100644 bin/Release/HorizonData/EBWebView/Default/Code Cache/js/db1823a3ff744d88_0
 create mode 100644 bin/Release/HorizonData/EBWebView/Default/Code Cache/js/dbc149b98865d134_0
 create mode 100644 bin/Release/HorizonData/EBWebView/Default/Code Cache/js/dcac0418fc975285_0
 create mode 100644 bin/Release/HorizonData/EBWebView/Default/Code Cache/js/dccd224e92bddd24_0
 create mode 100644 bin/Release/HorizonData/EBWebView/Default/Code Cache/js/de8ae10e19b4b086_0
 create mode 100644 bin/Release/HorizonData/EBWebView/Default/Code Cache/js/dea1fd92bb8cbf0a_0
 create mode 100644 bin/Release/HorizonData/EBWebView/Default/Code Cache/js/df2b36ffadcebb01_0
 create mode 100644 bin/Release/HorizonData/EBWebView/Default/Code Cache/js/df479de699269e3f_0
 create mode 100644 bin/Release/HorizonData/EBWebView/Default/Code Cache/js/dfca766ddb094e3a_0
 create mode 100644 bin/Release/HorizonData/EBWebView/Default/Code Cache/js/e0159b47c49a23d4_0
 create mode 100644 bin/Release/HorizonData/EBWebView/Default/Code Cache/js/e08a342f11c2b4d8_0
 create mode 100644 bin/Release/HorizonData/EBWebView/Default/Code Cache/js/e0bc52dcdce2e336_0
 create mode 100644 bin/Release/HorizonData/EBWebView/Default/Code Cache/js/e0e529bef6db25dd_0
 create mode 100644 bin/Release/HorizonData/EBWebView/Default/Code Cache/js/e13a798433bc05b6_0
 create mode 100644 bin/Release/HorizonData/EBWebView/Default/Code Cache/js/e14f7e9dd99336ce_0
 create mode 100644 bin/Release/HorizonData/EBWebView/Default/Code Cache/js/e3a309c676de0a5f_0
 create mode 100644 bin/Release/HorizonData/EBWebView/Default/Code Cache/js/e44ad3cd0b07a517_0
 create mode 100644 bin/Release/HorizonData/EBWebView/Default/Code Cache/js/e4ea1ef674a32d6d_0
 create mode 100644 bin/Release/HorizonData/EBWebView/Default/Code Cache/js/e524cbfdb4b02c32_0
 create mode 100644 bin/Release/HorizonData/EBWebView/Default/Code Cache/js/e5b36b100c26d200_0
 create mode 100644 bin/Release/HorizonData/EBWebView/Default/Code Cache/js/e5be169dd5b813f9_0
 create mode 100644 bin/Release/HorizonData/EBWebView/Default/Code Cache/js/e5c4a9f90aa0f87d_0
 create mode 100644 bin/Release/HorizonData/EBWebView/Default/Code Cache/js/e6afdfc6cc57adcf_0
 create mode 100644 bin/Release/HorizonData/EBWebView/Default/Code Cache/js/e8879a23b76234d5_0
 create mode 100644 bin/Release/HorizonData/EBWebView/Default/Code Cache/js/e9aa19718374ecc0_0
 create mode 100644 bin/Release/HorizonData/EBWebView/Default/Code Cache/js/ea8ba2135e947898_0
 create mode 100644 bin/Release/HorizonData/EBWebView/Default/Code Cache/js/eb090d2e8b6bc7c5_0
 create mode 100644 bin/Release/HorizonData/EBWebView/Default/Code Cache/js/eb8018a57d356e91_0
 create mode 100644 bin/Release/HorizonData/EBWebView/Default/Code Cache/js/ec85c2beb82685fe_0
 create mode 100644 bin/Release/HorizonData/EBWebView/Default/Code Cache/js/ed1ebccfd7b61ac2_0
 create mode 100644 bin/Release/HorizonData/EBWebView/Default/Code Cache/js/ee6dcd6c07f6470f_0
 create mode 100644 bin/Release/HorizonData/EBWebView/Default/Code Cache/js/ef6ddc210bae5091_0
 create mode 100644 bin/Release/HorizonData/EBWebView/Default/Code Cache/js/f14904204e0cae9d_0
 create mode 100644 bin/Release/HorizonData/EBWebView/Default/Code Cache/js/f1c61a15fbba8b68_0
 create mode 100644 bin/Release/HorizonData/EBWebView/Default/Code Cache/js/f22c278db29812f9_0
 create mode 100644 bin/Release/HorizonData/EBWebView/Default/Code Cache/js/f4bd7335de5c2cd2_0
 create mode 100644 bin/Release/HorizonData/EBWebView/Default/Code Cache/js/f5153fdf53256f8a_0
 create mode 100644 bin/Release/HorizonData/EBWebView/Default/Code Cache/js/f5a74d39c574e5fa_0
 create mode 100644 bin/Release/HorizonData/EBWebView/Default/Code Cache/js/f5c1d8a8db8c707b_0
 create mode 100644 bin/Release/HorizonData/EBWebView/Default/Code Cache/js/f6090645e91e43db_0
 create mode 100644 bin/Release/HorizonData/EBWebView/Default/Code Cache/js/f6fffb55bc115345_0
 create mode 100644 bin/Release/HorizonData/EBWebView/Default/Code Cache/js/f7beda5bc3d27201_0
 create mode 100644 bin/Release/HorizonData/EBWebView/Default/Code Cache/js/f82bd8f0441ee5e2_0
 create mode 100644 bin/Release/HorizonData/EBWebView/Default/Code Cache/js/f83a24f1134e8f91_0
 create mode 100644 bin/Release/HorizonData/EBWebView/Default/Code Cache/js/fa266473efc65535_0
 create mode 100644 bin/Release/HorizonData/EBWebView/Default/Code Cache/js/fbacac4251ebeb2d_0
 create mode 100644 bin/Release/HorizonData/EBWebView/Default/Code Cache/js/fbf45bdf3ff832a6_0
 create mode 100644 bin/Release/HorizonData/EBWebView/Default/Code Cache/js/fc94cf1d21304a77_0
 create mode 100644 bin/Release/HorizonData/EBWebView/Default/Code Cache/js/fcaca363c24dca05_0
 create mode 100644 bin/Release/HorizonData/EBWebView/Default/Code Cache/js/fcf0bfaba1bf0c04_0
 create mode 100644 bin/Release/HorizonData/EBWebView/Default/Code Cache/js/fdca45ffb0a3309f_0
 create mode 100644 bin/Release/HorizonData/EBWebView/Default/Code Cache/js/fe4af8ef2c8b8dc4_0
 create mode 100644 bin/Release/HorizonData/EBWebView/Default/Code Cache/js/fe7929590c218f10_0
 create mode 100644 bin/Release/HorizonData/EBWebView/Default/Code Cache/js/ff12c2fda33299fb_0
 create mode 100644 bin/Release/HorizonData/EBWebView/Default/Code Cache/js/index
 create mode 100644 bin/Release/HorizonData/EBWebView/Default/Code Cache/js/index-dir/the-real-index
 create mode 100644 bin/Release/HorizonData/EBWebView/Default/Code Cache/wasm/index
 create mode 100644 bin/Release/HorizonData/EBWebView/Default/Code Cache/wasm/index-dir/the-real-index
 create mode 100644 bin/Release/HorizonData/EBWebView/Default/DIPS
 create mode 100644 bin/Release/HorizonData/EBWebView/Default/DashTrackerDatabase
 create mode 100644 bin/Release/HorizonData/EBWebView/Default/DashTrackerDatabase-journal
 create mode 100644 bin/Release/HorizonData/EBWebView/Default/DawnGraphiteCache/data_0
 create mode 100644 bin/Release/HorizonData/EBWebView/Default/DawnGraphiteCache/data_1
 create mode 100644 bin/Release/HorizonData/EBWebView/Default/DawnGraphiteCache/data_2
 create mode 100644 bin/Release/HorizonData/EBWebView/Default/DawnGraphiteCache/data_3
 create mode 100644 bin/Release/HorizonData/EBWebView/Default/DawnGraphiteCache/index
 create mode 100644 bin/Release/HorizonData/EBWebView/Default/DawnWebGPUCache/data_0
 create mode 100644 bin/Release/HorizonData/EBWebView/Default/DawnWebGPUCache/data_1
 create mode 100644 bin/Release/HorizonData/EBWebView/Default/DawnWebGPUCache/data_2
 create mode 100644 bin/Release/HorizonData/EBWebView/Default/DawnWebGPUCache/data_3
 create mode 100644 bin/Release/HorizonData/EBWebView/Default/DawnWebGPUCache/index
 create mode 100644 bin/Release/HorizonData/EBWebView/Default/EdgeJourneys/EdgeJourneys.db
 create mode 100644 bin/Release/HorizonData/EBWebView/Default/EdgeSessions/SessionRestoreLog
 create mode 100644 bin/Release/HorizonData/EBWebView/Default/Extension Rules/000003.log
 create mode 100644 bin/Release/HorizonData/EBWebView/Default/Extension Rules/CURRENT
 create mode 100644 bin/Release/HorizonData/EBWebView/Default/Extension Rules/LOCK
 create mode 100644 bin/Release/HorizonData/EBWebView/Default/Extension Rules/LOG
 create mode 100644 bin/Release/HorizonData/EBWebView/Default/Extension Rules/LOG.old
 create mode 100644 bin/Release/HorizonData/EBWebView/Default/Extension Rules/MANIFEST-000001
 create mode 100644 bin/Release/HorizonData/EBWebView/Default/Extension Scripts/000003.log
 create mode 100644 bin/Release/HorizonData/EBWebView/Default/Extension Scripts/CURRENT
 create mode 100644 bin/Release/HorizonData/EBWebView/Default/Extension Scripts/LOCK
 create mode 100644 bin/Release/HorizonData/EBWebView/Default/Extension Scripts/LOG
 create mode 100644 bin/Release/HorizonData/EBWebView/Default/Extension Scripts/LOG.old
 create mode 100644 bin/Release/HorizonData/EBWebView/Default/Extension Scripts/MANIFEST-000001
 create mode 100644 bin/Release/HorizonData/EBWebView/Default/Extension State/000003.log
 create mode 100644 bin/Release/HorizonData/EBWebView/Default/Extension State/CURRENT
 create mode 100644 bin/Release/HorizonData/EBWebView/Default/Extension State/LOCK
 create mode 100644 bin/Release/HorizonData/EBWebView/Default/Extension State/LOG
 create mode 100644 bin/Release/HorizonData/EBWebView/Default/Extension State/LOG.old
 create mode 100644 bin/Release/HorizonData/EBWebView/Default/Extension State/MANIFEST-000001
 create mode 100644 bin/Release/HorizonData/EBWebView/Default/ExtensionActivityComp
 create mode 100644 bin/Release/HorizonData/EBWebView/Default/ExtensionActivityEdge
 create mode 100644 bin/Release/HorizonData/EBWebView/Default/ExtensionActivityEdge-journal
 create mode 100644 bin/Release/HorizonData/EBWebView/Default/Favicons
 create mode 100644 bin/Release/HorizonData/EBWebView/Default/Favicons-journal
 create mode 100644 bin/Release/HorizonData/EBWebView/Default/Feature Engagement Tracker/AvailabilityDB/LOCK
 create mode 100644 bin/Release/HorizonData/EBWebView/Default/Feature Engagement Tracker/AvailabilityDB/LOG
 create mode 100644 bin/Release/HorizonData/EBWebView/Default/Feature Engagement Tracker/AvailabilityDB/LOG.old
 create mode 100644 bin/Release/HorizonData/EBWebView/Default/Feature Engagement Tracker/EventDB/LOCK
 create mode 100644 bin/Release/HorizonData/EBWebView/Default/Feature Engagement Tracker/EventDB/LOG
 create mode 100644 bin/Release/HorizonData/EBWebView/Default/Feature Engagement Tracker/EventDB/LOG.old
 create mode 100644 bin/Release/HorizonData/EBWebView/Default/GPUCache/data_0
 create mode 100644 bin/Release/HorizonData/EBWebView/Default/GPUCache/data_1
 create mode 100644 bin/Release/HorizonData/EBWebView/Default/GPUCache/data_2
 create mode 100644 bin/Release/HorizonData/EBWebView/Default/GPUCache/data_3
 create mode 100644 bin/Release/HorizonData/EBWebView/Default/GPUCache/index
 create mode 100644 bin/Release/HorizonData/EBWebView/Default/History
 create mode 100644 bin/Release/HorizonData/EBWebView/Default/History-journal
 create mode 100644 bin/Release/HorizonData/EBWebView/Default/IndexedDB/chrome-extension_cknpchhamkghepdgmebdeeiklbmhajjb_0.indexeddb.leveldb/000003.log
 create mode 100644 bin/Release/HorizonData/EBWebView/Default/IndexedDB/chrome-extension_cknpchhamkghepdgmebdeeiklbmhajjb_0.indexeddb.leveldb/CURRENT
 create mode 100644 bin/Release/HorizonData/EBWebView/Default/IndexedDB/chrome-extension_cknpchhamkghepdgmebdeeiklbmhajjb_0.indexeddb.leveldb/LOCK
 create mode 100644 bin/Release/HorizonData/EBWebView/Default/IndexedDB/chrome-extension_cknpchhamkghepdgmebdeeiklbmhajjb_0.indexeddb.leveldb/LOG
 create mode 100644 bin/Release/HorizonData/EBWebView/Default/IndexedDB/chrome-extension_cknpchhamkghepdgmebdeeiklbmhajjb_0.indexeddb.leveldb/LOG.old
 create mode 100644 bin/Release/HorizonData/EBWebView/Default/IndexedDB/chrome-extension_cknpchhamkghepdgmebdeeiklbmhajjb_0.indexeddb.leveldb/MANIFEST-000001
 create mode 100644 bin/Release/HorizonData/EBWebView/Default/IndexedDB/chrome-extension_gjbcdalockdbdpjilfijigifebblleeo_0.indexeddb.blob/2/00/4
 create mode 100644 bin/Release/HorizonData/EBWebView/Default/IndexedDB/chrome-extension_gjbcdalockdbdpjilfijigifebblleeo_0.indexeddb.blob/2/00/5
 create mode 100644 bin/Release/HorizonData/EBWebView/Default/IndexedDB/chrome-extension_gjbcdalockdbdpjilfijigifebblleeo_0.indexeddb.blob/2/00/c
 create mode 100644 bin/Release/HorizonData/EBWebView/Default/IndexedDB/chrome-extension_gjbcdalockdbdpjilfijigifebblleeo_0.indexeddb.blob/2/00/d
 create mode 100644 bin/Release/HorizonData/EBWebView/Default/IndexedDB/chrome-extension_gjbcdalockdbdpjilfijigifebblleeo_0.indexeddb.leveldb/000036.ldb
 create mode 100644 bin/Release/HorizonData/EBWebView/Default/IndexedDB/chrome-extension_gjbcdalockdbdpjilfijigifebblleeo_0.indexeddb.leveldb/000037.log
 create mode 100644 bin/Release/HorizonData/EBWebView/Default/IndexedDB/chrome-extension_gjbcdalockdbdpjilfijigifebblleeo_0.indexeddb.leveldb/000039.ldb
 create mode 100644 bin/Release/HorizonData/EBWebView/Default/IndexedDB/chrome-extension_gjbcdalockdbdpjilfijigifebblleeo_0.indexeddb.leveldb/CURRENT
 create mode 100644 bin/Release/HorizonData/EBWebView/Default/IndexedDB/chrome-extension_gjbcdalockdbdpjilfijigifebblleeo_0.indexeddb.leveldb/LOCK
 create mode 100644 bin/Release/HorizonData/EBWebView/Default/IndexedDB/chrome-extension_gjbcdalockdbdpjilfijigifebblleeo_0.indexeddb.leveldb/LOG
 create mode 100644 bin/Release/HorizonData/EBWebView/Default/IndexedDB/chrome-extension_gjbcdalockdbdpjilfijigifebblleeo_0.indexeddb.leveldb/LOG.old
 create mode 100644 bin/Release/HorizonData/EBWebView/Default/IndexedDB/chrome-extension_gjbcdalockdbdpjilfijigifebblleeo_0.indexeddb.leveldb/MANIFEST-000001
 create mode 100644 bin/Release/HorizonData/EBWebView/Default/IndexedDB/chrome-extension_idompkcebcckjachidfhndpicmhicmjf_0.indexeddb.leveldb/000003.log
 create mode 100644 bin/Release/HorizonData/EBWebView/Default/IndexedDB/chrome-extension_idompkcebcckjachidfhndpicmhicmjf_0.indexeddb.leveldb/CURRENT
 create mode 100644 bin/Release/HorizonData/EBWebView/Default/IndexedDB/chrome-extension_idompkcebcckjachidfhndpicmhicmjf_0.indexeddb.leveldb/LOCK
 create mode 100644 bin/Release/HorizonData/EBWebView/Default/IndexedDB/chrome-extension_idompkcebcckjachidfhndpicmhicmjf_0.indexeddb.leveldb/LOG
 create mode 100644 bin/Release/HorizonData/EBWebView/Default/IndexedDB/chrome-extension_idompkcebcckjachidfhndpicmhicmjf_0.indexeddb.leveldb/MANIFEST-000001
 create mode 100644 bin/Release/HorizonData/EBWebView/Default/IndexedDB/chrome-extension_micabgbmbfjdcifaljgbioeiflcemnmo_0.indexeddb.leveldb/000003.log
 create mode 100644 bin/Release/HorizonData/EBWebView/Default/IndexedDB/chrome-extension_micabgbmbfjdcifaljgbioeiflcemnmo_0.indexeddb.leveldb/CURRENT
 create mode 100644 bin/Release/HorizonData/EBWebView/Default/IndexedDB/chrome-extension_micabgbmbfjdcifaljgbioeiflcemnmo_0.indexeddb.leveldb/LOCK
 create mode 100644 bin/Release/HorizonData/EBWebView/Default/IndexedDB/chrome-extension_micabgbmbfjdcifaljgbioeiflcemnmo_0.indexeddb.leveldb/LOG
 create mode 100644 bin/Release/HorizonData/EBWebView/Default/IndexedDB/chrome-extension_micabgbmbfjdcifaljgbioeiflcemnmo_0.indexeddb.leveldb/LOG.old
 create mode 100644 bin/Release/HorizonData/EBWebView/Default/IndexedDB/chrome-extension_micabgbmbfjdcifaljgbioeiflcemnmo_0.indexeddb.leveldb/MANIFEST-000001
 create mode 100644 bin/Release/HorizonData/EBWebView/Default/IndexedDB/https_music.youtube.com_0.indexeddb.leveldb/000003.log
 create mode 100644 bin/Release/HorizonData/EBWebView/Default/IndexedDB/https_music.youtube.com_0.indexeddb.leveldb/CURRENT
 create mode 100644 bin/Release/HorizonData/EBWebView/Default/IndexedDB/https_music.youtube.com_0.indexeddb.leveldb/LOCK
 create mode 100644 bin/Release/HorizonData/EBWebView/Default/IndexedDB/https_music.youtube.com_0.indexeddb.leveldb/LOG
 create mode 100644 bin/Release/HorizonData/EBWebView/Default/IndexedDB/https_music.youtube.com_0.indexeddb.leveldb/MANIFEST-000001
 create mode 100644 bin/Release/HorizonData/EBWebView/Default/IndexedDB/https_thebyteseffect.com_0.indexeddb.leveldb/000003.log
 create mode 100644 bin/Release/HorizonData/EBWebView/Default/IndexedDB/https_thebyteseffect.com_0.indexeddb.leveldb/CURRENT
 create mode 100644 bin/Release/HorizonData/EBWebView/Default/IndexedDB/https_thebyteseffect.com_0.indexeddb.leveldb/LOCK
 create mode 100644 bin/Release/HorizonData/EBWebView/Default/IndexedDB/https_thebyteseffect.com_0.indexeddb.leveldb/LOG
 create mode 100644 bin/Release/HorizonData/EBWebView/Default/IndexedDB/https_thebyteseffect.com_0.indexeddb.leveldb/MANIFEST-000001
 create mode 100644 bin/Release/HorizonData/EBWebView/Default/LOCK
 create mode 100644 bin/Release/HorizonData/EBWebView/Default/LOG
 create mode 100644 bin/Release/HorizonData/EBWebView/Default/LOG.old
 create mode 100644 bin/Release/HorizonData/EBWebView/Default/Local Extension Settings/cknpchhamkghepdgmebdeeiklbmhajjb/000003.log
 create mode 100644 bin/Release/HorizonData/EBWebView/Default/Local Extension Settings/cknpchhamkghepdgmebdeeiklbmhajjb/CURRENT
 create mode 100644 bin/Release/HorizonData/EBWebView/Default/Local Extension Settings/cknpchhamkghepdgmebdeeiklbmhajjb/LOCK
 create mode 100644 bin/Release/HorizonData/EBWebView/Default/Local Extension Settings/cknpchhamkghepdgmebdeeiklbmhajjb/LOG
 create mode 100644 bin/Release/HorizonData/EBWebView/Default/Local Extension Settings/cknpchhamkghepdgmebdeeiklbmhajjb/LOG.old
 create mode 100644 bin/Release/HorizonData/EBWebView/Default/Local Extension Settings/cknpchhamkghepdgmebdeeiklbmhajjb/MANIFEST-000001
 create mode 100644 bin/Release/HorizonData/EBWebView/Default/Local Extension Settings/enpiaeoobofcpedppdnooadnbaldkjih/000003.log
 create mode 100644 bin/Release/HorizonData/EBWebView/Default/Local Extension Settings/enpiaeoobofcpedppdnooadnbaldkjih/CURRENT
 create mode 100644 bin/Release/HorizonData/EBWebView/Default/Local Extension Settings/enpiaeoobofcpedppdnooadnbaldkjih/LOCK
 create mode 100644 bin/Release/HorizonData/EBWebView/Default/Local Extension Settings/enpiaeoobofcpedppdnooadnbaldkjih/LOG
 create mode 100644 bin/Release/HorizonData/EBWebView/Default/Local Extension Settings/enpiaeoobofcpedppdnooadnbaldkjih/LOG.old
 create mode 100644 bin/Release/HorizonData/EBWebView/Default/Local Extension Settings/enpiaeoobofcpedppdnooadnbaldkjih/MANIFEST-000001
 create mode 100644 bin/Release/HorizonData/EBWebView/Default/Local Extension Settings/fennofgmefeblbegldihhmpehdehoflg/000003.log
 create mode 100644 bin/Release/HorizonData/EBWebView/Default/Local Extension Settings/fennofgmefeblbegldihhmpehdehoflg/CURRENT
 create mode 100644 bin/Release/HorizonData/EBWebView/Default/Local Extension Settings/fennofgmefeblbegldihhmpehdehoflg/LOCK
 create mode 100644 bin/Release/HorizonData/EBWebView/Default/Local Extension Settings/fennofgmefeblbegldihhmpehdehoflg/LOG
 create mode 100644 bin/Release/HorizonData/EBWebView/Default/Local Extension Settings/fennofgmefeblbegldihhmpehdehoflg/LOG.old
 create mode 100644 bin/Release/HorizonData/EBWebView/Default/Local Extension Settings/fennofgmefeblbegldihhmpehdehoflg/MANIFEST-000001
 create mode 100644 bin/Release/HorizonData/EBWebView/Default/Local Extension Settings/fjfcaoomjhlpbniopilcfbpefalbhpba/000003.log
 create mode 100644 bin/Release/HorizonData/EBWebView/Default/Local Extension Settings/fjfcaoomjhlpbniopilcfbpefalbhpba/CURRENT
 create mode 100644 bin/Release/HorizonData/EBWebView/Default/Local Extension Settings/fjfcaoomjhlpbniopilcfbpefalbhpba/LOCK
 create mode 100644 bin/Release/HorizonData/EBWebView/Default/Local Extension Settings/fjfcaoomjhlpbniopilcfbpefalbhpba/LOG
 create mode 100644 bin/Release/HorizonData/EBWebView/Default/Local Extension Settings/fjfcaoomjhlpbniopilcfbpefalbhpba/LOG.old
 create mode 100644 bin/Release/HorizonData/EBWebView/Default/Local Extension Settings/fjfcaoomjhlpbniopilcfbpefalbhpba/MANIFEST-000001
 create mode 100644 bin/Release/HorizonData/EBWebView/Default/Local Extension Settings/gjbcdalockdbdpjilfijigifebblleeo/000005.ldb
 create mode 100644 bin/Release/HorizonData/EBWebView/Default/Local Extension Settings/gjbcdalockdbdpjilfijigifebblleeo/000016.ldb
 create mode 100644 bin/Release/HorizonData/EBWebView/Default/Local Extension Settings/gjbcdalockdbdpjilfijigifebblleeo/000018.log
 create mode 100644 bin/Release/HorizonData/EBWebView/Default/Local Extension Settings/gjbcdalockdbdpjilfijigifebblleeo/000019.ldb
 create mode 100644 bin/Release/HorizonData/EBWebView/Default/Local Extension Settings/gjbcdalockdbdpjilfijigifebblleeo/CURRENT
 create mode 100644 bin/Release/HorizonData/EBWebView/Default/Local Extension Settings/gjbcdalockdbdpjilfijigifebblleeo/LOCK
 create mode 100644 bin/Release/HorizonData/EBWebView/Default/Local Extension Settings/gjbcdalockdbdpjilfijigifebblleeo/LOG
 create mode 100644 bin/Release/HorizonData/EBWebView/Default/Local Extension Settings/gjbcdalockdbdpjilfijigifebblleeo/LOG.old
 create mode 100644 bin/Release/HorizonData/EBWebView/Default/Local Extension Settings/gjbcdalockdbdpjilfijigifebblleeo/MANIFEST-000001
 create mode 100644 bin/Release/HorizonData/EBWebView/Default/Local Extension Settings/llafjhmkffdlhpiojoipllmmedhckpgh/000003.log
 create mode 100644 bin/Release/HorizonData/EBWebView/Default/Local Extension Settings/llafjhmkffdlhpiojoipllmmedhckpgh/CURRENT
 create mode 100644 bin/Release/HorizonData/EBWebView/Default/Local Extension Settings/llafjhmkffdlhpiojoipllmmedhckpgh/LOCK
 create mode 100644 bin/Release/HorizonData/EBWebView/Default/Local Extension Settings/llafjhmkffdlhpiojoipllmmedhckpgh/LOG
 create mode 100644 bin/Release/HorizonData/EBWebView/Default/Local Extension Settings/llafjhmkffdlhpiojoipllmmedhckpgh/LOG.old
 create mode 100644 bin/Release/HorizonData/EBWebView/Default/Local Extension Settings/llafjhmkffdlhpiojoipllmmedhckpgh/MANIFEST-000001
 create mode 100644 bin/Release/HorizonData/EBWebView/Default/Local Extension Settings/mahdomgfmegkjcelplonolabemigokdm/000003.log
 create mode 100644 bin/Release/HorizonData/EBWebView/Default/Local Extension Settings/mahdomgfmegkjcelplonolabemigokdm/CURRENT
 create mode 100644 bin/Release/HorizonData/EBWebView/Default/Local Extension Settings/mahdomgfmegkjcelplonolabemigokdm/LOCK
 create mode 100644 bin/Release/HorizonData/EBWebView/Default/Local Extension Settings/mahdomgfmegkjcelplonolabemigokdm/LOG
 create mode 100644 bin/Release/HorizonData/EBWebView/Default/Local Extension Settings/mahdomgfmegkjcelplonolabemigokdm/LOG.old
 create mode 100644 bin/Release/HorizonData/EBWebView/Default/Local Extension Settings/mahdomgfmegkjcelplonolabemigokdm/MANIFEST-000001
 create mode 100644 bin/Release/HorizonData/EBWebView/Default/Local Extension Settings/micabgbmbfjdcifaljgbioeiflcemnmo/000003.log
 create mode 100644 bin/Release/HorizonData/EBWebView/Default/Local Extension Settings/micabgbmbfjdcifaljgbioeiflcemnmo/CURRENT
 create mode 100644 bin/Release/HorizonData/EBWebView/Default/Local Extension Settings/micabgbmbfjdcifaljgbioeiflcemnmo/LOCK
 create mode 100644 bin/Release/HorizonData/EBWebView/Default/Local Extension Settings/micabgbmbfjdcifaljgbioeiflcemnmo/LOG
 create mode 100644 bin/Release/HorizonData/EBWebView/Default/Local Extension Settings/micabgbmbfjdcifaljgbioeiflcemnmo/LOG.old
 create mode 100644 bin/Release/HorizonData/EBWebView/Default/Local Extension Settings/micabgbmbfjdcifaljgbioeiflcemnmo/MANIFEST-000001
 create mode 100644 bin/Release/HorizonData/EBWebView/Default/Local Extension Settings/pnbopgbekiomlhlfodahgbchgghkkkie/000003.log
 create mode 100644 bin/Release/HorizonData/EBWebView/Default/Local Extension Settings/pnbopgbekiomlhlfodahgbchgghkkkie/CURRENT
 create mode 100644 bin/Release/HorizonData/EBWebView/Default/Local Extension Settings/pnbopgbekiomlhlfodahgbchgghkkkie/LOCK
 create mode 100644 bin/Release/HorizonData/EBWebView/Default/Local Extension Settings/pnbopgbekiomlhlfodahgbchgghkkkie/LOG
 create mode 100644 bin/Release/HorizonData/EBWebView/Default/Local Extension Settings/pnbopgbekiomlhlfodahgbchgghkkkie/LOG.old
 create mode 100644 bin/Release/HorizonData/EBWebView/Default/Local Extension Settings/pnbopgbekiomlhlfodahgbchgghkkkie/MANIFEST-000001
 create mode 100644 bin/Release/HorizonData/EBWebView/Default/Local Storage/leveldb/000003.log
 create mode 100644 bin/Release/HorizonData/EBWebView/Default/Local Storage/leveldb/CURRENT
 create mode 100644 bin/Release/HorizonData/EBWebView/Default/Local Storage/leveldb/LOCK
 create mode 100644 bin/Release/HorizonData/EBWebView/Default/Local Storage/leveldb/LOG
 create mode 100644 bin/Release/HorizonData/EBWebView/Default/Local Storage/leveldb/LOG.old
 create mode 100644 bin/Release/HorizonData/EBWebView/Default/Local Storage/leveldb/MANIFEST-000001
 create mode 100644 bin/Release/HorizonData/EBWebView/Default/Login Data
 create mode 100644 bin/Release/HorizonData/EBWebView/Default/Login Data For Account
 create mode 100644 bin/Release/HorizonData/EBWebView/Default/Login Data For Account-journal
 create mode 100644 bin/Release/HorizonData/EBWebView/Default/Login Data-journal
 create mode 100644 bin/Release/HorizonData/EBWebView/Default/MediaDeviceSalts
 create mode 100644 bin/Release/HorizonData/EBWebView/Default/MediaDeviceSalts-journal
 create mode 100644 bin/Release/HorizonData/EBWebView/Default/Network Action Predictor
 create mode 100644 bin/Release/HorizonData/EBWebView/Default/Network Action Predictor-journal
 create mode 100644 bin/Release/HorizonData/EBWebView/Default/Network/Cookies
 create mode 100644 bin/Release/HorizonData/EBWebView/Default/Network/Cookies-journal
 create mode 100644 bin/Release/HorizonData/EBWebView/Default/Network/Device Bound Sessions
 create mode 100644 bin/Release/HorizonData/EBWebView/Default/Network/Device Bound Sessions-journal
 create mode 100644 bin/Release/HorizonData/EBWebView/Default/Network/Network Persistent State
 create mode 100644 bin/Release/HorizonData/EBWebView/Default/Network/NetworkDataMigrated
 create mode 100644 bin/Release/HorizonData/EBWebView/Default/Network/Reporting and NEL
 create mode 100644 bin/Release/HorizonData/EBWebView/Default/Network/Reporting and NEL-journal
 create mode 100644 bin/Release/HorizonData/EBWebView/Default/Network/SCT Auditing Pending Reports
 create mode 100644 bin/Release/HorizonData/EBWebView/Default/Network/Sdch Dictionaries
 create mode 100644 bin/Release/HorizonData/EBWebView/Default/Network/TransportSecurity
 create mode 100644 bin/Release/HorizonData/EBWebView/Default/Network/Trust Tokens
 create mode 100644 bin/Release/HorizonData/EBWebView/Default/Network/Trust Tokens-journal
 create mode 100644 bin/Release/HorizonData/EBWebView/Default/Password_Diagnostics/PMLog_13422023247647094
 create mode 100644 bin/Release/HorizonData/EBWebView/Default/PersistentOriginTrials/LOCK
 create mode 100644 bin/Release/HorizonData/EBWebView/Default/PersistentOriginTrials/LOG
 create mode 100644 bin/Release/HorizonData/EBWebView/Default/PersistentOriginTrials/LOG.old
 create mode 100644 bin/Release/HorizonData/EBWebView/Default/Platform Notifications/000003.log
 create mode 100644 bin/Release/HorizonData/EBWebView/Default/Platform Notifications/CURRENT
 create mode 100644 bin/Release/HorizonData/EBWebView/Default/Platform Notifications/LOCK
 create mode 100644 bin/Release/HorizonData/EBWebView/Default/Platform Notifications/LOG
 create mode 100644 bin/Release/HorizonData/EBWebView/Default/Platform Notifications/LOG.old
 create mode 100644 bin/Release/HorizonData/EBWebView/Default/Platform Notifications/MANIFEST-000001
 create mode 100644 bin/Release/HorizonData/EBWebView/Default/Preferences
 create mode 100644 bin/Release/HorizonData/EBWebView/Default/README
 create mode 100644 bin/Release/HorizonData/EBWebView/Default/Safe Browsing Network/NetworkDataMigrated
 create mode 100644 bin/Release/HorizonData/EBWebView/Default/Safe Browsing Network/Safe Browsing Cookies
 create mode 100644 bin/Release/HorizonData/EBWebView/Default/Safe Browsing Network/Safe Browsing Cookies-journal
 create mode 100644 bin/Release/HorizonData/EBWebView/Default/Secure Preferences
 create mode 100644 bin/Release/HorizonData/EBWebView/Default/ServerCertificate
 create mode 100644 bin/Release/HorizonData/EBWebView/Default/ServerCertificate-journal
 create mode 100644 bin/Release/HorizonData/EBWebView/Default/Service Worker/CacheStorage/1e538fbb9a411578d5bec848a4a4b012e8b26441/e61324ad-efcf-4993-a147-dbfbc543c56d/03723ec5564e7819_0
 create mode 100644 bin/Release/HorizonData/EBWebView/Default/Service Worker/CacheStorage/1e538fbb9a411578d5bec848a4a4b012e8b26441/e61324ad-efcf-4993-a147-dbfbc543c56d/091349bb42039481_0
 create mode 100644 bin/Release/HorizonData/EBWebView/Default/Service Worker/CacheStorage/1e538fbb9a411578d5bec848a4a4b012e8b26441/e61324ad-efcf-4993-a147-dbfbc543c56d/0b3bd81b114681fa_0
 create mode 100644 bin/Release/HorizonData/EBWebView/Default/Service Worker/CacheStorage/1e538fbb9a411578d5bec848a4a4b012e8b26441/e61324ad-efcf-4993-a147-dbfbc543c56d/0e68ef3e3bc686b2_0
 create mode 100644 bin/Release/HorizonData/EBWebView/Default/Service Worker/CacheStorage/1e538fbb9a411578d5bec848a4a4b012e8b26441/e61324ad-efcf-4993-a147-dbfbc543c56d/0efdd86b5e92caeb_0
 create mode 100644 bin/Release/HorizonData/EBWebView/Default/Service Worker/CacheStorage/1e538fbb9a411578d5bec848a4a4b012e8b26441/e61324ad-efcf-4993-a147-dbfbc543c56d/11948aeda14cd8cd_0
 create mode 100644 bin/Release/HorizonData/EBWebView/Default/Service Worker/CacheStorage/1e538fbb9a411578d5bec848a4a4b012e8b26441/e61324ad-efcf-4993-a147-dbfbc543c56d/152af16e821e5e53_0
 create mode 100644 bin/Release/HorizonData/EBWebView/Default/Service Worker/CacheStorage/1e538fbb9a411578d5bec848a4a4b012e8b26441/e61324ad-efcf-4993-a147-dbfbc543c56d/1862774b103cb550_0
 create mode 100644 bin/Release/HorizonData/EBWebView/Default/Service Worker/CacheStorage/1e538fbb9a411578d5bec848a4a4b012e8b26441/e61324ad-efcf-4993-a147-dbfbc543c56d/1ada7ade10cca105_0
 create mode 100644 bin/Release/HorizonData/EBWebView/Default/Service Worker/CacheStorage/1e538fbb9a411578d5bec848a4a4b012e8b26441/e61324ad-efcf-4993-a147-dbfbc543c56d/1d17e378da8f28e8_0
 create mode 100644 bin/Release/HorizonData/EBWebView/Default/Service Worker/CacheStorage/1e538fbb9a411578d5bec848a4a4b012e8b26441/e61324ad-efcf-4993-a147-dbfbc543c56d/22063dd5403b833c_0
 create mode 100644 bin/Release/HorizonData/EBWebView/Default/Service Worker/CacheStorage/1e538fbb9a411578d5bec848a4a4b012e8b26441/e61324ad-efcf-4993-a147-dbfbc543c56d/273c4b250c7bc824_0
 create mode 100644 bin/Release/HorizonData/EBWebView/Default/Service Worker/CacheStorage/1e538fbb9a411578d5bec848a4a4b012e8b26441/e61324ad-efcf-4993-a147-dbfbc543c56d/2e2413a06637b0ec_0
 create mode 100644 bin/Release/HorizonData/EBWebView/Default/Service Worker/CacheStorage/1e538fbb9a411578d5bec848a4a4b012e8b26441/e61324ad-efcf-4993-a147-dbfbc543c56d/3107558eea9ba321_0
 create mode 100644 bin/Release/HorizonData/EBWebView/Default/Service Worker/CacheStorage/1e538fbb9a411578d5bec848a4a4b012e8b26441/e61324ad-efcf-4993-a147-dbfbc543c56d/321911defb2f8cbc_0
 create mode 100644 bin/Release/HorizonData/EBWebView/Default/Service Worker/CacheStorage/1e538fbb9a411578d5bec848a4a4b012e8b26441/e61324ad-efcf-4993-a147-dbfbc543c56d/32690e9511f86989_0
 create mode 100644 bin/Release/HorizonData/EBWebView/Default/Service Worker/CacheStorage/1e538fbb9a411578d5bec848a4a4b012e8b26441/e61324ad-efcf-4993-a147-dbfbc543c56d/340d60e931bd37f7_0
 create mode 100644 bin/Release/HorizonData/EBWebView/Default/Service Worker/CacheStorage/1e538fbb9a411578d5bec848a4a4b012e8b26441/e61324ad-efcf-4993-a147-dbfbc543c56d/375db0c2ac836167_0
 create mode 100644 bin/Release/HorizonData/EBWebView/Default/Service Worker/CacheStorage/1e538fbb9a411578d5bec848a4a4b012e8b26441/e61324ad-efcf-4993-a147-dbfbc543c56d/383152c2a19b4e8f_0
 create mode 100644 bin/Release/HorizonData/EBWebView/Default/Service Worker/CacheStorage/1e538fbb9a411578d5bec848a4a4b012e8b26441/e61324ad-efcf-4993-a147-dbfbc543c56d/385bf01b84b6743c_0
 create mode 100644 bin/Release/HorizonData/EBWebView/Default/Service Worker/CacheStorage/1e538fbb9a411578d5bec848a4a4b012e8b26441/e61324ad-efcf-4993-a147-dbfbc543c56d/3d7948fc42349e78_0
 create mode 100644 bin/Release/HorizonData/EBWebView/Default/Service Worker/CacheStorage/1e538fbb9a411578d5bec848a4a4b012e8b26441/e61324ad-efcf-4993-a147-dbfbc543c56d/44fdad3a201128f8_0
 create mode 100644 bin/Release/HorizonData/EBWebView/Default/Service Worker/CacheStorage/1e538fbb9a411578d5bec848a4a4b012e8b26441/e61324ad-efcf-4993-a147-dbfbc543c56d/48ad33b5e6597f4d_0
 create mode 100644 bin/Release/HorizonData/EBWebView/Default/Service Worker/CacheStorage/1e538fbb9a411578d5bec848a4a4b012e8b26441/e61324ad-efcf-4993-a147-dbfbc543c56d/4b32244f47a52aa1_0
 create mode 100644 bin/Release/HorizonData/EBWebView/Default/Service Worker/CacheStorage/1e538fbb9a411578d5bec848a4a4b012e8b26441/e61324ad-efcf-4993-a147-dbfbc543c56d/4c4800b635ae2098_0
 create mode 100644 bin/Release/HorizonData/EBWebView/Default/Service Worker/CacheStorage/1e538fbb9a411578d5bec848a4a4b012e8b26441/e61324ad-efcf-4993-a147-dbfbc543c56d/4f926102e9d4c072_0
 create mode 100644 bin/Release/HorizonData/EBWebView/Default/Service Worker/CacheStorage/1e538fbb9a411578d5bec848a4a4b012e8b26441/e61324ad-efcf-4993-a147-dbfbc543c56d/5437f3efe07e0177_0
 create mode 100644 bin/Release/HorizonData/EBWebView/Default/Service Worker/CacheStorage/1e538fbb9a411578d5bec848a4a4b012e8b26441/e61324ad-efcf-4993-a147-dbfbc543c56d/577dbf0b91a4fd20_0
 create mode 100644 bin/Release/HorizonData/EBWebView/Default/Service Worker/CacheStorage/1e538fbb9a411578d5bec848a4a4b012e8b26441/e61324ad-efcf-4993-a147-dbfbc543c56d/5a89e5ba27a9709b_0
 create mode 100644 bin/Release/HorizonData/EBWebView/Default/Service Worker/CacheStorage/1e538fbb9a411578d5bec848a4a4b012e8b26441/e61324ad-efcf-4993-a147-dbfbc543c56d/5f35d08eae8058b3_0
 create mode 100644 bin/Release/HorizonData/EBWebView/Default/Service Worker/CacheStorage/1e538fbb9a411578d5bec848a4a4b012e8b26441/e61324ad-efcf-4993-a147-dbfbc543c56d/6b3d1b313bb275db_0
 create mode 100644 bin/Release/HorizonData/EBWebView/Default/Service Worker/CacheStorage/1e538fbb9a411578d5bec848a4a4b012e8b26441/e61324ad-efcf-4993-a147-dbfbc543c56d/6b991611054a2e9f_0
 create mode 100644 bin/Release/HorizonData/EBWebView/Default/Service Worker/CacheStorage/1e538fbb9a411578d5bec848a4a4b012e8b26441/e61324ad-efcf-4993-a147-dbfbc543c56d/704d1465ad2857ca_0
 create mode 100644 bin/Release/HorizonData/EBWebView/Default/Service Worker/CacheStorage/1e538fbb9a411578d5bec848a4a4b012e8b26441/e61324ad-efcf-4993-a147-dbfbc543c56d/72d06060f92aae74_0
 create mode 100644 bin/Release/HorizonData/EBWebView/Default/Service Worker/CacheStorage/1e538fbb9a411578d5bec848a4a4b012e8b26441/e61324ad-efcf-4993-a147-dbfbc543c56d/7866b425ec30631b_0
 create mode 100644 bin/Release/HorizonData/EBWebView/Default/Service Worker/CacheStorage/1e538fbb9a411578d5bec848a4a4b012e8b26441/e61324ad-efcf-4993-a147-dbfbc543c56d/82ef43183c18dbcf_0
 create mode 100644 bin/Release/HorizonData/EBWebView/Default/Service Worker/CacheStorage/1e538fbb9a411578d5bec848a4a4b012e8b26441/e61324ad-efcf-4993-a147-dbfbc543c56d/8383e54a78e96fc0_0
 create mode 100644 bin/Release/HorizonData/EBWebView/Default/Service Worker/CacheStorage/1e538fbb9a411578d5bec848a4a4b012e8b26441/e61324ad-efcf-4993-a147-dbfbc543c56d/864e3d21e753f81a_0
 create mode 100644 bin/Release/HorizonData/EBWebView/Default/Service Worker/CacheStorage/1e538fbb9a411578d5bec848a4a4b012e8b26441/e61324ad-efcf-4993-a147-dbfbc543c56d/8730e4942a92839c_0
 create mode 100644 bin/Release/HorizonData/EBWebView/Default/Service Worker/CacheStorage/1e538fbb9a411578d5bec848a4a4b012e8b26441/e61324ad-efcf-4993-a147-dbfbc543c56d/88c1d03bb90903c8_0
 create mode 100644 bin/Release/HorizonData/EBWebView/Default/Service Worker/CacheStorage/1e538fbb9a411578d5bec848a4a4b012e8b26441/e61324ad-efcf-4993-a147-dbfbc543c56d/8ba930f6d3763aad_0
 create mode 100644 bin/Release/HorizonData/EBWebView/Default/Service Worker/CacheStorage/1e538fbb9a411578d5bec848a4a4b012e8b26441/e61324ad-efcf-4993-a147-dbfbc543c56d/95db89fc6a02f451_0
 create mode 100644 bin/Release/HorizonData/EBWebView/Default/Service Worker/CacheStorage/1e538fbb9a411578d5bec848a4a4b012e8b26441/e61324ad-efcf-4993-a147-dbfbc543c56d/96723b9b77fbe36f_0
 create mode 100644 bin/Release/HorizonData/EBWebView/Default/Service Worker/CacheStorage/1e538fbb9a411578d5bec848a4a4b012e8b26441/e61324ad-efcf-4993-a147-dbfbc543c56d/97de5abfe883dbcf_0
 create mode 100644 bin/Release/HorizonData/EBWebView/Default/Service Worker/CacheStorage/1e538fbb9a411578d5bec848a4a4b012e8b26441/e61324ad-efcf-4993-a147-dbfbc543c56d/98064632364724f2_0
 create mode 100644 bin/Release/HorizonData/EBWebView/Default/Service Worker/CacheStorage/1e538fbb9a411578d5bec848a4a4b012e8b26441/e61324ad-efcf-4993-a147-dbfbc543c56d/9e92cd97c19c8248_0
 create mode 100644 bin/Release/HorizonData/EBWebView/Default/Service Worker/CacheStorage/1e538fbb9a411578d5bec848a4a4b012e8b26441/e61324ad-efcf-4993-a147-dbfbc543c56d/a85adbefb300ab4e_0
 create mode 100644 bin/Release/HorizonData/EBWebView/Default/Service Worker/CacheStorage/1e538fbb9a411578d5bec848a4a4b012e8b26441/e61324ad-efcf-4993-a147-dbfbc543c56d/ac93d1cd50506b33_0
 create mode 100644 bin/Release/HorizonData/EBWebView/Default/Service Worker/CacheStorage/1e538fbb9a411578d5bec848a4a4b012e8b26441/e61324ad-efcf-4993-a147-dbfbc543c56d/afbf989a8c95bf2e_0
 create mode 100644 bin/Release/HorizonData/EBWebView/Default/Service Worker/CacheStorage/1e538fbb9a411578d5bec848a4a4b012e8b26441/e61324ad-efcf-4993-a147-dbfbc543c56d/b2141b088ee5e98c_0
 create mode 100644 bin/Release/HorizonData/EBWebView/Default/Service Worker/CacheStorage/1e538fbb9a411578d5bec848a4a4b012e8b26441/e61324ad-efcf-4993-a147-dbfbc543c56d/b3f87b55d8dbfa47_0
 create mode 100644 bin/Release/HorizonData/EBWebView/Default/Service Worker/CacheStorage/1e538fbb9a411578d5bec848a4a4b012e8b26441/e61324ad-efcf-4993-a147-dbfbc543c56d/b571bf0ba8facec6_0
 create mode 100644 bin/Release/HorizonData/EBWebView/Default/Service Worker/CacheStorage/1e538fbb9a411578d5bec848a4a4b012e8b26441/e61324ad-efcf-4993-a147-dbfbc543c56d/b5f29d0312456036_0
 create mode 100644 bin/Release/HorizonData/EBWebView/Default/Service Worker/CacheStorage/1e538fbb9a411578d5bec848a4a4b012e8b26441/e61324ad-efcf-4993-a147-dbfbc543c56d/b6edcb759d6cadbf_0
 create mode 100644 bin/Release/HorizonData/EBWebView/Default/Service Worker/CacheStorage/1e538fbb9a411578d5bec848a4a4b012e8b26441/e61324ad-efcf-4993-a147-dbfbc543c56d/b7f636932c67bab4_0
 create mode 100644 bin/Release/HorizonData/EBWebView/Default/Service Worker/CacheStorage/1e538fbb9a411578d5bec848a4a4b012e8b26441/e61324ad-efcf-4993-a147-dbfbc543c56d/b8bb1a549c6dcc10_0
 create mode 100644 bin/Release/HorizonData/EBWebView/Default/Service Worker/CacheStorage/1e538fbb9a411578d5bec848a4a4b012e8b26441/e61324ad-efcf-4993-a147-dbfbc543c56d/b924469dce8b9a89_0
 create mode 100644 bin/Release/HorizonData/EBWebView/Default/Service Worker/CacheStorage/1e538fbb9a411578d5bec848a4a4b012e8b26441/e61324ad-efcf-4993-a147-dbfbc543c56d/ba2b0906a4df382c_0
 create mode 100644 bin/Release/HorizonData/EBWebView/Default/Service Worker/CacheStorage/1e538fbb9a411578d5bec848a4a4b012e8b26441/e61324ad-efcf-4993-a147-dbfbc543c56d/bcefea0b5feaa3e6_0
 create mode 100644 bin/Release/HorizonData/EBWebView/Default/Service Worker/CacheStorage/1e538fbb9a411578d5bec848a4a4b012e8b26441/e61324ad-efcf-4993-a147-dbfbc543c56d/be581dea90cddde7_0
 create mode 100644 bin/Release/HorizonData/EBWebView/Default/Service Worker/CacheStorage/1e538fbb9a411578d5bec848a4a4b012e8b26441/e61324ad-efcf-4993-a147-dbfbc543c56d/c8b473e0f9374235_0
 create mode 100644 bin/Release/HorizonData/EBWebView/Default/Service Worker/CacheStorage/1e538fbb9a411578d5bec848a4a4b012e8b26441/e61324ad-efcf-4993-a147-dbfbc543c56d/ca4b8e6b4b207a9b_0
 create mode 100644 bin/Release/HorizonData/EBWebView/Default/Service Worker/CacheStorage/1e538fbb9a411578d5bec848a4a4b012e8b26441/e61324ad-efcf-4993-a147-dbfbc543c56d/ca5a67fda3466f4d_0
 create mode 100644 bin/Release/HorizonData/EBWebView/Default/Service Worker/CacheStorage/1e538fbb9a411578d5bec848a4a4b012e8b26441/e61324ad-efcf-4993-a147-dbfbc543c56d/cc04a8364b7fbf4b_0
 create mode 100644 bin/Release/HorizonData/EBWebView/Default/Service Worker/CacheStorage/1e538fbb9a411578d5bec848a4a4b012e8b26441/e61324ad-efcf-4993-a147-dbfbc543c56d/cd85acb1c0e5f8f6_0
 create mode 100644 bin/Release/HorizonData/EBWebView/Default/Service Worker/CacheStorage/1e538fbb9a411578d5bec848a4a4b012e8b26441/e61324ad-efcf-4993-a147-dbfbc543c56d/cde968a267e2506f_0
 create mode 100644 bin/Release/HorizonData/EBWebView/Default/Service Worker/CacheStorage/1e538fbb9a411578d5bec848a4a4b012e8b26441/e61324ad-efcf-4993-a147-dbfbc543c56d/ce5fdc792b67fd6e_0
 create mode 100644 bin/Release/HorizonData/EBWebView/Default/Service Worker/CacheStorage/1e538fbb9a411578d5bec848a4a4b012e8b26441/e61324ad-efcf-4993-a147-dbfbc543c56d/d026a83c98b68c4a_0
 create mode 100644 bin/Release/HorizonData/EBWebView/Default/Service Worker/CacheStorage/1e538fbb9a411578d5bec848a4a4b012e8b26441/e61324ad-efcf-4993-a147-dbfbc543c56d/d094aec584cc1c06_0
 create mode 100644 bin/Release/HorizonData/EBWebView/Default/Service Worker/CacheStorage/1e538fbb9a411578d5bec848a4a4b012e8b26441/e61324ad-efcf-4993-a147-dbfbc543c56d/d57fe2c6b1537486_0
 create mode 100644 bin/Release/HorizonData/EBWebView/Default/Service Worker/CacheStorage/1e538fbb9a411578d5bec848a4a4b012e8b26441/e61324ad-efcf-4993-a147-dbfbc543c56d/d9509606979f3a92_0
 create mode 100644 bin/Release/HorizonData/EBWebView/Default/Service Worker/CacheStorage/1e538fbb9a411578d5bec848a4a4b012e8b26441/e61324ad-efcf-4993-a147-dbfbc543c56d/da6db244aef24adb_0
 create mode 100644 bin/Release/HorizonData/EBWebView/Default/Service Worker/CacheStorage/1e538fbb9a411578d5bec848a4a4b012e8b26441/e61324ad-efcf-4993-a147-dbfbc543c56d/dc1f0d705c07825e_0
 create mode 100644 bin/Release/HorizonData/EBWebView/Default/Service Worker/CacheStorage/1e538fbb9a411578d5bec848a4a4b012e8b26441/e61324ad-efcf-4993-a147-dbfbc543c56d/df0cb294d29fc0fe_0
 create mode 100644 bin/Release/HorizonData/EBWebView/Default/Service Worker/CacheStorage/1e538fbb9a411578d5bec848a4a4b012e8b26441/e61324ad-efcf-4993-a147-dbfbc543c56d/e49665df81d4c591_0
 create mode 100644 bin/Release/HorizonData/EBWebView/Default/Service Worker/CacheStorage/1e538fbb9a411578d5bec848a4a4b012e8b26441/e61324ad-efcf-4993-a147-dbfbc543c56d/e53200cb6d914edd_0
 create mode 100644 bin/Release/HorizonData/EBWebView/Default/Service Worker/CacheStorage/1e538fbb9a411578d5bec848a4a4b012e8b26441/e61324ad-efcf-4993-a147-dbfbc543c56d/e7639dc21c04a524_0
 create mode 100644 bin/Release/HorizonData/EBWebView/Default/Service Worker/CacheStorage/1e538fbb9a411578d5bec848a4a4b012e8b26441/e61324ad-efcf-4993-a147-dbfbc543c56d/e8f209bb953d0431_0
 create mode 100644 bin/Release/HorizonData/EBWebView/Default/Service Worker/CacheStorage/1e538fbb9a411578d5bec848a4a4b012e8b26441/e61324ad-efcf-4993-a147-dbfbc543c56d/eaffc3a9ed933df4_0
 create mode 100644 bin/Release/HorizonData/EBWebView/Default/Service Worker/CacheStorage/1e538fbb9a411578d5bec848a4a4b012e8b26441/e61324ad-efcf-4993-a147-dbfbc543c56d/edc224e63f046684_0
 create mode 100644 bin/Release/HorizonData/EBWebView/Default/Service Worker/CacheStorage/1e538fbb9a411578d5bec848a4a4b012e8b26441/e61324ad-efcf-4993-a147-dbfbc543c56d/f0192a7f283c74b2_0
 create mode 100644 bin/Release/HorizonData/EBWebView/Default/Service Worker/CacheStorage/1e538fbb9a411578d5bec848a4a4b012e8b26441/e61324ad-efcf-4993-a147-dbfbc543c56d/fccc7c9e7e8c80f8_0
 create mode 100644 bin/Release/HorizonData/EBWebView/Default/Service Worker/CacheStorage/1e538fbb9a411578d5bec848a4a4b012e8b26441/e61324ad-efcf-4993-a147-dbfbc543c56d/fdd89d27c13f85e5_0
 create mode 100644 bin/Release/HorizonData/EBWebView/Default/Service Worker/CacheStorage/1e538fbb9a411578d5bec848a4a4b012e8b26441/e61324ad-efcf-4993-a147-dbfbc543c56d/fff368752d794b37_0
 create mode 100644 bin/Release/HorizonData/EBWebView/Default/Service Worker/CacheStorage/1e538fbb9a411578d5bec848a4a4b012e8b26441/e61324ad-efcf-4993-a147-dbfbc543c56d/index
 create mode 100644 bin/Release/HorizonData/EBWebView/Default/Service Worker/CacheStorage/1e538fbb9a411578d5bec848a4a4b012e8b26441/e61324ad-efcf-4993-a147-dbfbc543c56d/index-dir/the-real-index
 create mode 100644 bin/Release/HorizonData/EBWebView/Default/Service Worker/CacheStorage/1e538fbb9a411578d5bec848a4a4b012e8b26441/index.txt
 create mode 100644 bin/Release/HorizonData/EBWebView/Default/Service Worker/Database/000003.log
 create mode 100644 bin/Release/HorizonData/EBWebView/Default/Service Worker/Database/CURRENT
 create mode 100644 bin/Release/HorizonData/EBWebView/Default/Service Worker/Database/LOCK
 create mode 100644 bin/Release/HorizonData/EBWebView/Default/Service Worker/Database/LOG
 create mode 100644 bin/Release/HorizonData/EBWebView/Default/Service Worker/Database/LOG.old
 create mode 100644 bin/Release/HorizonData/EBWebView/Default/Service Worker/Database/MANIFEST-000001
 create mode 100644 bin/Release/HorizonData/EBWebView/Default/Service Worker/ScriptCache/009c63609679d1cf_0
 create mode 100644 bin/Release/HorizonData/EBWebView/Default/Service Worker/ScriptCache/013888a1cda32b90_0
 create mode 100644 bin/Release/HorizonData/EBWebView/Default/Service Worker/ScriptCache/013888a1cda32b90_1
 create mode 100644 bin/Release/HorizonData/EBWebView/Default/Service Worker/ScriptCache/08bdbf206a472600_0
 create mode 100644 bin/Release/HorizonData/EBWebView/Default/Service Worker/ScriptCache/09008b1d0549f7ab_0
 create mode 100644 bin/Release/HorizonData/EBWebView/Default/Service Worker/ScriptCache/09dd09a6623d77a1_0
 create mode 100644 bin/Release/HorizonData/EBWebView/Default/Service Worker/ScriptCache/0b792330520baa9a_0
 create mode 100644 bin/Release/HorizonData/EBWebView/Default/Service Worker/ScriptCache/0b8d03323a5a6e07_0
 create mode 100644 bin/Release/HorizonData/EBWebView/Default/Service Worker/ScriptCache/0cac6d3631916f8d_0
 create mode 100644 bin/Release/HorizonData/EBWebView/Default/Service Worker/ScriptCache/1055481490f58805_0
 create mode 100644 bin/Release/HorizonData/EBWebView/Default/Service Worker/ScriptCache/117d142383163ca9_0
 create mode 100644 bin/Release/HorizonData/EBWebView/Default/Service Worker/ScriptCache/12d2b185ec62111a_0
 create mode 100644 bin/Release/HorizonData/EBWebView/Default/Service Worker/ScriptCache/130d5ab08abb09a6_0
 create mode 100644 bin/Release/HorizonData/EBWebView/Default/Service Worker/ScriptCache/14e7e9252ca2e7b6_0
 create mode 100644 bin/Release/HorizonData/EBWebView/Default/Service Worker/ScriptCache/1a168afddb7eaf90_0
 create mode 100644 bin/Release/HorizonData/EBWebView/Default/Service Worker/ScriptCache/1a44a79864a22847_0
 create mode 100644 bin/Release/HorizonData/EBWebView/Default/Service Worker/ScriptCache/1f4fc4ac2489c6b0_0
 create mode 100644 bin/Release/HorizonData/EBWebView/Default/Service Worker/ScriptCache/24100a74bb7d3820_0
 create mode 100644 bin/Release/HorizonData/EBWebView/Default/Service Worker/ScriptCache/25aaa8074a29cf86_0
 create mode 100644 bin/Release/HorizonData/EBWebView/Default/Service Worker/ScriptCache/26d1f970a09a4ca8_0
 create mode 100644 bin/Release/HorizonData/EBWebView/Default/Service Worker/ScriptCache/27622751cc830f3e_0
 create mode 100644 bin/Release/HorizonData/EBWebView/Default/Service Worker/ScriptCache/297ecea5cebb5dfe_0
 create mode 100644 bin/Release/HorizonData/EBWebView/Default/Service Worker/ScriptCache/297ecea5cebb5dfe_1
 create mode 100644 bin/Release/HorizonData/EBWebView/Default/Service Worker/ScriptCache/2cc80dabc69f58b6_0
 create mode 100644 bin/Release/HorizonData/EBWebView/Default/Service Worker/ScriptCache/2cc80dabc69f58b6_1
 create mode 100644 bin/Release/HorizonData/EBWebView/Default/Service Worker/ScriptCache/2cfef0e5a0f2936d_0
 create mode 100644 bin/Release/HorizonData/EBWebView/Default/Service Worker/ScriptCache/2d5e07bc3c67635e_0
 create mode 100644 bin/Release/HorizonData/EBWebView/Default/Service Worker/ScriptCache/32eae9c186dc8089_0
 create mode 100644 bin/Release/HorizonData/EBWebView/Default/Service Worker/ScriptCache/38992e00d1274191_0
 create mode 100644 bin/Release/HorizonData/EBWebView/Default/Service Worker/ScriptCache/40a21a6a5c2d889c_0
 create mode 100644 bin/Release/HorizonData/EBWebView/Default/Service Worker/ScriptCache/418e80f99e974dbe_0
 create mode 100644 bin/Release/HorizonData/EBWebView/Default/Service Worker/ScriptCache/449d86748cd51507_0
 create mode 100644 bin/Release/HorizonData/EBWebView/Default/Service Worker/ScriptCache/4698ecea4d4dad56_0
 create mode 100644 bin/Release/HorizonData/EBWebView/Default/Service Worker/ScriptCache/4698ecea4d4dad56_1
 create mode 100644 bin/Release/HorizonData/EBWebView/Default/Service Worker/ScriptCache/46a4b4aebfdaa48d_0
 create mode 100644 bin/Release/HorizonData/EBWebView/Default/Service Worker/ScriptCache/4cb013792b196a35_0
 create mode 100644 bin/Release/HorizonData/EBWebView/Default/Service Worker/ScriptCache/4cb013792b196a35_1
 create mode 100644 bin/Release/HorizonData/EBWebView/Default/Service Worker/ScriptCache/5037c89965fa5fae_0
 create mode 100644 bin/Release/HorizonData/EBWebView/Default/Service Worker/ScriptCache/50b5da359e6f22d0_0
 create mode 100644 bin/Release/HorizonData/EBWebView/Default/Service Worker/ScriptCache/5179d7e668773011_0
 create mode 100644 bin/Release/HorizonData/EBWebView/Default/Service Worker/ScriptCache/5779b052d5b25145_0
 create mode 100644 bin/Release/HorizonData/EBWebView/Default/Service Worker/ScriptCache/5d771a05a5f45d29_0
 create mode 100644 bin/Release/HorizonData/EBWebView/Default/Service Worker/ScriptCache/602a34051cfc2eed_0
 create mode 100644 bin/Release/HorizonData/EBWebView/Default/Service Worker/ScriptCache/63be69ca5d5015c4_0
 create mode 100644 bin/Release/HorizonData/EBWebView/Default/Service Worker/ScriptCache/679e0b7317f2041b_0
 create mode 100644 bin/Release/HorizonData/EBWebView/Default/Service Worker/ScriptCache/67a473248953641b_0
 create mode 100644 bin/Release/HorizonData/EBWebView/Default/Service Worker/ScriptCache/67a473248953641b_1
 create mode 100644 bin/Release/HorizonData/EBWebView/Default/Service Worker/ScriptCache/6cb56d63a90f990d_0
 create mode 100644 bin/Release/HorizonData/EBWebView/Default/Service Worker/ScriptCache/6e08a40cf80d1181_0
 create mode 100644 bin/Release/HorizonData/EBWebView/Default/Service Worker/ScriptCache/738bb294f89e1335_0
 create mode 100644 bin/Release/HorizonData/EBWebView/Default/Service Worker/ScriptCache/796b7562219390f0_0
 create mode 100644 bin/Release/HorizonData/EBWebView/Default/Service Worker/ScriptCache/79a60028be9c3010_0
 create mode 100644 bin/Release/HorizonData/EBWebView/Default/Service Worker/ScriptCache/79b5c737f7ab9642_0
 create mode 100644 bin/Release/HorizonData/EBWebView/Default/Service Worker/ScriptCache/7b5fb5b1483213a5_0
 create mode 100644 bin/Release/HorizonData/EBWebView/Default/Service Worker/ScriptCache/7c4cc75bcf4907c3_0
 create mode 100644 bin/Release/HorizonData/EBWebView/Default/Service Worker/ScriptCache/7d1277d0a0eef700_0
 create mode 100644 bin/Release/HorizonData/EBWebView/Default/Service Worker/ScriptCache/7de293882cd2065e_0
 create mode 100644 bin/Release/HorizonData/EBWebView/Default/Service Worker/ScriptCache/808f4ae21f10416c_0
 create mode 100644 bin/Release/HorizonData/EBWebView/Default/Service Worker/ScriptCache/820472a405c1a189_0
 create mode 100644 bin/Release/HorizonData/EBWebView/Default/Service Worker/ScriptCache/8258e27027d54dcb_0
 create mode 100644 bin/Release/HorizonData/EBWebView/Default/Service Worker/ScriptCache/82ee882be6fc216e_0
 create mode 100644 bin/Release/HorizonData/EBWebView/Default/Service Worker/ScriptCache/88a4c2fd955a7097_0
 create mode 100644 bin/Release/HorizonData/EBWebView/Default/Service Worker/ScriptCache/8b860a2f86638734_0
 create mode 100644 bin/Release/HorizonData/EBWebView/Default/Service Worker/ScriptCache/8ddc3053957b7fab_0
 create mode 100644 bin/Release/HorizonData/EBWebView/Default/Service Worker/ScriptCache/8e72542801e3a525_0
 create mode 100644 bin/Release/HorizonData/EBWebView/Default/Service Worker/ScriptCache/914b7547906f398d_0
 create mode 100644 bin/Release/HorizonData/EBWebView/Default/Service Worker/ScriptCache/91b3ea2d941cb397_0
 create mode 100644 bin/Release/HorizonData/EBWebView/Default/Service Worker/ScriptCache/982e0f881292c681_0
 create mode 100644 bin/Release/HorizonData/EBWebView/Default/Service Worker/ScriptCache/99116d486f284af4_0
 create mode 100644 bin/Release/HorizonData/EBWebView/Default/Service Worker/ScriptCache/9a217e9c08916dcd_0
 create mode 100644 bin/Release/HorizonData/EBWebView/Default/Service Worker/ScriptCache/9b14912231f64755_0
 create mode 100644 bin/Release/HorizonData/EBWebView/Default/Service Worker/ScriptCache/9e67022e6bb14133_0
 create mode 100644 bin/Release/HorizonData/EBWebView/Default/Service Worker/ScriptCache/a0f8700973795685_0
 create mode 100644 bin/Release/HorizonData/EBWebView/Default/Service Worker/ScriptCache/a29d487f541600d2_0
 create mode 100644 bin/Release/HorizonData/EBWebView/Default/Service Worker/ScriptCache/a6da08e680c55a2a_0
 create mode 100644 bin/Release/HorizonData/EBWebView/Default/Service Worker/ScriptCache/a956f0ce96eb29c8_0
 create mode 100644 bin/Release/HorizonData/EBWebView/Default/Service Worker/ScriptCache/aa4414e246438143_0
 create mode 100644 bin/Release/HorizonData/EBWebView/Default/Service Worker/ScriptCache/ab95ebc511b469f3_0
 create mode 100644 bin/Release/HorizonData/EBWebView/Default/Service Worker/ScriptCache/b2812321dea9c42b_0
 create mode 100644 bin/Release/HorizonData/EBWebView/Default/Service Worker/ScriptCache/b6817b5f586801b0_0
 create mode 100644 bin/Release/HorizonData/EBWebView/Default/Service Worker/ScriptCache/b6c28cea6ed9dfc1_0
 create mode 100644 bin/Release/HorizonData/EBWebView/Default/Service Worker/ScriptCache/b6c28cea6ed9dfc1_1
 create mode 100644 bin/Release/HorizonData/EBWebView/Default/Service Worker/ScriptCache/b7616e79858efbff_0
 create mode 100644 bin/Release/HorizonData/EBWebView/Default/Service Worker/ScriptCache/b8a8a89bc8f66b3e_0
 create mode 100644 bin/Release/HorizonData/EBWebView/Default/Service Worker/ScriptCache/b8d7680f52f241b7_0
 create mode 100644 bin/Release/HorizonData/EBWebView/Default/Service Worker/ScriptCache/b9e0c4e95791e1f7_0
 create mode 100644 bin/Release/HorizonData/EBWebView/Default/Service Worker/ScriptCache/ba23d8ecda68de77_0
 create mode 100644 bin/Release/HorizonData/EBWebView/Default/Service Worker/ScriptCache/bc27a87fbf314a15_0
 create mode 100644 bin/Release/HorizonData/EBWebView/Default/Service Worker/ScriptCache/bf61ab29ad9780c2_0
 create mode 100644 bin/Release/HorizonData/EBWebView/Default/Service Worker/ScriptCache/c1faae48fbac0b64_0
 create mode 100644 bin/Release/HorizonData/EBWebView/Default/Service Worker/ScriptCache/c40b44d0ccb6b9f6_0
 create mode 100644 bin/Release/HorizonData/EBWebView/Default/Service Worker/ScriptCache/c417bfe2be7aa115_0
 create mode 100644 bin/Release/HorizonData/EBWebView/Default/Service Worker/ScriptCache/c720a327d255695f_0
 create mode 100644 bin/Release/HorizonData/EBWebView/Default/Service Worker/ScriptCache/c756b52bc59f5ac3_0
 create mode 100644 bin/Release/HorizonData/EBWebView/Default/Service Worker/ScriptCache/d14726c8af48f441_0
 create mode 100644 bin/Release/HorizonData/EBWebView/Default/Service Worker/ScriptCache/d449ff6c5b3062bc_0
 create mode 100644 bin/Release/HorizonData/EBWebView/Default/Service Worker/ScriptCache/d6b653ea64009786_0
 create mode 100644 bin/Release/HorizonData/EBWebView/Default/Service Worker/ScriptCache/dcbb9f52cf880e4a_0
 create mode 100644 bin/Release/HorizonData/EBWebView/Default/Service Worker/ScriptCache/dd1e345fe5dc5435_0
 create mode 100644 bin/Release/HorizonData/EBWebView/Default/Service Worker/ScriptCache/dd91b9ffd8efe2b6_0
 create mode 100644 bin/Release/HorizonData/EBWebView/Default/Service Worker/ScriptCache/dea936b84808bcef_0
 create mode 100644 bin/Release/HorizonData/EBWebView/Default/Service Worker/ScriptCache/e10db1fb7a0a4a8c_0
 create mode 100644 bin/Release/HorizonData/EBWebView/Default/Service Worker/ScriptCache/e27bfe875b62d81e_0
 create mode 100644 bin/Release/HorizonData/EBWebView/Default/Service Worker/ScriptCache/e384336e22fd2aef_0
 create mode 100644 bin/Release/HorizonData/EBWebView/Default/Service Worker/ScriptCache/e5ff62263ac8de7f_0
 create mode 100644 bin/Release/HorizonData/EBWebView/Default/Service Worker/ScriptCache/ed21dd5e2140ec01_0
 create mode 100644 bin/Release/HorizonData/EBWebView/Default/Service Worker/ScriptCache/ef6993cae43ae456_0
 create mode 100644 bin/Release/HorizonData/EBWebView/Default/Service Worker/ScriptCache/f131910baad453af_0
 create mode 100644 bin/Release/HorizonData/EBWebView/Default/Service Worker/ScriptCache/f1cdccba37924bda_0
 create mode 100644 bin/Release/HorizonData/EBWebView/Default/Service Worker/ScriptCache/f1cdccba37924bda_1
 create mode 100644 bin/Release/HorizonData/EBWebView/Default/Service Worker/ScriptCache/f287b7060e66da8a_0
 create mode 100644 bin/Release/HorizonData/EBWebView/Default/Service Worker/ScriptCache/f40501344c9c624c_0
 create mode 100644 bin/Release/HorizonData/EBWebView/Default/Service Worker/ScriptCache/f5dcf3f81cf9b463_0
 create mode 100644 bin/Release/HorizonData/EBWebView/Default/Service Worker/ScriptCache/fa813c9ad67834ac_0
 create mode 100644 bin/Release/HorizonData/EBWebView/Default/Service Worker/ScriptCache/fa813c9ad67834ac_1
 create mode 100644 bin/Release/HorizonData/EBWebView/Default/Service Worker/ScriptCache/ff57688b9ff2d49e_0
 create mode 100644 bin/Release/HorizonData/EBWebView/Default/Service Worker/ScriptCache/ff7379f37843d0a0_0
 create mode 100644 bin/Release/HorizonData/EBWebView/Default/Service Worker/ScriptCache/index
 create mode 100644 bin/Release/HorizonData/EBWebView/Default/Service Worker/ScriptCache/index-dir/the-real-index
 create mode 100644 bin/Release/HorizonData/EBWebView/Default/Session Storage/000003.log
 create mode 100644 bin/Release/HorizonData/EBWebView/Default/Session Storage/CURRENT
 create mode 100644 bin/Release/HorizonData/EBWebView/Default/Session Storage/LOCK
 create mode 100644 bin/Release/HorizonData/EBWebView/Default/Session Storage/LOG
 create mode 100644 bin/Release/HorizonData/EBWebView/Default/Session Storage/MANIFEST-000001
 create mode 100644 bin/Release/HorizonData/EBWebView/Default/Sessions/Session_13419757923248150
 create mode 100644 bin/Release/HorizonData/EBWebView/Default/Shared Dictionary/cache/index
 create mode 100644 bin/Release/HorizonData/EBWebView/Default/Shared Dictionary/cache/index-dir/the-real-index
 create mode 100644 bin/Release/HorizonData/EBWebView/Default/Shared Dictionary/db
 create mode 100644 bin/Release/HorizonData/EBWebView/Default/Shared Dictionary/db-journal
 create mode 100644 bin/Release/HorizonData/EBWebView/Default/SharedStorage
 create mode 100644 bin/Release/HorizonData/EBWebView/Default/Shortcuts
 create mode 100644 bin/Release/HorizonData/EBWebView/Default/Shortcuts-journal
 create mode 100644 bin/Release/HorizonData/EBWebView/Default/Site Characteristics Database/000003.log
 create mode 100644 bin/Release/HorizonData/EBWebView/Default/Site Characteristics Database/CURRENT
 create mode 100644 bin/Release/HorizonData/EBWebView/Default/Site Characteristics Database/LOCK
 create mode 100644 bin/Release/HorizonData/EBWebView/Default/Site Characteristics Database/LOG
 create mode 100644 bin/Release/HorizonData/EBWebView/Default/Site Characteristics Database/LOG.old
 create mode 100644 bin/Release/HorizonData/EBWebView/Default/Site Characteristics Database/MANIFEST-000001
 create mode 100644 bin/Release/HorizonData/EBWebView/Default/Sync Data/LevelDB/000003.log
 create mode 100644 bin/Release/HorizonData/EBWebView/Default/Sync Data/LevelDB/CURRENT
 create mode 100644 bin/Release/HorizonData/EBWebView/Default/Sync Data/LevelDB/LOCK
 create mode 100644 bin/Release/HorizonData/EBWebView/Default/Sync Data/LevelDB/LOG
 create mode 100644 bin/Release/HorizonData/EBWebView/Default/Sync Data/LevelDB/LOG.old
 create mode 100644 bin/Release/HorizonData/EBWebView/Default/Sync Data/LevelDB/MANIFEST-000001
 create mode 100644 bin/Release/HorizonData/EBWebView/Default/Sync Extension Settings/bjchemafiampldmkfmpigfoakogialkl/000003.log
 create mode 100644 bin/Release/HorizonData/EBWebView/Default/Sync Extension Settings/bjchemafiampldmkfmpigfoakogialkl/CURRENT
 create mode 100644 bin/Release/HorizonData/EBWebView/Default/Sync Extension Settings/bjchemafiampldmkfmpigfoakogialkl/LOCK
 create mode 100644 bin/Release/HorizonData/EBWebView/Default/Sync Extension Settings/bjchemafiampldmkfmpigfoakogialkl/LOG
 create mode 100644 bin/Release/HorizonData/EBWebView/Default/Sync Extension Settings/bjchemafiampldmkfmpigfoakogialkl/MANIFEST-000001
 create mode 100644 bin/Release/HorizonData/EBWebView/Default/Sync Extension Settings/enpiaeoobofcpedppdnooadnbaldkjih/000003.log
 create mode 100644 bin/Release/HorizonData/EBWebView/Default/Sync Extension Settings/enpiaeoobofcpedppdnooadnbaldkjih/CURRENT
 create mode 100644 bin/Release/HorizonData/EBWebView/Default/Sync Extension Settings/enpiaeoobofcpedppdnooadnbaldkjih/LOCK
 create mode 100644 bin/Release/HorizonData/EBWebView/Default/Sync Extension Settings/enpiaeoobofcpedppdnooadnbaldkjih/LOG
 create mode 100644 bin/Release/HorizonData/EBWebView/Default/Sync Extension Settings/enpiaeoobofcpedppdnooadnbaldkjih/LOG.old
 create mode 100644 bin/Release/HorizonData/EBWebView/Default/Sync Extension Settings/enpiaeoobofcpedppdnooadnbaldkjih/MANIFEST-000001
 create mode 100644 bin/Release/HorizonData/EBWebView/Default/Sync Extension Settings/fennofgmefeblbegldihhmpehdehoflg/000003.log
 create mode 100644 bin/Release/HorizonData/EBWebView/Default/Sync Extension Settings/fennofgmefeblbegldihhmpehdehoflg/CURRENT
 create mode 100644 bin/Release/HorizonData/EBWebView/Default/Sync Extension Settings/fennofgmefeblbegldihhmpehdehoflg/LOCK
 create mode 100644 bin/Release/HorizonData/EBWebView/Default/Sync Extension Settings/fennofgmefeblbegldihhmpehdehoflg/LOG
 create mode 100644 bin/Release/HorizonData/EBWebView/Default/Sync Extension Settings/fennofgmefeblbegldihhmpehdehoflg/LOG.old
 create mode 100644 bin/Release/HorizonData/EBWebView/Default/Sync Extension Settings/fennofgmefeblbegldihhmpehdehoflg/MANIFEST-000001
 create mode 100644 bin/Release/HorizonData/EBWebView/Default/Sync Extension Settings/llafjhmkffdlhpiojoipllmmedhckpgh/000003.log
 create mode 100644 bin/Release/HorizonData/EBWebView/Default/Sync Extension Settings/llafjhmkffdlhpiojoipllmmedhckpgh/CURRENT
 create mode 100644 bin/Release/HorizonData/EBWebView/Default/Sync Extension Settings/llafjhmkffdlhpiojoipllmmedhckpgh/LOCK
 create mode 100644 bin/Release/HorizonData/EBWebView/Default/Sync Extension Settings/llafjhmkffdlhpiojoipllmmedhckpgh/LOG
 create mode 100644 bin/Release/HorizonData/EBWebView/Default/Sync Extension Settings/llafjhmkffdlhpiojoipllmmedhckpgh/LOG.old
 create mode 100644 bin/Release/HorizonData/EBWebView/Default/Sync Extension Settings/llafjhmkffdlhpiojoipllmmedhckpgh/MANIFEST-000001
 create mode 100644 bin/Release/HorizonData/EBWebView/Default/Top Sites
 create mode 100644 bin/Release/HorizonData/EBWebView/Default/Top Sites-journal
 create mode 100644 bin/Release/HorizonData/EBWebView/Default/VideoDecodeStats/LOCK
 create mode 100644 bin/Release/HorizonData/EBWebView/Default/VideoDecodeStats/LOG
 create mode 100644 bin/Release/HorizonData/EBWebView/Default/Vpn Tokens
 create mode 100644 bin/Release/HorizonData/EBWebView/Default/Vpn Tokens-journal
 create mode 100644 bin/Release/HorizonData/EBWebView/Default/Web Data
 create mode 100644 bin/Release/HorizonData/EBWebView/Default/Web Data-journal
 create mode 100644 bin/Release/HorizonData/EBWebView/Default/WebStorage/QuotaManager
 create mode 100644 bin/Release/HorizonData/EBWebView/Default/WebStorage/QuotaManager-journal
 create mode 100644 bin/Release/HorizonData/EBWebView/Default/commerce_subscription_db/LOCK
 create mode 100644 bin/Release/HorizonData/EBWebView/Default/commerce_subscription_db/LOG
 create mode 100644 bin/Release/HorizonData/EBWebView/Default/commerce_subscription_db/LOG.old
 create mode 100644 bin/Release/HorizonData/EBWebView/Default/discount_infos_db/LOCK
 create mode 100644 bin/Release/HorizonData/EBWebView/Default/discount_infos_db/LOG
 create mode 100644 bin/Release/HorizonData/EBWebView/Default/discount_infos_db/LOG.old
 create mode 100644 bin/Release/HorizonData/EBWebView/Default/discounts_db/LOCK
 create mode 100644 bin/Release/HorizonData/EBWebView/Default/discounts_db/LOG
 create mode 100644 bin/Release/HorizonData/EBWebView/Default/discounts_db/LOG.old
 create mode 100644 bin/Release/HorizonData/EBWebView/Default/favorites_diagnostic.log
 create mode 100644 bin/Release/HorizonData/EBWebView/Default/heavy_ad_intervention_opt_out.db
 create mode 100644 bin/Release/HorizonData/EBWebView/Default/heavy_ad_intervention_opt_out.db-journal
 create mode 100644 bin/Release/HorizonData/EBWebView/Default/optimization_guide_hint_cache_store/LOCK
 create mode 100644 bin/Release/HorizonData/EBWebView/Default/optimization_guide_hint_cache_store/LOG
 create mode 100644 bin/Release/HorizonData/EBWebView/Default/optimization_guide_hint_cache_store/LOG.old
 create mode 100644 bin/Release/HorizonData/EBWebView/Default/parcel_tracking_db/LOCK
 create mode 100644 bin/Release/HorizonData/EBWebView/Default/parcel_tracking_db/LOG
 create mode 100644 bin/Release/HorizonData/EBWebView/Default/parcel_tracking_db/LOG.old
 create mode 100644 bin/Release/HorizonData/EBWebView/Default/shared_proto_db/000003.log
 create mode 100644 bin/Release/HorizonData/EBWebView/Default/shared_proto_db/CURRENT
 create mode 100644 bin/Release/HorizonData/EBWebView/Default/shared_proto_db/LOCK
 create mode 100644 bin/Release/HorizonData/EBWebView/Default/shared_proto_db/LOG
 create mode 100644 bin/Release/HorizonData/EBWebView/Default/shared_proto_db/LOG.old
 create mode 100644 bin/Release/HorizonData/EBWebView/Default/shared_proto_db/MANIFEST-000001
 create mode 100644 bin/Release/HorizonData/EBWebView/Default/shared_proto_db/metadata/000003.log
 create mode 100644 bin/Release/HorizonData/EBWebView/Default/shared_proto_db/metadata/CURRENT
 create mode 100644 bin/Release/HorizonData/EBWebView/Default/shared_proto_db/metadata/LOCK
 create mode 100644 bin/Release/HorizonData/EBWebView/Default/shared_proto_db/metadata/LOG
 create mode 100644 bin/Release/HorizonData/EBWebView/Default/shared_proto_db/metadata/LOG.old
 create mode 100644 bin/Release/HorizonData/EBWebView/Default/shared_proto_db/metadata/MANIFEST-000001
 create mode 100644 bin/Release/HorizonData/EBWebView/GPUPersistentCache/DawnGraphiteCache/MNIWWJ6LYBXKQS7RZ2KZNUZ3QHFNW4K3/cache.db
 create mode 100644 bin/Release/HorizonData/EBWebView/GPUPersistentCache/DawnGraphiteCache/MNIWWJ6LYBXKQS7RZ2KZNUZ3QHFNW4K3/cache.db-wal
 create mode 100644 bin/Release/HorizonData/EBWebView/GPUPersistentCache/DawnGraphiteCache/MNIWWJ6LYBXKQS7RZ2KZNUZ3QHFNW4K3/cache.journal
 create mode 100644 bin/Release/HorizonData/EBWebView/GrShaderCache/data_0
 create mode 100644 bin/Release/HorizonData/EBWebView/GrShaderCache/data_1
 create mode 100644 bin/Release/HorizonData/EBWebView/GrShaderCache/data_2
 create mode 100644 bin/Release/HorizonData/EBWebView/GrShaderCache/data_3
 create mode 100644 bin/Release/HorizonData/EBWebView/GrShaderCache/f_000001
 create mode 100644 bin/Release/HorizonData/EBWebView/GrShaderCache/f_000002
 create mode 100644 bin/Release/HorizonData/EBWebView/GrShaderCache/f_000003
 create mode 100644 bin/Release/HorizonData/EBWebView/GrShaderCache/f_000004
 create mode 100644 bin/Release/HorizonData/EBWebView/GrShaderCache/f_000005
 create mode 100644 bin/Release/HorizonData/EBWebView/GrShaderCache/f_000006
 create mode 100644 bin/Release/HorizonData/EBWebView/GrShaderCache/index
 create mode 100644 bin/Release/HorizonData/EBWebView/GraphiteDawnCache/data_0
 create mode 100644 bin/Release/HorizonData/EBWebView/GraphiteDawnCache/data_1
 create mode 100644 bin/Release/HorizonData/EBWebView/GraphiteDawnCache/data_2
 create mode 100644 bin/Release/HorizonData/EBWebView/GraphiteDawnCache/data_3
 create mode 100644 bin/Release/HorizonData/EBWebView/GraphiteDawnCache/index
 create mode 100644 bin/Release/HorizonData/EBWebView/Last Version
 create mode 100644 bin/Release/HorizonData/EBWebView/Local State
 create mode 100644 bin/Release/HorizonData/EBWebView/OriginTrials/0.0.1.7/manifest.json
 create mode 100644 bin/Release/HorizonData/EBWebView/PKIMetadata/46.0.0.0/crs.pb
 create mode 100644 bin/Release/HorizonData/EBWebView/PKIMetadata/46.0.0.0/ct_config.pb
 create mode 100644 bin/Release/HorizonData/EBWebView/PKIMetadata/46.0.0.0/kp_pinslist.pb
 create mode 100644 bin/Release/HorizonData/EBWebView/PKIMetadata/46.0.0.0/manifest.json
 create mode 100644 bin/Release/HorizonData/EBWebView/ShaderCache/data_0
 create mode 100644 bin/Release/HorizonData/EBWebView/ShaderCache/data_1
 create mode 100644 bin/Release/HorizonData/EBWebView/ShaderCache/data_2
 create mode 100644 bin/Release/HorizonData/EBWebView/ShaderCache/data_3
 create mode 100644 bin/Release/HorizonData/EBWebView/ShaderCache/index
 create mode 100644 bin/Release/HorizonData/EBWebView/Speech Recognition/1.15.0.1/Microsoft.CognitiveServices.Speech.core.dll
 create mode 100644 bin/Release/HorizonData/EBWebView/Speech Recognition/1.15.0.1/manifest.json
 create mode 100644 bin/Release/HorizonData/EBWebView/Subresource Filter/Indexed Rules/37/10.34.0.84/LICENSE
 create mode 100644 bin/Release/HorizonData/EBWebView/Subresource Filter/Indexed Rules/37/10.34.0.84/Ruleset Data
 create mode 100644 bin/Release/HorizonData/EBWebView/Subresource Filter/Unindexed Rules/10.34.0.84/Filtering Rules
 create mode 100644 bin/Release/HorizonData/EBWebView/Subresource Filter/Unindexed Rules/10.34.0.84/Filtering Rules-AA
 create mode 100644 bin/Release/HorizonData/EBWebView/Subresource Filter/Unindexed Rules/10.34.0.84/Filtering Rules-CA
 create mode 100644 bin/Release/HorizonData/EBWebView/Subresource Filter/Unindexed Rules/10.34.0.84/LICENSE
 create mode 100644 bin/Release/HorizonData/EBWebView/Subresource Filter/Unindexed Rules/10.34.0.84/Part-DE
 create mode 100644 bin/Release/HorizonData/EBWebView/Subresource Filter/Unindexed Rules/10.34.0.84/Part-ES
 create mode 100644 bin/Release/HorizonData/EBWebView/Subresource Filter/Unindexed Rules/10.34.0.84/Part-FR
 create mode 100644 bin/Release/HorizonData/EBWebView/Subresource Filter/Unindexed Rules/10.34.0.84/Part-IT
 create mode 100644 bin/Release/HorizonData/EBWebView/Subresource Filter/Unindexed Rules/10.34.0.84/Part-NL
 create mode 100644 bin/Release/HorizonData/EBWebView/Subresource Filter/Unindexed Rules/10.34.0.84/Part-RU
 create mode 100644 bin/Release/HorizonData/EBWebView/Subresource Filter/Unindexed Rules/10.34.0.84/Part-ZH
 create mode 100644 bin/Release/HorizonData/EBWebView/Subresource Filter/Unindexed Rules/10.34.0.84/adblock_snippet.js
 create mode 100644 bin/Release/HorizonData/EBWebView/Subresource Filter/Unindexed Rules/10.34.0.84/manifest.json
 create mode 100644 bin/Release/HorizonData/EBWebView/TrustTokenKeyCommitments/2026.3.23.1/LICENSE
 create mode 100644 bin/Release/HorizonData/EBWebView/TrustTokenKeyCommitments/2026.3.23.1/_metadata/verified_contents.json
 create mode 100644 bin/Release/HorizonData/EBWebView/TrustTokenKeyCommitments/2026.3.23.1/keys.json
 create mode 100644 bin/Release/HorizonData/EBWebView/TrustTokenKeyCommitments/2026.3.23.1/manifest.json
 create mode 100644 bin/Release/HorizonData/EBWebView/Variations
 create mode 100644 bin/Release/HorizonData/EBWebView/component_crx_cache/bec8ead1da3c9600fe66bbcc0e7a9bed9a184c1be821b4d23570c6b7af7f0410
 create mode 100644 bin/Release/HorizonData/EBWebView/component_crx_cache/metadata.json
 create mode 100644 bin/Release/HorizonData/EBWebView/extensions_crx_cache/metadata.json
 create mode 100644 bin/Release/HorizonData/EBWebView/hyphen-data/120.0.6050.0/_metadata/verified_contents.json
 create mode 100644 bin/Release/HorizonData/EBWebView/hyphen-data/120.0.6050.0/hyph-af.hyb
 create mode 100644 bin/Release/HorizonData/EBWebView/hyphen-data/120.0.6050.0/hyph-as.hyb
 create mode 100644 bin/Release/HorizonData/EBWebView/hyphen-data/120.0.6050.0/hyph-be.hyb
 create mode 100644 bin/Release/HorizonData/EBWebView/hyphen-data/120.0.6050.0/hyph-bg.hyb
 create mode 100644 bin/Release/HorizonData/EBWebView/hyphen-data/120.0.6050.0/hyph-bn.hyb
 create mode 100644 bin/Release/HorizonData/EBWebView/hyphen-data/120.0.6050.0/hyph-cs.hyb
 create mode 100644 bin/Release/HorizonData/EBWebView/hyphen-data/120.0.6050.0/hyph-cu.hyb
 create mode 100644 bin/Release/HorizonData/EBWebView/hyphen-data/120.0.6050.0/hyph-cy.hyb
 create mode 100644 bin/Release/HorizonData/EBWebView/hyphen-data/120.0.6050.0/hyph-da.hyb
 create mode 100644 bin/Release/HorizonData/EBWebView/hyphen-data/120.0.6050.0/hyph-de-1901.hyb
 create mode 100644 bin/Release/HorizonData/EBWebView/hyphen-data/120.0.6050.0/hyph-de-1996.hyb
 create mode 100644 bin/Release/HorizonData/EBWebView/hyphen-data/120.0.6050.0/hyph-de-ch-1901.hyb
 create mode 100644 bin/Release/HorizonData/EBWebView/hyphen-data/120.0.6050.0/hyph-el.hyb
 create mode 100644 bin/Release/HorizonData/EBWebView/hyphen-data/120.0.6050.0/hyph-en-gb.hyb
 create mode 100644 bin/Release/HorizonData/EBWebView/hyphen-data/120.0.6050.0/hyph-en-us.hyb
 create mode 100644 bin/Release/HorizonData/EBWebView/hyphen-data/120.0.6050.0/hyph-es.hyb
 create mode 100644 bin/Release/HorizonData/EBWebView/hyphen-data/120.0.6050.0/hyph-et.hyb
 create mode 100644 bin/Release/HorizonData/EBWebView/hyphen-data/120.0.6050.0/hyph-eu.hyb
 create mode 100644 bin/Release/HorizonData/EBWebView/hyphen-data/120.0.6050.0/hyph-fr.hyb
 create mode 100644 bin/Release/HorizonData/EBWebView/hyphen-data/120.0.6050.0/hyph-ga.hyb
 create mode 100644 bin/Release/HorizonData/EBWebView/hyphen-data/120.0.6050.0/hyph-gl.hyb
 create mode 100644 bin/Release/HorizonData/EBWebView/hyphen-data/120.0.6050.0/hyph-gu.hyb
 create mode 100644 bin/Release/HorizonData/EBWebView/hyphen-data/120.0.6050.0/hyph-hi.hyb
 create mode 100644 bin/Release/HorizonData/EBWebView/hyphen-data/120.0.6050.0/hyph-hr.hyb
 create mode 100644 bin/Release/HorizonData/EBWebView/hyphen-data/120.0.6050.0/hyph-hu.hyb
 create mode 100644 bin/Release/HorizonData/EBWebView/hyphen-data/120.0.6050.0/hyph-hy.hyb
 create mode 100644 bin/Release/HorizonData/EBWebView/hyphen-data/120.0.6050.0/hyph-it.hyb
 create mode 100644 bin/Release/HorizonData/EBWebView/hyphen-data/120.0.6050.0/hyph-ka.hyb
 create mode 100644 bin/Release/HorizonData/EBWebView/hyphen-data/120.0.6050.0/hyph-kn.hyb
 create mode 100644 bin/Release/HorizonData/EBWebView/hyphen-data/120.0.6050.0/hyph-la.hyb
 create mode 100644 bin/Release/HorizonData/EBWebView/hyphen-data/120.0.6050.0/hyph-lt.hyb
 create mode 100644 bin/Release/HorizonData/EBWebView/hyphen-data/120.0.6050.0/hyph-lv.hyb
 create mode 100644 bin/Release/HorizonData/EBWebView/hyphen-data/120.0.6050.0/hyph-ml.hyb
 create mode 100644 bin/Release/HorizonData/EBWebView/hyphen-data/120.0.6050.0/hyph-mn-cyrl.hyb
 create mode 100644 bin/Release/HorizonData/EBWebView/hyphen-data/120.0.6050.0/hyph-mr.hyb
 create mode 100644 bin/Release/HorizonData/EBWebView/hyphen-data/120.0.6050.0/hyph-mul-ethi.hyb
 create mode 100644 bin/Release/HorizonData/EBWebView/hyphen-data/120.0.6050.0/hyph-nb.hyb
 create mode 100644 bin/Release/HorizonData/EBWebView/hyphen-data/120.0.6050.0/hyph-nl.hyb
 create mode 100644 bin/Release/HorizonData/EBWebView/hyphen-data/120.0.6050.0/hyph-nn.hyb
 create mode 100644 bin/Release/HorizonData/EBWebView/hyphen-data/120.0.6050.0/hyph-or.hyb
 create mode 100644 bin/Release/HorizonData/EBWebView/hyphen-data/120.0.6050.0/hyph-pa.hyb
 create mode 100644 bin/Release/HorizonData/EBWebView/hyphen-data/120.0.6050.0/hyph-pt.hyb
 create mode 100644 bin/Release/HorizonData/EBWebView/hyphen-data/120.0.6050.0/hyph-ru.hyb
 create mode 100644 bin/Release/HorizonData/EBWebView/hyphen-data/120.0.6050.0/hyph-sk.hyb
 create mode 100644 bin/Release/HorizonData/EBWebView/hyphen-data/120.0.6050.0/hyph-sl.hyb
 create mode 100644 bin/Release/HorizonData/EBWebView/hyphen-data/120.0.6050.0/hyph-sq.hyb
 create mode 100644 bin/Release/HorizonData/EBWebView/hyphen-data/120.0.6050.0/hyph-sv.hyb
 create mode 100644 bin/Release/HorizonData/EBWebView/hyphen-data/120.0.6050.0/hyph-ta.hyb
 create mode 100644 bin/Release/HorizonData/EBWebView/hyphen-data/120.0.6050.0/hyph-te.hyb
 create mode 100644 bin/Release/HorizonData/EBWebView/hyphen-data/120.0.6050.0/hyph-tk.hyb
 create mode 100644 bin/Release/HorizonData/EBWebView/hyphen-data/120.0.6050.0/hyph-uk.hyb
 create mode 100644 bin/Release/HorizonData/EBWebView/hyphen-data/120.0.6050.0/hyph-und-ethi.hyb
 create mode 100644 bin/Release/HorizonData/EBWebView/hyphen-data/120.0.6050.0/manifest.json
 create mode 100644 bin/Release/HorizonData/FaviconCache/1mov.lol.png
 create mode 100644 bin/Release/HorizonData/FaviconCache/accounts.google.com.png
 create mode 100644 bin/Release/HorizonData/FaviconCache/alohafind.com.png
 create mode 100644 bin/Release/HorizonData/FaviconCache/chromewebstore.google.com.png
 create mode 100644 bin/Release/HorizonData/FaviconCache/claude.ai.png
 create mode 100644 bin/Release/HorizonData/FaviconCache/claude.com.png
 create mode 100644 bin/Release/HorizonData/FaviconCache/docs.google.com.png
 create mode 100644 bin/Release/HorizonData/FaviconCache/feedbackcol-nszemvwz.manus.space.png
 create mode 100644 bin/Release/HorizonData/FaviconCache/forum.ubden.com.tr.png
 create mode 100644 bin/Release/HorizonData/FaviconCache/gemini.google.com.png
 create mode 100644 bin/Release/HorizonData/FaviconCache/ghappstore-j93n3sq2.manus.space.png
 create mode 100644 bin/Release/HorizonData/FaviconCache/github.com.png
 create mode 100644 bin/Release/HorizonData/FaviconCache/hianimes.se.png
 create mode 100644 bin/Release/HorizonData/FaviconCache/mail.google.com.png
 create mode 100644 bin/Release/HorizonData/FaviconCache/manus.im.png
 create mode 100644 bin/Release/HorizonData/FaviconCache/manussend-8ladxhzk.manus.space.png
 create mode 100644 bin/Release/HorizonData/FaviconCache/mdl.fcst.tu-sofia.bg.png
 create mode 100644 bin/Release/HorizonData/FaviconCache/music.youtube.com.png
 create mode 100644 bin/Release/HorizonData/FaviconCache/myaccount.google.com.png
 create mode 100644 bin/Release/HorizonData/FaviconCache/notebooklm.google.com.png
 create mode 100644 bin/Release/HorizonData/FaviconCache/photos.google.com.png
 create mode 100644 bin/Release/HorizonData/FaviconCache/steamcommunity.com.png
 create mode 100644 bin/Release/HorizonData/FaviconCache/support.google.com.png
 create mode 100644 bin/Release/HorizonData/FaviconCache/thebyteseffect.com.png
 create mode 100644 bin/Release/HorizonData/FaviconCache/thepiratebay.party.png
 create mode 100644 bin/Release/HorizonData/FaviconCache/tu-sofia.bg.png
 create mode 100644 bin/Release/HorizonData/FaviconCache/v1.tldrthis.com.png
 create mode 100644 bin/Release/HorizonData/FaviconCache/web.telegram.org.png
 create mode 100644 bin/Release/HorizonData/FaviconCache/www.ageofempires.com.png
 create mode 100644 bin/Release/HorizonData/FaviconCache/www.anthropic.com.png
 create mode 100644 bin/Release/HorizonData/FaviconCache/www.crunchyroll.com.png
 create mode 100644 bin/Release/HorizonData/FaviconCache/www.emag.bg.png
 create mode 100644 bin/Release/HorizonData/FaviconCache/www.google.com.png
 create mode 100644 bin/Release/HorizonData/FaviconCache/www.microsoft.com.png
 create mode 100644 bin/Release/HorizonData/FaviconCache/www.pirateproxy-bay.com.png
 create mode 100644 bin/Release/HorizonData/FaviconCache/www.reddit.com.png
 create mode 100644 bin/Release/HorizonData/FaviconCache/www.sublimehq.com.png
 create mode 100644 bin/Release/HorizonData/FaviconCache/www.youtube.com.png
 create mode 100644 bin/Release/HorizonData/config.json
 create mode 100644 bin/Release/HorizonData/flux_sort_defaults.json
 create mode 100644 bin/Release/LICENSE.txt
 create mode 100644 bin/Release/Microsoft.Data.Sqlite.dll
 create mode 100644 bin/Release/Microsoft.Web.WebView2.Core.dll
 create mode 100644 bin/Release/Microsoft.Web.WebView2.Core.xml
 create mode 100644 bin/Release/Microsoft.Web.WebView2.WinForms.dll
 create mode 100644 bin/Release/Microsoft.Web.WebView2.WinForms.xml
 create mode 100644 bin/Release/Microsoft.Web.WebView2.Wpf.dll
 create mode 100644 bin/Release/Microsoft.Web.WebView2.Wpf.xml
 create mode 100644 bin/Release/Microsoft.Windows.SDK.NET.dll
 create mode 100644 bin/Release/SQLitePCLRaw.batteries_v2.dll
 create mode 100644 bin/Release/SQLitePCLRaw.core.dll
 create mode 100644 bin/Release/SQLitePCLRaw.provider.e_sqlite3.dll
 create mode 100644 bin/Release/Update_manager.bat
 create mode 100644 bin/Release/WebView2Loader.dll
 create mode 100644 bin/Release/WinRT.Runtime.dll
 create mode 100644 bin/Release/e_sqlite3.dll
 create mode 100644 bin/Release/logs/crash_tape_20260430_144609.err
 create mode 100644 bin/Release/logs/crash_tape_20260515_135329.err
 create mode 100644 bin/Release/logs/crash_tape_20260709_222321.err
 create mode 100644 bin/Release/logs/crash_tape_20260709_224239.err
 create mode 100644 bin/Release/logs/crash_tape_20260709_224412.err
 create mode 100644 bin/Release/logs/crash_tape_20260709_224442.err
 create mode 100644 bin/Release/logs/debug_20260404_093156.log
 create mode 100644 bin/Release/logs/debug_20260404_093251.log
 create mode 100644 bin/Release/logs/debug_20260404_093306.log
 create mode 100644 bin/Release/logs/debug_20260406_232707.log
 create mode 100644 bin/Release/logs/debug_20260406_232828.log
 create mode 100644 bin/Release/logs/debug_20260421_162513.log
 create mode 100644 bin/Release/logs/debug_20260430_144609.log
 create mode 100644 bin/Release/logs/debug_20260430_144815.log
 create mode 100644 bin/Release/logs/debug_20260430_214934.log
 create mode 100644 bin/Release/logs/debug_20260430_215004.log
 create mode 100644 bin/Release/logs/debug_20260430_215851.log
 create mode 100644 bin/Release/logs/debug_20260515_135329.log
 create mode 100644 bin/Release/logs/debug_20260519_154609.log
 create mode 100644 bin/Release/logs/debug_20260522_185701.log
 create mode 100644 bin/Release/logs/debug_20260522_195217.log
 create mode 100644 bin/Release/logs/debug_20260522_195906.log
 create mode 100644 bin/Release/logs/debug_20260522_195937.log
 create mode 100644 bin/Release/logs/debug_20260523_005559.log
 create mode 100644 bin/Release/logs/debug_20260605_205908.log
 create mode 100644 bin/Release/logs/debug_20260605_210218.log
 create mode 100644 bin/Release/logs/debug_20260605_210222.log
 create mode 100644 bin/Release/logs/debug_20260709_222321.log
 create mode 100644 bin/Release/logs/debug_20260709_224239.log
 create mode 100644 bin/Release/logs/debug_20260709_224412.log
 create mode 100644 bin/Release/logs/debug_20260709_224442.log
 create mode 100644 bin/Release/net8.0-windows10.0.19041.0/win-x64/Horizon.Browser.deps.json
 create mode 100644 bin/Release/net8.0-windows10.0.19041.0/win-x64/Horizon.Browser.dll
 create mode 100644 bin/Release/net8.0-windows10.0.19041.0/win-x64/Horizon.Browser.exe
 create mode 100644 bin/Release/net8.0-windows10.0.19041.0/win-x64/Horizon.Browser.pdb
 create mode 100644 bin/Release/net8.0-windows10.0.19041.0/win-x64/Horizon.Browser.runtimeconfig.json
 create mode 100644 bin/Release/net8.0-windows10.0.19041.0/win-x64/Horizon.Stealth.deps.json
 create mode 100644 bin/Release/net8.0-windows10.0.19041.0/win-x64/Horizon.Stealth.dll
 create mode 100644 bin/Release/net8.0-windows10.0.19041.0/win-x64/Horizon.Stealth.exe
 create mode 100644 bin/Release/net8.0-windows10.0.19041.0/win-x64/Horizon.Stealth.pdb
 create mode 100644 bin/Release/net8.0-windows10.0.19041.0/win-x64/Horizon.Stealth.runtimeconfig.json
 create mode 100644 bin/Release/net8.0-windows10.0.19041.0/win-x64/Microsoft.Data.Sqlite.dll
 create mode 100644 bin/Release/net8.0-windows10.0.19041.0/win-x64/Microsoft.Web.WebView2.Core.dll
 create mode 100644 bin/Release/net8.0-windows10.0.19041.0/win-x64/Microsoft.Web.WebView2.Core.xml
 create mode 100644 bin/Release/net8.0-windows10.0.19041.0/win-x64/Microsoft.Web.WebView2.WinForms.dll
 create mode 100644 bin/Release/net8.0-windows10.0.19041.0/win-x64/Microsoft.Web.WebView2.WinForms.xml
 create mode 100644 bin/Release/net8.0-windows10.0.19041.0/win-x64/Microsoft.Web.WebView2.Wpf.dll
 create mode 100644 bin/Release/net8.0-windows10.0.19041.0/win-x64/Microsoft.Web.WebView2.Wpf.xml
 create mode 100644 bin/Release/net8.0-windows10.0.19041.0/win-x64/Microsoft.Windows.SDK.NET.dll
 create mode 100644 bin/Release/net8.0-windows10.0.19041.0/win-x64/SQLitePCLRaw.batteries_v2.dll
 create mode 100644 bin/Release/net8.0-windows10.0.19041.0/win-x64/SQLitePCLRaw.core.dll
 create mode 100644 bin/Release/net8.0-windows10.0.19041.0/win-x64/SQLitePCLRaw.provider.e_sqlite3.dll
 create mode 100644 bin/Release/net8.0-windows10.0.19041.0/win-x64/WebView2Loader.dll
 create mode 100644 bin/Release/net8.0-windows10.0.19041.0/win-x64/WinRT.Runtime.dll
 create mode 100644 bin/Release/net8.0-windows10.0.19041.0/win-x64/e_sqlite3.dll
 create mode 100644 bin/Release/net8.0-windows10.0.19041.0/win-x64/runtimes/win-x64/native/WebView2Loader.dll
 create mode 100644 bin/Release/path.txt
 create mode 100644 bin/Release/runtimes/win-x64/native/WebView2Loader.dll
 create mode 100644 bin/Release/version.txt
 create mode 100644 code_files/!START_Horizon_Browser.lnk
 create mode 100644 code_files/.gitignore
 create mode 100644 code_files/App.xaml
 create mode 100644 code_files/App.xaml.cs
 create mode 100644 code_files/Build_Release.bat
 create mode 100644 code_files/Build_Release_FAST.bat
 create mode 100644 code_files/Controls/BrowserView.xaml
 create mode 100644 code_files/Controls/BrowserView.xaml.cs
 create mode 100644 code_files/Controls/FluxSidebar.xaml
 create mode 100644 code_files/Controls/FluxSidebar.xaml.cs
 create mode 100644 code_files/Controls/Omnibox.xaml
 create mode 100644 code_files/Controls/Omnibox.xaml.cs
 create mode 100644 code_files/Controls/PdfOpenDialog.xaml
 create mode 100644 code_files/Controls/PdfOpenDialog.xaml.cs
 create mode 100644 code_files/Controls/VaultSidebar.xaml
 create mode 100644 code_files/Controls/VaultSidebar.xaml.cs
 create mode 100644 code_files/Core/ExtensionInstaller.cs
 create mode 100644 code_files/Core/StealthEnvironment.cs
 create mode 100644 code_files/Core/TabColorPaletteExtractor.cs
 create mode 100644 code_files/Horizon.Browser.csproj
 create mode 100644 code_files/Horizon.bat
 create mode 100644 code_files/Horizon_Bootstrapper.bat
 create mode 100644 code_files/Install_Horizon_Browser_beta.ifp
 create mode 100644 code_files/LICENSE
 create mode 100644 code_files/LICENSE.rtf
 create mode 100644 code_files/LICENSE.txt
 create mode 100644 code_files/MainWindow.AdvancedCalc.cs
 create mode 100644 code_files/MainWindow.Widgets.cs
 create mode 100644 code_files/MainWindow.xaml
 create mode 100644 code_files/MainWindow.xaml.cs
 create mode 100644 code_files/MainWindow.xaml.cs.bak
 create mode 100644 code_files/Output/Setup_Horizon_Browser_Beta.exe
 create mode 100644 code_files/PRIVACY_POLICY.md
 create mode 100644 code_files/README.md
 create mode 100644 code_files/Services/AccountSyncService.cs
 create mode 100644 code_files/Services/BackgroundKeepAliveService.cs
 create mode 100644 code_files/Services/BookmarksService.cs
 create mode 100644 code_files/Services/BrowserDetectionService.cs
 create mode 100644 code_files/Services/CacheJanitorService.cs
 create mode 100644 code_files/Services/ChromiumHarvester.cs
 create mode 100644 code_files/Services/ConfigService.cs
 create mode 100644 code_files/Services/ExtensionRecord.cs
 create mode 100644 code_files/Services/ExtensionService.cs
 create mode 100644 code_files/Services/FluxJanitorService.cs
 create mode 100644 code_files/Services/GithubUpdateService.cs
 create mode 100644 code_files/Services/HealthService.cs
 create mode 100644 code_files/Services/HistoryService.cs
 create mode 100644 code_files/Services/HomePageService.cs
 create mode 100644 code_files/Services/LogService.cs
 create mode 100644 code_files/Services/MediaDownloadService.cs
 create mode 100644 code_files/Services/SettingsService.cs
 create mode 100644 code_files/Services/TabSleepRulesService.cs
 create mode 100644 code_files/Services/ThemeService.cs
 create mode 100644 code_files/Services/VaultService.cs
 create mode 100644 code_files/Setup_Horizon_Browser_Alpha.ifp
 create mode 100644 code_files/Setup_Horizon_Browser_Beta.ifp
 create mode 100644 code_files/Setup_Horizon_Browser_Beta.iss
 create mode 100644 code_files/Themes/Horizon.xaml
 create mode 100644 code_files/Themes/Light.xaml
 create mode 100644 code_files/Themes/Redmond.xaml
 create mode 100644 code_files/Uninstall/uninstall.bat
 create mode 100644 code_files/Update_manager.bat
 create mode 100644 code_files/Update_manager_OLD.bat
 create mode 100644 code_files/ViewModels/TabViewModel.cs
 create mode 100644 code_files/Views/LoginRecoveryDialog.xaml
 create mode 100644 code_files/Views/LoginRecoveryDialog.xaml.cs
 create mode 100644 code_files/Views/MaintenanceWindow.xaml
 create mode 100644 code_files/Views/MaintenanceWindow.xaml.cs
 create mode 100644 code_files/Views/NotificationToast.xaml
 create mode 100644 code_files/Views/NotificationToast.xaml.cs
 create mode 100644 code_files/Views/SettingsWindow.xaml
 create mode 100644 code_files/Views/SettingsWindow.xaml.cs
 create mode 100644 code_files/Views/TabSwitcherWindow.xaml
 create mode 100644 code_files/Views/TabSwitcherWindow.xaml.cs
 create mode 100644 code_files/backup.bat
 create mode 100644 code_files/changelog.txt
 create mode 100644 code_files/cookies.json
 create mode 100644 code_files/deploy_branch.bat
 create mode 100644 code_files/dir
 create mode 100644 code_files/emergency_log_failure.txt
 create mode 100644 code_files/extra_files.txt
 create mode 100644 code_files/history.json
 create mode 100644 code_files/horizon.conf
 create mode 100644 code_files/install_auto.ps1
 create mode 100644 code_files/logs/Setup_Bootstrapper.log
 create mode 100644 code_files/logs/horizon_update.log
 create mode 100644 code_files/logs/scan_debug_1776531966.log
 create mode 100644 code_files/logs/scan_debug_1776532031.log
 create mode 100644 code_files/logs/scan_debug_1776706586.log
 create mode 100644 code_files/logs/scan_debug_1776706631.log
 create mode 100644 code_files/logs/scan_debug_1782134229.log
 create mode 100644 code_files/logs/scan_debug_1782135107.log
 create mode 100644 code_files/logs/scan_debug_1782135140.log
 create mode 100644 code_files/logs/scan_debug_1782135373.log
 create mode 100644 code_files/maintenance_tool.bat
 create mode 100644 code_files/manage_build_files.bat
 create mode 100644 code_files/mapper_exclusions.txt
 create mode 100644 code_files/overlay.hta
 create mode 100644 code_files/path.txt
 create mode 100644 code_files/project_map_1782135374.txt
 create mode 100644 code_files/project_mapper.py
 create mode 100644 code_files/restore.bat
 create mode 100644 code_files/src/Gemini_Generated_Image_7395cs7395cs7395.ico
 create mode 100644 code_files/src/Gemini_Generated_Image_7395cs7395cs7395.png
 create mode 100644 code_files/src/icons/Gemini_Generated_Image_7395cs7395cs7395.ico
 create mode 100644 code_files/start_horizon.bat
 create mode 100644 code_files/start_mapper.bat
 create mode 100644 code_files/update.txt
 create mode 100644 code_files/update_orchestrator.bat
 create mode 100644 code_files/update_status.txt
 create mode 100644 code_files/version.txt
 create mode 100644 current_structure.txt
 create mode 100644 logs/deploy_20260713_220954.log
 create mode 100644 logs/deploy_20260713_221322.log
 create mode 100644 logs/deploy_20260713_221407.log
 create mode 100644 logs/deploy_20260713_221706.log
 create mode 100644 logs/deploy_20260713_222003.log
 create mode 100644 logs/deploy_20260713_222239.log
 create mode 100644 logs/deploy_20260713_223317.log
 create mode 100644 logs/deploy_20260713_223613.log
 create mode 100644 logs/deploy_20260713_230042.log
 create mode 100644 logs/deploy_20260713_231802.log
2026-09-21 16:36:52,422 [DEBUG] stderr: 
2026-09-21 16:36:52,422 [DEBUG] Running: git push -u origin official_release --progress
2026-09-21 16:36:54,844 [DEBUG] Enumerating objects: 1288, done.
2026-09-21 16:36:54,847 [DEBUG] Counting objects:   0% (1/1288)
2026-09-21 16:36:54,848 [DEBUG] Counting objects:   1% (13/1288)
2026-09-21 16:36:54,874 [DEBUG] Counting objects:   2% (26/1288)
2026-09-21 16:36:54,874 [DEBUG] Counting objects:   3% (39/1288)
2026-09-21 16:36:54,875 [DEBUG] Counting objects:   4% (52/1288)
2026-09-21 16:36:54,875 [DEBUG] Counting objects:   5% (65/1288)
2026-09-21 16:36:54,875 [DEBUG] Counting objects:   6% (78/1288)
2026-09-21 16:36:54,876 [DEBUG] Counting objects:   7% (91/1288)
2026-09-21 16:36:54,876 [DEBUG] Counting objects:   8% (104/1288)
2026-09-21 16:36:54,876 [DEBUG] Counting objects:   9% (116/1288)
2026-09-21 16:36:54,877 [DEBUG] Counting objects:  10% (129/1288)
2026-09-21 16:36:54,877 [DEBUG] Counting objects:  11% (142/1288)
2026-09-21 16:36:54,877 [DEBUG] Counting objects:  12% (155/1288)
2026-09-21 16:36:54,878 [DEBUG] Counting objects:  13% (168/1288)
2026-09-21 16:36:54,879 [DEBUG] Counting objects:  14% (181/1288)
2026-09-21 16:36:54,879 [DEBUG] Counting objects:  15% (194/1288)
2026-09-21 16:36:54,880 [DEBUG] Counting objects:  16% (207/1288)
2026-09-21 16:36:54,880 [DEBUG] Counting objects:  17% (219/1288)
2026-09-21 16:36:54,881 [DEBUG] Counting objects:  18% (232/1288)
2026-09-21 16:36:54,881 [DEBUG] Counting objects:  19% (245/1288)
2026-09-21 16:36:54,881 [DEBUG] Counting objects:  20% (258/1288)
2026-09-21 16:36:54,881 [DEBUG] Counting objects:  21% (271/1288)
2026-09-21 16:36:54,882 [DEBUG] Counting objects:  22% (284/1288)
2026-09-21 16:36:54,882 [DEBUG] Counting objects:  23% (297/1288)
2026-09-21 16:36:54,883 [DEBUG] Counting objects:  24% (310/1288)
2026-09-21 16:36:54,883 [DEBUG] Counting objects:  25% (322/1288)
2026-09-21 16:36:54,883 [DEBUG] Counting objects:  26% (335/1288)
2026-09-21 16:36:54,883 [DEBUG] Counting objects:  27% (348/1288)
2026-09-21 16:36:54,884 [DEBUG] Counting objects:  28% (361/1288)
2026-09-21 16:36:54,884 [DEBUG] Counting objects:  29% (374/1288)
2026-09-21 16:36:54,884 [DEBUG] Counting objects:  30% (387/1288)
2026-09-21 16:36:54,885 [DEBUG] Counting objects:  31% (400/1288)
2026-09-21 16:36:54,885 [DEBUG] Counting objects:  32% (413/1288)
2026-09-21 16:36:54,886 [DEBUG] Counting objects:  33% (426/1288)
2026-09-21 16:36:54,887 [DEBUG] Counting objects:  34% (438/1288)
2026-09-21 16:36:54,887 [DEBUG] Counting objects:  35% (451/1288)
2026-09-21 16:36:54,887 [DEBUG] Counting objects:  36% (464/1288)
2026-09-21 16:36:54,887 [DEBUG] Counting objects:  37% (477/1288)
2026-09-21 16:36:54,887 [DEBUG] Counting objects:  38% (490/1288)
2026-09-21 16:36:54,887 [DEBUG] Counting objects:  39% (503/1288)
2026-09-21 16:36:54,888 [DEBUG] Counting objects:  40% (516/1288)
2026-09-21 16:36:54,888 [DEBUG] Counting objects:  41% (529/1288)
2026-09-21 16:36:54,889 [DEBUG] Counting objects:  42% (541/1288)
2026-09-21 16:36:54,890 [DEBUG] Counting objects:  43% (554/1288)
2026-09-21 16:36:54,890 [DEBUG] Counting objects:  44% (567/1288)
2026-09-21 16:36:54,891 [DEBUG] Counting objects:  45% (580/1288)
2026-09-21 16:36:54,891 [DEBUG] Counting objects:  46% (593/1288)
2026-09-21 16:36:54,891 [DEBUG] Counting objects:  47% (606/1288)
2026-09-21 16:36:54,892 [DEBUG] Counting objects:  48% (619/1288)
2026-09-21 16:36:54,892 [DEBUG] Counting objects:  49% (632/1288)
2026-09-21 16:36:54,892 [DEBUG] Counting objects:  50% (644/1288)
2026-09-21 16:36:54,893 [DEBUG] Counting objects:  51% (657/1288)
2026-09-21 16:36:54,893 [DEBUG] Counting objects:  52% (670/1288)
2026-09-21 16:36:54,894 [DEBUG] Counting objects:  53% (683/1288)
2026-09-21 16:36:54,894 [DEBUG] Counting objects:  54% (696/1288)
2026-09-21 16:36:54,894 [DEBUG] Counting objects:  55% (709/1288)
2026-09-21 16:36:54,894 [DEBUG] Counting objects:  56% (722/1288)
2026-09-21 16:36:54,894 [DEBUG] Counting objects:  57% (735/1288)
2026-09-21 16:36:54,895 [DEBUG] Counting objects:  58% (748/1288)
2026-09-21 16:36:54,895 [DEBUG] Counting objects:  59% (760/1288)
2026-09-21 16:36:54,895 [DEBUG] Counting objects:  60% (773/1288)
2026-09-21 16:36:54,896 [DEBUG] Counting objects:  61% (786/1288)
2026-09-21 16:36:54,896 [DEBUG] Counting objects:  62% (799/1288)
2026-09-21 16:36:54,896 [DEBUG] Counting objects:  63% (812/1288)
2026-09-21 16:36:54,896 [DEBUG] Counting objects:  64% (825/1288)
2026-09-21 16:36:54,896 [DEBUG] Counting objects:  65% (838/1288)
2026-09-21 16:36:54,897 [DEBUG] Counting objects:  66% (851/1288)
2026-09-21 16:36:54,897 [DEBUG] Counting objects:  67% (863/1288)
2026-09-21 16:36:54,897 [DEBUG] Counting objects:  68% (876/1288)
2026-09-21 16:36:54,898 [DEBUG] Counting objects:  69% (889/1288)
2026-09-21 16:36:54,898 [DEBUG] Counting objects:  70% (902/1288)
2026-09-21 16:36:54,898 [DEBUG] Counting objects:  71% (915/1288)
2026-09-21 16:36:54,899 [DEBUG] Counting objects:  72% (928/1288)
2026-09-21 16:36:54,899 [DEBUG] Counting objects:  73% (941/1288)
2026-09-21 16:36:54,899 [DEBUG] Counting objects:  74% (954/1288)
2026-09-21 16:36:54,900 [DEBUG] Counting objects:  75% (966/1288)
2026-09-21 16:36:54,900 [DEBUG] Counting objects:  76% (979/1288)
2026-09-21 16:36:54,900 [DEBUG] Counting objects:  77% (992/1288)
2026-09-21 16:36:54,901 [DEBUG] Counting objects:  78% (1005/1288)
2026-09-21 16:36:54,901 [DEBUG] Counting objects:  79% (1018/1288)
2026-09-21 16:36:54,901 [DEBUG] Counting objects:  80% (1031/1288)
2026-09-21 16:36:54,902 [DEBUG] Counting objects:  81% (1044/1288)
2026-09-21 16:36:54,902 [DEBUG] Counting objects:  82% (1057/1288)
2026-09-21 16:36:54,902 [DEBUG] Counting objects:  83% (1070/1288)
2026-09-21 16:36:54,902 [DEBUG] Counting objects:  84% (1082/1288)
2026-09-21 16:36:54,902 [DEBUG] Counting objects:  85% (1095/1288)
2026-09-21 16:36:54,903 [DEBUG] Counting objects:  86% (1108/1288)
2026-09-21 16:36:54,903 [DEBUG] Counting objects:  87% (1121/1288)
2026-09-21 16:36:54,904 [DEBUG] Counting objects:  88% (1134/1288)
2026-09-21 16:36:54,904 [DEBUG] Counting objects:  89% (1147/1288)
2026-09-21 16:36:54,904 [DEBUG] Counting objects:  90% (1160/1288)
2026-09-21 16:36:54,905 [DEBUG] Counting objects:  91% (1173/1288)
2026-09-21 16:36:54,905 [DEBUG] Counting objects:  92% (1185/1288)
2026-09-21 16:36:54,905 [DEBUG] Counting objects:  93% (1198/1288)
2026-09-21 16:36:54,905 [DEBUG] Counting objects:  94% (1211/1288)
2026-09-21 16:36:54,905 [DEBUG] Counting objects:  95% (1224/1288)
2026-09-21 16:36:54,906 [DEBUG] Counting objects:  96% (1237/1288)
2026-09-21 16:36:54,906 [DEBUG] Counting objects:  97% (1250/1288)
2026-09-21 16:36:54,906 [DEBUG] Counting objects:  98% (1263/1288)
2026-09-21 16:36:54,907 [DEBUG] Counting objects:  99% (1276/1288)
2026-09-21 16:36:54,907 [DEBUG] Counting objects: 100% (1288/1288)
2026-09-21 16:36:54,907 [DEBUG] Counting objects: 100% (1288/1288), done.
2026-09-21 16:36:54,907 [DEBUG] Delta compression using up to 16 threads
2026-09-21 16:36:54,907 [DEBUG] Compressing objects:   0% (1/783)
2026-09-21 16:36:54,907 [DEBUG] Compressing objects:   1% (8/783)
2026-09-21 16:36:54,908 [DEBUG] Compressing objects:   2% (16/783)
2026-09-21 16:36:54,908 [DEBUG] Compressing objects:   3% (24/783)
2026-09-21 16:36:54,908 [DEBUG] Compressing objects:   4% (32/783)
2026-09-21 16:36:54,908 [DEBUG] Compressing objects:   5% (40/783)
2026-09-21 16:36:54,908 [DEBUG] Compressing objects:   6% (47/783)
2026-09-21 16:36:54,908 [DEBUG] Compressing objects:   7% (55/783)
2026-09-21 16:36:54,908 [DEBUG] Compressing objects:   8% (63/783)
2026-09-21 16:36:54,908 [DEBUG] Compressing objects:   9% (71/783)
2026-09-21 16:36:54,908 [DEBUG] Compressing objects:  10% (79/783)
2026-09-21 16:36:54,908 [DEBUG] Compressing objects:  11% (87/783)
2026-09-21 16:36:54,908 [DEBUG] Compressing objects:  12% (94/783)
2026-09-21 16:36:54,908 [DEBUG] Compressing objects:  13% (102/783)
2026-09-21 16:36:54,908 [DEBUG] Compressing objects:  14% (110/783)
2026-09-21 16:36:54,908 [DEBUG] Compressing objects:  15% (118/783)
2026-09-21 16:36:54,908 [DEBUG] Compressing objects:  16% (126/783)
2026-09-21 16:36:54,908 [DEBUG] Compressing objects:  17% (134/783)
2026-09-21 16:36:54,908 [DEBUG] Compressing objects:  18% (141/783)
2026-09-21 16:36:54,909 [DEBUG] Compressing objects:  19% (149/783)
2026-09-21 16:36:54,909 [DEBUG] Compressing objects:  20% (157/783)
2026-09-21 16:36:54,909 [DEBUG] Compressing objects:  21% (165/783)
2026-09-21 16:36:54,909 [DEBUG] Compressing objects:  22% (173/783)
2026-09-21 16:36:54,909 [DEBUG] Compressing objects:  23% (181/783)
2026-09-21 16:36:54,909 [DEBUG] Compressing objects:  24% (188/783)
2026-09-21 16:36:54,909 [DEBUG] Compressing objects:  25% (196/783)
2026-09-21 16:36:54,909 [DEBUG] Compressing objects:  26% (204/783)
2026-09-21 16:36:54,909 [DEBUG] Compressing objects:  27% (212/783)
2026-09-21 16:36:54,909 [DEBUG] Compressing objects:  28% (220/783)
2026-09-21 16:36:54,909 [DEBUG] Compressing objects:  29% (228/783)
2026-09-21 16:36:54,909 [DEBUG] Compressing objects:  30% (235/783)
2026-09-21 16:36:54,909 [DEBUG] Compressing objects:  31% (243/783)
2026-09-21 16:36:54,909 [DEBUG] Compressing objects:  32% (251/783)
2026-09-21 16:36:54,909 [DEBUG] Compressing objects:  33% (259/783)
2026-09-21 16:36:54,909 [DEBUG] Compressing objects:  34% (267/783)
2026-09-21 16:36:54,909 [DEBUG] Compressing objects:  35% (275/783)
2026-09-21 16:36:54,909 [DEBUG] Compressing objects:  36% (282/783)
2026-09-21 16:36:54,910 [DEBUG] Compressing objects:  37% (290/783)
2026-09-21 16:36:54,910 [DEBUG] Compressing objects:  38% (298/783)
2026-09-21 16:36:54,910 [DEBUG] Compressing objects:  39% (306/783)
2026-09-21 16:36:54,910 [DEBUG] Compressing objects:  40% (314/783)
2026-09-21 16:36:54,910 [DEBUG] Compressing objects:  41% (322/783)
2026-09-21 16:36:54,910 [DEBUG] Compressing objects:  42% (329/783)
2026-09-21 16:36:54,910 [DEBUG] Compressing objects:  43% (337/783)
2026-09-21 16:36:54,910 [DEBUG] Compressing objects:  44% (345/783)
2026-09-21 16:36:54,910 [DEBUG] Compressing objects:  45% (353/783)
2026-09-21 16:36:54,910 [DEBUG] Compressing objects:  46% (361/783)
2026-09-21 16:36:54,910 [DEBUG] Compressing objects:  47% (369/783)
2026-09-21 16:36:54,910 [DEBUG] Compressing objects:  48% (376/783)
2026-09-21 16:36:54,910 [DEBUG] Compressing objects:  49% (384/783)
2026-09-21 16:36:54,910 [DEBUG] Compressing objects:  50% (392/783)
2026-09-21 16:36:54,910 [DEBUG] Compressing objects:  51% (400/783)
2026-09-21 16:36:54,910 [DEBUG] Compressing objects:  52% (408/783)
2026-09-21 16:36:54,910 [DEBUG] Compressing objects:  53% (415/783)
2026-09-21 16:36:54,911 [DEBUG] Compressing objects:  54% (423/783)
2026-09-21 16:36:54,911 [DEBUG] Compressing objects:  55% (431/783)
2026-09-21 16:36:54,911 [DEBUG] Compressing objects:  56% (439/783)
2026-09-21 16:36:54,911 [DEBUG] Compressing objects:  57% (447/783)
2026-09-21 16:36:54,911 [DEBUG] Compressing objects:  58% (455/783)
2026-09-21 16:36:54,911 [DEBUG] Compressing objects:  59% (462/783)
2026-09-21 16:36:54,911 [DEBUG] Compressing objects:  60% (470/783)
2026-09-21 16:36:54,911 [DEBUG] Compressing objects:  61% (478/783)
2026-09-21 16:36:54,911 [DEBUG] Compressing objects:  62% (486/783)
2026-09-21 16:36:54,911 [DEBUG] Compressing objects:  63% (494/783)
2026-09-21 16:36:54,911 [DEBUG] Compressing objects:  64% (502/783)
2026-09-21 16:36:54,911 [DEBUG] Compressing objects:  65% (509/783)
2026-09-21 16:36:54,911 [DEBUG] Compressing objects:  66% (517/783)
2026-09-21 16:36:54,911 [DEBUG] Compressing objects:  67% (525/783)
2026-09-21 16:36:54,911 [DEBUG] Compressing objects:  68% (533/783)
2026-09-21 16:36:54,911 [DEBUG] Compressing objects:  69% (541/783)
2026-09-21 16:36:54,912 [DEBUG] Compressing objects:  70% (549/783)
2026-09-21 16:36:54,912 [DEBUG] Compressing objects:  71% (556/783)
2026-09-21 16:36:54,912 [DEBUG] Compressing objects:  72% (564/783)
2026-09-21 16:36:54,912 [DEBUG] Compressing objects:  73% (572/783)
2026-09-21 16:36:54,912 [DEBUG] Compressing objects:  74% (580/783)
2026-09-21 16:36:54,912 [DEBUG] Compressing objects:  75% (588/783)
2026-09-21 16:36:54,912 [DEBUG] Compressing objects:  76% (596/783)
2026-09-21 16:36:54,912 [DEBUG] Compressing objects:  77% (603/783)
2026-09-21 16:36:54,912 [DEBUG] Compressing objects:  78% (611/783)
2026-09-21 16:36:54,912 [DEBUG] Compressing objects:  79% (619/783)
2026-09-21 16:36:54,912 [DEBUG] Compressing objects:  80% (627/783)
2026-09-21 16:36:54,912 [DEBUG] Compressing objects:  81% (635/783)
2026-09-21 16:36:54,912 [DEBUG] Compressing objects:  82% (643/783)
2026-09-21 16:36:54,927 [DEBUG] Compressing objects:  83% (650/783)
2026-09-21 16:36:54,929 [DEBUG] Compressing objects:  84% (658/783)
2026-09-21 16:36:54,932 [DEBUG] Compressing objects:  85% (666/783)
2026-09-21 16:36:54,933 [DEBUG] Compressing objects:  86% (674/783)
2026-09-21 16:36:54,933 [DEBUG] Compressing objects:  87% (682/783)
2026-09-21 16:36:54,933 [DEBUG] Compressing objects:  88% (690/783)
2026-09-21 16:36:54,933 [DEBUG] Compressing objects:  89% (697/783)
2026-09-21 16:36:54,933 [DEBUG] Compressing objects:  90% (705/783)
2026-09-21 16:36:54,935 [DEBUG] Compressing objects:  91% (713/783)
2026-09-21 16:36:54,936 [DEBUG] Compressing objects:  92% (721/783)
2026-09-21 16:36:54,938 [DEBUG] Compressing objects:  93% (729/783)
2026-09-21 16:36:54,940 [DEBUG] Compressing objects:  94% (737/783)
2026-09-21 16:36:54,946 [DEBUG] Compressing objects:  95% (744/783)
2026-09-21 16:36:54,975 [DEBUG] Compressing objects:  96% (752/783)
2026-09-21 16:36:55,312 [DEBUG] Compressing objects:  97% (760/783)
2026-09-21 16:36:55,714 [DEBUG] Compressing objects:  98% (768/783)
2026-09-21 16:36:55,716 [DEBUG] Compressing objects:  99% (776/783)
2026-09-21 16:36:55,717 [DEBUG] Compressing objects: 100% (783/783)
2026-09-21 16:36:55,717 [DEBUG] Compressing objects: 100% (783/783), done.
2026-09-21 16:36:55,720 [DEBUG] Writing objects:   0% (1/1279)
2026-09-21 16:36:55,721 [DEBUG] Writing objects:   1% (13/1279)
2026-09-21 16:36:55,721 [DEBUG] Writing objects:   2% (26/1279)
2026-09-21 16:36:55,721 [DEBUG] Writing objects:   3% (39/1279)
2026-09-21 16:36:55,722 [DEBUG] Writing objects:   4% (52/1279)
2026-09-21 16:36:55,722 [DEBUG] Writing objects:   5% (64/1279)
2026-09-21 16:36:55,722 [DEBUG] Writing objects:   6% (77/1279)
2026-09-21 16:36:55,722 [DEBUG] Writing objects:   7% (90/1279)
2026-09-21 16:36:55,722 [DEBUG] Writing objects:   8% (103/1279)
2026-09-21 16:36:55,722 [DEBUG] Writing objects:   9% (116/1279)
2026-09-21 16:36:55,723 [DEBUG] Writing objects:  10% (128/1279)
2026-09-21 16:36:55,723 [DEBUG] Writing objects:  11% (142/1279)
2026-09-21 16:36:55,723 [DEBUG] Writing objects:  12% (154/1279)
2026-09-21 16:36:55,723 [DEBUG] Writing objects:  13% (167/1279)
2026-09-21 16:36:55,723 [DEBUG] Writing objects:  14% (180/1279)
2026-09-21 16:36:55,723 [DEBUG] Writing objects:  15% (192/1279)
2026-09-21 16:36:55,723 [DEBUG] Writing objects:  16% (205/1279)
2026-09-21 16:36:55,724 [DEBUG] Writing objects:  17% (218/1279)
2026-09-21 16:36:55,724 [DEBUG] Writing objects:  18% (231/1279)
2026-09-21 16:36:55,726 [DEBUG] Writing objects:  19% (244/1279)
2026-09-21 16:36:55,726 [DEBUG] Writing objects:  20% (256/1279)
2026-09-21 16:36:56,752 [DEBUG] Writing objects:  21% (269/1279)
2026-09-21 16:36:57,027 [DEBUG] Writing objects:  21% (271/1279), 1.06 MiB | 991.00 KiB/s
2026-09-21 16:36:57,437 [DEBUG] Writing objects:  22% (282/1279), 1.06 MiB | 991.00 KiB/s
2026-09-21 16:36:57,438 [DEBUG] Writing objects:  23% (295/1279), 3.44 MiB | 2.09 MiB/s
2026-09-21 16:36:57,467 [DEBUG] Writing objects:  24% (307/1279), 3.44 MiB | 2.09 MiB/s
2026-09-21 16:36:57,472 [DEBUG] Writing objects:  25% (320/1279), 3.44 MiB | 2.09 MiB/s
2026-09-21 16:36:57,484 [DEBUG] Writing objects:  26% (333/1279), 3.44 MiB | 2.09 MiB/s
2026-09-21 16:36:57,534 [DEBUG] Writing objects:  27% (346/1279), 3.44 MiB | 2.09 MiB/s
2026-09-21 16:36:57,536 [DEBUG] Writing objects:  28% (359/1279), 3.44 MiB | 2.09 MiB/s
2026-09-21 16:36:57,536 [DEBUG] Writing objects:  29% (371/1279), 3.44 MiB | 2.09 MiB/s
2026-09-21 16:36:57,567 [DEBUG] Writing objects:  30% (384/1279), 3.44 MiB | 2.09 MiB/s
2026-09-21 16:36:57,572 [DEBUG] Writing objects:  31% (397/1279), 3.44 MiB | 2.09 MiB/s
2026-09-21 16:36:57,583 [DEBUG] Writing objects:  32% (410/1279), 3.44 MiB | 2.09 MiB/s
2026-09-21 16:36:57,669 [DEBUG] Writing objects:  33% (423/1279), 3.44 MiB | 2.09 MiB/s
2026-09-21 16:36:57,685 [DEBUG] Writing objects:  34% (435/1279), 3.44 MiB | 2.09 MiB/s
2026-09-21 16:36:57,685 [DEBUG] Writing objects:  35% (448/1279), 3.44 MiB | 2.09 MiB/s
2026-09-21 16:36:57,739 [DEBUG] Writing objects:  36% (461/1279), 3.44 MiB | 2.09 MiB/s
2026-09-21 16:36:57,740 [DEBUG] Writing objects:  37% (474/1279), 3.44 MiB | 2.09 MiB/s
2026-09-21 16:36:57,740 [DEBUG] Writing objects:  38% (487/1279), 3.44 MiB | 2.09 MiB/s
2026-09-21 16:36:57,771 [DEBUG] Writing objects:  39% (499/1279), 3.44 MiB | 2.09 MiB/s
2026-09-21 16:36:57,774 [DEBUG] Writing objects:  39% (503/1279), 3.44 MiB | 2.09 MiB/s
2026-09-21 16:36:57,775 [DEBUG] Writing objects:  40% (512/1279), 3.44 MiB | 2.09 MiB/s
2026-09-21 16:36:57,777 [DEBUG] Writing objects:  41% (525/1279), 3.44 MiB | 2.09 MiB/s
2026-09-21 16:36:57,777 [DEBUG] Writing objects:  42% (538/1279), 3.44 MiB | 2.09 MiB/s
2026-09-21 16:36:57,777 [DEBUG] Writing objects:  43% (550/1279), 3.44 MiB | 2.09 MiB/s
2026-09-21 16:36:57,777 [DEBUG] Writing objects:  44% (563/1279), 3.44 MiB | 2.09 MiB/s
2026-09-21 16:36:57,778 [DEBUG] Writing objects:  45% (576/1279), 3.44 MiB | 2.09 MiB/s
2026-09-21 16:36:57,778 [DEBUG] Writing objects:  46% (589/1279), 3.44 MiB | 2.09 MiB/s
2026-09-21 16:36:57,778 [DEBUG] Writing objects:  47% (602/1279), 3.44 MiB | 2.09 MiB/s
2026-09-21 16:36:57,780 [DEBUG] Writing objects:  48% (614/1279), 3.44 MiB | 2.09 MiB/s
2026-09-21 16:36:57,780 [DEBUG] Writing objects:  49% (627/1279), 3.44 MiB | 2.09 MiB/s
2026-09-21 16:36:57,780 [DEBUG] Writing objects:  50% (640/1279), 3.44 MiB | 2.09 MiB/s
2026-09-21 16:36:57,782 [DEBUG] Writing objects:  51% (653/1279), 3.44 MiB | 2.09 MiB/s
2026-09-21 16:36:57,783 [DEBUG] Writing objects:  52% (666/1279), 3.44 MiB | 2.09 MiB/s
2026-09-21 16:36:57,783 [DEBUG] Writing objects:  53% (678/1279), 3.44 MiB | 2.09 MiB/s
2026-09-21 16:36:57,784 [DEBUG] Writing objects:  54% (691/1279), 3.44 MiB | 2.09 MiB/s
2026-09-21 16:36:57,785 [DEBUG] Writing objects:  55% (704/1279), 3.44 MiB | 2.09 MiB/s
2026-09-21 16:36:57,785 [DEBUG] Writing objects:  56% (717/1279), 3.44 MiB | 2.09 MiB/s
2026-09-21 16:36:57,786 [DEBUG] Writing objects:  57% (730/1279), 3.44 MiB | 2.09 MiB/s
2026-09-21 16:36:57,786 [DEBUG] Writing objects:  58% (742/1279), 3.44 MiB | 2.09 MiB/s
2026-09-21 16:36:57,790 [DEBUG] Writing objects:  59% (755/1279), 3.44 MiB | 2.09 MiB/s
2026-09-21 16:36:57,842 [DEBUG] Writing objects:  60% (768/1279), 3.44 MiB | 2.09 MiB/s
2026-09-21 16:36:57,843 [DEBUG] Writing objects:  61% (781/1279), 6.56 MiB | 3.06 MiB/s
2026-09-21 16:36:57,843 [DEBUG] Writing objects:  62% (793/1279), 6.56 MiB | 3.06 MiB/s
2026-09-21 16:36:57,874 [DEBUG] Writing objects:  63% (806/1279), 6.56 MiB | 3.06 MiB/s
2026-09-21 16:36:57,879 [DEBUG] Writing objects:  64% (819/1279), 6.56 MiB | 3.06 MiB/s
2026-09-21 16:36:57,880 [DEBUG] Writing objects:  65% (832/1279), 6.56 MiB | 3.06 MiB/s
2026-09-21 16:36:57,945 [DEBUG] Writing objects:  66% (845/1279), 6.56 MiB | 3.06 MiB/s
2026-09-21 16:36:58,387 [DEBUG] Writing objects:  67% (857/1279), 6.56 MiB | 3.06 MiB/s
2026-09-21 16:36:58,606 [DEBUG] Writing objects:  68% (870/1279), 12.06 MiB | 4.57 MiB/s
2026-09-21 16:36:58,647 [DEBUG] Writing objects:  69% (883/1279), 12.06 MiB | 4.57 MiB/s
2026-09-21 16:36:58,678 [DEBUG] Writing objects:  70% (896/1279), 12.06 MiB | 4.57 MiB/s
2026-09-21 16:36:58,752 [DEBUG] Writing objects:  71% (909/1279), 12.06 MiB | 4.57 MiB/s
2026-09-21 16:36:58,773 [DEBUG] Writing objects:  72% (921/1279), 12.06 MiB | 4.57 MiB/s
2026-09-21 16:36:58,780 [DEBUG] Writing objects:  72% (924/1279), 12.06 MiB | 4.57 MiB/s
2026-09-21 16:36:58,872 [DEBUG] Writing objects:  73% (934/1279), 12.06 MiB | 4.57 MiB/s
2026-09-21 16:36:58,878 [DEBUG] Writing objects:  74% (947/1279), 18.99 MiB | 6.05 MiB/s
2026-09-21 16:36:58,878 [DEBUG] Writing objects:  75% (961/1279), 18.99 MiB | 6.05 MiB/s
2026-09-21 16:36:58,878 [DEBUG] Writing objects:  76% (973/1279), 18.99 MiB | 6.05 MiB/s
2026-09-21 16:36:58,883 [DEBUG] Writing objects:  77% (985/1279), 18.99 MiB | 6.05 MiB/s
2026-09-21 16:36:58,889 [DEBUG] Writing objects:  78% (998/1279), 18.99 MiB | 6.05 MiB/s
2026-09-21 16:36:58,895 [DEBUG] Writing objects:  79% (1011/1279), 18.99 MiB | 6.05 MiB/s
2026-09-21 16:36:58,906 [DEBUG] Writing objects:  80% (1024/1279), 18.99 MiB | 6.05 MiB/s
2026-09-21 16:36:59,877 [DEBUG] Writing objects:  81% (1036/1279), 18.99 MiB | 6.05 MiB/s
2026-09-21 16:37:00,901 [DEBUG] Writing objects:  81% (1038/1279), 30.49 MiB | 7.33 MiB/s
2026-09-21 16:37:01,925 [DEBUG] Writing objects:  81% (1038/1279), 41.99 MiB | 8.10 MiB/s
2026-09-21 16:37:02,948 [DEBUG] Writing objects:  81% (1038/1279), 53.55 MiB | 10.93 MiB/s
2026-09-21 16:37:03,017 [DEBUG] Writing objects:  81% (1038/1279), 65.04 MiB | 11.52 MiB/s
2026-09-21 16:37:03,022 [DEBUG] Writing objects:  82% (1049/1279), 65.04 MiB | 11.52 MiB/s
2026-09-21 16:37:03,022 [DEBUG] Writing objects:  83% (1062/1279), 65.04 MiB | 11.52 MiB/s
2026-09-21 16:37:03,051 [DEBUG] Writing objects:  84% (1075/1279), 65.04 MiB | 11.52 MiB/s
2026-09-21 16:37:03,052 [DEBUG] Writing objects:  85% (1088/1279), 65.04 MiB | 11.52 MiB/s
2026-09-21 16:37:03,053 [DEBUG] Writing objects:  86% (1100/1279), 65.04 MiB | 11.52 MiB/s
2026-09-21 16:37:03,053 [DEBUG] Writing objects:  87% (1113/1279), 65.04 MiB | 11.52 MiB/s
2026-09-21 16:37:03,054 [DEBUG] Writing objects:  88% (1126/1279), 65.04 MiB | 11.52 MiB/s
2026-09-21 16:37:03,054 [DEBUG] Writing objects:  89% (1139/1279), 65.04 MiB | 11.52 MiB/s
2026-09-21 16:37:03,378 [DEBUG] Writing objects:  90% (1152/1279), 65.04 MiB | 11.52 MiB/s
2026-09-21 16:37:03,973 [DEBUG] Writing objects:  91% (1164/1279), 65.04 MiB | 11.52 MiB/s
2026-09-21 16:37:04,859 [DEBUG] Writing objects:  91% (1165/1279), 76.54 MiB | 11.25 MiB/s
2026-09-21 16:37:06,020 [DEBUG] Writing objects:  91% (1167/1279), 82.35 MiB | 11.26 MiB/s
2026-09-21 16:37:06,943 [DEBUG] Writing objects:  91% (1167/1279), 99.66 MiB | 11.26 MiB/s
2026-09-21 16:37:07,915 [DEBUG] Writing objects:  92% (1177/1279), 105.40 MiB | 11.26 MiB/s
2026-09-21 16:37:08,482 [DEBUG] Writing objects:  92% (1187/1279), 116.90 MiB | 11.26 MiB/s
2026-09-21 16:37:08,889 [DEBUG] Writing objects:  93% (1190/1279), 122.65 MiB | 11.25 MiB/s
2026-09-21 16:37:10,014 [DEBUG] Writing objects:  93% (1193/1279), 128.40 MiB | 11.26 MiB/s
2026-09-21 16:37:11,140 [DEBUG] Writing objects:  94% (1203/1279), 139.89 MiB | 11.25 MiB/s
2026-09-21 16:37:11,970 [DEBUG] Writing objects:  94% (1210/1279), 159.14 MiB | 11.67 MiB/s
2026-09-21 16:37:11,980 [DEBUG] Writing objects:  94% (1215/1279), 164.88 MiB | 11.67 MiB/s
2026-09-21 16:37:12,989 [DEBUG] Writing objects:  95% (1216/1279), 164.88 MiB | 11.67 MiB/s
2026-09-21 16:37:13,703 [DEBUG] Writing objects:  95% (1223/1279), 176.38 MiB | 11.67 MiB/s
2026-09-21 16:37:13,923 [DEBUG] Writing objects:  96% (1228/1279), 187.94 MiB | 11.69 MiB/s
2026-09-21 16:37:14,947 [DEBUG] Writing objects:  96% (1229/1279), 187.94 MiB | 11.69 MiB/s
2026-09-21 16:37:15,993 [DEBUG] Writing objects:  96% (1234/1279), 199.44 MiB | 11.68 MiB/s
2026-09-21 16:37:16,160 [DEBUG] Writing objects:  96% (1240/1279), 210.87 MiB | 11.24 MiB/s
2026-09-21 16:37:16,990 [DEBUG] Writing objects:  97% (1241/1279), 210.87 MiB | 11.24 MiB/s
2026-09-21 16:37:17,910 [DEBUG] Writing objects:  97% (1246/1279), 222.43 MiB | 11.25 MiB/s
2026-09-21 16:37:18,056 [DEBUG] Writing objects:  97% (1252/1279), 233.93 MiB | 11.22 MiB/s
2026-09-21 16:37:18,982 [DEBUG] Writing objects:  98% (1254/1279), 233.93 MiB | 11.22 MiB/s
2026-09-21 16:37:19,989 [DEBUG] Writing objects:  98% (1260/1279), 245.42 MiB | 11.25 MiB/s
2026-09-21 16:37:20,719 [DEBUG] Writing objects:  99% (1267/1279), 256.86 MiB | 11.24 MiB/s
2026-09-21 16:37:20,723 [DEBUG] Writing objects: 100% (1279/1279), 262.60 MiB | 11.25 MiB/s
2026-09-21 16:37:20,723 [DEBUG] Writing objects: 100% (1279/1279), 267.01 MiB | 10.68 MiB/s, done.
2026-09-21 16:37:20,724 [DEBUG] Total 1279 (delta 246), reused 1255 (delta 235), pack-reused 0 (from 0)
2026-09-21 16:37:21,326 [DEBUG] remote: Resolving deltas:   0% (0/246)
2026-09-21 16:37:21,326 [DEBUG] remote: Resolving deltas:   1% (3/246)
2026-09-21 16:37:21,326 [DEBUG] remote: Resolving deltas:   2% (5/246)
2026-09-21 16:37:21,327 [DEBUG] remote: Resolving deltas:   3% (8/246)
2026-09-21 16:37:21,327 [DEBUG] remote: Resolving deltas:   4% (10/246)
2026-09-21 16:37:21,327 [DEBUG] remote: Resolving deltas:   5% (13/246)
2026-09-21 16:37:21,327 [DEBUG] remote: Resolving deltas:   6% (15/246)
2026-09-21 16:37:21,327 [DEBUG] remote: Resolving deltas:   7% (18/246)
2026-09-21 16:37:21,327 [DEBUG] remote: Resolving deltas:   8% (20/246)
2026-09-21 16:37:21,327 [DEBUG] remote: Resolving deltas:   9% (23/246)
2026-09-21 16:37:21,327 [DEBUG] remote: Resolving deltas:  10% (25/246)
2026-09-21 16:37:21,328 [DEBUG] remote: Resolving deltas:  11% (28/246)
2026-09-21 16:37:21,328 [DEBUG] remote: Resolving deltas:  12% (30/246)
2026-09-21 16:37:21,328 [DEBUG] remote: Resolving deltas:  13% (32/246)
2026-09-21 16:37:21,328 [DEBUG] remote: Resolving deltas:  14% (35/246)
2026-09-21 16:37:21,328 [DEBUG] remote: Resolving deltas:  15% (37/246)
2026-09-21 16:37:21,328 [DEBUG] remote: Resolving deltas:  16% (40/246)
2026-09-21 16:37:21,328 [DEBUG] remote: Resolving deltas:  17% (42/246)
2026-09-21 16:37:21,328 [DEBUG] remote: Resolving deltas:  18% (45/246)
2026-09-21 16:37:21,328 [DEBUG] remote: Resolving deltas:  19% (47/246)
2026-09-21 16:37:21,328 [DEBUG] remote: Resolving deltas:  20% (50/246)
2026-09-21 16:37:21,329 [DEBUG] remote: Resolving deltas:  21% (52/246)
2026-09-21 16:37:21,329 [DEBUG] remote: Resolving deltas:  22% (55/246)
2026-09-21 16:37:21,329 [DEBUG] remote: Resolving deltas:  23% (57/246)
2026-09-21 16:37:21,329 [DEBUG] remote: Resolving deltas:  24% (60/246)
2026-09-21 16:37:21,329 [DEBUG] remote: Resolving deltas:  25% (62/246)
2026-09-21 16:37:21,329 [DEBUG] remote: Resolving deltas:  26% (64/246)
2026-09-21 16:37:21,329 [DEBUG] remote: Resolving deltas:  27% (67/246)
2026-09-21 16:37:21,329 [DEBUG] remote: Resolving deltas:  28% (69/246)
2026-09-21 16:37:21,329 [DEBUG] remote: Resolving deltas:  29% (72/246)
2026-09-21 16:37:21,330 [DEBUG] remote: Resolving deltas:  30% (74/246)
2026-09-21 16:37:21,330 [DEBUG] remote: Resolving deltas:  31% (77/246)
2026-09-21 16:37:21,330 [DEBUG] remote: Resolving deltas:  32% (79/246)
2026-09-21 16:37:21,330 [DEBUG] remote: Resolving deltas:  33% (82/246)
2026-09-21 16:37:21,330 [DEBUG] remote: Resolving deltas:  34% (84/246)
2026-09-21 16:37:21,330 [DEBUG] remote: Resolving deltas:  35% (87/246)
2026-09-21 16:37:21,330 [DEBUG] remote: Resolving deltas:  36% (89/246)
2026-09-21 16:37:21,330 [DEBUG] remote: Resolving deltas:  37% (92/246)
2026-09-21 16:37:21,330 [DEBUG] remote: Resolving deltas:  38% (94/246)
2026-09-21 16:37:21,330 [DEBUG] remote: Resolving deltas:  39% (96/246)
2026-09-21 16:37:21,330 [DEBUG] remote: Resolving deltas:  40% (99/246)
2026-09-21 16:37:21,331 [DEBUG] remote: Resolving deltas:  41% (101/246)
2026-09-21 16:37:21,331 [DEBUG] remote: Resolving deltas:  42% (104/246)
2026-09-21 16:37:21,331 [DEBUG] remote: Resolving deltas:  43% (106/246)
2026-09-21 16:37:21,331 [DEBUG] remote: Resolving deltas:  44% (109/246)
2026-09-21 16:37:21,331 [DEBUG] remote: Resolving deltas:  45% (111/246)
2026-09-21 16:37:21,331 [DEBUG] remote: Resolving deltas:  46% (114/246)
2026-09-21 16:37:21,331 [DEBUG] remote: Resolving deltas:  47% (116/246)
2026-09-21 16:37:21,331 [DEBUG] remote: Resolving deltas:  48% (119/246)
2026-09-21 16:37:21,331 [DEBUG] remote: Resolving deltas:  49% (121/246)
2026-09-21 16:37:21,332 [DEBUG] remote: Resolving deltas:  50% (123/246)
2026-09-21 16:37:21,332 [DEBUG] remote: Resolving deltas:  51% (126/246)
2026-09-21 16:37:21,332 [DEBUG] remote: Resolving deltas:  52% (128/246)
2026-09-21 16:37:21,332 [DEBUG] remote: Resolving deltas:  53% (131/246)
2026-09-21 16:37:21,332 [DEBUG] remote: Resolving deltas:  54% (133/246)
2026-09-21 16:37:21,332 [DEBUG] remote: Resolving deltas:  55% (136/246)
2026-09-21 16:37:21,332 [DEBUG] remote: Resolving deltas:  56% (138/246)
2026-09-21 16:37:21,403 [DEBUG] remote: Resolving deltas:  57% (141/246)
2026-09-21 16:37:21,403 [DEBUG] remote: Resolving deltas:  58% (143/246)
2026-09-21 16:37:21,403 [DEBUG] remote: Resolving deltas:  59% (146/246)
2026-09-21 16:37:21,403 [DEBUG] remote: Resolving deltas:  60% (148/246)
2026-09-21 16:37:21,403 [DEBUG] remote: Resolving deltas:  61% (151/246)
2026-09-21 16:37:21,403 [DEBUG] remote: Resolving deltas:  62% (153/246)
2026-09-21 16:37:21,403 [DEBUG] remote: Resolving deltas:  63% (155/246)
2026-09-21 16:37:21,403 [DEBUG] remote: Resolving deltas:  64% (158/246)
2026-09-21 16:37:21,481 [DEBUG] remote: Resolving deltas:  65% (160/246)
2026-09-21 16:37:21,481 [DEBUG] remote: Resolving deltas:  66% (163/246)
2026-09-21 16:37:21,481 [DEBUG] remote: Resolving deltas:  67% (165/246)
2026-09-21 16:37:21,481 [DEBUG] remote: Resolving deltas:  68% (168/246)
2026-09-21 16:37:21,481 [DEBUG] remote: Resolving deltas:  69% (170/246)
2026-09-21 16:37:21,481 [DEBUG] remote: Resolving deltas:  70% (173/246)
2026-09-21 16:37:21,482 [DEBUG] remote: Resolving deltas:  71% (175/246)
2026-09-21 16:37:21,482 [DEBUG] remote: Resolving deltas:  72% (178/246)
2026-09-21 16:37:21,482 [DEBUG] remote: Resolving deltas:  73% (180/246)
2026-09-21 16:37:21,482 [DEBUG] remote: Resolving deltas:  74% (183/246)
2026-09-21 16:37:21,482 [DEBUG] remote: Resolving deltas:  75% (185/246)
2026-09-21 16:37:21,482 [DEBUG] remote: Resolving deltas:  76% (187/246)
2026-09-21 16:37:21,482 [DEBUG] remote: Resolving deltas:  77% (190/246)
2026-09-21 16:37:21,482 [DEBUG] remote: Resolving deltas:  78% (192/246)
2026-09-21 16:37:21,482 [DEBUG] remote: Resolving deltas:  79% (195/246)
2026-09-21 16:37:21,482 [DEBUG] remote: Resolving deltas:  80% (197/246)
2026-09-21 16:37:21,482 [DEBUG] remote: Resolving deltas:  81% (200/246)
2026-09-21 16:37:21,482 [DEBUG] remote: Resolving deltas:  82% (202/246)
2026-09-21 16:37:21,482 [DEBUG] remote: Resolving deltas:  83% (205/246)
2026-09-21 16:37:22,420 [DEBUG] remote: Resolving deltas:  84% (207/246)
2026-09-21 16:37:22,420 [DEBUG] remote: Resolving deltas:  85% (210/246)
2026-09-21 16:37:22,420 [DEBUG] remote: Resolving deltas:  86% (212/246)
2026-09-21 16:37:22,420 [DEBUG] remote: Resolving deltas:  87% (215/246)
2026-09-21 16:37:22,421 [DEBUG] remote: Resolving deltas:  88% (217/246)
2026-09-21 16:37:22,421 [DEBUG] remote: Resolving deltas:  89% (219/246)
2026-09-21 16:37:22,421 [DEBUG] remote: Resolving deltas:  90% (222/246)
2026-09-21 16:37:22,421 [DEBUG] remote: Resolving deltas:  91% (224/246)
2026-09-21 16:37:22,421 [DEBUG] remote: Resolving deltas:  92% (227/246)
2026-09-21 16:37:22,421 [DEBUG] remote: Resolving deltas:  93% (229/246)
2026-09-21 16:37:22,421 [DEBUG] remote: Resolving deltas:  94% (232/246)
2026-09-21 16:37:22,421 [DEBUG] remote: Resolving deltas:  95% (234/246)
2026-09-21 16:37:22,421 [DEBUG] remote: Resolving deltas:  96% (237/246)
2026-09-21 16:37:22,421 [DEBUG] remote: Resolving deltas:  97% (239/246)
2026-09-21 16:37:22,421 [DEBUG] remote: Resolving deltas:  98% (242/246)
2026-09-21 16:37:22,421 [DEBUG] remote: Resolving deltas:  99% (244/246)
2026-09-21 16:37:22,421 [DEBUG] remote: Resolving deltas: 100% (246/246)
2026-09-21 16:37:22,422 [DEBUG] remote: Resolving deltas: 100% (246/246), completed with 2 local objects.
2026-09-21 16:37:25,708 [DEBUG] To https://github.com/MoRDekai1364/Horizon_Browser
2026-09-21 16:37:25,709 [DEBUG] 369bc34..54248b3  official_release -> official_release
2026-09-21 16:37:25,732 [DEBUG] branch 'official_release' set up to track 'origin/official_release'.
2026-09-21 16:37:25,740 [INFO] Push finished in 33.3s. Done.
