2026-09-21 16:53:29,250 [INFO] Source folder: E:\Programming\Personal_projects\Horizon_Browser\Horizon_Browser_official_release\code_files
2026-09-21 16:53:29,251 [INFO] Temp log: C:\Users\MORDEK~1\AppData\Local\Temp\push_to_github_20260921_165329.log
2026-09-21 16:53:29,251 [DEBUG] Running: git --version
2026-09-21 16:53:29,361 [DEBUG] stdout: git version 2.55.0.windows.2
2026-09-21 16:53:29,361 [DEBUG] stderr: 
2026-09-21 16:53:29,362 [INFO] Existing git repository detected.
2026-09-21 16:53:29,362 [DEBUG] Running: git config core.longpaths true
2026-09-21 16:53:29,476 [DEBUG] stdout: 
2026-09-21 16:53:29,476 [DEBUG] stderr: 
2026-09-21 16:53:29,476 [DEBUG] Running: git remote -v
2026-09-21 16:53:29,579 [DEBUG] stdout: origin	https://github.com/MoRDekai1364/Horizon_Browser (fetch)
origin	https://github.com/MoRDekai1364/Horizon_Browser (push)
2026-09-21 16:53:29,580 [DEBUG] stderr: 
2026-09-21 16:53:29,580 [INFO] Detected remotes:
2026-09-21 16:53:29,580 [INFO]   1. origin -> https://github.com/MoRDekai1364/Horizon_Browser
2026-09-21 16:53:29,580 [INFO]   2. Enter a new repository URL
2026-09-21 16:53:30,467 [INFO] Verifying repository access.
2026-09-21 16:53:30,467 [DEBUG] Running: git ls-remote https://github.com/MoRDekai1364/Horizon_Browser
2026-09-21 16:53:31,242 [DEBUG] stdout: 54248b33eb6c021f084c04306a407de67e335f2f	HEAD
330ca2b02f0381e1371865ec855baaa718eb793a	refs/heads/alpha
8d27432c7e58db0d1d7e54a9edc4d274e7317c93	refs/heads/beta
22644b0d8d098df9ebb775e185004978ae0c99e8	refs/heads/local_usable
54248b33eb6c021f084c04306a407de67e335f2f	refs/heads/official_release
80c2e9b562c2a11b3ad8993e03429efa743ac1eb	refs/tags/Horizon
5ffe45035b989122fa937a9a2afc6a67a4663fb2	refs/tags/Horizon_2.6.1
5ffe45035b989122fa937a9a2afc6a67a4663fb2	refs/tags/Horizon_2.6.2
80c2e9b562c2a11b3ad8993e03429efa743ac1eb	refs/tags/Horizon_Browser_2.0
88531221ba30ce81d7a808e5d04115b71364a32f	refs/tags/Horizon_Browser_2.1
e97fdaa873ede316dfccdc9d1f357ea89c9b30a8	refs/tags/Horizon_Browser_2.2
65aabcd91d50749048d80e690951c1c6840c9cff	refs/tags/Horizon_Browser_2.3
1704d5bb9db2807f1c7b248ab078a590f10a3722	refs/tags/Horizon_Browser_2.4
5ffe45035b989122fa937a9a2afc6a67a4663fb2	refs/tags/Horizon_Browser_2.6.3
f320c7c49374bb613c339116b1cf43998b74ed90	refs/tags/Horizon_Browser_2.6.4
f320c7c49374bb613c339116b1cf43998b74ed90	refs/tags/Horizon_Browser_2.6.5
f320c7c49374bb613c339116b1cf43998b74ed90	refs/tags/Horizon_Browser_2.6.6
f320c7c49374bb613c339116b1cf43998b74ed90	refs/tags/Horizon_Browser_2.6.8
d46a996ea50e9554d2821c113e6bab9af9dc1f3e	refs/tags/Horizon_Browser_2.6.9
369bc34b0eb442f66bc59b53de084935ad0164a2	refs/tags/Horizon_Browser_2.7.3
369bc34b0eb442f66bc59b53de084935ad0164a2	refs/tags/Horizon_Browser_2.7.4
8d27432c7e58db0d1d7e54a9edc4d274e7317c93	refs/tags/Horizon_Browser_2.7.4_Beta
369bc34b0eb442f66bc59b53de084935ad0164a2	refs/tags/Horizon_Browser_2.7.5_Release
d46a996ea50e9554d2821c113e6bab9af9dc1f3e	refs/tags/Horizon_Browser_Beta
d46a996ea50e9554d2821c113e6bab9af9dc1f3e	refs/tags/Horizon_Browser_Official_Release
369bc34b0eb442f66bc59b53de084935ad0164a2	refs/tags/Horizon_Browser_version_2.7.3
80c2e9b562c2a11b3ad8993e03429efa743ac1eb	refs/tags/Horizon_browser
5ffe45035b989122fa937a9a2afc6a67a4663fb2	refs/tags/Horizon_browser_2.6
2026-09-21 16:53:31,242 [DEBUG] stderr: 
2026-09-21 16:53:31,242 [DEBUG] Running: git branch --list
2026-09-21 16:53:31,338 [DEBUG] stdout: local_usable
* official_release
2026-09-21 16:53:31,338 [DEBUG] stderr: 
2026-09-21 16:53:31,338 [DEBUG] Running: git ls-remote --heads origin
2026-09-21 16:53:32,092 [DEBUG] stdout: 330ca2b02f0381e1371865ec855baaa718eb793a	refs/heads/alpha
8d27432c7e58db0d1d7e54a9edc4d274e7317c93	refs/heads/beta
22644b0d8d098df9ebb775e185004978ae0c99e8	refs/heads/local_usable
54248b33eb6c021f084c04306a407de67e335f2f	refs/heads/official_release
2026-09-21 16:53:32,092 [DEBUG] stderr: 
2026-09-21 16:53:32,092 [INFO] Detected branches:
2026-09-21 16:53:32,092 [INFO]   1. alpha
2026-09-21 16:53:32,093 [INFO]   2. beta
2026-09-21 16:53:32,093 [INFO]   3. local_usable
2026-09-21 16:53:32,094 [INFO]   4. official_release
2026-09-21 16:53:32,094 [INFO]   5. Enter a new branch name
2026-09-21 16:53:32,828 [DEBUG] Running: git status --porcelain
2026-09-21 16:53:33,483 [DEBUG] stdout: D  Install_Horizon_Browser_beta.ifp
D  Setup_Horizon_Browser_Alpha.ifp
D  Setup_Horizon_Browser_Beta.ifp
D  Setup_Horizon_Browser_Beta.iss
D  bin/Release/HorizonData/EBWebView/AutoLaunchProtocolsComponent/1.0.0.10/manifest.json
D  bin/Release/HorizonData/EBWebView/AutoLaunchProtocolsComponent/1.0.0.10/protocols.json
D  bin/Release/HorizonData/EBWebView/BrowserMetrics/BrowserMetrics-6A4FF9BB-FC8.pma
D  bin/Release/HorizonData/EBWebView/BrowserMetrics/BrowserMetrics-6A4FFA12-37C4.pma
D  bin/Release/HorizonData/EBWebView/BrowserMetrics/BrowserMetrics-6A4FFA30-42BC.pma
D  bin/Release/HorizonData/EBWebView/CertificateRevocation/6498.2025.9.4/crl-set
D  bin/Release/HorizonData/EBWebView/CertificateRevocation/6498.2025.9.4/manifest.json
D  bin/Release/HorizonData/EBWebView/Crashpad/metadata
D  bin/Release/HorizonData/EBWebView/Crashpad/settings.dat
D  bin/Release/HorizonData/EBWebView/Crashpad/temp/edge_shutdown_crash.txt
D  bin/Release/HorizonData/EBWebView/Crashpad/throttle_store.dat
D  bin/Release/HorizonData/EBWebView/Crashpad/watson_metadata
D  bin/Release/HorizonData/EBWebView/Default/AutofillAiModelCache/LOCK
D  bin/Release/HorizonData/EBWebView/Default/AutofillAiModelCache/LOG
D  bin/Release/HorizonData/EBWebView/Default/AutofillAiModelCache/LOG.old
D  bin/Release/HorizonData/EBWebView/Default/AutofillStrikeDatabase/LOCK
D  bin/Release/HorizonData/EBWebView/Default/AutofillStrikeDatabase/LOG
D  bin/Release/HorizonData/EBWebView/Default/AutofillStrikeDatabase/LOG.old
D  bin/Release/HorizonData/EBWebView/Default/BookmarkMergedSurfaceOrdering
D  bin/Release/HorizonData/EBWebView/Default/BrowsingTopicsSiteData
D  bin/Release/HorizonData/EBWebView/Default/BrowsingTopicsSiteData-journal
D  bin/Release/HorizonData/EBWebView/Default/BrowsingTopicsState
D  bin/Release/HorizonData/EBWebView/Default/BudgetDatabase/LOCK
D  bin/Release/HorizonData/EBWebView/Default/BudgetDatabase/LOG
D  bin/Release/HorizonData/EBWebView/Default/BudgetDatabase/LOG.old
D  bin/Release/HorizonData/EBWebView/Default/Cache/Cache_Data/data_0
D  bin/Release/HorizonData/EBWebView/Default/Cache/Cache_Data/data_1
D  bin/Release/HorizonData/EBWebView/Default/Cache/Cache_Data/data_2
D  bin/Release/HorizonData/EBWebView/Default/Cache/Cache_Data/data_3
D  bin/Release/HorizonData/EBWebView/Default/Cache/Cache_Data/f_000001
D  bin/Release/HorizonData/EBWebView/Default/Cache/Cache_Data/f_000002
D  bin/Release/HorizonData/EBWebView/Default/Cache/Cache_Data/f_000003
D  bin/Release/HorizonData/EBWebView/Default/Cache/Cache_Data/f_000004
D  bin/Release/HorizonData/EBWebView/Default/Cache/Cache_Data/f_000005
D  bin/Release/HorizonData/EBWebView/Default/Cache/Cache_Data/f_000006
D  bin/Release/HorizonData/EBWebView/Default/Cache/Cache_Data/f_000007
D  bin/Release/HorizonData/EBWebView/Default/Cache/Cache_Data/f_000008
D  bin/Release/HorizonData/EBWebView/Default/Cache/Cache_Data/f_000009
D  bin/Release/HorizonData/EBWebView/Default/Cache/Cache_Data/f_00000a
D  bin/Release/HorizonData/EBWebView/Default/Cache/Cache_Data/f_00000b
D  bin/Release/HorizonData/EBWebView/Default/Cache/Cache_Data/f_00000c
D  bin/Release/HorizonData/EBWebView/Default/Cache/Cache_Data/f_00000d
D  bin/Release/HorizonData/EBWebView/Default/Cache/Cache_Data/f_00000e
D  bin/Release/HorizonData/EBWebView/Default/Cache/Cache_Data/f_00000f
D  bin/Release/HorizonData/EBWebView/Default/Cache/Cache_Data/f_000010
D  bin/Release/HorizonData/EBWebView/Default/Cache/Cache_Data/f_000011
D  bin/Release/HorizonData/EBWebView/Default/Cache/Cache_Data/f_000012
D  bin/Release/HorizonData/EBWebView/Default/Cache/Cache_Data/f_000013
D  bin/Release/HorizonData/EBWebView/Default/Cache/Cache_Data/f_000015
D  bin/Release/HorizonData/EBWebView/Default/Cache/Cache_Data/f_000016
D  bin/Release/HorizonData/EBWebView/Default/Cache/Cache_Data/f_000017
D  bin/Release/HorizonData/EBWebView/Default/Cache/Cache_Data/f_000018
D  bin/Release/HorizonData/EBWebView/Default/Cache/Cache_Data/f_000019
D  bin/Release/HorizonData/EBWebView/Default/Cache/Cache_Data/f_00001b
D  bin/Release/HorizonData/EBWebView/Default/Cache/Cache_Data/f_00001c
D  bin/Release/HorizonData/EBWebView/Default/Cache/Cache_Data/f_00001d
D  bin/Release/HorizonData/EBWebView/Default/Cache/Cache_Data/f_00001e
D  bin/Release/HorizonData/EBWebView/Default/Cache/Cache_Data/f_00001f
D  bin/Release/HorizonData/EBWebView/Default/Cache/Cache_Data/f_000020
D  bin/Release/HorizonData/EBWebView/Default/Cache/Cache_Data/f_000021
D  bin/Release/HorizonData/EBWebView/Default/Cache/Cache_Data/f_000022
D  bin/Release/HorizonData/EBWebView/Default/Cache/Cache_Data/f_000023
D  bin/Release/HorizonData/EBWebView/Default/Cache/Cache_Data/f_000024
D  bin/Release/HorizonData/EBWebView/Default/Cache/Cache_Data/f_000025
D  bin/Release/HorizonData/EBWebView/Default/Cache/Cache_Data/f_000026
D  bin/Release/HorizonData/EBWebView/Default/Cache/Cache_Data/f_000027
D  bin/Release/HorizonData/EBWebView/Default/Cache/Cache_Data/f_000028
D  bin/Release/HorizonData/EBWebView/Default/Cache/Cache_Data/f_000029
D  bin/Release/HorizonData/EBWebView/Default/Cache/Cache_Data/f_00002a
D  bin/Release/HorizonData/EBWebView/Default/Cache/Cache_Data/f_00002b
D  bin/Release/HorizonData/EBWebView/Default/Cache/Cache_Data/f_00002c
D  bin/Release/HorizonData/EBWebView/Default/Cache/Cache_Data/f_00002d
D  bin/Release/HorizonData/EBWebView/Default/Cache/Cache_Data/f_00002e
D  bin/Release/HorizonData/EBWebView/Default/Cache/Cache_Data/f_00002f
D  bin/Release/HorizonData/EBWebView/Default/Cache/Cache_Data/f_000030
D  bin/Release/HorizonData/EBWebView/Default/Cache/Cache_Data/f_000031
D  bin/Release/HorizonData/EBWebView/Default/Cache/Cache_Data/f_000032
D  bin/Release/HorizonData/EBWebView/Default/Cache/Cache_Data/f_000033
D  bin/Release/HorizonData/EBWebView/Default/Cache/Cache_Data/f_000034
D  bin/Release/HorizonData/EBWebView/Default/Cache/Cache_Data/f_000035
D  bin/Release/HorizonData/EBWebView/Default/Cache/Cache_Data/f_000036
D  bin/Release/HorizonData/EBWebView/Default/Cache/Cache_Data/f_000037
D  bin/Release/HorizonData/EBWebView/Default/Cache/Cache_Data/f_000038
D  bin/Release/HorizonData/EBWebView/Default/Cache/Cache_Data/f_000039
D  bin/Release/HorizonData/EBWebView/Default/Cache/Cache_Data/f_00003a
D  bin/Release/HorizonData/EBWebView/Default/Cache/Cache_Data/f_00003b
D  bin/Release/HorizonData/EBWebView/Default/Cache/Cache_Data/f_00003c
D  bin/Release/HorizonData/EBWebView/Default/Cache/Cache_Data/f_00003d
D  bin/Release/HorizonData/EBWebView/Default/Cache/Cache_Data/f_00003e
D  bin/Release/HorizonData/EBWebView/Default/Cache/Cache_Data/f_00003f
D  bin/Release/HorizonData/EBWebView/Default/Cache/Cache_Data/f_000040
D  bin/Release/HorizonData/EBWebView/Default/Cache/Cache_Data/f_000041
D  bin/Release/HorizonData/EBWebView/Default/Cache/Cache_Data/f_000042
D  bin/Release/HorizonData/EBWebView/Default/Cache/Cache_Data/f_000043
D  bin/Release/HorizonData/EBWebView/Default/Cache/Cache_Data/f_000044
D  bin/Release/HorizonData/EBWebView/Default/Cache/Cache_Data/f_000045
D  bin/Release/HorizonData/EBWebView/Default/Cache/Cache_Data/f_000046
D  bin/Release/HorizonData/EBWebView/Default/Cache/Cache_Data/f_000047
D  bin/Release/HorizonData/EBWebView/Default/Cache/Cache_Data/f_000048
D  bin/Release/HorizonData/EBWebView/Default/Cache/Cache_Data/f_000049
D  bin/Release/HorizonData/EBWebView/Default/Cache/Cache_Data/f_00004a
D  bin/Release/HorizonData/EBWebView/Default/Cache/Cache_Data/f_00004b
D  bin/Release/HorizonData/EBWebView/Default/Cache/Cache_Data/f_00004c
D  bin/Release/HorizonData/EBWebView/Default/Cache/Cache_Data/f_00004d
D  bin/Release/HorizonData/EBWebView/Default/Cache/Cache_Data/f_00004e
D  bin/Release/HorizonData/EBWebView/Default/Cache/Cache_Data/f_00004f
D  bin/Release/HorizonData/EBWebView/Default/Cache/Cache_Data/f_000050
D  bin/Release/HorizonData/EBWebView/Default/Cache/Cache_Data/f_000051
D  bin/Release/HorizonData/EBWebView/Default/Cache/Cache_Data/f_000052
D  bin/Release/HorizonData/EBWebView/Default/Cache/Cache_Data/f_000053
D  bin/Release/HorizonData/EBWebView/Default/Cache/Cache_Data/f_000054
D  bin/Release/HorizonData/EBWebView/Default/Cache/Cache_Data/f_000055
D  bin/Release/HorizonData/EBWebView/Default/Cache/Cache_Data/f_000056
D  bin/Release/HorizonData/EBWebView/Default/Cache/Cache_Data/index
D  bin/Release/HorizonData/EBWebView/Default/Cache/No_Vary_Search/journal.baj
D  bin/Release/HorizonData/EBWebView/Default/Cache/No_Vary_Search/snapshot.baf
D  bin/Release/HorizonData/EBWebView/Default/ClientCertificates/LOCK
D  bin/Release/HorizonData/EBWebView/Default/ClientCertificates/LOG
D  bin/Release/HorizonData/EBWebView/Default/ClientCertificates/LOG.old
D  "bin/Release/HorizonData/EBWebView/Default/Code Cache/js/0076dbc2687a75c8_0"
D  "bin/Release/HorizonData/EBWebView/Default/Code Cache/js/02df4d919d1db631_0"
D  "bin/Release/HorizonData/EBWebView/Default/Code Cache/js/030deb08ea7f5704_0"
D  "bin/Release/HorizonData/EBWebView/Default/Code Cache/js/039b9efa13a61bad_0"
D  "bin/Release/HorizonData/EBWebView/Default/Code Cache/js/03ab767b40f8cfee_0"
D  "bin/Release/HorizonData/EBWebView/Default/Code Cache/js/043af1923a883e16_0"
D  "bin/Release/HorizonData/EBWebView/Default/Code Cache/js/04496e09a82d7be4_0"
D  "bin/Release/HorizonData/EBWebView/Default/Code Cache/js/04b821652310fb13_0"
D  "bin/Release/HorizonData/EBWebView/Default/Code Cache/js/05b26522fd606645_0"
D  "bin/Release/HorizonData/EBWebView/Default/Code Cache/js/071d0789528838a9_0"
D  "bin/Release/HorizonData/EBWebView/Default/Code Cache/js/086ced5af2bd8220_0"
D  "bin/Release/HorizonData/EBWebView/Default/Code Cache/js/0a4c526d5d310100_0"
D  "bin/Release/HorizonData/EBWebView/Default/Code Cache/js/0aaaf6edb73e546a_0"
D  "bin/Release/HorizonData/EBWebView/Default/Code Cache/js/0afc682fb9dad7c2_0"
D  "bin/Release/HorizonData/EBWebView/Default/Code Cache/js/0b06db1a6bf880c2_0"
D  "bin/Release/HorizonData/EBWebView/Default/Code Cache/js/0b3a0da62588e0f5_0"
D  "bin/Release/HorizonData/EBWebView/Default/Code Cache/js/0c015efe6e649523_0"
D  "bin/Release/HorizonData/EBWebView/Default/Code Cache/js/0f7a89f46f65133f_0"
D  "bin/Release/HorizonData/EBWebView/Default/Code Cache/js/0f7e5eeea93299c9_0"
D  "bin/Release/HorizonData/EBWebView/Default/Code Cache/js/103adf3520105e0f_0"
D  "bin/Release/HorizonData/EBWebView/Default/Code Cache/js/11328cb64a5d60eb_0"
D  "bin/Release/HorizonData/EBWebView/Default/Code Cache/js/113d72327aacc717_0"
D  "bin/Release/HorizonData/EBWebView/Default/Code Cache/js/1154210b0c0831c9_0"
D  "bin/Release/HorizonData/EBWebView/Default/Code Cache/js/1253ddc0847524d9_0"
D  "bin/Release/HorizonData/EBWebView/Default/Code Cache/js/13b86ba548c0a839_0"
D  "bin/Release/HorizonData/EBWebView/Default/Code Cache/js/142a6170a0e9d869_0"
D  "bin/Release/HorizonData/EBWebView/Default/Code Cache/js/1607200edb381bca_0"
D  "bin/Release/HorizonData/EBWebView/Default/Code Cache/js/166f248488e8e434_0"
D  "bin/Release/HorizonData/EBWebView/Default/Code Cache/js/191897f97e361b8f_0"
D  "bin/Release/HorizonData/EBWebView/Default/Code Cache/js/195e2fd790676a21_0"
D  "bin/Release/HorizonData/EBWebView/Default/Code Cache/js/198e8104f7f87921_0"
D  "bin/Release/HorizonData/EBWebView/Default/Code Cache/js/1bcd9e7257b3b57d_0"
D  "bin/Release/HorizonData/EBWebView/Default/Code Cache/js/1be905117ed82795_0"
D  "bin/Release/HorizonData/EBWebView/Default/Code Cache/js/1bf5e7db2cc86bc8_0"
D  "bin/Release/HorizonData/EBWebView/Default/Code Cache/js/1c93a3582c65c4d3_0"
D  "bin/Release/HorizonData/EBWebView/Default/Code Cache/js/1cc55164091f7d02_0"
D  "bin/Release/HorizonData/EBWebView/Default/Code Cache/js/1cdfac3e3497e90e_0"
D  "bin/Release/HorizonData/EBWebView/Default/Code Cache/js/1d25890505165c28_0"
D  "bin/Release/HorizonData/EBWebView/Default/Code Cache/js/1e533551742eeaf0_0"
D  "bin/Release/HorizonData/EBWebView/Default/Code Cache/js/1f722db16f1e9c51_0"
D  "bin/Release/HorizonData/EBWebView/Default/Code Cache/js/1f780d5738f54f36_0"
D  "bin/Release/HorizonData/EBWebView/Default/Code Cache/js/1f7cf8395b07ebcd_0"
D  "bin/Release/HorizonData/EBWebView/Default/Code Cache/js/1facba9eab55149f_0"
D  "bin/Release/HorizonData/EBWebView/Default/Code Cache/js/210c8b22d39f09d7_0"
D  "bin/Release/HorizonData/EBWebView/Default/Code Cache/js/213c9d2da2b585c1_0"
D  "bin/Release/HorizonData/EBWebView/Default/Code Cache/js/219ba47e4f3fd15f_0"
D  "bin/Release/HorizonData/EBWebView/Default/Code Cache/js/21aa031a3d2c0479_0"
D  "bin/Release/HorizonData/EBWebView/Default/Code Cache/js/22f3ce7a7d7a6aac_0"
D  "bin/Release/HorizonData/EBWebView/Default/Code Cache/js/23e0af9c53491d3f_0"
D  "bin/Release/HorizonData/EBWebView/Default/Code Cache/js/23ff0c8c70c7689f_0"
D  "bin/Release/HorizonData/EBWebView/Default/Code Cache/js/26c4287798fa812c_0"
D  "bin/Release/HorizonData/EBWebView/Default/Code Cache/js/285bf0c6b2a0869b_0"
D  "bin/Release/HorizonData/EBWebView/Default/Code Cache/js/285e4739357c6106_0"
D  "bin/Release/HorizonData/EBWebView/Default/Code Cache/js/29305d07e19521a6_0"
D  "bin/Release/HorizonData/EBWebView/Default/Code Cache/js/295728fafc7c1ebe_0"
D  "bin/Release/HorizonData/EBWebView/Default/Code Cache/js/29f6e8ab8ec87e6c_0"
D  "bin/Release/HorizonData/EBWebView/Default/Code Cache/js/2a61469126e13338_0"
D  "bin/Release/HorizonData/EBWebView/Default/Code Cache/js/2aaeea5e819db95a_0"
D  "bin/Release/HorizonData/EBWebView/Default/Code Cache/js/2b3ca73aed475f2b_0"
D  "bin/Release/HorizonData/EBWebView/Default/Code Cache/js/2b5d95bda3bae015_0"
D  "bin/Release/HorizonData/EBWebView/Default/Code Cache/js/2ba4a999fd4f886b_0"
D  "bin/Release/HorizonData/EBWebView/Default/Code Cache/js/2c3897a6197a9767_0"
D  "bin/Release/HorizonData/EBWebView/Default/Code Cache/js/2c410b04f0114046_0"
D  "bin/Release/HorizonData/EBWebView/Default/Code Cache/js/2dc54355c897759f_0"
D  "bin/Release/HorizonData/EBWebView/Default/Code Cache/js/2e98f626d1f446d8_0"
D  "bin/Release/HorizonData/EBWebView/Default/Code Cache/js/2fea4219311926b6_0"
D  "bin/Release/HorizonData/EBWebView/Default/Code Cache/js/301522068fae0a51_0"
D  "bin/Release/HorizonData/EBWebView/Default/Code Cache/js/30259e9f37aaf988_0"
D  "bin/Release/HorizonData/EBWebView/Default/Code Cache/js/31836ad4b5df3363_0"
D  "bin/Release/HorizonData/EBWebView/Default/Code Cache/js/32ac42b2888b846b_0"
D  "bin/Release/HorizonData/EBWebView/Default/Code Cache/js/32f350141aa87917_0"
D  "bin/Release/HorizonData/EBWebView/Default/Code Cache/js/336a68eaaf209f48_0"
D  "bin/Release/HorizonData/EBWebView/Default/Code Cache/js/34ac8a9c0965f5ad_0"
D  "bin/Release/HorizonData/EBWebView/Default/Code Cache/js/35a5f42315e20c02_0"
D  "bin/Release/HorizonData/EBWebView/Default/Code Cache/js/3724a0324c3b6e26_0"
D  "bin/Release/HorizonData/EBWebView/Default/Code Cache/js/3776c937168b5b52_0"
D  "bin/Release/HorizonData/EBWebView/Default/Code Cache/js/383a869199a8575d_0"
D  "bin/Release/HorizonData/EBWebView/Default/Code Cache/js/38419f8e309412eb_0"
D  "bin/Release/HorizonData/EBWebView/Default/Code Cache/js/39cd07b5fed350c5_0"
D  "bin/Release/HorizonData/EBWebView/Default/Code Cache/js/3c45437c70bb8ea2_0"
D  "bin/Release/HorizonData/EBWebView/Default/Code Cache/js/3d67dae5c887164b_0"
D  "bin/Release/HorizonData/EBWebView/Default/Code Cache/js/3d6bd5bd9da96636_0"
D  "bin/Release/HorizonData/EBWebView/Default/Code Cache/js/3d7b3300c41a76c0_0"
D  "bin/Release/HorizonData/EBWebView/Default/Code Cache/js/3eada1f109a8e7c6_0"
D  "bin/Release/HorizonData/EBWebView/Default/Code Cache/js/3f746c470dfb4415_0"
D  "bin/Release/HorizonData/EBWebView/Default/Code Cache/js/42d00762017c12e0_0"
D  "bin/Release/HorizonData/EBWebView/Default/Code Cache/js/43358fd863f969b1_0"
D  "bin/Release/HorizonData/EBWebView/Default/Code Cache/js/441c2476218dfa97_0"
D  "bin/Release/HorizonData/EBWebView/Default/Code Cache/js/4431bab738f28701_0"
D  "bin/Release/HorizonData/EBWebView/Default/Code Cache/js/4513aa6c19670f03_0"
D  "bin/Release/HorizonData/EBWebView/Default/Code Cache/js/459a3a51c2e0cc5f_0"
D  "bin/Release/HorizonData/EBWebView/Default/Code Cache/js/45a0d6b4698d6793_0"
D  "bin/Release/HorizonData/EBWebView/Default/Code Cache/js/45ec19afc0c3926c_0"
D  "bin/Release/HorizonData/EBWebView/Default/Code Cache/js/45f2a4e8b68183f1_0"
D  "bin/Release/HorizonData/EBWebView/Default/Code Cache/js/461394aad51d27a5_0"
D  "bin/Release/HorizonData/EBWebView/Default/Code Cache/js/46f0f9bcc6381ca4_0"
D  "bin/Release/HorizonData/EBWebView/Default/Code Cache/js/476e925384e274ca_0"
D  "bin/Release/HorizonData/EBWebView/Default/Code Cache/js/47b2c8679819c7f8_0"
D  "bin/Release/HorizonData/EBWebView/Default/Code Cache/js/48e780b63f42de42_0"
D  "bin/Release/HorizonData/EBWebView/Default/Code Cache/js/49e3bf709fa8fdf6_0"
D  "bin/Release/HorizonData/EBWebView/Default/Code Cache/js/4a900104f5908b5f_0"
D  "bin/Release/HorizonData/EBWebView/Default/Code Cache/js/4b290833534e9090_0"
D  "bin/Release/HorizonData/EBWebView/Default/Code Cache/js/4b72b65b98aee73e_0"
D  "bin/Release/HorizonData/EBWebView/Default/Code Cache/js/4b8e7f0dd7ad3829_0"
D  "bin/Release/HorizonData/EBWebView/Default/Code Cache/js/4c5ca62179efe410_0"
D  "bin/Release/HorizonData/EBWebView/Default/Code Cache/js/4d5ca12299fb0b42_0"
D  "bin/Release/HorizonData/EBWebView/Default/Code Cache/js/4fdb2fec396ea760_0"
D  "bin/Release/HorizonData/EBWebView/Default/Code Cache/js/50a4945d49f08526_0"
D  "bin/Release/HorizonData/EBWebView/Default/Code Cache/js/53da2c5efbf7fa87_0"
D  "bin/Release/HorizonData/EBWebView/Default/Code Cache/js/553fd832d277d371_0"
D  "bin/Release/HorizonData/EBWebView/Default/Code Cache/js/557181f3109f2b5b_0"
D  "bin/Release/HorizonData/EBWebView/Default/Code Cache/js/55a0c9678498ccce_0"
D  "bin/Release/HorizonData/EBWebView/Default/Code Cache/js/55c19d41fa6293f5_0"
D  "bin/Release/HorizonData/EBWebView/Default/Code Cache/js/5657fedf7d486af5_0"
D  "bin/Release/HorizonData/EBWebView/Default/Code Cache/js/5889931439d1647c_0"
D  "bin/Release/HorizonData/EBWebView/Default/Code Cache/js/58922cf0bc5f42a9_0"
D  "bin/Release/HorizonData/EBWebView/Default/Code Cache/js/591a6fd1e26522dd_0"
D  "bin/Release/HorizonData/EBWebView/Default/Code Cache/js/595fca4bc905ae3f_0"
D  "bin/Release/HorizonData/EBWebView/Default/Code Cache/js/5bd1b3ba5b1083d5_0"
D  "bin/Release/HorizonData/EBWebView/Default/Code Cache/js/5bf0bdc3107aca3b_0"
D  "bin/Release/HorizonData/EBWebView/Default/Code Cache/js/5cede4bc155eab21_0"
D  "bin/Release/HorizonData/EBWebView/Default/Code Cache/js/5edb9c275f992577_0"
D  "bin/Release/HorizonData/EBWebView/Default/Code Cache/js/60c4372e5f885bf0_0"
D  "bin/Release/HorizonData/EBWebView/Default/Code Cache/js/60d8544d757b2679_0"
D  "bin/Release/HorizonData/EBWebView/Default/Code Cache/js/615dcdf40e3f867f_0"
D  "bin/Release/HorizonData/EBWebView/Default/Code Cache/js/6234441e9058402d_0"
D  "bin/Release/HorizonData/EBWebView/Default/Code Cache/js/62ebafc69ab63d3d_0"
D  "bin/Release/HorizonData/EBWebView/Default/Code Cache/js/64c0010e0b003e65_0"
D  "bin/Release/HorizonData/EBWebView/Default/Code Cache/js/66416b18424601b2_0"
D  "bin/Release/HorizonData/EBWebView/Default/Code Cache/js/67e4b73732f3ae16_0"
D  "bin/Release/HorizonData/EBWebView/Default/Code Cache/js/6815baa5322591c2_0"
D  "bin/Release/HorizonData/EBWebView/Default/Code Cache/js/69d74f99fd05b8f5_0"
D  "bin/Release/HorizonData/EBWebView/Default/Code Cache/js/6a29e1c45e953b04_0"
D  "bin/Release/HorizonData/EBWebView/Default/Code Cache/js/6a5f2f74491b0b10_0"
D  "bin/Release/HorizonData/EBWebView/Default/Code Cache/js/6a69cef7b05e2116_0"
D  "bin/Release/HorizonData/EBWebView/Default/Code Cache/js/6b905d6a03391e9b_0"
D  "bin/Release/HorizonData/EBWebView/Default/Code Cache/js/6c3763529eb6c42f_0"
D  "bin/Release/HorizonData/EBWebView/Default/Code Cache/js/6cc2c20d6d2d01d4_0"
D  "bin/Release/HorizonData/EBWebView/Default/Code Cache/js/6d83600370122c88_0"
D  "bin/Release/HorizonData/EBWebView/Default/Code Cache/js/6e2c3008b5beade3_0"
D  "bin/Release/HorizonData/EBWebView/Default/Code Cache/js/700dc727cb9bcc1e_0"
D  "bin/Release/HorizonData/EBWebView/Default/Code Cache/js/706fac09a8efc57d_0"
D  "bin/Release/HorizonData/EBWebView/Default/Code Cache/js/729e06121263e699_0"
D  "bin/Release/HorizonData/EBWebView/Default/Code Cache/js/73598283727f3d0c_0"
D  "bin/Release/HorizonData/EBWebView/Default/Code Cache/js/73d2efb9cf9769e7_0"
D  "bin/Release/HorizonData/EBWebView/Default/Code Cache/js/73d953c33c8cd15c_0"
D  "bin/Release/HorizonData/EBWebView/Default/Code Cache/js/750e718928cb9cc1_0"
D  "bin/Release/HorizonData/EBWebView/Default/Code Cache/js/75a67d19412e31c6_0"
D  "bin/Release/HorizonData/EBWebView/Default/Code Cache/js/75ce2afff720c5bc_0"
D  "bin/Release/HorizonData/EBWebView/Default/Code Cache/js/75f9d714a9a0530d_0"
D  "bin/Release/HorizonData/EBWebView/Default/Code Cache/js/76fe2c38f69e6c3e_0"
D  "bin/Release/HorizonData/EBWebView/Default/Code Cache/js/7733fbf967c4657e_0"
D  "bin/Release/HorizonData/EBWebView/Default/Code Cache/js/7770572c4d5a85c6_0"
D  "bin/Release/HorizonData/EBWebView/Default/Code Cache/js/7796935dc90f4611_0"
D  "bin/Release/HorizonData/EBWebView/Default/Code Cache/js/77b0b838786966f3_0"
D  "bin/Release/HorizonData/EBWebView/Default/Code Cache/js/77fd57b40e5f0945_0"
D  "bin/Release/HorizonData/EBWebView/Default/Code Cache/js/7830bb3c6aebc8d2_0"
D  "bin/Release/HorizonData/EBWebView/Default/Code Cache/js/7aa2a78c6711ee05_0"
D  "bin/Release/HorizonData/EBWebView/Default/Code Cache/js/7b45860dc27c51d2_0"
D  "bin/Release/HorizonData/EBWebView/Default/Code Cache/js/7c10f56e3e1c96b7_0"
D  "bin/Release/HorizonData/EBWebView/Default/Code Cache/js/7c49ae0efcea2fba_0"
D  "bin/Release/HorizonData/EBWebView/Default/Code Cache/js/7c4eca39ac31d3bf_0"
D  "bin/Release/HorizonData/EBWebView/Default/Code Cache/js/7cb42cd2778ad146_0"
D  "bin/Release/HorizonData/EBWebView/Default/Code Cache/js/7cee592cd11ccb85_0"
D  "bin/Release/HorizonData/EBWebView/Default/Code Cache/js/7e13452bd0baf78d_0"
D  "bin/Release/HorizonData/EBWebView/Default/Code Cache/js/7e77d93031b026df_0"
D  "bin/Release/HorizonData/EBWebView/Default/Code Cache/js/7ea7b5787d024c41_0"
D  "bin/Release/HorizonData/EBWebView/Default/Code Cache/js/7f4b4fe6877a5fa5_0"
D  "bin/Release/HorizonData/EBWebView/Default/Code Cache/js/80ae89df8ae7d4cb_0"
D  "bin/Release/HorizonData/EBWebView/Default/Code Cache/js/80c97569d2ef4727_0"
D  "bin/Release/HorizonData/EBWebView/Default/Code Cache/js/80ca0c4d0abbee4c_0"
D  "bin/Release/HorizonData/EBWebView/Default/Code Cache/js/8142d87dc62a8289_0"
D  "bin/Release/HorizonData/EBWebView/Default/Code Cache/js/81d5d441795a90ac_0"
D  "bin/Release/HorizonData/EBWebView/Default/Code Cache/js/81e62ae930589f44_0"
D  "bin/Release/HorizonData/EBWebView/Default/Code Cache/js/82315b06200d0f51_0"
D  "bin/Release/HorizonData/EBWebView/Default/Code Cache/js/8257e29537493481_0"
D  "bin/Release/HorizonData/EBWebView/Default/Code Cache/js/8309577bd3dfe91b_0"
D  "bin/Release/HorizonData/EBWebView/Default/Code Cache/js/83923ba863ef0328_0"
D  "bin/Release/HorizonData/EBWebView/Default/Code Cache/js/83dffb8c3174fef0_0"
D  "bin/Release/HorizonData/EBWebView/Default/Code Cache/js/85c0d128ae6d1da1_0"
D  "bin/Release/HorizonData/EBWebView/Default/Code Cache/js/86597e01f9217b47_0"
D  "bin/Release/HorizonData/EBWebView/Default/Code Cache/js/86a9dc20f88e211e_0"
D  "bin/Release/HorizonData/EBWebView/Default/Code Cache/js/8818a0082ce9f723_0"
D  "bin/Release/HorizonData/EBWebView/Default/Code Cache/js/88640dfb72b4d0b9_0"
D  "bin/Release/HorizonData/EBWebView/Default/Code Cache/js/8871a9ca939a2705_0"
D  "bin/Release/HorizonData/EBWebView/Default/Code Cache/js/89028526bc380681_0"
D  "bin/Release/HorizonData/EBWebView/Default/Code Cache/js/891dbe7f9c49cc7c_0"
D  "bin/Release/HorizonData/EBWebView/Default/Code Cache/js/8ae409e2dffaf445_0"
D  "bin/Release/HorizonData/EBWebView/Default/Code Cache/js/8b49d98d02614a25_0"
D  "bin/Release/HorizonData/EBWebView/Default/Code Cache/js/8b4a252cbf815bea_0"
D  "bin/Release/HorizonData/EBWebView/Default/Code Cache/js/8b87103f8561cdd7_0"
D  "bin/Release/HorizonData/EBWebView/Default/Code Cache/js/8bb0e185a0529c66_0"
D  "bin/Release/HorizonData/EBWebView/Default/Code Cache/js/8bbac0335be35a83_0"
D  "bin/Release/HorizonData/EBWebView/Default/Code Cache/js/8c6c37db201f7faf_0"
D  "bin/Release/HorizonData/EBWebView/Default/Code Cache/js/8d5ca1e661f2e6c5_0"
D  "bin/Release/HorizonData/EBWebView/Default/Code Cache/js/8dc5dfa83e38f1d4_0"
D  "bin/Release/HorizonData/EBWebView/Default/Code Cache/js/8dd013a50b6f7494_0"
D  "bin/Release/HorizonData/EBWebView/Default/Code Cache/js/8ddfab8cb1cec30d_0"
D  "bin/Release/HorizonData/EBWebView/Default/Code Cache/js/902ea3f71f655b6a_0"
D  "bin/Release/HorizonData/EBWebView/Default/Code Cache/js/909a42f141014997_0"
D  "bin/Release/HorizonData/EBWebView/Default/Code Cache/js/90d83890ae1d4820_0"
D  "bin/Release/HorizonData/EBWebView/Default/Code Cache/js/910198d377dddd36_0"
D  "bin/Release/HorizonData/EBWebView/Default/Code Cache/js/920c07db3f1a34c2_0"
D  "bin/Release/HorizonData/EBWebView/Default/Code Cache/js/928b3f1e19244afc_0"
D  "bin/Release/HorizonData/EBWebView/Default/Code Cache/js/92a4b5f9b32da0b3_0"
D  "bin/Release/HorizonData/EBWebView/Default/Code Cache/js/92b03997d45af18a_0"
D  "bin/Release/HorizonData/EBWebView/Default/Code Cache/js/92d6be4f5a100850_0"
D  "bin/Release/HorizonData/EBWebView/Default/Code Cache/js/9318887779393cc9_0"
D  "bin/Release/HorizonData/EBWebView/Default/Code Cache/js/941c2c2acfe13589_0"
D  "bin/Release/HorizonData/EBWebView/Default/Code Cache/js/95776333dfe668be_0"
D  "bin/Release/HorizonData/EBWebView/Default/Code Cache/js/97d01c453ca4dd4c_0"
D  "bin/Release/HorizonData/EBWebView/Default/Code Cache/js/97d02b97ea766e65_0"
D  "bin/Release/HorizonData/EBWebView/Default/Code Cache/js/9870b729e146b9f8_0"
D  "bin/Release/HorizonData/EBWebView/Default/Code Cache/js/98def3e77158b3d2_0"
D  "bin/Release/HorizonData/EBWebView/Default/Code Cache/js/98f29b078d991853_0"
D  "bin/Release/HorizonData/EBWebView/Default/Code Cache/js/990191b661d360f6_0"
D  "bin/Release/HorizonData/EBWebView/Default/Code Cache/js/9949003591f367df_0"
D  "bin/Release/HorizonData/EBWebView/Default/Code Cache/js/99b5610a24549a44_0"
D  "bin/Release/HorizonData/EBWebView/Default/Code Cache/js/9a24a8a48e855424_0"
D  "bin/Release/HorizonData/EBWebView/Default/Code Cache/js/9a9f26166dafbcff_0"
D  "bin/Release/HorizonData/EBWebView/Default/Code Cache/js/9b35b4179943f4f9_0"
D  "bin/Release/HorizonData/EBWebView/Default/Code Cache/js/9c601942de9e1307_0"
D  "bin/Release/HorizonData/EBWebView/Default/Code Cache/js/9dbf418880b89464_0"
D  "bin/Release/HorizonData/EBWebView/Default/Code Cache/js/9e07b06e8139ebbf_0"
D  "bin/Release/HorizonData/EBWebView/Default/Code Cache/js/9ec8aab95fff3370_0"
D  "bin/Release/HorizonData/EBWebView/Default/Code Cache/js/a01c0310ff320564_0"
D  "bin/Release/HorizonData/EBWebView/Default/Code Cache/js/a031e9f83427b6de_0"
D  "bin/Release/HorizonData/EBWebView/Default/Code Cache/js/a0bbe7530078111c_0"
D  "bin/Release/HorizonData/EBWebView/Default/Code Cache/js/a0ce1fb5ae763c47_0"
D  "bin/Release/HorizonData/EBWebView/Default/Code Cache/js/a0d854db23c4986e_0"
D  "bin/Release/HorizonData/EBWebView/Default/Code Cache/js/a1b4afd9cecbde61_0"
D  "bin/Release/HorizonData/EBWebView/Default/Code Cache/js/a1fa137b64fa4022_0"
D  "bin/Release/HorizonData/EBWebView/Default/Code Cache/js/a2e2d3ccdd40b565_0"
D  "bin/Release/HorizonData/EBWebView/Default/Code Cache/js/a47b0ea0a8a017fb_0"
D  "bin/Release/HorizonData/EBWebView/Default/Code Cache/js/a5a1aadf172914fe_0"
D  "bin/Release/HorizonData/EBWebView/Default/Code Cache/js/a5b8b39f63fde1bc_0"
D  "bin/Release/HorizonData/EBWebView/Default/Code Cache/js/a5fa9be99cd4d0af_0"
D  "bin/Release/HorizonData/EBWebView/Default/Code Cache/js/a6094d2874ab90de_0"
D  "bin/Release/HorizonData/EBWebView/Default/Code Cache/js/a62a4215b9346676_0"
D  "bin/Release/HorizonData/EBWebView/Default/Code Cache/js/a63a1197625004b3_0"
D  "bin/Release/HorizonData/EBWebView/Default/Code Cache/js/a810a0483ae40b23_0"
D  "bin/Release/HorizonData/EBWebView/Default/Code Cache/js/a8593ea97381b208_0"
D  "bin/Release/HorizonData/EBWebView/Default/Code Cache/js/a897015626d44c6b_0"
D  "bin/Release/HorizonData/EBWebView/Default/Code Cache/js/a8ad890aa570e093_0"
D  "bin/Release/HorizonData/EBWebView/Default/Code Cache/js/a99efcdec779dcdc_0"
D  "bin/Release/HorizonData/EBWebView/Default/Code Cache/js/aa6a1e8ce1426809_0"
D  "bin/Release/HorizonData/EBWebView/Default/Code Cache/js/aa9611a54af6bf36_0"
D  "bin/Release/HorizonData/EBWebView/Default/Code Cache/js/aafc135857612845_0"
D  "bin/Release/HorizonData/EBWebView/Default/Code Cache/js/ad2057eeb7705349_0"
D  "bin/Release/HorizonData/EBWebView/Default/Code Cache/js/ad31ef1ddebe25ec_0"
D  "bin/Release/HorizonData/EBWebView/Default/Code Cache/js/af08c8dfb60dc291_0"
D  "bin/Release/HorizonData/EBWebView/Default/Code Cache/js/b199925a04e1874e_0"
D  "bin/Release/HorizonData/EBWebView/Default/Code Cache/js/b1a93205baf980e8_0"
D  "bin/Release/HorizonData/EBWebView/Default/Code Cache/js/b1b0bc2357e152d8_0"
D  "bin/Release/HorizonData/EBWebView/Default/Code Cache/js/b2ad4ddd51204622_0"
D  "bin/Release/HorizonData/EBWebView/Default/Code Cache/js/b3f1056d02277b2e_0"
D  "bin/Release/HorizonData/EBWebView/Default/Code Cache/js/b6ca6ce343510893_0"
D  "bin/Release/HorizonData/EBWebView/Default/Code Cache/js/b6ebe0c7f8673633_0"
D  "bin/Release/HorizonData/EBWebView/Default/Code Cache/js/b75aece08654fcae_0"
D  "bin/Release/HorizonData/EBWebView/Default/Code Cache/js/b9cd5c9e189b7c91_0"
D  "bin/Release/HorizonData/EBWebView/Default/Code Cache/js/bb3e10180f60d452_0"
D  "bin/Release/HorizonData/EBWebView/Default/Code Cache/js/bb73546961cd6df8_0"
D  "bin/Release/HorizonData/EBWebView/Default/Code Cache/js/bbf72f37478d5754_0"
D  "bin/Release/HorizonData/EBWebView/Default/Code Cache/js/bd9a8ebd92bd0fb1_0"
D  "bin/Release/HorizonData/EBWebView/Default/Code Cache/js/bdaea414e9ce4e38_0"
D  "bin/Release/HorizonData/EBWebView/Default/Code Cache/js/be1546fea8ad5017_0"
D  "bin/Release/HorizonData/EBWebView/Default/Code Cache/js/bf073348812cd546_0"
D  "bin/Release/HorizonData/EBWebView/Default/Code Cache/js/bf3fabda45d6efc8_0"
D  "bin/Release/HorizonData/EBWebView/Default/Code Cache/js/c00dfea51d750af9_0"
D  "bin/Release/HorizonData/EBWebView/Default/Code Cache/js/c00f79b571e53a90_0"
D  "bin/Release/HorizonData/EBWebView/Default/Code Cache/js/c1e16c33e0d24977_0"
D  "bin/Release/HorizonData/EBWebView/Default/Code Cache/js/c20d71ecd0100ee8_0"
D  "bin/Release/HorizonData/EBWebView/Default/Code Cache/js/c2c2b3cc9051baa5_0"
D  "bin/Release/HorizonData/EBWebView/Default/Code Cache/js/c2f21af09aba525a_0"
D  "bin/Release/HorizonData/EBWebView/Default/Code Cache/js/c3f4f238755411ed_0"
D  "bin/Release/HorizonData/EBWebView/Default/Code Cache/js/c6b9313c8e6e51ca_0"
D  "bin/Release/HorizonData/EBWebView/Default/Code Cache/js/c6b94ec6df951cf6_0"
D  "bin/Release/HorizonData/EBWebView/Default/Code Cache/js/c6fd9b6fd7676322_0"
D  "bin/Release/HorizonData/EBWebView/Default/Code Cache/js/c7041477f118ee1a_0"
D  "bin/Release/HorizonData/EBWebView/Default/Code Cache/js/c7d30abc0e0ff55a_0"
D  "bin/Release/HorizonData/EBWebView/Default/Code Cache/js/c8e48afcc9f9dfb4_0"
D  "bin/Release/HorizonData/EBWebView/Default/Code Cache/js/c9d9dc059f1676a5_0"
D  "bin/Release/HorizonData/EBWebView/Default/Code Cache/js/cafc2e78c867be91_0"
D  "bin/Release/HorizonData/EBWebView/Default/Code Cache/js/cb3a90e9370cef07_0"
D  "bin/Release/HorizonData/EBWebView/Default/Code Cache/js/cccc43e45a5a6960_0"
D  "bin/Release/HorizonData/EBWebView/Default/Code Cache/js/cd82ba944fad5118_0"
D  "bin/Release/HorizonData/EBWebView/Default/Code Cache/js/cd9ec71b49f10925_0"
D  "bin/Release/HorizonData/EBWebView/Default/Code Cache/js/cdee42929affea09_0"
D  "bin/Release/HorizonData/EBWebView/Default/Code Cache/js/cdf731a6130495c9_0"
D  "bin/Release/HorizonData/EBWebView/Default/Code Cache/js/cf6d3e7947913a8c_0"
D  "bin/Release/HorizonData/EBWebView/Default/Code Cache/js/d08c288fcb831196_0"
D  "bin/Release/HorizonData/EBWebView/Default/Code Cache/js/d09a7b26ca5c5b1c_0"
D  "bin/Release/HorizonData/EBWebView/Default/Code Cache/js/d1000b77b936bbf5_0"
D  "bin/Release/HorizonData/EBWebView/Default/Code Cache/js/d3ab5bc620082724_0"
D  "bin/Release/HorizonData/EBWebView/Default/Code Cache/js/d53537e9a3e5472d_0"
D  "bin/Release/HorizonData/EBWebView/Default/Code Cache/js/d6f878a7f569f6be_0"
D  "bin/Release/HorizonData/EBWebView/Default/Code Cache/js/d6ffd5adef6f9780_0"
D  "bin/Release/HorizonData/EBWebView/Default/Code Cache/js/d738afecb311bf8f_0"
D  "bin/Release/HorizonData/EBWebView/Default/Code Cache/js/d8f08168df5e633f_0"
D  "bin/Release/HorizonData/EBWebView/Default/Code Cache/js/d92a2ba554ae9430_0"
D  "bin/Release/HorizonData/EBWebView/Default/Code Cache/js/d9f5c1dc-f8fe-443c-b79f-73949db5d5a6.tmp"
D  "bin/Release/HorizonData/EBWebView/Default/Code Cache/js/da34dff0bcb62624_0"
D  "bin/Release/HorizonData/EBWebView/Default/Code Cache/js/da474bbe5702481d_0"
D  "bin/Release/HorizonData/EBWebView/Default/Code Cache/js/db1823a3ff744d88_0"
D  "bin/Release/HorizonData/EBWebView/Default/Code Cache/js/dbc149b98865d134_0"
D  "bin/Release/HorizonData/EBWebView/Default/Code Cache/js/dcac0418fc975285_0"
D  "bin/Release/HorizonData/EBWebView/Default/Code Cache/js/dccd224e92bddd24_0"
D  "bin/Release/HorizonData/EBWebView/Default/Code Cache/js/de8ae10e19b4b086_0"
D  "bin/Release/HorizonData/EBWebView/Default/Code Cache/js/dea1fd92bb8cbf0a_0"
D  "bin/Release/HorizonData/EBWebView/Default/Code Cache/js/df2b36ffadcebb01_0"
D  "bin/Release/HorizonData/EBWebView/Default/Code Cache/js/df479de699269e3f_0"
D  "bin/Release/HorizonData/EBWebView/Default/Code Cache/js/dfca766ddb094e3a_0"
D  "bin/Release/HorizonData/EBWebView/Default/Code Cache/js/e0159b47c49a23d4_0"
D  "bin/Release/HorizonData/EBWebView/Default/Code Cache/js/e08a342f11c2b4d8_0"
D  "bin/Release/HorizonData/EBWebView/Default/Code Cache/js/e0bc52dcdce2e336_0"
D  "bin/Release/HorizonData/EBWebView/Default/Code Cache/js/e0e529bef6db25dd_0"
D  "bin/Release/HorizonData/EBWebView/Default/Code Cache/js/e13a798433bc05b6_0"
D  "bin/Release/HorizonData/EBWebView/Default/Code Cache/js/e14f7e9dd99336ce_0"
D  "bin/Release/HorizonData/EBWebView/Default/Code Cache/js/e3a309c676de0a5f_0"
D  "bin/Release/HorizonData/EBWebView/Default/Code Cache/js/e44ad3cd0b07a517_0"
D  "bin/Release/HorizonData/EBWebView/Default/Code Cache/js/e4ea1ef674a32d6d_0"
D  "bin/Release/HorizonData/EBWebView/Default/Code Cache/js/e524cbfdb4b02c32_0"
D  "bin/Release/HorizonData/EBWebView/Default/Code Cache/js/e5b36b100c26d200_0"
D  "bin/Release/HorizonData/EBWebView/Default/Code Cache/js/e5be169dd5b813f9_0"
D  "bin/Release/HorizonData/EBWebView/Default/Code Cache/js/e5c4a9f90aa0f87d_0"
D  "bin/Release/HorizonData/EBWebView/Default/Code Cache/js/e6afdfc6cc57adcf_0"
D  "bin/Release/HorizonData/EBWebView/Default/Code Cache/js/e8879a23b76234d5_0"
D  "bin/Release/HorizonData/EBWebView/Default/Code Cache/js/e9aa19718374ecc0_0"
D  "bin/Release/HorizonData/EBWebView/Default/Code Cache/js/ea8ba2135e947898_0"
D  "bin/Release/HorizonData/EBWebView/Default/Code Cache/js/eb090d2e8b6bc7c5_0"
D  "bin/Release/HorizonData/EBWebView/Default/Code Cache/js/eb8018a57d356e91_0"
D  "bin/Release/HorizonData/EBWebView/Default/Code Cache/js/ec85c2beb82685fe_0"
D  "bin/Release/HorizonData/EBWebView/Default/Code Cache/js/ed1ebccfd7b61ac2_0"
D  "bin/Release/HorizonData/EBWebView/Default/Code Cache/js/ee6dcd6c07f6470f_0"
D  "bin/Release/HorizonData/EBWebView/Default/Code Cache/js/ef6ddc210bae5091_0"
D  "bin/Release/HorizonData/EBWebView/Default/Code Cache/js/f14904204e0cae9d_0"
D  "bin/Release/HorizonData/EBWebView/Default/Code Cache/js/f1c61a15fbba8b68_0"
D  "bin/Release/HorizonData/EBWebView/Default/Code Cache/js/f22c278db29812f9_0"
D  "bin/Release/HorizonData/EBWebView/Default/Code Cache/js/f4bd7335de5c2cd2_0"
D  "bin/Release/HorizonData/EBWebView/Default/Code Cache/js/f5153fdf53256f8a_0"
D  "bin/Release/HorizonData/EBWebView/Default/Code Cache/js/f5a74d39c574e5fa_0"
D  "bin/Release/HorizonData/EBWebView/Default/Code Cache/js/f5c1d8a8db8c707b_0"
D  "bin/Release/HorizonData/EBWebView/Default/Code Cache/js/f6090645e91e43db_0"
D  "bin/Release/HorizonData/EBWebView/Default/Code Cache/js/f6fffb55bc115345_0"
D  "bin/Release/HorizonData/EBWebView/Default/Code Cache/js/f7beda5bc3d27201_0"
D  "bin/Release/HorizonData/EBWebView/Default/Code Cache/js/f82bd8f0441ee5e2_0"
D  "bin/Release/HorizonData/EBWebView/Default/Code Cache/js/f83a24f1134e8f91_0"
D  "bin/Release/HorizonData/EBWebView/Default/Code Cache/js/fa266473efc65535_0"
D  "bin/Release/HorizonData/EBWebView/Default/Code Cache/js/fbacac4251ebeb2d_0"
D  "bin/Release/HorizonData/EBWebView/Default/Code Cache/js/fbf45bdf3ff832a6_0"
D  "bin/Release/HorizonData/EBWebView/Default/Code Cache/js/fc94cf1d21304a77_0"
D  "bin/Release/HorizonData/EBWebView/Default/Code Cache/js/fcaca363c24dca05_0"
D  "bin/Release/HorizonData/EBWebView/Default/Code Cache/js/fcf0bfaba1bf0c04_0"
D  "bin/Release/HorizonData/EBWebView/Default/Code Cache/js/fdca45ffb0a3309f_0"
D  "bin/Release/HorizonData/EBWebView/Default/Code Cache/js/fe4af8ef2c8b8dc4_0"
D  "bin/Release/HorizonData/EBWebView/Default/Code Cache/js/fe7929590c218f10_0"
D  "bin/Release/HorizonData/EBWebView/Default/Code Cache/js/ff12c2fda33299fb_0"
D  "bin/Release/HorizonData/EBWebView/Default/Code Cache/js/index"
D  "bin/Release/HorizonData/EBWebView/Default/Code Cache/js/index-dir/the-real-index"
D  "bin/Release/HorizonData/EBWebView/Default/Code Cache/wasm/index"
D  "bin/Release/HorizonData/EBWebView/Default/Code Cache/wasm/index-dir/the-real-index"
D  bin/Release/HorizonData/EBWebView/Default/DIPS
D  bin/Release/HorizonData/EBWebView/Default/DashTrackerDatabase
D  bin/Release/HorizonData/EBWebView/Default/DashTrackerDatabase-journal
D  bin/Release/HorizonData/EBWebView/Default/DawnGraphiteCache/data_0
D  bin/Release/HorizonData/EBWebView/Default/DawnGraphiteCache/data_1
D  bin/Release/HorizonData/EBWebView/Default/DawnGraphiteCache/data_2
D  bin/Release/HorizonData/EBWebView/Default/DawnGraphiteCache/data_3
D  bin/Release/HorizonData/EBWebView/Default/DawnGraphiteCache/index
D  bin/Release/HorizonData/EBWebView/Default/DawnWebGPUCache/data_0
D  bin/Release/HorizonData/EBWebView/Default/DawnWebGPUCache/data_1
D  bin/Release/HorizonData/EBWebView/Default/DawnWebGPUCache/data_2
D  bin/Release/HorizonData/EBWebView/Default/DawnWebGPUCache/data_3
D  bin/Release/HorizonData/EBWebView/Default/DawnWebGPUCache/index
D  bin/Release/HorizonData/EBWebView/Default/EdgeJourneys/EdgeJourneys.db
D  bin/Release/HorizonData/EBWebView/Default/EdgeSessions/SessionRestoreLog
D  "bin/Release/HorizonData/EBWebView/Default/Extension Rules/000003.log"
D  "bin/Release/HorizonData/EBWebView/Default/Extension Rules/CURRENT"
D  "bin/Release/HorizonData/EBWebView/Default/Extension Rules/LOCK"
D  "bin/Release/HorizonData/EBWebView/Default/Extension Rules/LOG"
D  "bin/Release/HorizonData/EBWebView/Default/Extension Rules/LOG.old"
D  "bin/Release/HorizonData/EBWebView/Default/Extension Rules/MANIFEST-000001"
D  "bin/Release/HorizonData/EBWebView/Default/Extension Scripts/000003.log"
D  "bin/Release/HorizonData/EBWebView/Default/Extension Scripts/CURRENT"
D  "bin/Release/HorizonData/EBWebView/Default/Extension Scripts/LOCK"
D  "bin/Release/HorizonData/EBWebView/Default/Extension Scripts/LOG"
D  "bin/Release/HorizonData/EBWebView/Default/Extension Scripts/LOG.old"
D  "bin/Release/HorizonData/EBWebView/Default/Extension Scripts/MANIFEST-000001"
D  "bin/Release/HorizonData/EBWebView/Default/Extension State/000003.log"
D  "bin/Release/HorizonData/EBWebView/Default/Extension State/CURRENT"
D  "bin/Release/HorizonData/EBWebView/Default/Extension State/LOCK"
D  "bin/Release/HorizonData/EBWebView/Default/Extension State/LOG"
D  "bin/Release/HorizonData/EBWebView/Default/Extension State/LOG.old"
D  "bin/Release/HorizonData/EBWebView/Default/Extension State/MANIFEST-000001"
D  bin/Release/HorizonData/EBWebView/Default/ExtensionActivityComp
D  bin/Release/HorizonData/EBWebView/Default/ExtensionActivityEdge
D  bin/Release/HorizonData/EBWebView/Default/ExtensionActivityEdge-journal
D  bin/Release/HorizonData/EBWebView/Default/Favicons
D  bin/Release/HorizonData/EBWebView/Default/Favicons-journal
D  "bin/Release/HorizonData/EBWebView/Default/Feature Engagement Tracker/AvailabilityDB/LOCK"
D  "bin/Release/HorizonData/EBWebView/Default/Feature Engagement Tracker/AvailabilityDB/LOG"
D  "bin/Release/HorizonData/EBWebView/Default/Feature Engagement Tracker/AvailabilityDB/LOG.old"
D  "bin/Release/HorizonData/EBWebView/Default/Feature Engagement Tracker/EventDB/LOCK"
D  "bin/Release/HorizonData/EBWebView/Default/Feature Engagement Tracker/EventDB/LOG"
D  "bin/Release/HorizonData/EBWebView/Default/Feature Engagement Tracker/EventDB/LOG.old"
D  bin/Release/HorizonData/EBWebView/Default/GPUCache/data_0
D  bin/Release/HorizonData/EBWebView/Default/GPUCache/data_1
D  bin/Release/HorizonData/EBWebView/Default/GPUCache/data_2
D  bin/Release/HorizonData/EBWebView/Default/GPUCache/data_3
D  bin/Release/HorizonData/EBWebView/Default/GPUCache/index
D  bin/Release/HorizonData/EBWebView/Default/History
D  bin/Release/HorizonData/EBWebView/Default/History-journal
D  bin/Release/HorizonData/EBWebView/Default/IndexedDB/chrome-extension_cknpchhamkghepdgmebdeeiklbmhajjb_0.indexeddb.leveldb/000003.log
D  bin/Release/HorizonData/EBWebView/Default/IndexedDB/chrome-extension_cknpchhamkghepdgmebdeeiklbmhajjb_0.indexeddb.leveldb/CURRENT
D  bin/Release/HorizonData/EBWebView/Default/IndexedDB/chrome-extension_cknpchhamkghepdgmebdeeiklbmhajjb_0.indexeddb.leveldb/LOCK
D  bin/Release/HorizonData/EBWebView/Default/IndexedDB/chrome-extension_cknpchhamkghepdgmebdeeiklbmhajjb_0.indexeddb.leveldb/LOG
D  bin/Release/HorizonData/EBWebView/Default/IndexedDB/chrome-extension_cknpchhamkghepdgmebdeeiklbmhajjb_0.indexeddb.leveldb/LOG.old
D  bin/Release/HorizonData/EBWebView/Default/IndexedDB/chrome-extension_cknpchhamkghepdgmebdeeiklbmhajjb_0.indexeddb.leveldb/MANIFEST-000001
D  bin/Release/HorizonData/EBWebView/Default/IndexedDB/chrome-extension_gjbcdalockdbdpjilfijigifebblleeo_0.indexeddb.blob/2/00/4
D  bin/Release/HorizonData/EBWebView/Default/IndexedDB/chrome-extension_gjbcdalockdbdpjilfijigifebblleeo_0.indexeddb.blob/2/00/5
D  bin/Release/HorizonData/EBWebView/Default/IndexedDB/chrome-extension_gjbcdalockdbdpjilfijigifebblleeo_0.indexeddb.blob/2/00/c
D  bin/Release/HorizonData/EBWebView/Default/IndexedDB/chrome-extension_gjbcdalockdbdpjilfijigifebblleeo_0.indexeddb.blob/2/00/d
D  bin/Release/HorizonData/EBWebView/Default/IndexedDB/chrome-extension_gjbcdalockdbdpjilfijigifebblleeo_0.indexeddb.leveldb/000036.ldb
D  bin/Release/HorizonData/EBWebView/Default/IndexedDB/chrome-extension_gjbcdalockdbdpjilfijigifebblleeo_0.indexeddb.leveldb/000037.log
D  bin/Release/HorizonData/EBWebView/Default/IndexedDB/chrome-extension_gjbcdalockdbdpjilfijigifebblleeo_0.indexeddb.leveldb/000039.ldb
D  bin/Release/HorizonData/EBWebView/Default/IndexedDB/chrome-extension_gjbcdalockdbdpjilfijigifebblleeo_0.indexeddb.leveldb/CURRENT
D  bin/Release/HorizonData/EBWebView/Default/IndexedDB/chrome-extension_gjbcdalockdbdpjilfijigifebblleeo_0.indexeddb.leveldb/LOCK
D  bin/Release/HorizonData/EBWebView/Default/IndexedDB/chrome-extension_gjbcdalockdbdpjilfijigifebblleeo_0.indexeddb.leveldb/LOG
D  bin/Release/HorizonData/EBWebView/Default/IndexedDB/chrome-extension_gjbcdalockdbdpjilfijigifebblleeo_0.indexeddb.leveldb/LOG.old
D  bin/Release/HorizonData/EBWebView/Default/IndexedDB/chrome-extension_gjbcdalockdbdpjilfijigifebblleeo_0.indexeddb.leveldb/MANIFEST-000001
D  bin/Release/HorizonData/EBWebView/Default/IndexedDB/chrome-extension_idompkcebcckjachidfhndpicmhicmjf_0.indexeddb.leveldb/000003.log
D  bin/Release/HorizonData/EBWebView/Default/IndexedDB/chrome-extension_idompkcebcckjachidfhndpicmhicmjf_0.indexeddb.leveldb/CURRENT
D  bin/Release/HorizonData/EBWebView/Default/IndexedDB/chrome-extension_idompkcebcckjachidfhndpicmhicmjf_0.indexeddb.leveldb/LOCK
D  bin/Release/HorizonData/EBWebView/Default/IndexedDB/chrome-extension_idompkcebcckjachidfhndpicmhicmjf_0.indexeddb.leveldb/LOG
D  bin/Release/HorizonData/EBWebView/Default/IndexedDB/chrome-extension_idompkcebcckjachidfhndpicmhicmjf_0.indexeddb.leveldb/MANIFEST-000001
D  bin/Release/HorizonData/EBWebView/Default/IndexedDB/chrome-extension_micabgbmbfjdcifaljgbioeiflcemnmo_0.indexeddb.leveldb/000003.log
D  bin/Release/HorizonData/EBWebView/Default/IndexedDB/chrome-extension_micabgbmbfjdcifaljgbioeiflcemnmo_0.indexeddb.leveldb/CURRENT
D  bin/Release/HorizonData/EBWebView/Default/IndexedDB/chrome-extension_micabgbmbfjdcifaljgbioeiflcemnmo_0.indexeddb.leveldb/LOCK
D  bin/Release/HorizonData/EBWebView/Default/IndexedDB/chrome-extension_micabgbmbfjdcifaljgbioeiflcemnmo_0.indexeddb.leveldb/LOG
D  bin/Release/HorizonData/EBWebView/Default/IndexedDB/chrome-extension_micabgbmbfjdcifaljgbioeiflcemnmo_0.indexeddb.leveldb/LOG.old
D  bin/Release/HorizonData/EBWebView/Default/IndexedDB/chrome-extension_micabgbmbfjdcifaljgbioeiflcemnmo_0.indexeddb.leveldb/MANIFEST-000001
D  bin/Release/HorizonData/EBWebView/Default/IndexedDB/https_music.youtube.com_0.indexeddb.leveldb/000003.log
D  bin/Release/HorizonData/EBWebView/Default/IndexedDB/https_music.youtube.com_0.indexeddb.leveldb/CURRENT
D  bin/Release/HorizonData/EBWebView/Default/IndexedDB/https_music.youtube.com_0.indexeddb.leveldb/LOCK
D  bin/Release/HorizonData/EBWebView/Default/IndexedDB/https_music.youtube.com_0.indexeddb.leveldb/LOG
D  bin/Release/HorizonData/EBWebView/Default/IndexedDB/https_music.youtube.com_0.indexeddb.leveldb/MANIFEST-000001
D  bin/Release/HorizonData/EBWebView/Default/IndexedDB/https_thebyteseffect.com_0.indexeddb.leveldb/000003.log
D  bin/Release/HorizonData/EBWebView/Default/IndexedDB/https_thebyteseffect.com_0.indexeddb.leveldb/CURRENT
D  bin/Release/HorizonData/EBWebView/Default/IndexedDB/https_thebyteseffect.com_0.indexeddb.leveldb/LOCK
D  bin/Release/HorizonData/EBWebView/Default/IndexedDB/https_thebyteseffect.com_0.indexeddb.leveldb/LOG
D  bin/Release/HorizonData/EBWebView/Default/IndexedDB/https_thebyteseffect.com_0.indexeddb.leveldb/MANIFEST-000001
D  bin/Release/HorizonData/EBWebView/Default/LOCK
D  bin/Release/HorizonData/EBWebView/Default/LOG
D  bin/Release/HorizonData/EBWebView/Default/LOG.old
D  "bin/Release/HorizonData/EBWebView/Default/Local Extension Settings/cknpchhamkghepdgmebdeeiklbmhajjb/000003.log"
D  "bin/Release/HorizonData/EBWebView/Default/Local Extension Settings/cknpchhamkghepdgmebdeeiklbmhajjb/CURRENT"
D  "bin/Release/HorizonData/EBWebView/Default/Local Extension Settings/cknpchhamkghepdgmebdeeiklbmhajjb/LOCK"
D  "bin/Release/HorizonData/EBWebView/Default/Local Extension Settings/cknpchhamkghepdgmebdeeiklbmhajjb/LOG"
D  "bin/Release/HorizonData/EBWebView/Default/Local Extension Settings/cknpchhamkghepdgmebdeeiklbmhajjb/LOG.old"
D  "bin/Release/HorizonData/EBWebView/Default/Local Extension Settings/cknpchhamkghepdgmebdeeiklbmhajjb/MANIFEST-000001"
D  "bin/Release/HorizonData/EBWebView/Default/Local Extension Settings/enpiaeoobofcpedppdnooadnbaldkjih/000003.log"
D  "bin/Release/HorizonData/EBWebView/Default/Local Extension Settings/enpiaeoobofcpedppdnooadnbaldkjih/CURRENT"
D  "bin/Release/HorizonData/EBWebView/Default/Local Extension Settings/enpiaeoobofcpedppdnooadnbaldkjih/LOCK"
D  "bin/Release/HorizonData/EBWebView/Default/Local Extension Settings/enpiaeoobofcpedppdnooadnbaldkjih/LOG"
D  "bin/Release/HorizonData/EBWebView/Default/Local Extension Settings/enpiaeoobofcpedppdnooadnbaldkjih/LOG.old"
D  "bin/Release/HorizonData/EBWebView/Default/Local Extension Settings/enpiaeoobofcpedppdnooadnbaldkjih/MANIFEST-000001"
D  "bin/Release/HorizonData/EBWebView/Default/Local Extension Settings/fennofgmefeblbegldihhmpehdehoflg/000003.log"
D  "bin/Release/HorizonData/EBWebView/Default/Local Extension Settings/fennofgmefeblbegldihhmpehdehoflg/CURRENT"
D  "bin/Release/HorizonData/EBWebView/Default/Local Extension Settings/fennofgmefeblbegldihhmpehdehoflg/LOCK"
D  "bin/Release/HorizonData/EBWebView/Default/Local Extension Settings/fennofgmefeblbegldihhmpehdehoflg/LOG"
D  "bin/Release/HorizonData/EBWebView/Default/Local Extension Settings/fennofgmefeblbegldihhmpehdehoflg/LOG.old"
D  "bin/Release/HorizonData/EBWebView/Default/Local Extension Settings/fennofgmefeblbegldihhmpehdehoflg/MANIFEST-000001"
D  "bin/Release/HorizonData/EBWebView/Default/Local Extension Settings/fjfcaoomjhlpbniopilcfbpefalbhpba/000003.log"
D  "bin/Release/HorizonData/EBWebView/Default/Local Extension Settings/fjfcaoomjhlpbniopilcfbpefalbhpba/CURRENT"
D  "bin/Release/HorizonData/EBWebView/Default/Local Extension Settings/fjfcaoomjhlpbniopilcfbpefalbhpba/LOCK"
D  "bin/Release/HorizonData/EBWebView/Default/Local Extension Settings/fjfcaoomjhlpbniopilcfbpefalbhpba/LOG"
D  "bin/Release/HorizonData/EBWebView/Default/Local Extension Settings/fjfcaoomjhlpbniopilcfbpefalbhpba/LOG.old"
D  "bin/Release/HorizonData/EBWebView/Default/Local Extension Settings/fjfcaoomjhlpbniopilcfbpefalbhpba/MANIFEST-000001"
D  "bin/Release/HorizonData/EBWebView/Default/Local Extension Settings/gjbcdalockdbdpjilfijigifebblleeo/000005.ldb"
D  "bin/Release/HorizonData/EBWebView/Default/Local Extension Settings/gjbcdalockdbdpjilfijigifebblleeo/000016.ldb"
D  "bin/Release/HorizonData/EBWebView/Default/Local Extension Settings/gjbcdalockdbdpjilfijigifebblleeo/000018.log"
D  "bin/Release/HorizonData/EBWebView/Default/Local Extension Settings/gjbcdalockdbdpjilfijigifebblleeo/000019.ldb"
D  "bin/Release/HorizonData/EBWebView/Default/Local Extension Settings/gjbcdalockdbdpjilfijigifebblleeo/CURRENT"
D  "bin/Release/HorizonData/EBWebView/Default/Local Extension Settings/gjbcdalockdbdpjilfijigifebblleeo/LOCK"
D  "bin/Release/HorizonData/EBWebView/Default/Local Extension Settings/gjbcdalockdbdpjilfijigifebblleeo/LOG"
D  "bin/Release/HorizonData/EBWebView/Default/Local Extension Settings/gjbcdalockdbdpjilfijigifebblleeo/LOG.old"
D  "bin/Release/HorizonData/EBWebView/Default/Local Extension Settings/gjbcdalockdbdpjilfijigifebblleeo/MANIFEST-000001"
D  "bin/Release/HorizonData/EBWebView/Default/Local Extension Settings/llafjhmkffdlhpiojoipllmmedhckpgh/000003.log"
D  "bin/Release/HorizonData/EBWebView/Default/Local Extension Settings/llafjhmkffdlhpiojoipllmmedhckpgh/CURRENT"
D  "bin/Release/HorizonData/EBWebView/Default/Local Extension Settings/llafjhmkffdlhpiojoipllmmedhckpgh/LOCK"
D  "bin/Release/HorizonData/EBWebView/Default/Local Extension Settings/llafjhmkffdlhpiojoipllmmedhckpgh/LOG"
D  "bin/Release/HorizonData/EBWebView/Default/Local Extension Settings/llafjhmkffdlhpiojoipllmmedhckpgh/LOG.old"
D  "bin/Release/HorizonData/EBWebView/Default/Local Extension Settings/llafjhmkffdlhpiojoipllmmedhckpgh/MANIFEST-000001"
D  "bin/Release/HorizonData/EBWebView/Default/Local Extension Settings/mahdomgfmegkjcelplonolabemigokdm/000003.log"
D  "bin/Release/HorizonData/EBWebView/Default/Local Extension Settings/mahdomgfmegkjcelplonolabemigokdm/CURRENT"
D  "bin/Release/HorizonData/EBWebView/Default/Local Extension Settings/mahdomgfmegkjcelplonolabemigokdm/LOCK"
D  "bin/Release/HorizonData/EBWebView/Default/Local Extension Settings/mahdomgfmegkjcelplonolabemigokdm/LOG"
D  "bin/Release/HorizonData/EBWebView/Default/Local Extension Settings/mahdomgfmegkjcelplonolabemigokdm/LOG.old"
D  "bin/Release/HorizonData/EBWebView/Default/Local Extension Settings/mahdomgfmegkjcelplonolabemigokdm/MANIFEST-000001"
D  "bin/Release/HorizonData/EBWebView/Default/Local Extension Settings/micabgbmbfjdcifaljgbioeiflcemnmo/000003.log"
D  "bin/Release/HorizonData/EBWebView/Default/Local Extension Settings/micabgbmbfjdcifaljgbioeiflcemnmo/CURRENT"
D  "bin/Release/HorizonData/EBWebView/Default/Local Extension Settings/micabgbmbfjdcifaljgbioeiflcemnmo/LOCK"
D  "bin/Release/HorizonData/EBWebView/Default/Local Extension Settings/micabgbmbfjdcifaljgbioeiflcemnmo/LOG"
D  "bin/Release/HorizonData/EBWebView/Default/Local Extension Settings/micabgbmbfjdcifaljgbioeiflcemnmo/LOG.old"
D  "bin/Release/HorizonData/EBWebView/Default/Local Extension Settings/micabgbmbfjdcifaljgbioeiflcemnmo/MANIFEST-000001"
D  "bin/Release/HorizonData/EBWebView/Default/Local Extension Settings/pnbopgbekiomlhlfodahgbchgghkkkie/000003.log"
D  "bin/Release/HorizonData/EBWebView/Default/Local Extension Settings/pnbopgbekiomlhlfodahgbchgghkkkie/CURRENT"
D  "bin/Release/HorizonData/EBWebView/Default/Local Extension Settings/pnbopgbekiomlhlfodahgbchgghkkkie/LOCK"
D  "bin/Release/HorizonData/EBWebView/Default/Local Extension Settings/pnbopgbekiomlhlfodahgbchgghkkkie/LOG"
D  "bin/Release/HorizonData/EBWebView/Default/Local Extension Settings/pnbopgbekiomlhlfodahgbchgghkkkie/LOG.old"
D  "bin/Release/HorizonData/EBWebView/Default/Local Extension Settings/pnbopgbekiomlhlfodahgbchgghkkkie/MANIFEST-000001"
D  "bin/Release/HorizonData/EBWebView/Default/Local Storage/leveldb/000003.log"
D  "bin/Release/HorizonData/EBWebView/Default/Local Storage/leveldb/CURRENT"
D  "bin/Release/HorizonData/EBWebView/Default/Local Storage/leveldb/LOCK"
D  "bin/Release/HorizonData/EBWebView/Default/Local Storage/leveldb/LOG"
D  "bin/Release/HorizonData/EBWebView/Default/Local Storage/leveldb/LOG.old"
D  "bin/Release/HorizonData/EBWebView/Default/Local Storage/leveldb/MANIFEST-000001"
D  "bin/Release/HorizonData/EBWebView/Default/Login Data"
D  "bin/Release/HorizonData/EBWebView/Default/Login Data For Account"
D  "bin/Release/HorizonData/EBWebView/Default/Login Data For Account-journal"
D  "bin/Release/HorizonData/EBWebView/Default/Login Data-journal"
D  bin/Release/HorizonData/EBWebView/Default/MediaDeviceSalts
D  bin/Release/HorizonData/EBWebView/Default/MediaDeviceSalts-journal
D  "bin/Release/HorizonData/EBWebView/Default/Network Action Predictor"
D  "bin/Release/HorizonData/EBWebView/Default/Network Action Predictor-journal"
D  bin/Release/HorizonData/EBWebView/Default/Network/Cookies
D  bin/Release/HorizonData/EBWebView/Default/Network/Cookies-journal
D  "bin/Release/HorizonData/EBWebView/Default/Network/Device Bound Sessions"
D  "bin/Release/HorizonData/EBWebView/Default/Network/Device Bound Sessions-journal"
D  "bin/Release/HorizonData/EBWebView/Default/Network/Network Persistent State"
D  bin/Release/HorizonData/EBWebView/Default/Network/NetworkDataMigrated
D  "bin/Release/HorizonData/EBWebView/Default/Network/Reporting and NEL"
D  "bin/Release/HorizonData/EBWebView/Default/Network/Reporting and NEL-journal"
D  "bin/Release/HorizonData/EBWebView/Default/Network/SCT Auditing Pending Reports"
D  "bin/Release/HorizonData/EBWebView/Default/Network/Sdch Dictionaries"
D  bin/Release/HorizonData/EBWebView/Default/Network/TransportSecurity
D  "bin/Release/HorizonData/EBWebView/Default/Network/Trust Tokens"
D  "bin/Release/HorizonData/EBWebView/Default/Network/Trust Tokens-journal"
D  bin/Release/HorizonData/EBWebView/Default/Password_Diagnostics/PMLog_13422023247647094
D  bin/Release/HorizonData/EBWebView/Default/PersistentOriginTrials/LOCK
D  bin/Release/HorizonData/EBWebView/Default/PersistentOriginTrials/LOG
D  bin/Release/HorizonData/EBWebView/Default/PersistentOriginTrials/LOG.old
D  "bin/Release/HorizonData/EBWebView/Default/Platform Notifications/000003.log"
D  "bin/Release/HorizonData/EBWebView/Default/Platform Notifications/CURRENT"
D  "bin/Release/HorizonData/EBWebView/Default/Platform Notifications/LOCK"
D  "bin/Release/HorizonData/EBWebView/Default/Platform Notifications/LOG"
D  "bin/Release/HorizonData/EBWebView/Default/Platform Notifications/LOG.old"
D  "bin/Release/HorizonData/EBWebView/Default/Platform Notifications/MANIFEST-000001"
D  bin/Release/HorizonData/EBWebView/Default/Preferences
D  bin/Release/HorizonData/EBWebView/Default/README
D  "bin/Release/HorizonData/EBWebView/Default/Safe Browsing Network/NetworkDataMigrated"
D  "bin/Release/HorizonData/EBWebView/Default/Safe Browsing Network/Safe Browsing Cookies"
D  "bin/Release/HorizonData/EBWebView/Default/Safe Browsing Network/Safe Browsing Cookies-journal"
D  "bin/Release/HorizonData/EBWebView/Default/Secure Preferences"
D  bin/Release/HorizonData/EBWebView/Default/ServerCertificate
D  bin/Release/HorizonData/EBWebView/Default/ServerCertificate-journal
D  "bin/Release/HorizonData/EBWebView/Default/Service Worker/CacheStorage/1e538fbb9a411578d5bec848a4a4b012e8b26441/e61324ad-efcf-4993-a147-dbfbc543c56d/03723ec5564e7819_0"
D  "bin/Release/HorizonData/EBWebView/Default/Service Worker/CacheStorage/1e538fbb9a411578d5bec848a4a4b012e8b26441/e61324ad-efcf-4993-a147-dbfbc543c56d/091349bb42039481_0"
D  "bin/Release/HorizonData/EBWebView/Default/Service Worker/CacheStorage/1e538fbb9a411578d5bec848a4a4b012e8b26441/e61324ad-efcf-4993-a147-dbfbc543c56d/0b3bd81b114681fa_0"
D  "bin/Release/HorizonData/EBWebView/Default/Service Worker/CacheStorage/1e538fbb9a411578d5bec848a4a4b012e8b26441/e61324ad-efcf-4993-a147-dbfbc543c56d/0e68ef3e3bc686b2_0"
D  "bin/Release/HorizonData/EBWebView/Default/Service Worker/CacheStorage/1e538fbb9a411578d5bec848a4a4b012e8b26441/e61324ad-efcf-4993-a147-dbfbc543c56d/0efdd86b5e92caeb_0"
D  "bin/Release/HorizonData/EBWebView/Default/Service Worker/CacheStorage/1e538fbb9a411578d5bec848a4a4b012e8b26441/e61324ad-efcf-4993-a147-dbfbc543c56d/11948aeda14cd8cd_0"
D  "bin/Release/HorizonData/EBWebView/Default/Service Worker/CacheStorage/1e538fbb9a411578d5bec848a4a4b012e8b26441/e61324ad-efcf-4993-a147-dbfbc543c56d/152af16e821e5e53_0"
D  "bin/Release/HorizonData/EBWebView/Default/Service Worker/CacheStorage/1e538fbb9a411578d5bec848a4a4b012e8b26441/e61324ad-efcf-4993-a147-dbfbc543c56d/1862774b103cb550_0"
D  "bin/Release/HorizonData/EBWebView/Default/Service Worker/CacheStorage/1e538fbb9a411578d5bec848a4a4b012e8b26441/e61324ad-efcf-4993-a147-dbfbc543c56d/1ada7ade10cca105_0"
D  "bin/Release/HorizonData/EBWebView/Default/Service Worker/CacheStorage/1e538fbb9a411578d5bec848a4a4b012e8b26441/e61324ad-efcf-4993-a147-dbfbc543c56d/1d17e378da8f28e8_0"
D  "bin/Release/HorizonData/EBWebView/Default/Service Worker/CacheStorage/1e538fbb9a411578d5bec848a4a4b012e8b26441/e61324ad-efcf-4993-a147-dbfbc543c56d/22063dd5403b833c_0"
D  "bin/Release/HorizonData/EBWebView/Default/Service Worker/CacheStorage/1e538fbb9a411578d5bec848a4a4b012e8b26441/e61324ad-efcf-4993-a147-dbfbc543c56d/273c4b250c7bc824_0"
D  "bin/Release/HorizonData/EBWebView/Default/Service Worker/CacheStorage/1e538fbb9a411578d5bec848a4a4b012e8b26441/e61324ad-efcf-4993-a147-dbfbc543c56d/2e2413a06637b0ec_0"
D  "bin/Release/HorizonData/EBWebView/Default/Service Worker/CacheStorage/1e538fbb9a411578d5bec848a4a4b012e8b26441/e61324ad-efcf-4993-a147-dbfbc543c56d/3107558eea9ba321_0"
D  "bin/Release/HorizonData/EBWebView/Default/Service Worker/CacheStorage/1e538fbb9a411578d5bec848a4a4b012e8b26441/e61324ad-efcf-4993-a147-dbfbc543c56d/321911defb2f8cbc_0"
D  "bin/Release/HorizonData/EBWebView/Default/Service Worker/CacheStorage/1e538fbb9a411578d5bec848a4a4b012e8b26441/e61324ad-efcf-4993-a147-dbfbc543c56d/32690e9511f86989_0"
D  "bin/Release/HorizonData/EBWebView/Default/Service Worker/CacheStorage/1e538fbb9a411578d5bec848a4a4b012e8b26441/e61324ad-efcf-4993-a147-dbfbc543c56d/340d60e931bd37f7_0"
D  "bin/Release/HorizonData/EBWebView/Default/Service Worker/CacheStorage/1e538fbb9a411578d5bec848a4a4b012e8b26441/e61324ad-efcf-4993-a147-dbfbc543c56d/375db0c2ac836167_0"
D  "bin/Release/HorizonData/EBWebView/Default/Service Worker/CacheStorage/1e538fbb9a411578d5bec848a4a4b012e8b26441/e61324ad-efcf-4993-a147-dbfbc543c56d/383152c2a19b4e8f_0"
D  "bin/Release/HorizonData/EBWebView/Default/Service Worker/CacheStorage/1e538fbb9a411578d5bec848a4a4b012e8b26441/e61324ad-efcf-4993-a147-dbfbc543c56d/385bf01b84b6743c_0"
D  "bin/Release/HorizonData/EBWebView/Default/Service Worker/CacheStorage/1e538fbb9a411578d5bec848a4a4b012e8b26441/e61324ad-efcf-4993-a147-dbfbc543c56d/3d7948fc42349e78_0"
D  "bin/Release/HorizonData/EBWebView/Default/Service Worker/CacheStorage/1e538fbb9a411578d5bec848a4a4b012e8b26441/e61324ad-efcf-4993-a147-dbfbc543c56d/44fdad3a201128f8_0"
D  "bin/Release/HorizonData/EBWebView/Default/Service Worker/CacheStorage/1e538fbb9a411578d5bec848a4a4b012e8b26441/e61324ad-efcf-4993-a147-dbfbc543c56d/48ad33b5e6597f4d_0"
D  "bin/Release/HorizonData/EBWebView/Default/Service Worker/CacheStorage/1e538fbb9a411578d5bec848a4a4b012e8b26441/e61324ad-efcf-4993-a147-dbfbc543c56d/4b32244f47a52aa1_0"
D  "bin/Release/HorizonData/EBWebView/Default/Service Worker/CacheStorage/1e538fbb9a411578d5bec848a4a4b012e8b26441/e61324ad-efcf-4993-a147-dbfbc543c56d/4c4800b635ae2098_0"
D  "bin/Release/HorizonData/EBWebView/Default/Service Worker/CacheStorage/1e538fbb9a411578d5bec848a4a4b012e8b26441/e61324ad-efcf-4993-a147-dbfbc543c56d/4f926102e9d4c072_0"
D  "bin/Release/HorizonData/EBWebView/Default/Service Worker/CacheStorage/1e538fbb9a411578d5bec848a4a4b012e8b26441/e61324ad-efcf-4993-a147-dbfbc543c56d/5437f3efe07e0177_0"
D  "bin/Release/HorizonData/EBWebView/Default/Service Worker/CacheStorage/1e538fbb9a411578d5bec848a4a4b012e8b26441/e61324ad-efcf-4993-a147-dbfbc543c56d/577dbf0b91a4fd20_0"
D  "bin/Release/HorizonData/EBWebView/Default/Service Worker/CacheStorage/1e538fbb9a411578d5bec848a4a4b012e8b26441/e61324ad-efcf-4993-a147-dbfbc543c56d/5a89e5ba27a9709b_0"
D  "bin/Release/HorizonData/EBWebView/Default/Service Worker/CacheStorage/1e538fbb9a411578d5bec848a4a4b012e8b26441/e61324ad-efcf-4993-a147-dbfbc543c56d/5f35d08eae8058b3_0"
D  "bin/Release/HorizonData/EBWebView/Default/Service Worker/CacheStorage/1e538fbb9a411578d5bec848a4a4b012e8b26441/e61324ad-efcf-4993-a147-dbfbc543c56d/6b3d1b313bb275db_0"
D  "bin/Release/HorizonData/EBWebView/Default/Service Worker/CacheStorage/1e538fbb9a411578d5bec848a4a4b012e8b26441/e61324ad-efcf-4993-a147-dbfbc543c56d/6b991611054a2e9f_0"
D  "bin/Release/HorizonData/EBWebView/Default/Service Worker/CacheStorage/1e538fbb9a411578d5bec848a4a4b012e8b26441/e61324ad-efcf-4993-a147-dbfbc543c56d/704d1465ad2857ca_0"
D  "bin/Release/HorizonData/EBWebView/Default/Service Worker/CacheStorage/1e538fbb9a411578d5bec848a4a4b012e8b26441/e61324ad-efcf-4993-a147-dbfbc543c56d/72d06060f92aae74_0"
D  "bin/Release/HorizonData/EBWebView/Default/Service Worker/CacheStorage/1e538fbb9a411578d5bec848a4a4b012e8b26441/e61324ad-efcf-4993-a147-dbfbc543c56d/7866b425ec30631b_0"
D  "bin/Release/HorizonData/EBWebView/Default/Service Worker/CacheStorage/1e538fbb9a411578d5bec848a4a4b012e8b26441/e61324ad-efcf-4993-a147-dbfbc543c56d/82ef43183c18dbcf_0"
D  "bin/Release/HorizonData/EBWebView/Default/Service Worker/CacheStorage/1e538fbb9a411578d5bec848a4a4b012e8b26441/e61324ad-efcf-4993-a147-dbfbc543c56d/8383e54a78e96fc0_0"
D  "bin/Release/HorizonData/EBWebView/Default/Service Worker/CacheStorage/1e538fbb9a411578d5bec848a4a4b012e8b26441/e61324ad-efcf-4993-a147-dbfbc543c56d/864e3d21e753f81a_0"
D  "bin/Release/HorizonData/EBWebView/Default/Service Worker/CacheStorage/1e538fbb9a411578d5bec848a4a4b012e8b26441/e61324ad-efcf-4993-a147-dbfbc543c56d/8730e4942a92839c_0"
D  "bin/Release/HorizonData/EBWebView/Default/Service Worker/CacheStorage/1e538fbb9a411578d5bec848a4a4b012e8b26441/e61324ad-efcf-4993-a147-dbfbc543c56d/88c1d03bb90903c8_0"
D  "bin/Release/HorizonData/EBWebView/Default/Service Worker/CacheStorage/1e538fbb9a411578d5bec848a4a4b012e8b26441/e61324ad-efcf-4993-a147-dbfbc543c56d/8ba930f6d3763aad_0"
D  "bin/Release/HorizonData/EBWebView/Default/Service Worker/CacheStorage/1e538fbb9a411578d5bec848a4a4b012e8b26441/e61324ad-efcf-4993-a147-dbfbc543c56d/95db89fc6a02f451_0"
D  "bin/Release/HorizonData/EBWebView/Default/Service Worker/CacheStorage/1e538fbb9a411578d5bec848a4a4b012e8b26441/e61324ad-efcf-4993-a147-dbfbc543c56d/96723b9b77fbe36f_0"
D  "bin/Release/HorizonData/EBWebView/Default/Service Worker/CacheStorage/1e538fbb9a411578d5bec848a4a4b012e8b26441/e61324ad-efcf-4993-a147-dbfbc543c56d/97de5abfe883dbcf_0"
D  "bin/Release/HorizonData/EBWebView/Default/Service Worker/CacheStorage/1e538fbb9a411578d5bec848a4a4b012e8b26441/e61324ad-efcf-4993-a147-dbfbc543c56d/98064632364724f2_0"
D  "bin/Release/HorizonData/EBWebView/Default/Service Worker/CacheStorage/1e538fbb9a411578d5bec848a4a4b012e8b26441/e61324ad-efcf-4993-a147-dbfbc543c56d/9e92cd97c19c8248_0"
D  "bin/Release/HorizonData/EBWebView/Default/Service Worker/CacheStorage/1e538fbb9a411578d5bec848a4a4b012e8b26441/e61324ad-efcf-4993-a147-dbfbc543c56d/a85adbefb300ab4e_0"
D  "bin/Release/HorizonData/EBWebView/Default/Service Worker/CacheStorage/1e538fbb9a411578d5bec848a4a4b012e8b26441/e61324ad-efcf-4993-a147-dbfbc543c56d/ac93d1cd50506b33_0"
D  "bin/Release/HorizonData/EBWebView/Default/Service Worker/CacheStorage/1e538fbb9a411578d5bec848a4a4b012e8b26441/e61324ad-efcf-4993-a147-dbfbc543c56d/afbf989a8c95bf2e_0"
D  "bin/Release/HorizonData/EBWebView/Default/Service Worker/CacheStorage/1e538fbb9a411578d5bec848a4a4b012e8b26441/e61324ad-efcf-4993-a147-dbfbc543c56d/b2141b088ee5e98c_0"
D  "bin/Release/HorizonData/EBWebView/Default/Service Worker/CacheStorage/1e538fbb9a411578d5bec848a4a4b012e8b26441/e61324ad-efcf-4993-a147-dbfbc543c56d/b3f87b55d8dbfa47_0"
D  "bin/Release/HorizonData/EBWebView/Default/Service Worker/CacheStorage/1e538fbb9a411578d5bec848a4a4b012e8b26441/e61324ad-efcf-4993-a147-dbfbc543c56d/b571bf0ba8facec6_0"
D  "bin/Release/HorizonData/EBWebView/Default/Service Worker/CacheStorage/1e538fbb9a411578d5bec848a4a4b012e8b26441/e61324ad-efcf-4993-a147-dbfbc543c56d/b5f29d0312456036_0"
D  "bin/Release/HorizonData/EBWebView/Default/Service Worker/CacheStorage/1e538fbb9a411578d5bec848a4a4b012e8b26441/e61324ad-efcf-4993-a147-dbfbc543c56d/b6edcb759d6cadbf_0"
D  "bin/Release/HorizonData/EBWebView/Default/Service Worker/CacheStorage/1e538fbb9a411578d5bec848a4a4b012e8b26441/e61324ad-efcf-4993-a147-dbfbc543c56d/b7f636932c67bab4_0"
D  "bin/Release/HorizonData/EBWebView/Default/Service Worker/CacheStorage/1e538fbb9a411578d5bec848a4a4b012e8b26441/e61324ad-efcf-4993-a147-dbfbc543c56d/b8bb1a549c6dcc10_0"
D  "bin/Release/HorizonData/EBWebView/Default/Service Worker/CacheStorage/1e538fbb9a411578d5bec848a4a4b012e8b26441/e61324ad-efcf-4993-a147-dbfbc543c56d/b924469dce8b9a89_0"
D  "bin/Release/HorizonData/EBWebView/Default/Service Worker/CacheStorage/1e538fbb9a411578d5bec848a4a4b012e8b26441/e61324ad-efcf-4993-a147-dbfbc543c56d/ba2b0906a4df382c_0"
D  "bin/Release/HorizonData/EBWebView/Default/Service Worker/CacheStorage/1e538fbb9a411578d5bec848a4a4b012e8b26441/e61324ad-efcf-4993-a147-dbfbc543c56d/bcefea0b5feaa3e6_0"
D  "bin/Release/HorizonData/EBWebView/Default/Service Worker/CacheStorage/1e538fbb9a411578d5bec848a4a4b012e8b26441/e61324ad-efcf-4993-a147-dbfbc543c56d/be581dea90cddde7_0"
D  "bin/Release/HorizonData/EBWebView/Default/Service Worker/CacheStorage/1e538fbb9a411578d5bec848a4a4b012e8b26441/e61324ad-efcf-4993-a147-dbfbc543c56d/c8b473e0f9374235_0"
D  "bin/Release/HorizonData/EBWebView/Default/Service Worker/CacheStorage/1e538fbb9a411578d5bec848a4a4b012e8b26441/e61324ad-efcf-4993-a147-dbfbc543c56d/ca4b8e6b4b207a9b_0"
D  "bin/Release/HorizonData/EBWebView/Default/Service Worker/CacheStorage/1e538fbb9a411578d5bec848a4a4b012e8b26441/e61324ad-efcf-4993-a147-dbfbc543c56d/ca5a67fda3466f4d_0"
D  "bin/Release/HorizonData/EBWebView/Default/Service Worker/CacheStorage/1e538fbb9a411578d5bec848a4a4b012e8b26441/e61324ad-efcf-4993-a147-dbfbc543c56d/cc04a8364b7fbf4b_0"
D  "bin/Release/HorizonData/EBWebView/Default/Service Worker/CacheStorage/1e538fbb9a411578d5bec848a4a4b012e8b26441/e61324ad-efcf-4993-a147-dbfbc543c56d/cd85acb1c0e5f8f6_0"
D  "bin/Release/HorizonData/EBWebView/Default/Service Worker/CacheStorage/1e538fbb9a411578d5bec848a4a4b012e8b26441/e61324ad-efcf-4993-a147-dbfbc543c56d/cde968a267e2506f_0"
D  "bin/Release/HorizonData/EBWebView/Default/Service Worker/CacheStorage/1e538fbb9a411578d5bec848a4a4b012e8b26441/e61324ad-efcf-4993-a147-dbfbc543c56d/ce5fdc792b67fd6e_0"
D  "bin/Release/HorizonData/EBWebView/Default/Service Worker/CacheStorage/1e538fbb9a411578d5bec848a4a4b012e8b26441/e61324ad-efcf-4993-a147-dbfbc543c56d/d026a83c98b68c4a_0"
D  "bin/Release/HorizonData/EBWebView/Default/Service Worker/CacheStorage/1e538fbb9a411578d5bec848a4a4b012e8b26441/e61324ad-efcf-4993-a147-dbfbc543c56d/d094aec584cc1c06_0"
D  "bin/Release/HorizonData/EBWebView/Default/Service Worker/CacheStorage/1e538fbb9a411578d5bec848a4a4b012e8b26441/e61324ad-efcf-4993-a147-dbfbc543c56d/d57fe2c6b1537486_0"
D  "bin/Release/HorizonData/EBWebView/Default/Service Worker/CacheStorage/1e538fbb9a411578d5bec848a4a4b012e8b26441/e61324ad-efcf-4993-a147-dbfbc543c56d/d9509606979f3a92_0"
D  "bin/Release/HorizonData/EBWebView/Default/Service Worker/CacheStorage/1e538fbb9a411578d5bec848a4a4b012e8b26441/e61324ad-efcf-4993-a147-dbfbc543c56d/da6db244aef24adb_0"
D  "bin/Release/HorizonData/EBWebView/Default/Service Worker/CacheStorage/1e538fbb9a411578d5bec848a4a4b012e8b26441/e61324ad-efcf-4993-a147-dbfbc543c56d/dc1f0d705c07825e_0"
D  "bin/Release/HorizonData/EBWebView/Default/Service Worker/CacheStorage/1e538fbb9a411578d5bec848a4a4b012e8b26441/e61324ad-efcf-4993-a147-dbfbc543c56d/df0cb294d29fc0fe_0"
D  "bin/Release/HorizonData/EBWebView/Default/Service Worker/CacheStorage/1e538fbb9a411578d5bec848a4a4b012e8b26441/e61324ad-efcf-4993-a147-dbfbc543c56d/e49665df81d4c591_0"
D  "bin/Release/HorizonData/EBWebView/Default/Service Worker/CacheStorage/1e538fbb9a411578d5bec848a4a4b012e8b26441/e61324ad-efcf-4993-a147-dbfbc543c56d/e53200cb6d914edd_0"
D  "bin/Release/HorizonData/EBWebView/Default/Service Worker/CacheStorage/1e538fbb9a411578d5bec848a4a4b012e8b26441/e61324ad-efcf-4993-a147-dbfbc543c56d/e7639dc21c04a524_0"
D  "bin/Release/HorizonData/EBWebView/Default/Service Worker/CacheStorage/1e538fbb9a411578d5bec848a4a4b012e8b26441/e61324ad-efcf-4993-a147-dbfbc543c56d/e8f209bb953d0431_0"
D  "bin/Release/HorizonData/EBWebView/Default/Service Worker/CacheStorage/1e538fbb9a411578d5bec848a4a4b012e8b26441/e61324ad-efcf-4993-a147-dbfbc543c56d/eaffc3a9ed933df4_0"
D  "bin/Release/HorizonData/EBWebView/Default/Service Worker/CacheStorage/1e538fbb9a411578d5bec848a4a4b012e8b26441/e61324ad-efcf-4993-a147-dbfbc543c56d/edc224e63f046684_0"
D  "bin/Release/HorizonData/EBWebView/Default/Service Worker/CacheStorage/1e538fbb9a411578d5bec848a4a4b012e8b26441/e61324ad-efcf-4993-a147-dbfbc543c56d/f0192a7f283c74b2_0"
D  "bin/Release/HorizonData/EBWebView/Default/Service Worker/CacheStorage/1e538fbb9a411578d5bec848a4a4b012e8b26441/e61324ad-efcf-4993-a147-dbfbc543c56d/fccc7c9e7e8c80f8_0"
D  "bin/Release/HorizonData/EBWebView/Default/Service Worker/CacheStorage/1e538fbb9a411578d5bec848a4a4b012e8b26441/e61324ad-efcf-4993-a147-dbfbc543c56d/fdd89d27c13f85e5_0"
D  "bin/Release/HorizonData/EBWebView/Default/Service Worker/CacheStorage/1e538fbb9a411578d5bec848a4a4b012e8b26441/e61324ad-efcf-4993-a147-dbfbc543c56d/fff368752d794b37_0"
D  "bin/Release/HorizonData/EBWebView/Default/Service Worker/CacheStorage/1e538fbb9a411578d5bec848a4a4b012e8b26441/e61324ad-efcf-4993-a147-dbfbc543c56d/index"
D  "bin/Release/HorizonData/EBWebView/Default/Service Worker/CacheStorage/1e538fbb9a411578d5bec848a4a4b012e8b26441/e61324ad-efcf-4993-a147-dbfbc543c56d/index-dir/the-real-index"
D  "bin/Release/HorizonData/EBWebView/Default/Service Worker/CacheStorage/1e538fbb9a411578d5bec848a4a4b012e8b26441/index.txt"
D  "bin/Release/HorizonData/EBWebView/Default/Service Worker/Database/000003.log"
D  "bin/Release/HorizonData/EBWebView/Default/Service Worker/Database/CURRENT"
D  "bin/Release/HorizonData/EBWebView/Default/Service Worker/Database/LOCK"
D  "bin/Release/HorizonData/EBWebView/Default/Service Worker/Database/LOG"
D  "bin/Release/HorizonData/EBWebView/Default/Service Worker/Database/LOG.old"
D  "bin/Release/HorizonData/EBWebView/Default/Service Worker/Database/MANIFEST-000001"
D  "bin/Release/HorizonData/EBWebView/Default/Service Worker/ScriptCache/009c63609679d1cf_0"
D  "bin/Release/HorizonData/EBWebView/Default/Service Worker/ScriptCache/013888a1cda32b90_0"
D  "bin/Release/HorizonData/EBWebView/Default/Service Worker/ScriptCache/013888a1cda32b90_1"
D  "bin/Release/HorizonData/EBWebView/Default/Service Worker/ScriptCache/08bdbf206a472600_0"
D  "bin/Release/HorizonData/EBWebView/Default/Service Worker/ScriptCache/09008b1d0549f7ab_0"
D  "bin/Release/HorizonData/EBWebView/Default/Service Worker/ScriptCache/09dd09a6623d77a1_0"
D  "bin/Release/HorizonData/EBWebView/Default/Service Worker/ScriptCache/0b792330520baa9a_0"
D  "bin/Release/HorizonData/EBWebView/Default/Service Worker/ScriptCache/0b8d03323a5a6e07_0"
D  "bin/Release/HorizonData/EBWebView/Default/Service Worker/ScriptCache/0cac6d3631916f8d_0"
D  "bin/Release/HorizonData/EBWebView/Default/Service Worker/ScriptCache/1055481490f58805_0"
D  "bin/Release/HorizonData/EBWebView/Default/Service Worker/ScriptCache/117d142383163ca9_0"
D  "bin/Release/HorizonData/EBWebView/Default/Service Worker/ScriptCache/12d2b185ec62111a_0"
D  "bin/Release/HorizonData/EBWebView/Default/Service Worker/ScriptCache/130d5ab08abb09a6_0"
D  "bin/Release/HorizonData/EBWebView/Default/Service Worker/ScriptCache/14e7e9252ca2e7b6_0"
D  "bin/Release/HorizonData/EBWebView/Default/Service Worker/ScriptCache/1a168afddb7eaf90_0"
D  "bin/Release/HorizonData/EBWebView/Default/Service Worker/ScriptCache/1a44a79864a22847_0"
D  "bin/Release/HorizonData/EBWebView/Default/Service Worker/ScriptCache/1f4fc4ac2489c6b0_0"
D  "bin/Release/HorizonData/EBWebView/Default/Service Worker/ScriptCache/24100a74bb7d3820_0"
D  "bin/Release/HorizonData/EBWebView/Default/Service Worker/ScriptCache/25aaa8074a29cf86_0"
D  "bin/Release/HorizonData/EBWebView/Default/Service Worker/ScriptCache/26d1f970a09a4ca8_0"
D  "bin/Release/HorizonData/EBWebView/Default/Service Worker/ScriptCache/27622751cc830f3e_0"
D  "bin/Release/HorizonData/EBWebView/Default/Service Worker/ScriptCache/297ecea5cebb5dfe_0"
D  "bin/Release/HorizonData/EBWebView/Default/Service Worker/ScriptCache/297ecea5cebb5dfe_1"
D  "bin/Release/HorizonData/EBWebView/Default/Service Worker/ScriptCache/2cc80dabc69f58b6_0"
D  "bin/Release/HorizonData/EBWebView/Default/Service Worker/ScriptCache/2cc80dabc69f58b6_1"
D  "bin/Release/HorizonData/EBWebView/Default/Service Worker/ScriptCache/2cfef0e5a0f2936d_0"
D  "bin/Release/HorizonData/EBWebView/Default/Service Worker/ScriptCache/2d5e07bc3c67635e_0"
D  "bin/Release/HorizonData/EBWebView/Default/Service Worker/ScriptCache/32eae9c186dc8089_0"
D  "bin/Release/HorizonData/EBWebView/Default/Service Worker/ScriptCache/38992e00d1274191_0"
D  "bin/Release/HorizonData/EBWebView/Default/Service Worker/ScriptCache/40a21a6a5c2d889c_0"
D  "bin/Release/HorizonData/EBWebView/Default/Service Worker/ScriptCache/418e80f99e974dbe_0"
D  "bin/Release/HorizonData/EBWebView/Default/Service Worker/ScriptCache/449d86748cd51507_0"
D  "bin/Release/HorizonData/EBWebView/Default/Service Worker/ScriptCache/4698ecea4d4dad56_0"
D  "bin/Release/HorizonData/EBWebView/Default/Service Worker/ScriptCache/4698ecea4d4dad56_1"
D  "bin/Release/HorizonData/EBWebView/Default/Service Worker/ScriptCache/46a4b4aebfdaa48d_0"
D  "bin/Release/HorizonData/EBWebView/Default/Service Worker/ScriptCache/4cb013792b196a35_0"
D  "bin/Release/HorizonData/EBWebView/Default/Service Worker/ScriptCache/4cb013792b196a35_1"
D  "bin/Release/HorizonData/EBWebView/Default/Service Worker/ScriptCache/5037c89965fa5fae_0"
D  "bin/Release/HorizonData/EBWebView/Default/Service Worker/ScriptCache/50b5da359e6f22d0_0"
D  "bin/Release/HorizonData/EBWebView/Default/Service Worker/ScriptCache/5179d7e668773011_0"
D  "bin/Release/HorizonData/EBWebView/Default/Service Worker/ScriptCache/5779b052d5b25145_0"
D  "bin/Release/HorizonData/EBWebView/Default/Service Worker/ScriptCache/5d771a05a5f45d29_0"
D  "bin/Release/HorizonData/EBWebView/Default/Service Worker/ScriptCache/602a34051cfc2eed_0"
D  "bin/Release/HorizonData/EBWebView/Default/Service Worker/ScriptCache/63be69ca5d5015c4_0"
D  "bin/Release/HorizonData/EBWebView/Default/Service Worker/ScriptCache/679e0b7317f2041b_0"
D  "bin/Release/HorizonData/EBWebView/Default/Service Worker/ScriptCache/67a473248953641b_0"
D  "bin/Release/HorizonData/EBWebView/Default/Service Worker/ScriptCache/67a473248953641b_1"
D  "bin/Release/HorizonData/EBWebView/Default/Service Worker/ScriptCache/6cb56d63a90f990d_0"
D  "bin/Release/HorizonData/EBWebView/Default/Service Worker/ScriptCache/6e08a40cf80d1181_0"
D  "bin/Release/HorizonData/EBWebView/Default/Service Worker/ScriptCache/738bb294f89e1335_0"
D  "bin/Release/HorizonData/EBWebView/Default/Service Worker/ScriptCache/796b7562219390f0_0"
D  "bin/Release/HorizonData/EBWebView/Default/Service Worker/ScriptCache/79a60028be9c3010_0"
D  "bin/Release/HorizonData/EBWebView/Default/Service Worker/ScriptCache/79b5c737f7ab9642_0"
D  "bin/Release/HorizonData/EBWebView/Default/Service Worker/ScriptCache/7b5fb5b1483213a5_0"
D  "bin/Release/HorizonData/EBWebView/Default/Service Worker/ScriptCache/7c4cc75bcf4907c3_0"
D  "bin/Release/HorizonData/EBWebView/Default/Service Worker/ScriptCache/7d1277d0a0eef700_0"
D  "bin/Release/HorizonData/EBWebView/Default/Service Worker/ScriptCache/7de293882cd2065e_0"
D  "bin/Release/HorizonData/EBWebView/Default/Service Worker/ScriptCache/808f4ae21f10416c_0"
D  "bin/Release/HorizonData/EBWebView/Default/Service Worker/ScriptCache/820472a405c1a189_0"
D  "bin/Release/HorizonData/EBWebView/Default/Service Worker/ScriptCache/8258e27027d54dcb_0"
D  "bin/Release/HorizonData/EBWebView/Default/Service Worker/ScriptCache/82ee882be6fc216e_0"
D  "bin/Release/HorizonData/EBWebView/Default/Service Worker/ScriptCache/88a4c2fd955a7097_0"
D  "bin/Release/HorizonData/EBWebView/Default/Service Worker/ScriptCache/8b860a2f86638734_0"
D  "bin/Release/HorizonData/EBWebView/Default/Service Worker/ScriptCache/8ddc3053957b7fab_0"
D  "bin/Release/HorizonData/EBWebView/Default/Service Worker/ScriptCache/8e72542801e3a525_0"
D  "bin/Release/HorizonData/EBWebView/Default/Service Worker/ScriptCache/914b7547906f398d_0"
D  "bin/Release/HorizonData/EBWebView/Default/Service Worker/ScriptCache/91b3ea2d941cb397_0"
D  "bin/Release/HorizonData/EBWebView/Default/Service Worker/ScriptCache/982e0f881292c681_0"
D  "bin/Release/HorizonData/EBWebView/Default/Service Worker/ScriptCache/99116d486f284af4_0"
D  "bin/Release/HorizonData/EBWebView/Default/Service Worker/ScriptCache/9a217e9c08916dcd_0"
D  "bin/Release/HorizonData/EBWebView/Default/Service Worker/ScriptCache/9b14912231f64755_0"
D  "bin/Release/HorizonData/EBWebView/Default/Service Worker/ScriptCache/9e67022e6bb14133_0"
D  "bin/Release/HorizonData/EBWebView/Default/Service Worker/ScriptCache/a0f8700973795685_0"
D  "bin/Release/HorizonData/EBWebView/Default/Service Worker/ScriptCache/a29d487f541600d2_0"
D  "bin/Release/HorizonData/EBWebView/Default/Service Worker/ScriptCache/a6da08e680c55a2a_0"
D  "bin/Release/HorizonData/EBWebView/Default/Service Worker/ScriptCache/a956f0ce96eb29c8_0"
D  "bin/Release/HorizonData/EBWebView/Default/Service Worker/ScriptCache/aa4414e246438143_0"
D  "bin/Release/HorizonData/EBWebView/Default/Service Worker/ScriptCache/ab95ebc511b469f3_0"
D  "bin/Release/HorizonData/EBWebView/Default/Service Worker/ScriptCache/b2812321dea9c42b_0"
D  "bin/Release/HorizonData/EBWebView/Default/Service Worker/ScriptCache/b6817b5f586801b0_0"
D  "bin/Release/HorizonData/EBWebView/Default/Service Worker/ScriptCache/b6c28cea6ed9dfc1_0"
D  "bin/Release/HorizonData/EBWebView/Default/Service Worker/ScriptCache/b6c28cea6ed9dfc1_1"
D  "bin/Release/HorizonData/EBWebView/Default/Service Worker/ScriptCache/b7616e79858efbff_0"
D  "bin/Release/HorizonData/EBWebView/Default/Service Worker/ScriptCache/b8a8a89bc8f66b3e_0"
D  "bin/Release/HorizonData/EBWebView/Default/Service Worker/ScriptCache/b8d7680f52f241b7_0"
D  "bin/Release/HorizonData/EBWebView/Default/Service Worker/ScriptCache/b9e0c4e95791e1f7_0"
D  "bin/Release/HorizonData/EBWebView/Default/Service Worker/ScriptCache/ba23d8ecda68de77_0"
D  "bin/Release/HorizonData/EBWebView/Default/Service Worker/ScriptCache/bc27a87fbf314a15_0"
D  "bin/Release/HorizonData/EBWebView/Default/Service Worker/ScriptCache/bf61ab29ad9780c2_0"
D  "bin/Release/HorizonData/EBWebView/Default/Service Worker/ScriptCache/c1faae48fbac0b64_0"
D  "bin/Release/HorizonData/EBWebView/Default/Service Worker/ScriptCache/c40b44d0ccb6b9f6_0"
D  "bin/Release/HorizonData/EBWebView/Default/Service Worker/ScriptCache/c417bfe2be7aa115_0"
D  "bin/Release/HorizonData/EBWebView/Default/Service Worker/ScriptCache/c720a327d255695f_0"
D  "bin/Release/HorizonData/EBWebView/Default/Service Worker/ScriptCache/c756b52bc59f5ac3_0"
D  "bin/Release/HorizonData/EBWebView/Default/Service Worker/ScriptCache/d14726c8af48f441_0"
D  "bin/Release/HorizonData/EBWebView/Default/Service Worker/ScriptCache/d449ff6c5b3062bc_0"
D  "bin/Release/HorizonData/EBWebView/Default/Service Worker/ScriptCache/d6b653ea64009786_0"
D  "bin/Release/HorizonData/EBWebView/Default/Service Worker/ScriptCache/dcbb9f52cf880e4a_0"
D  "bin/Release/HorizonData/EBWebView/Default/Service Worker/ScriptCache/dd1e345fe5dc5435_0"
D  "bin/Release/HorizonData/EBWebView/Default/Service Worker/ScriptCache/dd91b9ffd8efe2b6_0"
D  "bin/Release/HorizonData/EBWebView/Default/Service Worker/ScriptCache/dea936b84808bcef_0"
D  "bin/Release/HorizonData/EBWebView/Default/Service Worker/ScriptCache/e10db1fb7a0a4a8c_0"
D  "bin/Release/HorizonData/EBWebView/Default/Service Worker/ScriptCache/e27bfe875b62d81e_0"
D  "bin/Release/HorizonData/EBWebView/Default/Service Worker/ScriptCache/e384336e22fd2aef_0"
D  "bin/Release/HorizonData/EBWebView/Default/Service Worker/ScriptCache/e5ff62263ac8de7f_0"
D  "bin/Release/HorizonData/EBWebView/Default/Service Worker/ScriptCache/ed21dd5e2140ec01_0"
D  "bin/Release/HorizonData/EBWebView/Default/Service Worker/ScriptCache/ef6993cae43ae456_0"
D  "bin/Release/HorizonData/EBWebView/Default/Service Worker/ScriptCache/f131910baad453af_0"
D  "bin/Release/HorizonData/EBWebView/Default/Service Worker/ScriptCache/f1cdccba37924bda_0"
D  "bin/Release/HorizonData/EBWebView/Default/Service Worker/ScriptCache/f1cdccba37924bda_1"
D  "bin/Release/HorizonData/EBWebView/Default/Service Worker/ScriptCache/f287b7060e66da8a_0"
D  "bin/Release/HorizonData/EBWebView/Default/Service Worker/ScriptCache/f40501344c9c624c_0"
D  "bin/Release/HorizonData/EBWebView/Default/Service Worker/ScriptCache/f5dcf3f81cf9b463_0"
D  "bin/Release/HorizonData/EBWebView/Default/Service Worker/ScriptCache/fa813c9ad67834ac_0"
D  "bin/Release/HorizonData/EBWebView/Default/Service Worker/ScriptCache/fa813c9ad67834ac_1"
D  "bin/Release/HorizonData/EBWebView/Default/Service Worker/ScriptCache/ff57688b9ff2d49e_0"
D  "bin/Release/HorizonData/EBWebView/Default/Service Worker/ScriptCache/ff7379f37843d0a0_0"
D  "bin/Release/HorizonData/EBWebView/Default/Service Worker/ScriptCache/index"
D  "bin/Release/HorizonData/EBWebView/Default/Service Worker/ScriptCache/index-dir/the-real-index"
D  "bin/Release/HorizonData/EBWebView/Default/Session Storage/000003.log"
D  "bin/Release/HorizonData/EBWebView/Default/Session Storage/CURRENT"
D  "bin/Release/HorizonData/EBWebView/Default/Session Storage/LOCK"
D  "bin/Release/HorizonData/EBWebView/Default/Session Storage/LOG"
D  "bin/Release/HorizonData/EBWebView/Default/Session Storage/MANIFEST-000001"
D  bin/Release/HorizonData/EBWebView/Default/Sessions/Session_13419757923248150
D  "bin/Release/HorizonData/EBWebView/Default/Shared Dictionary/cache/index"
D  "bin/Release/HorizonData/EBWebView/Default/Shared Dictionary/cache/index-dir/the-real-index"
D  "bin/Release/HorizonData/EBWebView/Default/Shared Dictionary/db"
D  "bin/Release/HorizonData/EBWebView/Default/Shared Dictionary/db-journal"
D  bin/Release/HorizonData/EBWebView/Default/SharedStorage
D  bin/Release/HorizonData/EBWebView/Default/Shortcuts
D  bin/Release/HorizonData/EBWebView/Default/Shortcuts-journal
D  "bin/Release/HorizonData/EBWebView/Default/Site Characteristics Database/000003.log"
D  "bin/Release/HorizonData/EBWebView/Default/Site Characteristics Database/CURRENT"
D  "bin/Release/HorizonData/EBWebView/Default/Site Characteristics Database/LOCK"
D  "bin/Release/HorizonData/EBWebView/Default/Site Characteristics Database/LOG"
D  "bin/Release/HorizonData/EBWebView/Default/Site Characteristics Database/LOG.old"
D  "bin/Release/HorizonData/EBWebView/Default/Site Characteristics Database/MANIFEST-000001"
D  "bin/Release/HorizonData/EBWebView/Default/Sync Data/LevelDB/000003.log"
D  "bin/Release/HorizonData/EBWebView/Default/Sync Data/LevelDB/CURRENT"
D  "bin/Release/HorizonData/EBWebView/Default/Sync Data/LevelDB/LOCK"
D  "bin/Release/HorizonData/EBWebView/Default/Sync Data/LevelDB/LOG"
D  "bin/Release/HorizonData/EBWebView/Default/Sync Data/LevelDB/LOG.old"
D  "bin/Release/HorizonData/EBWebView/Default/Sync Data/LevelDB/MANIFEST-000001"
D  "bin/Release/HorizonData/EBWebView/Default/Sync Extension Settings/bjchemafiampldmkfmpigfoakogialkl/000003.log"
D  "bin/Release/HorizonData/EBWebView/Default/Sync Extension Settings/bjchemafiampldmkfmpigfoakogialkl/CURRENT"
D  "bin/Release/HorizonData/EBWebView/Default/Sync Extension Settings/bjchemafiampldmkfmpigfoakogialkl/LOCK"
D  "bin/Release/HorizonData/EBWebView/Default/Sync Extension Settings/bjchemafiampldmkfmpigfoakogialkl/LOG"
D  "bin/Release/HorizonData/EBWebView/Default/Sync Extension Settings/bjchemafiampldmkfmpigfoakogialkl/MANIFEST-000001"
D  "bin/Release/HorizonData/EBWebView/Default/Sync Extension Settings/enpiaeoobofcpedppdnooadnbaldkjih/000003.log"
D  "bin/Release/HorizonData/EBWebView/Default/Sync Extension Settings/enpiaeoobofcpedppdnooadnbaldkjih/CURRENT"
D  "bin/Release/HorizonData/EBWebView/Default/Sync Extension Settings/enpiaeoobofcpedppdnooadnbaldkjih/LOCK"
D  "bin/Release/HorizonData/EBWebView/Default/Sync Extension Settings/enpiaeoobofcpedppdnooadnbaldkjih/LOG"
D  "bin/Release/HorizonData/EBWebView/Default/Sync Extension Settings/enpiaeoobofcpedppdnooadnbaldkjih/LOG.old"
D  "bin/Release/HorizonData/EBWebView/Default/Sync Extension Settings/enpiaeoobofcpedppdnooadnbaldkjih/MANIFEST-000001"
D  "bin/Release/HorizonData/EBWebView/Default/Sync Extension Settings/fennofgmefeblbegldihhmpehdehoflg/000003.log"
D  "bin/Release/HorizonData/EBWebView/Default/Sync Extension Settings/fennofgmefeblbegldihhmpehdehoflg/CURRENT"
D  "bin/Release/HorizonData/EBWebView/Default/Sync Extension Settings/fennofgmefeblbegldihhmpehdehoflg/LOCK"
D  "bin/Release/HorizonData/EBWebView/Default/Sync Extension Settings/fennofgmefeblbegldihhmpehdehoflg/LOG"
D  "bin/Release/HorizonData/EBWebView/Default/Sync Extension Settings/fennofgmefeblbegldihhmpehdehoflg/LOG.old"
D  "bin/Release/HorizonData/EBWebView/Default/Sync Extension Settings/fennofgmefeblbegldihhmpehdehoflg/MANIFEST-000001"
D  "bin/Release/HorizonData/EBWebView/Default/Sync Extension Settings/llafjhmkffdlhpiojoipllmmedhckpgh/000003.log"
D  "bin/Release/HorizonData/EBWebView/Default/Sync Extension Settings/llafjhmkffdlhpiojoipllmmedhckpgh/CURRENT"
D  "bin/Release/HorizonData/EBWebView/Default/Sync Extension Settings/llafjhmkffdlhpiojoipllmmedhckpgh/LOCK"
D  "bin/Release/HorizonData/EBWebView/Default/Sync Extension Settings/llafjhmkffdlhpiojoipllmmedhckpgh/LOG"
D  "bin/Release/HorizonData/EBWebView/Default/Sync Extension Settings/llafjhmkffdlhpiojoipllmmedhckpgh/LOG.old"
D  "bin/Release/HorizonData/EBWebView/Default/Sync Extension Settings/llafjhmkffdlhpiojoipllmmedhckpgh/MANIFEST-000001"
D  "bin/Release/HorizonData/EBWebView/Default/Top Sites"
D  "bin/Release/HorizonData/EBWebView/Default/Top Sites-journal"
D  bin/Release/HorizonData/EBWebView/Default/VideoDecodeStats/LOCK
D  bin/Release/HorizonData/EBWebView/Default/VideoDecodeStats/LOG
D  "bin/Release/HorizonData/EBWebView/Default/Vpn Tokens"
D  "bin/Release/HorizonData/EBWebView/Default/Vpn Tokens-journal"
D  "bin/Release/HorizonData/EBWebView/Default/Web Data"
D  "bin/Release/HorizonData/EBWebView/Default/Web Data-journal"
D  bin/Release/HorizonData/EBWebView/Default/WebStorage/QuotaManager
D  bin/Release/HorizonData/EBWebView/Default/WebStorage/QuotaManager-journal
D  bin/Release/HorizonData/EBWebView/Default/commerce_subscription_db/LOCK
D  bin/Release/HorizonData/EBWebView/Default/commerce_subscription_db/LOG
D  bin/Release/HorizonData/EBWebView/Default/commerce_subscription_db/LOG.old
D  bin/Release/HorizonData/EBWebView/Default/discount_infos_db/LOCK
D  bin/Release/HorizonData/EBWebView/Default/discount_infos_db/LOG
D  bin/Release/HorizonData/EBWebView/Default/discount_infos_db/LOG.old
D  bin/Release/HorizonData/EBWebView/Default/discounts_db/LOCK
D  bin/Release/HorizonData/EBWebView/Default/discounts_db/LOG
D  bin/Release/HorizonData/EBWebView/Default/discounts_db/LOG.old
D  bin/Release/HorizonData/EBWebView/Default/favorites_diagnostic.log
D  bin/Release/HorizonData/EBWebView/Default/heavy_ad_intervention_opt_out.db
D  bin/Release/HorizonData/EBWebView/Default/heavy_ad_intervention_opt_out.db-journal
D  bin/Release/HorizonData/EBWebView/Default/optimization_guide_hint_cache_store/LOCK
D  bin/Release/HorizonData/EBWebView/Default/optimization_guide_hint_cache_store/LOG
D  bin/Release/HorizonData/EBWebView/Default/optimization_guide_hint_cache_store/LOG.old
D  bin/Release/HorizonData/EBWebView/Default/parcel_tracking_db/LOCK
D  bin/Release/HorizonData/EBWebView/Default/parcel_tracking_db/LOG
D  bin/Release/HorizonData/EBWebView/Default/parcel_tracking_db/LOG.old
D  bin/Release/HorizonData/EBWebView/Default/shared_proto_db/000003.log
D  bin/Release/HorizonData/EBWebView/Default/shared_proto_db/CURRENT
D  bin/Release/HorizonData/EBWebView/Default/shared_proto_db/LOCK
D  bin/Release/HorizonData/EBWebView/Default/shared_proto_db/LOG
D  bin/Release/HorizonData/EBWebView/Default/shared_proto_db/LOG.old
D  bin/Release/HorizonData/EBWebView/Default/shared_proto_db/MANIFEST-000001
D  bin/Release/HorizonData/EBWebView/Default/shared_proto_db/metadata/000003.log
D  bin/Release/HorizonData/EBWebView/Default/shared_proto_db/metadata/CURRENT
D  bin/Release/HorizonData/EBWebView/Default/shared_proto_db/metadata/LOCK
D  bin/Release/HorizonData/EBWebView/Default/shared_proto_db/metadata/LOG
D  bin/Release/HorizonData/EBWebView/Default/shared_proto_db/metadata/LOG.old
D  bin/Release/HorizonData/EBWebView/Default/shared_proto_db/metadata/MANIFEST-000001
D  bin/Release/HorizonData/EBWebView/GPUPersistentCache/DawnGraphiteCache/MNIWWJ6LYBXKQS7RZ2KZNUZ3QHFNW4K3/cache.db
D  bin/Release/HorizonData/EBWebView/GPUPersistentCache/DawnGraphiteCache/MNIWWJ6LYBXKQS7RZ2KZNUZ3QHFNW4K3/cache.db-wal
D  bin/Release/HorizonData/EBWebView/GPUPersistentCache/DawnGraphiteCache/MNIWWJ6LYBXKQS7RZ2KZNUZ3QHFNW4K3/cache.journal
D  bin/Release/HorizonData/EBWebView/GrShaderCache/data_0
D  bin/Release/HorizonData/EBWebView/GrShaderCache/data_1
D  bin/Release/HorizonData/EBWebView/GrShaderCache/data_2
D  bin/Release/HorizonData/EBWebView/GrShaderCache/data_3
D  bin/Release/HorizonData/EBWebView/GrShaderCache/f_000001
D  bin/Release/HorizonData/EBWebView/GrShaderCache/f_000002
D  bin/Release/HorizonData/EBWebView/GrShaderCache/f_000003
D  bin/Release/HorizonData/EBWebView/GrShaderCache/f_000004
D  bin/Release/HorizonData/EBWebView/GrShaderCache/f_000005
D  bin/Release/HorizonData/EBWebView/GrShaderCache/f_000006
D  bin/Release/HorizonData/EBWebView/GrShaderCache/index
D  bin/Release/HorizonData/EBWebView/GraphiteDawnCache/data_0
D  bin/Release/HorizonData/EBWebView/GraphiteDawnCache/data_1
D  bin/Release/HorizonData/EBWebView/GraphiteDawnCache/data_2
D  bin/Release/HorizonData/EBWebView/GraphiteDawnCache/data_3
D  bin/Release/HorizonData/EBWebView/GraphiteDawnCache/index
D  "bin/Release/HorizonData/EBWebView/Last Version"
D  "bin/Release/HorizonData/EBWebView/Local State"
D  bin/Release/HorizonData/EBWebView/OriginTrials/0.0.1.7/manifest.json
D  bin/Release/HorizonData/EBWebView/PKIMetadata/46.0.0.0/crs.pb
D  bin/Release/HorizonData/EBWebView/PKIMetadata/46.0.0.0/ct_config.pb
D  bin/Release/HorizonData/EBWebView/PKIMetadata/46.0.0.0/kp_pinslist.pb
D  bin/Release/HorizonData/EBWebView/PKIMetadata/46.0.0.0/manifest.json
D  bin/Release/HorizonData/EBWebView/ShaderCache/data_0
D  bin/Release/HorizonData/EBWebView/ShaderCache/data_1
D  bin/Release/HorizonData/EBWebView/ShaderCache/data_2
D  bin/Release/HorizonData/EBWebView/ShaderCache/data_3
D  bin/Release/HorizonData/EBWebView/ShaderCache/index
D  "bin/Release/HorizonData/EBWebView/Speech Recognition/1.15.0.1/Microsoft.CognitiveServices.Speech.core.dll"
D  "bin/Release/HorizonData/EBWebView/Speech Recognition/1.15.0.1/manifest.json"
D  "bin/Release/HorizonData/EBWebView/Subresource Filter/Indexed Rules/37/10.34.0.84/LICENSE"
D  "bin/Release/HorizonData/EBWebView/Subresource Filter/Indexed Rules/37/10.34.0.84/Ruleset Data"
D  "bin/Release/HorizonData/EBWebView/Subresource Filter/Unindexed Rules/10.34.0.84/Filtering Rules"
D  "bin/Release/HorizonData/EBWebView/Subresource Filter/Unindexed Rules/10.34.0.84/Filtering Rules-AA"
D  "bin/Release/HorizonData/EBWebView/Subresource Filter/Unindexed Rules/10.34.0.84/Filtering Rules-CA"
D  "bin/Release/HorizonData/EBWebView/Subresource Filter/Unindexed Rules/10.34.0.84/LICENSE"
D  "bin/Release/HorizonData/EBWebView/Subresource Filter/Unindexed Rules/10.34.0.84/Part-DE"
D  "bin/Release/HorizonData/EBWebView/Subresource Filter/Unindexed Rules/10.34.0.84/Part-ES"
D  "bin/Release/HorizonData/EBWebView/Subresource Filter/Unindexed Rules/10.34.0.84/Part-FR"
D  "bin/Release/HorizonData/EBWebView/Subresource Filter/Unindexed Rules/10.34.0.84/Part-IT"
D  "bin/Release/HorizonData/EBWebView/Subresource Filter/Unindexed Rules/10.34.0.84/Part-NL"
D  "bin/Release/HorizonData/EBWebView/Subresource Filter/Unindexed Rules/10.34.0.84/Part-RU"
D  "bin/Release/HorizonData/EBWebView/Subresource Filter/Unindexed Rules/10.34.0.84/Part-ZH"
D  "bin/Release/HorizonData/EBWebView/Subresource Filter/Unindexed Rules/10.34.0.84/adblock_snippet.js"
D  "bin/Release/HorizonData/EBWebView/Subresource Filter/Unindexed Rules/10.34.0.84/manifest.json"
D  bin/Release/HorizonData/EBWebView/TrustTokenKeyCommitments/2026.3.23.1/LICENSE
D  bin/Release/HorizonData/EBWebView/TrustTokenKeyCommitments/2026.3.23.1/_metadata/verified_contents.json
D  bin/Release/HorizonData/EBWebView/TrustTokenKeyCommitments/2026.3.23.1/keys.json
D  bin/Release/HorizonData/EBWebView/TrustTokenKeyCommitments/2026.3.23.1/manifest.json
D  bin/Release/HorizonData/EBWebView/Variations
D  bin/Release/HorizonData/EBWebView/component_crx_cache/bec8ead1da3c9600fe66bbcc0e7a9bed9a184c1be821b4d23570c6b7af7f0410
D  bin/Release/HorizonData/EBWebView/component_crx_cache/metadata.json
D  bin/Release/HorizonData/EBWebView/extensions_crx_cache/metadata.json
D  bin/Release/HorizonData/EBWebView/hyphen-data/120.0.6050.0/_metadata/verified_contents.json
D  bin/Release/HorizonData/EBWebView/hyphen-data/120.0.6050.0/hyph-af.hyb
D  bin/Release/HorizonData/EBWebView/hyphen-data/120.0.6050.0/hyph-as.hyb
D  bin/Release/HorizonData/EBWebView/hyphen-data/120.0.6050.0/hyph-be.hyb
D  bin/Release/HorizonData/EBWebView/hyphen-data/120.0.6050.0/hyph-bg.hyb
D  bin/Release/HorizonData/EBWebView/hyphen-data/120.0.6050.0/hyph-bn.hyb
D  bin/Release/HorizonData/EBWebView/hyphen-data/120.0.6050.0/hyph-cs.hyb
D  bin/Release/HorizonData/EBWebView/hyphen-data/120.0.6050.0/hyph-cu.hyb
D  bin/Release/HorizonData/EBWebView/hyphen-data/120.0.6050.0/hyph-cy.hyb
D  bin/Release/HorizonData/EBWebView/hyphen-data/120.0.6050.0/hyph-da.hyb
D  bin/Release/HorizonData/EBWebView/hyphen-data/120.0.6050.0/hyph-de-1901.hyb
D  bin/Release/HorizonData/EBWebView/hyphen-data/120.0.6050.0/hyph-de-1996.hyb
D  bin/Release/HorizonData/EBWebView/hyphen-data/120.0.6050.0/hyph-de-ch-1901.hyb
D  bin/Release/HorizonData/EBWebView/hyphen-data/120.0.6050.0/hyph-el.hyb
D  bin/Release/HorizonData/EBWebView/hyphen-data/120.0.6050.0/hyph-en-gb.hyb
D  bin/Release/HorizonData/EBWebView/hyphen-data/120.0.6050.0/hyph-en-us.hyb
D  bin/Release/HorizonData/EBWebView/hyphen-data/120.0.6050.0/hyph-es.hyb
D  bin/Release/HorizonData/EBWebView/hyphen-data/120.0.6050.0/hyph-et.hyb
D  bin/Release/HorizonData/EBWebView/hyphen-data/120.0.6050.0/hyph-eu.hyb
D  bin/Release/HorizonData/EBWebView/hyphen-data/120.0.6050.0/hyph-fr.hyb
D  bin/Release/HorizonData/EBWebView/hyphen-data/120.0.6050.0/hyph-ga.hyb
D  bin/Release/HorizonData/EBWebView/hyphen-data/120.0.6050.0/hyph-gl.hyb
D  bin/Release/HorizonData/EBWebView/hyphen-data/120.0.6050.0/hyph-gu.hyb
D  bin/Release/HorizonData/EBWebView/hyphen-data/120.0.6050.0/hyph-hi.hyb
D  bin/Release/HorizonData/EBWebView/hyphen-data/120.0.6050.0/hyph-hr.hyb
D  bin/Release/HorizonData/EBWebView/hyphen-data/120.0.6050.0/hyph-hu.hyb
D  bin/Release/HorizonData/EBWebView/hyphen-data/120.0.6050.0/hyph-hy.hyb
D  bin/Release/HorizonData/EBWebView/hyphen-data/120.0.6050.0/hyph-it.hyb
D  bin/Release/HorizonData/EBWebView/hyphen-data/120.0.6050.0/hyph-ka.hyb
D  bin/Release/HorizonData/EBWebView/hyphen-data/120.0.6050.0/hyph-kn.hyb
D  bin/Release/HorizonData/EBWebView/hyphen-data/120.0.6050.0/hyph-la.hyb
D  bin/Release/HorizonData/EBWebView/hyphen-data/120.0.6050.0/hyph-lt.hyb
D  bin/Release/HorizonData/EBWebView/hyphen-data/120.0.6050.0/hyph-lv.hyb
D  bin/Release/HorizonData/EBWebView/hyphen-data/120.0.6050.0/hyph-ml.hyb
D  bin/Release/HorizonData/EBWebView/hyphen-data/120.0.6050.0/hyph-mn-cyrl.hyb
D  bin/Release/HorizonData/EBWebView/hyphen-data/120.0.6050.0/hyph-mr.hyb
D  bin/Release/HorizonData/EBWebView/hyphen-data/120.0.6050.0/hyph-mul-ethi.hyb
D  bin/Release/HorizonData/EBWebView/hyphen-data/120.0.6050.0/hyph-nb.hyb
D  bin/Release/HorizonData/EBWebView/hyphen-data/120.0.6050.0/hyph-nl.hyb
D  bin/Release/HorizonData/EBWebView/hyphen-data/120.0.6050.0/hyph-nn.hyb
D  bin/Release/HorizonData/EBWebView/hyphen-data/120.0.6050.0/hyph-or.hyb
D  bin/Release/HorizonData/EBWebView/hyphen-data/120.0.6050.0/hyph-pa.hyb
D  bin/Release/HorizonData/EBWebView/hyphen-data/120.0.6050.0/hyph-pt.hyb
D  bin/Release/HorizonData/EBWebView/hyphen-data/120.0.6050.0/hyph-ru.hyb
D  bin/Release/HorizonData/EBWebView/hyphen-data/120.0.6050.0/hyph-sk.hyb
D  bin/Release/HorizonData/EBWebView/hyphen-data/120.0.6050.0/hyph-sl.hyb
D  bin/Release/HorizonData/EBWebView/hyphen-data/120.0.6050.0/hyph-sq.hyb
D  bin/Release/HorizonData/EBWebView/hyphen-data/120.0.6050.0/hyph-sv.hyb
D  bin/Release/HorizonData/EBWebView/hyphen-data/120.0.6050.0/hyph-ta.hyb
D  bin/Release/HorizonData/EBWebView/hyphen-data/120.0.6050.0/hyph-te.hyb
D  bin/Release/HorizonData/EBWebView/hyphen-data/120.0.6050.0/hyph-tk.hyb
D  bin/Release/HorizonData/EBWebView/hyphen-data/120.0.6050.0/hyph-uk.hyb
D  bin/Release/HorizonData/EBWebView/hyphen-data/120.0.6050.0/hyph-und-ethi.hyb
D  bin/Release/HorizonData/EBWebView/hyphen-data/120.0.6050.0/manifest.json
D  bin/Release/HorizonData/FaviconCache/1mov.lol.png
D  bin/Release/HorizonData/FaviconCache/accounts.google.com.png
D  bin/Release/HorizonData/FaviconCache/alohafind.com.png
D  bin/Release/HorizonData/FaviconCache/chromewebstore.google.com.png
D  bin/Release/HorizonData/FaviconCache/claude.ai.png
D  bin/Release/HorizonData/FaviconCache/claude.com.png
D  bin/Release/HorizonData/FaviconCache/docs.google.com.png
D  bin/Release/HorizonData/FaviconCache/feedbackcol-nszemvwz.manus.space.png
D  bin/Release/HorizonData/FaviconCache/forum.ubden.com.tr.png
D  bin/Release/HorizonData/FaviconCache/gemini.google.com.png
D  bin/Release/HorizonData/FaviconCache/ghappstore-j93n3sq2.manus.space.png
D  bin/Release/HorizonData/FaviconCache/github.com.png
D  bin/Release/HorizonData/FaviconCache/hianimes.se.png
D  bin/Release/HorizonData/FaviconCache/mail.google.com.png
D  bin/Release/HorizonData/FaviconCache/manus.im.png
D  bin/Release/HorizonData/FaviconCache/manussend-8ladxhzk.manus.space.png
D  bin/Release/HorizonData/FaviconCache/mdl.fcst.tu-sofia.bg.png
D  bin/Release/HorizonData/FaviconCache/music.youtube.com.png
D  bin/Release/HorizonData/FaviconCache/myaccount.google.com.png
D  bin/Release/HorizonData/FaviconCache/notebooklm.google.com.png
D  bin/Release/HorizonData/FaviconCache/photos.google.com.png
D  bin/Release/HorizonData/FaviconCache/steamcommunity.com.png
D  bin/Release/HorizonData/FaviconCache/support.google.com.png
D  bin/Release/HorizonData/FaviconCache/thebyteseffect.com.png
D  bin/Release/HorizonData/FaviconCache/thepiratebay.party.png
D  bin/Release/HorizonData/FaviconCache/tu-sofia.bg.png
D  bin/Release/HorizonData/FaviconCache/v1.tldrthis.com.png
D  bin/Release/HorizonData/FaviconCache/web.telegram.org.png
D  bin/Release/HorizonData/FaviconCache/www.ageofempires.com.png
D  bin/Release/HorizonData/FaviconCache/www.anthropic.com.png
D  bin/Release/HorizonData/FaviconCache/www.crunchyroll.com.png
D  bin/Release/HorizonData/FaviconCache/www.emag.bg.png
D  bin/Release/HorizonData/FaviconCache/www.google.com.png
D  bin/Release/HorizonData/FaviconCache/www.microsoft.com.png
D  bin/Release/HorizonData/FaviconCache/www.pirateproxy-bay.com.png
D  bin/Release/HorizonData/FaviconCache/www.reddit.com.png
D  bin/Release/HorizonData/FaviconCache/www.sublimehq.com.png
D  bin/Release/HorizonData/FaviconCache/www.youtube.com.png
D  bin/Release/HorizonData/config.json
D  bin/Release/HorizonData/flux_sort_defaults.json
D  code_files/!START_Horizon_Browser.lnk
D  code_files/.gitignore
D  code_files/App.xaml
D  code_files/App.xaml.cs
D  code_files/Build_Release.bat
D  code_files/Build_Release_FAST.bat
D  code_files/Controls/BrowserView.xaml
D  code_files/Controls/BrowserView.xaml.cs
D  code_files/Controls/FluxSidebar.xaml
D  code_files/Controls/FluxSidebar.xaml.cs
D  code_files/Controls/Omnibox.xaml
D  code_files/Controls/Omnibox.xaml.cs
D  code_files/Controls/PdfOpenDialog.xaml
D  code_files/Controls/PdfOpenDialog.xaml.cs
D  code_files/Controls/VaultSidebar.xaml
D  code_files/Controls/VaultSidebar.xaml.cs
D  code_files/Core/ExtensionInstaller.cs
D  code_files/Core/StealthEnvironment.cs
D  code_files/Core/TabColorPaletteExtractor.cs
D  code_files/Horizon.Browser.csproj
D  code_files/Horizon.bat
D  code_files/Horizon_Bootstrapper.bat
D  code_files/Install_Horizon_Browser_beta.ifp
D  code_files/LICENSE
D  code_files/LICENSE.rtf
D  code_files/LICENSE.txt
D  code_files/MainWindow.AdvancedCalc.cs
D  code_files/MainWindow.Widgets.cs
D  code_files/MainWindow.xaml
D  code_files/MainWindow.xaml.cs
D  code_files/MainWindow.xaml.cs.bak
D  code_files/Output/Setup_Horizon_Browser_Beta.exe
D  code_files/PRIVACY_POLICY.md
D  code_files/README.md
D  code_files/Services/AccountSyncService.cs
D  code_files/Services/BackgroundKeepAliveService.cs
D  code_files/Services/BookmarksService.cs
D  code_files/Services/BrowserDetectionService.cs
D  code_files/Services/CacheJanitorService.cs
D  code_files/Services/ChromiumHarvester.cs
D  code_files/Services/ConfigService.cs
D  code_files/Services/ExtensionRecord.cs
D  code_files/Services/ExtensionService.cs
D  code_files/Services/FluxJanitorService.cs
D  code_files/Services/GithubUpdateService.cs
D  code_files/Services/HealthService.cs
D  code_files/Services/HistoryService.cs
D  code_files/Services/HomePageService.cs
D  code_files/Services/LogService.cs
D  code_files/Services/MediaDownloadService.cs
D  code_files/Services/SettingsService.cs
D  code_files/Services/TabSleepRulesService.cs
D  code_files/Services/ThemeService.cs
D  code_files/Services/VaultService.cs
D  code_files/Setup_Horizon_Browser_Alpha.ifp
D  code_files/Setup_Horizon_Browser_Beta.ifp
D  code_files/Setup_Horizon_Browser_Beta.iss
D  code_files/Themes/Horizon.xaml
D  code_files/Themes/Light.xaml
D  code_files/Themes/Redmond.xaml
D  code_files/Uninstall/uninstall.bat
D  code_files/Update_manager.bat
D  code_files/Update_manager_OLD.bat
D  code_files/ViewModels/TabViewModel.cs
D  code_files/Views/LoginRecoveryDialog.xaml
D  code_files/Views/LoginRecoveryDialog.xaml.cs
D  code_files/Views/MaintenanceWindow.xaml
D  code_files/Views/MaintenanceWindow.xaml.cs
D  code_files/Views/NotificationToast.xaml
D  code_files/Views/NotificationToast.xaml.cs
D  code_files/Views/SettingsWindow.xaml
D  code_files/Views/SettingsWindow.xaml.cs
D  code_files/Views/TabSwitcherWindow.xaml
D  code_files/Views/TabSwitcherWindow.xaml.cs
D  code_files/backup.bat
D  code_files/changelog.txt
D  code_files/cookies.json
D  code_files/deploy_branch.bat
D  code_files/dir
D  code_files/emergency_log_failure.txt
D  code_files/extra_files.txt
D  code_files/history.json
D  code_files/horizon.conf
D  code_files/install_auto.ps1
D  code_files/logs/Setup_Bootstrapper.log
D  code_files/logs/horizon_update.log
D  code_files/logs/scan_debug_1776531966.log
D  code_files/logs/scan_debug_1776532031.log
D  code_files/logs/scan_debug_1776706586.log
D  code_files/logs/scan_debug_1776706631.log
D  code_files/logs/scan_debug_1782134229.log
D  code_files/logs/scan_debug_1782135107.log
D  code_files/logs/scan_debug_1782135140.log
D  code_files/logs/scan_debug_1782135373.log
D  code_files/maintenance_tool.bat
D  code_files/manage_build_files.bat
D  code_files/mapper_exclusions.txt
D  code_files/overlay.hta
D  code_files/path.txt
D  code_files/project_map_1782135374.txt
D  code_files/project_mapper.py
D  code_files/restore.bat
D  code_files/src/Gemini_Generated_Image_7395cs7395cs7395.ico
D  code_files/src/Gemini_Generated_Image_7395cs7395cs7395.png
D  code_files/src/icons/Gemini_Generated_Image_7395cs7395cs7395.ico
D  code_files/start_horizon.bat
D  code_files/start_mapper.bat
D  code_files/update.txt
D  code_files/update_orchestrator.bat
D  code_files/update_status.txt
D  code_files/version.txt
A  logs/push_to_github_20260921_163549.log
A  logs/push_to_github_20260921_165104.log
A  logs/scan_debug_1789998234.log
D  project_map_1782135374.txt
D  project_map_1784797406.txt
A  project_map_1789998235.txt
M  push_to_github.py
M  version.txt
?? logs/push_to_github_20260921_165158.log
2026-09-21 16:53:33,484 [DEBUG] stderr: 
2026-09-21 16:53:33,485 [DEBUG] Running: git status --porcelain
2026-09-21 16:53:34,189 [DEBUG] stdout: D  Install_Horizon_Browser_beta.ifp
D  Setup_Horizon_Browser_Alpha.ifp
D  Setup_Horizon_Browser_Beta.ifp
D  Setup_Horizon_Browser_Beta.iss
D  bin/Release/HorizonData/EBWebView/AutoLaunchProtocolsComponent/1.0.0.10/manifest.json
D  bin/Release/HorizonData/EBWebView/AutoLaunchProtocolsComponent/1.0.0.10/protocols.json
D  bin/Release/HorizonData/EBWebView/BrowserMetrics/BrowserMetrics-6A4FF9BB-FC8.pma
D  bin/Release/HorizonData/EBWebView/BrowserMetrics/BrowserMetrics-6A4FFA12-37C4.pma
D  bin/Release/HorizonData/EBWebView/BrowserMetrics/BrowserMetrics-6A4FFA30-42BC.pma
D  bin/Release/HorizonData/EBWebView/CertificateRevocation/6498.2025.9.4/crl-set
D  bin/Release/HorizonData/EBWebView/CertificateRevocation/6498.2025.9.4/manifest.json
D  bin/Release/HorizonData/EBWebView/Crashpad/metadata
D  bin/Release/HorizonData/EBWebView/Crashpad/settings.dat
D  bin/Release/HorizonData/EBWebView/Crashpad/temp/edge_shutdown_crash.txt
D  bin/Release/HorizonData/EBWebView/Crashpad/throttle_store.dat
D  bin/Release/HorizonData/EBWebView/Crashpad/watson_metadata
D  bin/Release/HorizonData/EBWebView/Default/AutofillAiModelCache/LOCK
D  bin/Release/HorizonData/EBWebView/Default/AutofillAiModelCache/LOG
D  bin/Release/HorizonData/EBWebView/Default/AutofillAiModelCache/LOG.old
D  bin/Release/HorizonData/EBWebView/Default/AutofillStrikeDatabase/LOCK
D  bin/Release/HorizonData/EBWebView/Default/AutofillStrikeDatabase/LOG
D  bin/Release/HorizonData/EBWebView/Default/AutofillStrikeDatabase/LOG.old
D  bin/Release/HorizonData/EBWebView/Default/BookmarkMergedSurfaceOrdering
D  bin/Release/HorizonData/EBWebView/Default/BrowsingTopicsSiteData
D  bin/Release/HorizonData/EBWebView/Default/BrowsingTopicsSiteData-journal
D  bin/Release/HorizonData/EBWebView/Default/BrowsingTopicsState
D  bin/Release/HorizonData/EBWebView/Default/BudgetDatabase/LOCK
D  bin/Release/HorizonData/EBWebView/Default/BudgetDatabase/LOG
D  bin/Release/HorizonData/EBWebView/Default/BudgetDatabase/LOG.old
D  bin/Release/HorizonData/EBWebView/Default/Cache/Cache_Data/data_0
D  bin/Release/HorizonData/EBWebView/Default/Cache/Cache_Data/data_1
D  bin/Release/HorizonData/EBWebView/Default/Cache/Cache_Data/data_2
D  bin/Release/HorizonData/EBWebView/Default/Cache/Cache_Data/data_3
D  bin/Release/HorizonData/EBWebView/Default/Cache/Cache_Data/f_000001
D  bin/Release/HorizonData/EBWebView/Default/Cache/Cache_Data/f_000002
D  bin/Release/HorizonData/EBWebView/Default/Cache/Cache_Data/f_000003
D  bin/Release/HorizonData/EBWebView/Default/Cache/Cache_Data/f_000004
D  bin/Release/HorizonData/EBWebView/Default/Cache/Cache_Data/f_000005
D  bin/Release/HorizonData/EBWebView/Default/Cache/Cache_Data/f_000006
D  bin/Release/HorizonData/EBWebView/Default/Cache/Cache_Data/f_000007
D  bin/Release/HorizonData/EBWebView/Default/Cache/Cache_Data/f_000008
D  bin/Release/HorizonData/EBWebView/Default/Cache/Cache_Data/f_000009
D  bin/Release/HorizonData/EBWebView/Default/Cache/Cache_Data/f_00000a
D  bin/Release/HorizonData/EBWebView/Default/Cache/Cache_Data/f_00000b
D  bin/Release/HorizonData/EBWebView/Default/Cache/Cache_Data/f_00000c
D  bin/Release/HorizonData/EBWebView/Default/Cache/Cache_Data/f_00000d
D  bin/Release/HorizonData/EBWebView/Default/Cache/Cache_Data/f_00000e
D  bin/Release/HorizonData/EBWebView/Default/Cache/Cache_Data/f_00000f
D  bin/Release/HorizonData/EBWebView/Default/Cache/Cache_Data/f_000010
D  bin/Release/HorizonData/EBWebView/Default/Cache/Cache_Data/f_000011
D  bin/Release/HorizonData/EBWebView/Default/Cache/Cache_Data/f_000012
D  bin/Release/HorizonData/EBWebView/Default/Cache/Cache_Data/f_000013
D  bin/Release/HorizonData/EBWebView/Default/Cache/Cache_Data/f_000015
D  bin/Release/HorizonData/EBWebView/Default/Cache/Cache_Data/f_000016
D  bin/Release/HorizonData/EBWebView/Default/Cache/Cache_Data/f_000017
D  bin/Release/HorizonData/EBWebView/Default/Cache/Cache_Data/f_000018
D  bin/Release/HorizonData/EBWebView/Default/Cache/Cache_Data/f_000019
D  bin/Release/HorizonData/EBWebView/Default/Cache/Cache_Data/f_00001b
D  bin/Release/HorizonData/EBWebView/Default/Cache/Cache_Data/f_00001c
D  bin/Release/HorizonData/EBWebView/Default/Cache/Cache_Data/f_00001d
D  bin/Release/HorizonData/EBWebView/Default/Cache/Cache_Data/f_00001e
D  bin/Release/HorizonData/EBWebView/Default/Cache/Cache_Data/f_00001f
D  bin/Release/HorizonData/EBWebView/Default/Cache/Cache_Data/f_000020
D  bin/Release/HorizonData/EBWebView/Default/Cache/Cache_Data/f_000021
D  bin/Release/HorizonData/EBWebView/Default/Cache/Cache_Data/f_000022
D  bin/Release/HorizonData/EBWebView/Default/Cache/Cache_Data/f_000023
D  bin/Release/HorizonData/EBWebView/Default/Cache/Cache_Data/f_000024
D  bin/Release/HorizonData/EBWebView/Default/Cache/Cache_Data/f_000025
D  bin/Release/HorizonData/EBWebView/Default/Cache/Cache_Data/f_000026
D  bin/Release/HorizonData/EBWebView/Default/Cache/Cache_Data/f_000027
D  bin/Release/HorizonData/EBWebView/Default/Cache/Cache_Data/f_000028
D  bin/Release/HorizonData/EBWebView/Default/Cache/Cache_Data/f_000029
D  bin/Release/HorizonData/EBWebView/Default/Cache/Cache_Data/f_00002a
D  bin/Release/HorizonData/EBWebView/Default/Cache/Cache_Data/f_00002b
D  bin/Release/HorizonData/EBWebView/Default/Cache/Cache_Data/f_00002c
D  bin/Release/HorizonData/EBWebView/Default/Cache/Cache_Data/f_00002d
D  bin/Release/HorizonData/EBWebView/Default/Cache/Cache_Data/f_00002e
D  bin/Release/HorizonData/EBWebView/Default/Cache/Cache_Data/f_00002f
D  bin/Release/HorizonData/EBWebView/Default/Cache/Cache_Data/f_000030
D  bin/Release/HorizonData/EBWebView/Default/Cache/Cache_Data/f_000031
D  bin/Release/HorizonData/EBWebView/Default/Cache/Cache_Data/f_000032
D  bin/Release/HorizonData/EBWebView/Default/Cache/Cache_Data/f_000033
D  bin/Release/HorizonData/EBWebView/Default/Cache/Cache_Data/f_000034
D  bin/Release/HorizonData/EBWebView/Default/Cache/Cache_Data/f_000035
D  bin/Release/HorizonData/EBWebView/Default/Cache/Cache_Data/f_000036
D  bin/Release/HorizonData/EBWebView/Default/Cache/Cache_Data/f_000037
D  bin/Release/HorizonData/EBWebView/Default/Cache/Cache_Data/f_000038
D  bin/Release/HorizonData/EBWebView/Default/Cache/Cache_Data/f_000039
D  bin/Release/HorizonData/EBWebView/Default/Cache/Cache_Data/f_00003a
D  bin/Release/HorizonData/EBWebView/Default/Cache/Cache_Data/f_00003b
D  bin/Release/HorizonData/EBWebView/Default/Cache/Cache_Data/f_00003c
D  bin/Release/HorizonData/EBWebView/Default/Cache/Cache_Data/f_00003d
D  bin/Release/HorizonData/EBWebView/Default/Cache/Cache_Data/f_00003e
D  bin/Release/HorizonData/EBWebView/Default/Cache/Cache_Data/f_00003f
D  bin/Release/HorizonData/EBWebView/Default/Cache/Cache_Data/f_000040
D  bin/Release/HorizonData/EBWebView/Default/Cache/Cache_Data/f_000041
D  bin/Release/HorizonData/EBWebView/Default/Cache/Cache_Data/f_000042
D  bin/Release/HorizonData/EBWebView/Default/Cache/Cache_Data/f_000043
D  bin/Release/HorizonData/EBWebView/Default/Cache/Cache_Data/f_000044
D  bin/Release/HorizonData/EBWebView/Default/Cache/Cache_Data/f_000045
D  bin/Release/HorizonData/EBWebView/Default/Cache/Cache_Data/f_000046
D  bin/Release/HorizonData/EBWebView/Default/Cache/Cache_Data/f_000047
D  bin/Release/HorizonData/EBWebView/Default/Cache/Cache_Data/f_000048
D  bin/Release/HorizonData/EBWebView/Default/Cache/Cache_Data/f_000049
D  bin/Release/HorizonData/EBWebView/Default/Cache/Cache_Data/f_00004a
D  bin/Release/HorizonData/EBWebView/Default/Cache/Cache_Data/f_00004b
D  bin/Release/HorizonData/EBWebView/Default/Cache/Cache_Data/f_00004c
D  bin/Release/HorizonData/EBWebView/Default/Cache/Cache_Data/f_00004d
D  bin/Release/HorizonData/EBWebView/Default/Cache/Cache_Data/f_00004e
D  bin/Release/HorizonData/EBWebView/Default/Cache/Cache_Data/f_00004f
D  bin/Release/HorizonData/EBWebView/Default/Cache/Cache_Data/f_000050
D  bin/Release/HorizonData/EBWebView/Default/Cache/Cache_Data/f_000051
D  bin/Release/HorizonData/EBWebView/Default/Cache/Cache_Data/f_000052
D  bin/Release/HorizonData/EBWebView/Default/Cache/Cache_Data/f_000053
D  bin/Release/HorizonData/EBWebView/Default/Cache/Cache_Data/f_000054
D  bin/Release/HorizonData/EBWebView/Default/Cache/Cache_Data/f_000055
D  bin/Release/HorizonData/EBWebView/Default/Cache/Cache_Data/f_000056
D  bin/Release/HorizonData/EBWebView/Default/Cache/Cache_Data/index
D  bin/Release/HorizonData/EBWebView/Default/Cache/No_Vary_Search/journal.baj
D  bin/Release/HorizonData/EBWebView/Default/Cache/No_Vary_Search/snapshot.baf
D  bin/Release/HorizonData/EBWebView/Default/ClientCertificates/LOCK
D  bin/Release/HorizonData/EBWebView/Default/ClientCertificates/LOG
D  bin/Release/HorizonData/EBWebView/Default/ClientCertificates/LOG.old
D  "bin/Release/HorizonData/EBWebView/Default/Code Cache/js/0076dbc2687a75c8_0"
D  "bin/Release/HorizonData/EBWebView/Default/Code Cache/js/02df4d919d1db631_0"
D  "bin/Release/HorizonData/EBWebView/Default/Code Cache/js/030deb08ea7f5704_0"
D  "bin/Release/HorizonData/EBWebView/Default/Code Cache/js/039b9efa13a61bad_0"
D  "bin/Release/HorizonData/EBWebView/Default/Code Cache/js/03ab767b40f8cfee_0"
D  "bin/Release/HorizonData/EBWebView/Default/Code Cache/js/043af1923a883e16_0"
D  "bin/Release/HorizonData/EBWebView/Default/Code Cache/js/04496e09a82d7be4_0"
D  "bin/Release/HorizonData/EBWebView/Default/Code Cache/js/04b821652310fb13_0"
D  "bin/Release/HorizonData/EBWebView/Default/Code Cache/js/05b26522fd606645_0"
D  "bin/Release/HorizonData/EBWebView/Default/Code Cache/js/071d0789528838a9_0"
D  "bin/Release/HorizonData/EBWebView/Default/Code Cache/js/086ced5af2bd8220_0"
D  "bin/Release/HorizonData/EBWebView/Default/Code Cache/js/0a4c526d5d310100_0"
D  "bin/Release/HorizonData/EBWebView/Default/Code Cache/js/0aaaf6edb73e546a_0"
D  "bin/Release/HorizonData/EBWebView/Default/Code Cache/js/0afc682fb9dad7c2_0"
D  "bin/Release/HorizonData/EBWebView/Default/Code Cache/js/0b06db1a6bf880c2_0"
D  "bin/Release/HorizonData/EBWebView/Default/Code Cache/js/0b3a0da62588e0f5_0"
D  "bin/Release/HorizonData/EBWebView/Default/Code Cache/js/0c015efe6e649523_0"
D  "bin/Release/HorizonData/EBWebView/Default/Code Cache/js/0f7a89f46f65133f_0"
D  "bin/Release/HorizonData/EBWebView/Default/Code Cache/js/0f7e5eeea93299c9_0"
D  "bin/Release/HorizonData/EBWebView/Default/Code Cache/js/103adf3520105e0f_0"
D  "bin/Release/HorizonData/EBWebView/Default/Code Cache/js/11328cb64a5d60eb_0"
D  "bin/Release/HorizonData/EBWebView/Default/Code Cache/js/113d72327aacc717_0"
D  "bin/Release/HorizonData/EBWebView/Default/Code Cache/js/1154210b0c0831c9_0"
D  "bin/Release/HorizonData/EBWebView/Default/Code Cache/js/1253ddc0847524d9_0"
D  "bin/Release/HorizonData/EBWebView/Default/Code Cache/js/13b86ba548c0a839_0"
D  "bin/Release/HorizonData/EBWebView/Default/Code Cache/js/142a6170a0e9d869_0"
D  "bin/Release/HorizonData/EBWebView/Default/Code Cache/js/1607200edb381bca_0"
D  "bin/Release/HorizonData/EBWebView/Default/Code Cache/js/166f248488e8e434_0"
D  "bin/Release/HorizonData/EBWebView/Default/Code Cache/js/191897f97e361b8f_0"
D  "bin/Release/HorizonData/EBWebView/Default/Code Cache/js/195e2fd790676a21_0"
D  "bin/Release/HorizonData/EBWebView/Default/Code Cache/js/198e8104f7f87921_0"
D  "bin/Release/HorizonData/EBWebView/Default/Code Cache/js/1bcd9e7257b3b57d_0"
D  "bin/Release/HorizonData/EBWebView/Default/Code Cache/js/1be905117ed82795_0"
D  "bin/Release/HorizonData/EBWebView/Default/Code Cache/js/1bf5e7db2cc86bc8_0"
D  "bin/Release/HorizonData/EBWebView/Default/Code Cache/js/1c93a3582c65c4d3_0"
D  "bin/Release/HorizonData/EBWebView/Default/Code Cache/js/1cc55164091f7d02_0"
D  "bin/Release/HorizonData/EBWebView/Default/Code Cache/js/1cdfac3e3497e90e_0"
D  "bin/Release/HorizonData/EBWebView/Default/Code Cache/js/1d25890505165c28_0"
D  "bin/Release/HorizonData/EBWebView/Default/Code Cache/js/1e533551742eeaf0_0"
D  "bin/Release/HorizonData/EBWebView/Default/Code Cache/js/1f722db16f1e9c51_0"
D  "bin/Release/HorizonData/EBWebView/Default/Code Cache/js/1f780d5738f54f36_0"
D  "bin/Release/HorizonData/EBWebView/Default/Code Cache/js/1f7cf8395b07ebcd_0"
D  "bin/Release/HorizonData/EBWebView/Default/Code Cache/js/1facba9eab55149f_0"
D  "bin/Release/HorizonData/EBWebView/Default/Code Cache/js/210c8b22d39f09d7_0"
D  "bin/Release/HorizonData/EBWebView/Default/Code Cache/js/213c9d2da2b585c1_0"
D  "bin/Release/HorizonData/EBWebView/Default/Code Cache/js/219ba47e4f3fd15f_0"
D  "bin/Release/HorizonData/EBWebView/Default/Code Cache/js/21aa031a3d2c0479_0"
D  "bin/Release/HorizonData/EBWebView/Default/Code Cache/js/22f3ce7a7d7a6aac_0"
D  "bin/Release/HorizonData/EBWebView/Default/Code Cache/js/23e0af9c53491d3f_0"
D  "bin/Release/HorizonData/EBWebView/Default/Code Cache/js/23ff0c8c70c7689f_0"
D  "bin/Release/HorizonData/EBWebView/Default/Code Cache/js/26c4287798fa812c_0"
D  "bin/Release/HorizonData/EBWebView/Default/Code Cache/js/285bf0c6b2a0869b_0"
D  "bin/Release/HorizonData/EBWebView/Default/Code Cache/js/285e4739357c6106_0"
D  "bin/Release/HorizonData/EBWebView/Default/Code Cache/js/29305d07e19521a6_0"
D  "bin/Release/HorizonData/EBWebView/Default/Code Cache/js/295728fafc7c1ebe_0"
D  "bin/Release/HorizonData/EBWebView/Default/Code Cache/js/29f6e8ab8ec87e6c_0"
D  "bin/Release/HorizonData/EBWebView/Default/Code Cache/js/2a61469126e13338_0"
D  "bin/Release/HorizonData/EBWebView/Default/Code Cache/js/2aaeea5e819db95a_0"
D  "bin/Release/HorizonData/EBWebView/Default/Code Cache/js/2b3ca73aed475f2b_0"
D  "bin/Release/HorizonData/EBWebView/Default/Code Cache/js/2b5d95bda3bae015_0"
D  "bin/Release/HorizonData/EBWebView/Default/Code Cache/js/2ba4a999fd4f886b_0"
D  "bin/Release/HorizonData/EBWebView/Default/Code Cache/js/2c3897a6197a9767_0"
D  "bin/Release/HorizonData/EBWebView/Default/Code Cache/js/2c410b04f0114046_0"
D  "bin/Release/HorizonData/EBWebView/Default/Code Cache/js/2dc54355c897759f_0"
D  "bin/Release/HorizonData/EBWebView/Default/Code Cache/js/2e98f626d1f446d8_0"
D  "bin/Release/HorizonData/EBWebView/Default/Code Cache/js/2fea4219311926b6_0"
D  "bin/Release/HorizonData/EBWebView/Default/Code Cache/js/301522068fae0a51_0"
D  "bin/Release/HorizonData/EBWebView/Default/Code Cache/js/30259e9f37aaf988_0"
D  "bin/Release/HorizonData/EBWebView/Default/Code Cache/js/31836ad4b5df3363_0"
D  "bin/Release/HorizonData/EBWebView/Default/Code Cache/js/32ac42b2888b846b_0"
D  "bin/Release/HorizonData/EBWebView/Default/Code Cache/js/32f350141aa87917_0"
D  "bin/Release/HorizonData/EBWebView/Default/Code Cache/js/336a68eaaf209f48_0"
D  "bin/Release/HorizonData/EBWebView/Default/Code Cache/js/34ac8a9c0965f5ad_0"
D  "bin/Release/HorizonData/EBWebView/Default/Code Cache/js/35a5f42315e20c02_0"
D  "bin/Release/HorizonData/EBWebView/Default/Code Cache/js/3724a0324c3b6e26_0"
D  "bin/Release/HorizonData/EBWebView/Default/Code Cache/js/3776c937168b5b52_0"
D  "bin/Release/HorizonData/EBWebView/Default/Code Cache/js/383a869199a8575d_0"
D  "bin/Release/HorizonData/EBWebView/Default/Code Cache/js/38419f8e309412eb_0"
D  "bin/Release/HorizonData/EBWebView/Default/Code Cache/js/39cd07b5fed350c5_0"
D  "bin/Release/HorizonData/EBWebView/Default/Code Cache/js/3c45437c70bb8ea2_0"
D  "bin/Release/HorizonData/EBWebView/Default/Code Cache/js/3d67dae5c887164b_0"
D  "bin/Release/HorizonData/EBWebView/Default/Code Cache/js/3d6bd5bd9da96636_0"
D  "bin/Release/HorizonData/EBWebView/Default/Code Cache/js/3d7b3300c41a76c0_0"
D  "bin/Release/HorizonData/EBWebView/Default/Code Cache/js/3eada1f109a8e7c6_0"
D  "bin/Release/HorizonData/EBWebView/Default/Code Cache/js/3f746c470dfb4415_0"
D  "bin/Release/HorizonData/EBWebView/Default/Code Cache/js/42d00762017c12e0_0"
D  "bin/Release/HorizonData/EBWebView/Default/Code Cache/js/43358fd863f969b1_0"
D  "bin/Release/HorizonData/EBWebView/Default/Code Cache/js/441c2476218dfa97_0"
D  "bin/Release/HorizonData/EBWebView/Default/Code Cache/js/4431bab738f28701_0"
D  "bin/Release/HorizonData/EBWebView/Default/Code Cache/js/4513aa6c19670f03_0"
D  "bin/Release/HorizonData/EBWebView/Default/Code Cache/js/459a3a51c2e0cc5f_0"
D  "bin/Release/HorizonData/EBWebView/Default/Code Cache/js/45a0d6b4698d6793_0"
D  "bin/Release/HorizonData/EBWebView/Default/Code Cache/js/45ec19afc0c3926c_0"
D  "bin/Release/HorizonData/EBWebView/Default/Code Cache/js/45f2a4e8b68183f1_0"
D  "bin/Release/HorizonData/EBWebView/Default/Code Cache/js/461394aad51d27a5_0"
D  "bin/Release/HorizonData/EBWebView/Default/Code Cache/js/46f0f9bcc6381ca4_0"
D  "bin/Release/HorizonData/EBWebView/Default/Code Cache/js/476e925384e274ca_0"
D  "bin/Release/HorizonData/EBWebView/Default/Code Cache/js/47b2c8679819c7f8_0"
D  "bin/Release/HorizonData/EBWebView/Default/Code Cache/js/48e780b63f42de42_0"
D  "bin/Release/HorizonData/EBWebView/Default/Code Cache/js/49e3bf709fa8fdf6_0"
D  "bin/Release/HorizonData/EBWebView/Default/Code Cache/js/4a900104f5908b5f_0"
D  "bin/Release/HorizonData/EBWebView/Default/Code Cache/js/4b290833534e9090_0"
D  "bin/Release/HorizonData/EBWebView/Default/Code Cache/js/4b72b65b98aee73e_0"
D  "bin/Release/HorizonData/EBWebView/Default/Code Cache/js/4b8e7f0dd7ad3829_0"
D  "bin/Release/HorizonData/EBWebView/Default/Code Cache/js/4c5ca62179efe410_0"
D  "bin/Release/HorizonData/EBWebView/Default/Code Cache/js/4d5ca12299fb0b42_0"
D  "bin/Release/HorizonData/EBWebView/Default/Code Cache/js/4fdb2fec396ea760_0"
D  "bin/Release/HorizonData/EBWebView/Default/Code Cache/js/50a4945d49f08526_0"
D  "bin/Release/HorizonData/EBWebView/Default/Code Cache/js/53da2c5efbf7fa87_0"
D  "bin/Release/HorizonData/EBWebView/Default/Code Cache/js/553fd832d277d371_0"
D  "bin/Release/HorizonData/EBWebView/Default/Code Cache/js/557181f3109f2b5b_0"
D  "bin/Release/HorizonData/EBWebView/Default/Code Cache/js/55a0c9678498ccce_0"
D  "bin/Release/HorizonData/EBWebView/Default/Code Cache/js/55c19d41fa6293f5_0"
D  "bin/Release/HorizonData/EBWebView/Default/Code Cache/js/5657fedf7d486af5_0"
D  "bin/Release/HorizonData/EBWebView/Default/Code Cache/js/5889931439d1647c_0"
D  "bin/Release/HorizonData/EBWebView/Default/Code Cache/js/58922cf0bc5f42a9_0"
D  "bin/Release/HorizonData/EBWebView/Default/Code Cache/js/591a6fd1e26522dd_0"
D  "bin/Release/HorizonData/EBWebView/Default/Code Cache/js/595fca4bc905ae3f_0"
D  "bin/Release/HorizonData/EBWebView/Default/Code Cache/js/5bd1b3ba5b1083d5_0"
D  "bin/Release/HorizonData/EBWebView/Default/Code Cache/js/5bf0bdc3107aca3b_0"
D  "bin/Release/HorizonData/EBWebView/Default/Code Cache/js/5cede4bc155eab21_0"
D  "bin/Release/HorizonData/EBWebView/Default/Code Cache/js/5edb9c275f992577_0"
D  "bin/Release/HorizonData/EBWebView/Default/Code Cache/js/60c4372e5f885bf0_0"
D  "bin/Release/HorizonData/EBWebView/Default/Code Cache/js/60d8544d757b2679_0"
D  "bin/Release/HorizonData/EBWebView/Default/Code Cache/js/615dcdf40e3f867f_0"
D  "bin/Release/HorizonData/EBWebView/Default/Code Cache/js/6234441e9058402d_0"
D  "bin/Release/HorizonData/EBWebView/Default/Code Cache/js/62ebafc69ab63d3d_0"
D  "bin/Release/HorizonData/EBWebView/Default/Code Cache/js/64c0010e0b003e65_0"
D  "bin/Release/HorizonData/EBWebView/Default/Code Cache/js/66416b18424601b2_0"
D  "bin/Release/HorizonData/EBWebView/Default/Code Cache/js/67e4b73732f3ae16_0"
D  "bin/Release/HorizonData/EBWebView/Default/Code Cache/js/6815baa5322591c2_0"
D  "bin/Release/HorizonData/EBWebView/Default/Code Cache/js/69d74f99fd05b8f5_0"
D  "bin/Release/HorizonData/EBWebView/Default/Code Cache/js/6a29e1c45e953b04_0"
D  "bin/Release/HorizonData/EBWebView/Default/Code Cache/js/6a5f2f74491b0b10_0"
D  "bin/Release/HorizonData/EBWebView/Default/Code Cache/js/6a69cef7b05e2116_0"
D  "bin/Release/HorizonData/EBWebView/Default/Code Cache/js/6b905d6a03391e9b_0"
D  "bin/Release/HorizonData/EBWebView/Default/Code Cache/js/6c3763529eb6c42f_0"
D  "bin/Release/HorizonData/EBWebView/Default/Code Cache/js/6cc2c20d6d2d01d4_0"
D  "bin/Release/HorizonData/EBWebView/Default/Code Cache/js/6d83600370122c88_0"
D  "bin/Release/HorizonData/EBWebView/Default/Code Cache/js/6e2c3008b5beade3_0"
D  "bin/Release/HorizonData/EBWebView/Default/Code Cache/js/700dc727cb9bcc1e_0"
D  "bin/Release/HorizonData/EBWebView/Default/Code Cache/js/706fac09a8efc57d_0"
D  "bin/Release/HorizonData/EBWebView/Default/Code Cache/js/729e06121263e699_0"
D  "bin/Release/HorizonData/EBWebView/Default/Code Cache/js/73598283727f3d0c_0"
D  "bin/Release/HorizonData/EBWebView/Default/Code Cache/js/73d2efb9cf9769e7_0"
D  "bin/Release/HorizonData/EBWebView/Default/Code Cache/js/73d953c33c8cd15c_0"
D  "bin/Release/HorizonData/EBWebView/Default/Code Cache/js/750e718928cb9cc1_0"
D  "bin/Release/HorizonData/EBWebView/Default/Code Cache/js/75a67d19412e31c6_0"
D  "bin/Release/HorizonData/EBWebView/Default/Code Cache/js/75ce2afff720c5bc_0"
D  "bin/Release/HorizonData/EBWebView/Default/Code Cache/js/75f9d714a9a0530d_0"
D  "bin/Release/HorizonData/EBWebView/Default/Code Cache/js/76fe2c38f69e6c3e_0"
D  "bin/Release/HorizonData/EBWebView/Default/Code Cache/js/7733fbf967c4657e_0"
D  "bin/Release/HorizonData/EBWebView/Default/Code Cache/js/7770572c4d5a85c6_0"
D  "bin/Release/HorizonData/EBWebView/Default/Code Cache/js/7796935dc90f4611_0"
D  "bin/Release/HorizonData/EBWebView/Default/Code Cache/js/77b0b838786966f3_0"
D  "bin/Release/HorizonData/EBWebView/Default/Code Cache/js/77fd57b40e5f0945_0"
D  "bin/Release/HorizonData/EBWebView/Default/Code Cache/js/7830bb3c6aebc8d2_0"
D  "bin/Release/HorizonData/EBWebView/Default/Code Cache/js/7aa2a78c6711ee05_0"
D  "bin/Release/HorizonData/EBWebView/Default/Code Cache/js/7b45860dc27c51d2_0"
D  "bin/Release/HorizonData/EBWebView/Default/Code Cache/js/7c10f56e3e1c96b7_0"
D  "bin/Release/HorizonData/EBWebView/Default/Code Cache/js/7c49ae0efcea2fba_0"
D  "bin/Release/HorizonData/EBWebView/Default/Code Cache/js/7c4eca39ac31d3bf_0"
D  "bin/Release/HorizonData/EBWebView/Default/Code Cache/js/7cb42cd2778ad146_0"
D  "bin/Release/HorizonData/EBWebView/Default/Code Cache/js/7cee592cd11ccb85_0"
D  "bin/Release/HorizonData/EBWebView/Default/Code Cache/js/7e13452bd0baf78d_0"
D  "bin/Release/HorizonData/EBWebView/Default/Code Cache/js/7e77d93031b026df_0"
D  "bin/Release/HorizonData/EBWebView/Default/Code Cache/js/7ea7b5787d024c41_0"
D  "bin/Release/HorizonData/EBWebView/Default/Code Cache/js/7f4b4fe6877a5fa5_0"
D  "bin/Release/HorizonData/EBWebView/Default/Code Cache/js/80ae89df8ae7d4cb_0"
D  "bin/Release/HorizonData/EBWebView/Default/Code Cache/js/80c97569d2ef4727_0"
D  "bin/Release/HorizonData/EBWebView/Default/Code Cache/js/80ca0c4d0abbee4c_0"
D  "bin/Release/HorizonData/EBWebView/Default/Code Cache/js/8142d87dc62a8289_0"
D  "bin/Release/HorizonData/EBWebView/Default/Code Cache/js/81d5d441795a90ac_0"
D  "bin/Release/HorizonData/EBWebView/Default/Code Cache/js/81e62ae930589f44_0"
D  "bin/Release/HorizonData/EBWebView/Default/Code Cache/js/82315b06200d0f51_0"
D  "bin/Release/HorizonData/EBWebView/Default/Code Cache/js/8257e29537493481_0"
D  "bin/Release/HorizonData/EBWebView/Default/Code Cache/js/8309577bd3dfe91b_0"
D  "bin/Release/HorizonData/EBWebView/Default/Code Cache/js/83923ba863ef0328_0"
D  "bin/Release/HorizonData/EBWebView/Default/Code Cache/js/83dffb8c3174fef0_0"
D  "bin/Release/HorizonData/EBWebView/Default/Code Cache/js/85c0d128ae6d1da1_0"
D  "bin/Release/HorizonData/EBWebView/Default/Code Cache/js/86597e01f9217b47_0"
D  "bin/Release/HorizonData/EBWebView/Default/Code Cache/js/86a9dc20f88e211e_0"
D  "bin/Release/HorizonData/EBWebView/Default/Code Cache/js/8818a0082ce9f723_0"
D  "bin/Release/HorizonData/EBWebView/Default/Code Cache/js/88640dfb72b4d0b9_0"
D  "bin/Release/HorizonData/EBWebView/Default/Code Cache/js/8871a9ca939a2705_0"
D  "bin/Release/HorizonData/EBWebView/Default/Code Cache/js/89028526bc380681_0"
D  "bin/Release/HorizonData/EBWebView/Default/Code Cache/js/891dbe7f9c49cc7c_0"
D  "bin/Release/HorizonData/EBWebView/Default/Code Cache/js/8ae409e2dffaf445_0"
D  "bin/Release/HorizonData/EBWebView/Default/Code Cache/js/8b49d98d02614a25_0"
D  "bin/Release/HorizonData/EBWebView/Default/Code Cache/js/8b4a252cbf815bea_0"
D  "bin/Release/HorizonData/EBWebView/Default/Code Cache/js/8b87103f8561cdd7_0"
D  "bin/Release/HorizonData/EBWebView/Default/Code Cache/js/8bb0e185a0529c66_0"
D  "bin/Release/HorizonData/EBWebView/Default/Code Cache/js/8bbac0335be35a83_0"
D  "bin/Release/HorizonData/EBWebView/Default/Code Cache/js/8c6c37db201f7faf_0"
D  "bin/Release/HorizonData/EBWebView/Default/Code Cache/js/8d5ca1e661f2e6c5_0"
D  "bin/Release/HorizonData/EBWebView/Default/Code Cache/js/8dc5dfa83e38f1d4_0"
D  "bin/Release/HorizonData/EBWebView/Default/Code Cache/js/8dd013a50b6f7494_0"
D  "bin/Release/HorizonData/EBWebView/Default/Code Cache/js/8ddfab8cb1cec30d_0"
D  "bin/Release/HorizonData/EBWebView/Default/Code Cache/js/902ea3f71f655b6a_0"
D  "bin/Release/HorizonData/EBWebView/Default/Code Cache/js/909a42f141014997_0"
D  "bin/Release/HorizonData/EBWebView/Default/Code Cache/js/90d83890ae1d4820_0"
D  "bin/Release/HorizonData/EBWebView/Default/Code Cache/js/910198d377dddd36_0"
D  "bin/Release/HorizonData/EBWebView/Default/Code Cache/js/920c07db3f1a34c2_0"
D  "bin/Release/HorizonData/EBWebView/Default/Code Cache/js/928b3f1e19244afc_0"
D  "bin/Release/HorizonData/EBWebView/Default/Code Cache/js/92a4b5f9b32da0b3_0"
D  "bin/Release/HorizonData/EBWebView/Default/Code Cache/js/92b03997d45af18a_0"
D  "bin/Release/HorizonData/EBWebView/Default/Code Cache/js/92d6be4f5a100850_0"
D  "bin/Release/HorizonData/EBWebView/Default/Code Cache/js/9318887779393cc9_0"
D  "bin/Release/HorizonData/EBWebView/Default/Code Cache/js/941c2c2acfe13589_0"
D  "bin/Release/HorizonData/EBWebView/Default/Code Cache/js/95776333dfe668be_0"
D  "bin/Release/HorizonData/EBWebView/Default/Code Cache/js/97d01c453ca4dd4c_0"
D  "bin/Release/HorizonData/EBWebView/Default/Code Cache/js/97d02b97ea766e65_0"
D  "bin/Release/HorizonData/EBWebView/Default/Code Cache/js/9870b729e146b9f8_0"
D  "bin/Release/HorizonData/EBWebView/Default/Code Cache/js/98def3e77158b3d2_0"
D  "bin/Release/HorizonData/EBWebView/Default/Code Cache/js/98f29b078d991853_0"
D  "bin/Release/HorizonData/EBWebView/Default/Code Cache/js/990191b661d360f6_0"
D  "bin/Release/HorizonData/EBWebView/Default/Code Cache/js/9949003591f367df_0"
D  "bin/Release/HorizonData/EBWebView/Default/Code Cache/js/99b5610a24549a44_0"
D  "bin/Release/HorizonData/EBWebView/Default/Code Cache/js/9a24a8a48e855424_0"
D  "bin/Release/HorizonData/EBWebView/Default/Code Cache/js/9a9f26166dafbcff_0"
D  "bin/Release/HorizonData/EBWebView/Default/Code Cache/js/9b35b4179943f4f9_0"
D  "bin/Release/HorizonData/EBWebView/Default/Code Cache/js/9c601942de9e1307_0"
D  "bin/Release/HorizonData/EBWebView/Default/Code Cache/js/9dbf418880b89464_0"
D  "bin/Release/HorizonData/EBWebView/Default/Code Cache/js/9e07b06e8139ebbf_0"
D  "bin/Release/HorizonData/EBWebView/Default/Code Cache/js/9ec8aab95fff3370_0"
D  "bin/Release/HorizonData/EBWebView/Default/Code Cache/js/a01c0310ff320564_0"
D  "bin/Release/HorizonData/EBWebView/Default/Code Cache/js/a031e9f83427b6de_0"
D  "bin/Release/HorizonData/EBWebView/Default/Code Cache/js/a0bbe7530078111c_0"
D  "bin/Release/HorizonData/EBWebView/Default/Code Cache/js/a0ce1fb5ae763c47_0"
D  "bin/Release/HorizonData/EBWebView/Default/Code Cache/js/a0d854db23c4986e_0"
D  "bin/Release/HorizonData/EBWebView/Default/Code Cache/js/a1b4afd9cecbde61_0"
D  "bin/Release/HorizonData/EBWebView/Default/Code Cache/js/a1fa137b64fa4022_0"
D  "bin/Release/HorizonData/EBWebView/Default/Code Cache/js/a2e2d3ccdd40b565_0"
D  "bin/Release/HorizonData/EBWebView/Default/Code Cache/js/a47b0ea0a8a017fb_0"
D  "bin/Release/HorizonData/EBWebView/Default/Code Cache/js/a5a1aadf172914fe_0"
D  "bin/Release/HorizonData/EBWebView/Default/Code Cache/js/a5b8b39f63fde1bc_0"
D  "bin/Release/HorizonData/EBWebView/Default/Code Cache/js/a5fa9be99cd4d0af_0"
D  "bin/Release/HorizonData/EBWebView/Default/Code Cache/js/a6094d2874ab90de_0"
D  "bin/Release/HorizonData/EBWebView/Default/Code Cache/js/a62a4215b9346676_0"
D  "bin/Release/HorizonData/EBWebView/Default/Code Cache/js/a63a1197625004b3_0"
D  "bin/Release/HorizonData/EBWebView/Default/Code Cache/js/a810a0483ae40b23_0"
D  "bin/Release/HorizonData/EBWebView/Default/Code Cache/js/a8593ea97381b208_0"
D  "bin/Release/HorizonData/EBWebView/Default/Code Cache/js/a897015626d44c6b_0"
D  "bin/Release/HorizonData/EBWebView/Default/Code Cache/js/a8ad890aa570e093_0"
D  "bin/Release/HorizonData/EBWebView/Default/Code Cache/js/a99efcdec779dcdc_0"
D  "bin/Release/HorizonData/EBWebView/Default/Code Cache/js/aa6a1e8ce1426809_0"
D  "bin/Release/HorizonData/EBWebView/Default/Code Cache/js/aa9611a54af6bf36_0"
D  "bin/Release/HorizonData/EBWebView/Default/Code Cache/js/aafc135857612845_0"
D  "bin/Release/HorizonData/EBWebView/Default/Code Cache/js/ad2057eeb7705349_0"
D  "bin/Release/HorizonData/EBWebView/Default/Code Cache/js/ad31ef1ddebe25ec_0"
D  "bin/Release/HorizonData/EBWebView/Default/Code Cache/js/af08c8dfb60dc291_0"
D  "bin/Release/HorizonData/EBWebView/Default/Code Cache/js/b199925a04e1874e_0"
D  "bin/Release/HorizonData/EBWebView/Default/Code Cache/js/b1a93205baf980e8_0"
D  "bin/Release/HorizonData/EBWebView/Default/Code Cache/js/b1b0bc2357e152d8_0"
D  "bin/Release/HorizonData/EBWebView/Default/Code Cache/js/b2ad4ddd51204622_0"
D  "bin/Release/HorizonData/EBWebView/Default/Code Cache/js/b3f1056d02277b2e_0"
D  "bin/Release/HorizonData/EBWebView/Default/Code Cache/js/b6ca6ce343510893_0"
D  "bin/Release/HorizonData/EBWebView/Default/Code Cache/js/b6ebe0c7f8673633_0"
D  "bin/Release/HorizonData/EBWebView/Default/Code Cache/js/b75aece08654fcae_0"
D  "bin/Release/HorizonData/EBWebView/Default/Code Cache/js/b9cd5c9e189b7c91_0"
D  "bin/Release/HorizonData/EBWebView/Default/Code Cache/js/bb3e10180f60d452_0"
D  "bin/Release/HorizonData/EBWebView/Default/Code Cache/js/bb73546961cd6df8_0"
D  "bin/Release/HorizonData/EBWebView/Default/Code Cache/js/bbf72f37478d5754_0"
D  "bin/Release/HorizonData/EBWebView/Default/Code Cache/js/bd9a8ebd92bd0fb1_0"
D  "bin/Release/HorizonData/EBWebView/Default/Code Cache/js/bdaea414e9ce4e38_0"
D  "bin/Release/HorizonData/EBWebView/Default/Code Cache/js/be1546fea8ad5017_0"
D  "bin/Release/HorizonData/EBWebView/Default/Code Cache/js/bf073348812cd546_0"
D  "bin/Release/HorizonData/EBWebView/Default/Code Cache/js/bf3fabda45d6efc8_0"
D  "bin/Release/HorizonData/EBWebView/Default/Code Cache/js/c00dfea51d750af9_0"
D  "bin/Release/HorizonData/EBWebView/Default/Code Cache/js/c00f79b571e53a90_0"
D  "bin/Release/HorizonData/EBWebView/Default/Code Cache/js/c1e16c33e0d24977_0"
D  "bin/Release/HorizonData/EBWebView/Default/Code Cache/js/c20d71ecd0100ee8_0"
D  "bin/Release/HorizonData/EBWebView/Default/Code Cache/js/c2c2b3cc9051baa5_0"
D  "bin/Release/HorizonData/EBWebView/Default/Code Cache/js/c2f21af09aba525a_0"
D  "bin/Release/HorizonData/EBWebView/Default/Code Cache/js/c3f4f238755411ed_0"
D  "bin/Release/HorizonData/EBWebView/Default/Code Cache/js/c6b9313c8e6e51ca_0"
D  "bin/Release/HorizonData/EBWebView/Default/Code Cache/js/c6b94ec6df951cf6_0"
D  "bin/Release/HorizonData/EBWebView/Default/Code Cache/js/c6fd9b6fd7676322_0"
D  "bin/Release/HorizonData/EBWebView/Default/Code Cache/js/c7041477f118ee1a_0"
D  "bin/Release/HorizonData/EBWebView/Default/Code Cache/js/c7d30abc0e0ff55a_0"
D  "bin/Release/HorizonData/EBWebView/Default/Code Cache/js/c8e48afcc9f9dfb4_0"
D  "bin/Release/HorizonData/EBWebView/Default/Code Cache/js/c9d9dc059f1676a5_0"
D  "bin/Release/HorizonData/EBWebView/Default/Code Cache/js/cafc2e78c867be91_0"
D  "bin/Release/HorizonData/EBWebView/Default/Code Cache/js/cb3a90e9370cef07_0"
D  "bin/Release/HorizonData/EBWebView/Default/Code Cache/js/cccc43e45a5a6960_0"
D  "bin/Release/HorizonData/EBWebView/Default/Code Cache/js/cd82ba944fad5118_0"
D  "bin/Release/HorizonData/EBWebView/Default/Code Cache/js/cd9ec71b49f10925_0"
D  "bin/Release/HorizonData/EBWebView/Default/Code Cache/js/cdee42929affea09_0"
D  "bin/Release/HorizonData/EBWebView/Default/Code Cache/js/cdf731a6130495c9_0"
D  "bin/Release/HorizonData/EBWebView/Default/Code Cache/js/cf6d3e7947913a8c_0"
D  "bin/Release/HorizonData/EBWebView/Default/Code Cache/js/d08c288fcb831196_0"
D  "bin/Release/HorizonData/EBWebView/Default/Code Cache/js/d09a7b26ca5c5b1c_0"
D  "bin/Release/HorizonData/EBWebView/Default/Code Cache/js/d1000b77b936bbf5_0"
D  "bin/Release/HorizonData/EBWebView/Default/Code Cache/js/d3ab5bc620082724_0"
D  "bin/Release/HorizonData/EBWebView/Default/Code Cache/js/d53537e9a3e5472d_0"
D  "bin/Release/HorizonData/EBWebView/Default/Code Cache/js/d6f878a7f569f6be_0"
D  "bin/Release/HorizonData/EBWebView/Default/Code Cache/js/d6ffd5adef6f9780_0"
D  "bin/Release/HorizonData/EBWebView/Default/Code Cache/js/d738afecb311bf8f_0"
D  "bin/Release/HorizonData/EBWebView/Default/Code Cache/js/d8f08168df5e633f_0"
D  "bin/Release/HorizonData/EBWebView/Default/Code Cache/js/d92a2ba554ae9430_0"
D  "bin/Release/HorizonData/EBWebView/Default/Code Cache/js/d9f5c1dc-f8fe-443c-b79f-73949db5d5a6.tmp"
D  "bin/Release/HorizonData/EBWebView/Default/Code Cache/js/da34dff0bcb62624_0"
D  "bin/Release/HorizonData/EBWebView/Default/Code Cache/js/da474bbe5702481d_0"
D  "bin/Release/HorizonData/EBWebView/Default/Code Cache/js/db1823a3ff744d88_0"
D  "bin/Release/HorizonData/EBWebView/Default/Code Cache/js/dbc149b98865d134_0"
D  "bin/Release/HorizonData/EBWebView/Default/Code Cache/js/dcac0418fc975285_0"
D  "bin/Release/HorizonData/EBWebView/Default/Code Cache/js/dccd224e92bddd24_0"
D  "bin/Release/HorizonData/EBWebView/Default/Code Cache/js/de8ae10e19b4b086_0"
D  "bin/Release/HorizonData/EBWebView/Default/Code Cache/js/dea1fd92bb8cbf0a_0"
D  "bin/Release/HorizonData/EBWebView/Default/Code Cache/js/df2b36ffadcebb01_0"
D  "bin/Release/HorizonData/EBWebView/Default/Code Cache/js/df479de699269e3f_0"
D  "bin/Release/HorizonData/EBWebView/Default/Code Cache/js/dfca766ddb094e3a_0"
D  "bin/Release/HorizonData/EBWebView/Default/Code Cache/js/e0159b47c49a23d4_0"
D  "bin/Release/HorizonData/EBWebView/Default/Code Cache/js/e08a342f11c2b4d8_0"
D  "bin/Release/HorizonData/EBWebView/Default/Code Cache/js/e0bc52dcdce2e336_0"
D  "bin/Release/HorizonData/EBWebView/Default/Code Cache/js/e0e529bef6db25dd_0"
D  "bin/Release/HorizonData/EBWebView/Default/Code Cache/js/e13a798433bc05b6_0"
D  "bin/Release/HorizonData/EBWebView/Default/Code Cache/js/e14f7e9dd99336ce_0"
D  "bin/Release/HorizonData/EBWebView/Default/Code Cache/js/e3a309c676de0a5f_0"
D  "bin/Release/HorizonData/EBWebView/Default/Code Cache/js/e44ad3cd0b07a517_0"
D  "bin/Release/HorizonData/EBWebView/Default/Code Cache/js/e4ea1ef674a32d6d_0"
D  "bin/Release/HorizonData/EBWebView/Default/Code Cache/js/e524cbfdb4b02c32_0"
D  "bin/Release/HorizonData/EBWebView/Default/Code Cache/js/e5b36b100c26d200_0"
D  "bin/Release/HorizonData/EBWebView/Default/Code Cache/js/e5be169dd5b813f9_0"
D  "bin/Release/HorizonData/EBWebView/Default/Code Cache/js/e5c4a9f90aa0f87d_0"
D  "bin/Release/HorizonData/EBWebView/Default/Code Cache/js/e6afdfc6cc57adcf_0"
D  "bin/Release/HorizonData/EBWebView/Default/Code Cache/js/e8879a23b76234d5_0"
D  "bin/Release/HorizonData/EBWebView/Default/Code Cache/js/e9aa19718374ecc0_0"
D  "bin/Release/HorizonData/EBWebView/Default/Code Cache/js/ea8ba2135e947898_0"
D  "bin/Release/HorizonData/EBWebView/Default/Code Cache/js/eb090d2e8b6bc7c5_0"
D  "bin/Release/HorizonData/EBWebView/Default/Code Cache/js/eb8018a57d356e91_0"
D  "bin/Release/HorizonData/EBWebView/Default/Code Cache/js/ec85c2beb82685fe_0"
D  "bin/Release/HorizonData/EBWebView/Default/Code Cache/js/ed1ebccfd7b61ac2_0"
D  "bin/Release/HorizonData/EBWebView/Default/Code Cache/js/ee6dcd6c07f6470f_0"
D  "bin/Release/HorizonData/EBWebView/Default/Code Cache/js/ef6ddc210bae5091_0"
D  "bin/Release/HorizonData/EBWebView/Default/Code Cache/js/f14904204e0cae9d_0"
D  "bin/Release/HorizonData/EBWebView/Default/Code Cache/js/f1c61a15fbba8b68_0"
D  "bin/Release/HorizonData/EBWebView/Default/Code Cache/js/f22c278db29812f9_0"
D  "bin/Release/HorizonData/EBWebView/Default/Code Cache/js/f4bd7335de5c2cd2_0"
D  "bin/Release/HorizonData/EBWebView/Default/Code Cache/js/f5153fdf53256f8a_0"
D  "bin/Release/HorizonData/EBWebView/Default/Code Cache/js/f5a74d39c574e5fa_0"
D  "bin/Release/HorizonData/EBWebView/Default/Code Cache/js/f5c1d8a8db8c707b_0"
D  "bin/Release/HorizonData/EBWebView/Default/Code Cache/js/f6090645e91e43db_0"
D  "bin/Release/HorizonData/EBWebView/Default/Code Cache/js/f6fffb55bc115345_0"
D  "bin/Release/HorizonData/EBWebView/Default/Code Cache/js/f7beda5bc3d27201_0"
D  "bin/Release/HorizonData/EBWebView/Default/Code Cache/js/f82bd8f0441ee5e2_0"
D  "bin/Release/HorizonData/EBWebView/Default/Code Cache/js/f83a24f1134e8f91_0"
D  "bin/Release/HorizonData/EBWebView/Default/Code Cache/js/fa266473efc65535_0"
D  "bin/Release/HorizonData/EBWebView/Default/Code Cache/js/fbacac4251ebeb2d_0"
D  "bin/Release/HorizonData/EBWebView/Default/Code Cache/js/fbf45bdf3ff832a6_0"
D  "bin/Release/HorizonData/EBWebView/Default/Code Cache/js/fc94cf1d21304a77_0"
D  "bin/Release/HorizonData/EBWebView/Default/Code Cache/js/fcaca363c24dca05_0"
D  "bin/Release/HorizonData/EBWebView/Default/Code Cache/js/fcf0bfaba1bf0c04_0"
D  "bin/Release/HorizonData/EBWebView/Default/Code Cache/js/fdca45ffb0a3309f_0"
D  "bin/Release/HorizonData/EBWebView/Default/Code Cache/js/fe4af8ef2c8b8dc4_0"
D  "bin/Release/HorizonData/EBWebView/Default/Code Cache/js/fe7929590c218f10_0"
D  "bin/Release/HorizonData/EBWebView/Default/Code Cache/js/ff12c2fda33299fb_0"
D  "bin/Release/HorizonData/EBWebView/Default/Code Cache/js/index"
D  "bin/Release/HorizonData/EBWebView/Default/Code Cache/js/index-dir/the-real-index"
D  "bin/Release/HorizonData/EBWebView/Default/Code Cache/wasm/index"
D  "bin/Release/HorizonData/EBWebView/Default/Code Cache/wasm/index-dir/the-real-index"
D  bin/Release/HorizonData/EBWebView/Default/DIPS
D  bin/Release/HorizonData/EBWebView/Default/DashTrackerDatabase
D  bin/Release/HorizonData/EBWebView/Default/DashTrackerDatabase-journal
D  bin/Release/HorizonData/EBWebView/Default/DawnGraphiteCache/data_0
D  bin/Release/HorizonData/EBWebView/Default/DawnGraphiteCache/data_1
D  bin/Release/HorizonData/EBWebView/Default/DawnGraphiteCache/data_2
D  bin/Release/HorizonData/EBWebView/Default/DawnGraphiteCache/data_3
D  bin/Release/HorizonData/EBWebView/Default/DawnGraphiteCache/index
D  bin/Release/HorizonData/EBWebView/Default/DawnWebGPUCache/data_0
D  bin/Release/HorizonData/EBWebView/Default/DawnWebGPUCache/data_1
D  bin/Release/HorizonData/EBWebView/Default/DawnWebGPUCache/data_2
D  bin/Release/HorizonData/EBWebView/Default/DawnWebGPUCache/data_3
D  bin/Release/HorizonData/EBWebView/Default/DawnWebGPUCache/index
D  bin/Release/HorizonData/EBWebView/Default/EdgeJourneys/EdgeJourneys.db
D  bin/Release/HorizonData/EBWebView/Default/EdgeSessions/SessionRestoreLog
D  "bin/Release/HorizonData/EBWebView/Default/Extension Rules/000003.log"
D  "bin/Release/HorizonData/EBWebView/Default/Extension Rules/CURRENT"
D  "bin/Release/HorizonData/EBWebView/Default/Extension Rules/LOCK"
D  "bin/Release/HorizonData/EBWebView/Default/Extension Rules/LOG"
D  "bin/Release/HorizonData/EBWebView/Default/Extension Rules/LOG.old"
D  "bin/Release/HorizonData/EBWebView/Default/Extension Rules/MANIFEST-000001"
D  "bin/Release/HorizonData/EBWebView/Default/Extension Scripts/000003.log"
D  "bin/Release/HorizonData/EBWebView/Default/Extension Scripts/CURRENT"
D  "bin/Release/HorizonData/EBWebView/Default/Extension Scripts/LOCK"
D  "bin/Release/HorizonData/EBWebView/Default/Extension Scripts/LOG"
D  "bin/Release/HorizonData/EBWebView/Default/Extension Scripts/LOG.old"
D  "bin/Release/HorizonData/EBWebView/Default/Extension Scripts/MANIFEST-000001"
D  "bin/Release/HorizonData/EBWebView/Default/Extension State/000003.log"
D  "bin/Release/HorizonData/EBWebView/Default/Extension State/CURRENT"
D  "bin/Release/HorizonData/EBWebView/Default/Extension State/LOCK"
D  "bin/Release/HorizonData/EBWebView/Default/Extension State/LOG"
D  "bin/Release/HorizonData/EBWebView/Default/Extension State/LOG.old"
D  "bin/Release/HorizonData/EBWebView/Default/Extension State/MANIFEST-000001"
D  bin/Release/HorizonData/EBWebView/Default/ExtensionActivityComp
D  bin/Release/HorizonData/EBWebView/Default/ExtensionActivityEdge
D  bin/Release/HorizonData/EBWebView/Default/ExtensionActivityEdge-journal
D  bin/Release/HorizonData/EBWebView/Default/Favicons
D  bin/Release/HorizonData/EBWebView/Default/Favicons-journal
D  "bin/Release/HorizonData/EBWebView/Default/Feature Engagement Tracker/AvailabilityDB/LOCK"
D  "bin/Release/HorizonData/EBWebView/Default/Feature Engagement Tracker/AvailabilityDB/LOG"
D  "bin/Release/HorizonData/EBWebView/Default/Feature Engagement Tracker/AvailabilityDB/LOG.old"
D  "bin/Release/HorizonData/EBWebView/Default/Feature Engagement Tracker/EventDB/LOCK"
D  "bin/Release/HorizonData/EBWebView/Default/Feature Engagement Tracker/EventDB/LOG"
D  "bin/Release/HorizonData/EBWebView/Default/Feature Engagement Tracker/EventDB/LOG.old"
D  bin/Release/HorizonData/EBWebView/Default/GPUCache/data_0
D  bin/Release/HorizonData/EBWebView/Default/GPUCache/data_1
D  bin/Release/HorizonData/EBWebView/Default/GPUCache/data_2
D  bin/Release/HorizonData/EBWebView/Default/GPUCache/data_3
D  bin/Release/HorizonData/EBWebView/Default/GPUCache/index
D  bin/Release/HorizonData/EBWebView/Default/History
D  bin/Release/HorizonData/EBWebView/Default/History-journal
D  bin/Release/HorizonData/EBWebView/Default/IndexedDB/chrome-extension_cknpchhamkghepdgmebdeeiklbmhajjb_0.indexeddb.leveldb/000003.log
D  bin/Release/HorizonData/EBWebView/Default/IndexedDB/chrome-extension_cknpchhamkghepdgmebdeeiklbmhajjb_0.indexeddb.leveldb/CURRENT
D  bin/Release/HorizonData/EBWebView/Default/IndexedDB/chrome-extension_cknpchhamkghepdgmebdeeiklbmhajjb_0.indexeddb.leveldb/LOCK
D  bin/Release/HorizonData/EBWebView/Default/IndexedDB/chrome-extension_cknpchhamkghepdgmebdeeiklbmhajjb_0.indexeddb.leveldb/LOG
D  bin/Release/HorizonData/EBWebView/Default/IndexedDB/chrome-extension_cknpchhamkghepdgmebdeeiklbmhajjb_0.indexeddb.leveldb/LOG.old
D  bin/Release/HorizonData/EBWebView/Default/IndexedDB/chrome-extension_cknpchhamkghepdgmebdeeiklbmhajjb_0.indexeddb.leveldb/MANIFEST-000001
D  bin/Release/HorizonData/EBWebView/Default/IndexedDB/chrome-extension_gjbcdalockdbdpjilfijigifebblleeo_0.indexeddb.blob/2/00/4
D  bin/Release/HorizonData/EBWebView/Default/IndexedDB/chrome-extension_gjbcdalockdbdpjilfijigifebblleeo_0.indexeddb.blob/2/00/5
D  bin/Release/HorizonData/EBWebView/Default/IndexedDB/chrome-extension_gjbcdalockdbdpjilfijigifebblleeo_0.indexeddb.blob/2/00/c
D  bin/Release/HorizonData/EBWebView/Default/IndexedDB/chrome-extension_gjbcdalockdbdpjilfijigifebblleeo_0.indexeddb.blob/2/00/d
D  bin/Release/HorizonData/EBWebView/Default/IndexedDB/chrome-extension_gjbcdalockdbdpjilfijigifebblleeo_0.indexeddb.leveldb/000036.ldb
D  bin/Release/HorizonData/EBWebView/Default/IndexedDB/chrome-extension_gjbcdalockdbdpjilfijigifebblleeo_0.indexeddb.leveldb/000037.log
D  bin/Release/HorizonData/EBWebView/Default/IndexedDB/chrome-extension_gjbcdalockdbdpjilfijigifebblleeo_0.indexeddb.leveldb/000039.ldb
D  bin/Release/HorizonData/EBWebView/Default/IndexedDB/chrome-extension_gjbcdalockdbdpjilfijigifebblleeo_0.indexeddb.leveldb/CURRENT
D  bin/Release/HorizonData/EBWebView/Default/IndexedDB/chrome-extension_gjbcdalockdbdpjilfijigifebblleeo_0.indexeddb.leveldb/LOCK
D  bin/Release/HorizonData/EBWebView/Default/IndexedDB/chrome-extension_gjbcdalockdbdpjilfijigifebblleeo_0.indexeddb.leveldb/LOG
D  bin/Release/HorizonData/EBWebView/Default/IndexedDB/chrome-extension_gjbcdalockdbdpjilfijigifebblleeo_0.indexeddb.leveldb/LOG.old
D  bin/Release/HorizonData/EBWebView/Default/IndexedDB/chrome-extension_gjbcdalockdbdpjilfijigifebblleeo_0.indexeddb.leveldb/MANIFEST-000001
D  bin/Release/HorizonData/EBWebView/Default/IndexedDB/chrome-extension_idompkcebcckjachidfhndpicmhicmjf_0.indexeddb.leveldb/000003.log
D  bin/Release/HorizonData/EBWebView/Default/IndexedDB/chrome-extension_idompkcebcckjachidfhndpicmhicmjf_0.indexeddb.leveldb/CURRENT
D  bin/Release/HorizonData/EBWebView/Default/IndexedDB/chrome-extension_idompkcebcckjachidfhndpicmhicmjf_0.indexeddb.leveldb/LOCK
D  bin/Release/HorizonData/EBWebView/Default/IndexedDB/chrome-extension_idompkcebcckjachidfhndpicmhicmjf_0.indexeddb.leveldb/LOG
D  bin/Release/HorizonData/EBWebView/Default/IndexedDB/chrome-extension_idompkcebcckjachidfhndpicmhicmjf_0.indexeddb.leveldb/MANIFEST-000001
D  bin/Release/HorizonData/EBWebView/Default/IndexedDB/chrome-extension_micabgbmbfjdcifaljgbioeiflcemnmo_0.indexeddb.leveldb/000003.log
D  bin/Release/HorizonData/EBWebView/Default/IndexedDB/chrome-extension_micabgbmbfjdcifaljgbioeiflcemnmo_0.indexeddb.leveldb/CURRENT
D  bin/Release/HorizonData/EBWebView/Default/IndexedDB/chrome-extension_micabgbmbfjdcifaljgbioeiflcemnmo_0.indexeddb.leveldb/LOCK
D  bin/Release/HorizonData/EBWebView/Default/IndexedDB/chrome-extension_micabgbmbfjdcifaljgbioeiflcemnmo_0.indexeddb.leveldb/LOG
D  bin/Release/HorizonData/EBWebView/Default/IndexedDB/chrome-extension_micabgbmbfjdcifaljgbioeiflcemnmo_0.indexeddb.leveldb/LOG.old
D  bin/Release/HorizonData/EBWebView/Default/IndexedDB/chrome-extension_micabgbmbfjdcifaljgbioeiflcemnmo_0.indexeddb.leveldb/MANIFEST-000001
D  bin/Release/HorizonData/EBWebView/Default/IndexedDB/https_music.youtube.com_0.indexeddb.leveldb/000003.log
D  bin/Release/HorizonData/EBWebView/Default/IndexedDB/https_music.youtube.com_0.indexeddb.leveldb/CURRENT
D  bin/Release/HorizonData/EBWebView/Default/IndexedDB/https_music.youtube.com_0.indexeddb.leveldb/LOCK
D  bin/Release/HorizonData/EBWebView/Default/IndexedDB/https_music.youtube.com_0.indexeddb.leveldb/LOG
D  bin/Release/HorizonData/EBWebView/Default/IndexedDB/https_music.youtube.com_0.indexeddb.leveldb/MANIFEST-000001
D  bin/Release/HorizonData/EBWebView/Default/IndexedDB/https_thebyteseffect.com_0.indexeddb.leveldb/000003.log
D  bin/Release/HorizonData/EBWebView/Default/IndexedDB/https_thebyteseffect.com_0.indexeddb.leveldb/CURRENT
D  bin/Release/HorizonData/EBWebView/Default/IndexedDB/https_thebyteseffect.com_0.indexeddb.leveldb/LOCK
D  bin/Release/HorizonData/EBWebView/Default/IndexedDB/https_thebyteseffect.com_0.indexeddb.leveldb/LOG
D  bin/Release/HorizonData/EBWebView/Default/IndexedDB/https_thebyteseffect.com_0.indexeddb.leveldb/MANIFEST-000001
D  bin/Release/HorizonData/EBWebView/Default/LOCK
D  bin/Release/HorizonData/EBWebView/Default/LOG
D  bin/Release/HorizonData/EBWebView/Default/LOG.old
D  "bin/Release/HorizonData/EBWebView/Default/Local Extension Settings/cknpchhamkghepdgmebdeeiklbmhajjb/000003.log"
D  "bin/Release/HorizonData/EBWebView/Default/Local Extension Settings/cknpchhamkghepdgmebdeeiklbmhajjb/CURRENT"
D  "bin/Release/HorizonData/EBWebView/Default/Local Extension Settings/cknpchhamkghepdgmebdeeiklbmhajjb/LOCK"
D  "bin/Release/HorizonData/EBWebView/Default/Local Extension Settings/cknpchhamkghepdgmebdeeiklbmhajjb/LOG"
D  "bin/Release/HorizonData/EBWebView/Default/Local Extension Settings/cknpchhamkghepdgmebdeeiklbmhajjb/LOG.old"
D  "bin/Release/HorizonData/EBWebView/Default/Local Extension Settings/cknpchhamkghepdgmebdeeiklbmhajjb/MANIFEST-000001"
D  "bin/Release/HorizonData/EBWebView/Default/Local Extension Settings/enpiaeoobofcpedppdnooadnbaldkjih/000003.log"
D  "bin/Release/HorizonData/EBWebView/Default/Local Extension Settings/enpiaeoobofcpedppdnooadnbaldkjih/CURRENT"
D  "bin/Release/HorizonData/EBWebView/Default/Local Extension Settings/enpiaeoobofcpedppdnooadnbaldkjih/LOCK"
D  "bin/Release/HorizonData/EBWebView/Default/Local Extension Settings/enpiaeoobofcpedppdnooadnbaldkjih/LOG"
D  "bin/Release/HorizonData/EBWebView/Default/Local Extension Settings/enpiaeoobofcpedppdnooadnbaldkjih/LOG.old"
D  "bin/Release/HorizonData/EBWebView/Default/Local Extension Settings/enpiaeoobofcpedppdnooadnbaldkjih/MANIFEST-000001"
D  "bin/Release/HorizonData/EBWebView/Default/Local Extension Settings/fennofgmefeblbegldihhmpehdehoflg/000003.log"
D  "bin/Release/HorizonData/EBWebView/Default/Local Extension Settings/fennofgmefeblbegldihhmpehdehoflg/CURRENT"
D  "bin/Release/HorizonData/EBWebView/Default/Local Extension Settings/fennofgmefeblbegldihhmpehdehoflg/LOCK"
D  "bin/Release/HorizonData/EBWebView/Default/Local Extension Settings/fennofgmefeblbegldihhmpehdehoflg/LOG"
D  "bin/Release/HorizonData/EBWebView/Default/Local Extension Settings/fennofgmefeblbegldihhmpehdehoflg/LOG.old"
D  "bin/Release/HorizonData/EBWebView/Default/Local Extension Settings/fennofgmefeblbegldihhmpehdehoflg/MANIFEST-000001"
D  "bin/Release/HorizonData/EBWebView/Default/Local Extension Settings/fjfcaoomjhlpbniopilcfbpefalbhpba/000003.log"
D  "bin/Release/HorizonData/EBWebView/Default/Local Extension Settings/fjfcaoomjhlpbniopilcfbpefalbhpba/CURRENT"
D  "bin/Release/HorizonData/EBWebView/Default/Local Extension Settings/fjfcaoomjhlpbniopilcfbpefalbhpba/LOCK"
D  "bin/Release/HorizonData/EBWebView/Default/Local Extension Settings/fjfcaoomjhlpbniopilcfbpefalbhpba/LOG"
D  "bin/Release/HorizonData/EBWebView/Default/Local Extension Settings/fjfcaoomjhlpbniopilcfbpefalbhpba/LOG.old"
D  "bin/Release/HorizonData/EBWebView/Default/Local Extension Settings/fjfcaoomjhlpbniopilcfbpefalbhpba/MANIFEST-000001"
D  "bin/Release/HorizonData/EBWebView/Default/Local Extension Settings/gjbcdalockdbdpjilfijigifebblleeo/000005.ldb"
D  "bin/Release/HorizonData/EBWebView/Default/Local Extension Settings/gjbcdalockdbdpjilfijigifebblleeo/000016.ldb"
D  "bin/Release/HorizonData/EBWebView/Default/Local Extension Settings/gjbcdalockdbdpjilfijigifebblleeo/000018.log"
D  "bin/Release/HorizonData/EBWebView/Default/Local Extension Settings/gjbcdalockdbdpjilfijigifebblleeo/000019.ldb"
D  "bin/Release/HorizonData/EBWebView/Default/Local Extension Settings/gjbcdalockdbdpjilfijigifebblleeo/CURRENT"
D  "bin/Release/HorizonData/EBWebView/Default/Local Extension Settings/gjbcdalockdbdpjilfijigifebblleeo/LOCK"
D  "bin/Release/HorizonData/EBWebView/Default/Local Extension Settings/gjbcdalockdbdpjilfijigifebblleeo/LOG"
D  "bin/Release/HorizonData/EBWebView/Default/Local Extension Settings/gjbcdalockdbdpjilfijigifebblleeo/LOG.old"
D  "bin/Release/HorizonData/EBWebView/Default/Local Extension Settings/gjbcdalockdbdpjilfijigifebblleeo/MANIFEST-000001"
D  "bin/Release/HorizonData/EBWebView/Default/Local Extension Settings/llafjhmkffdlhpiojoipllmmedhckpgh/000003.log"
D  "bin/Release/HorizonData/EBWebView/Default/Local Extension Settings/llafjhmkffdlhpiojoipllmmedhckpgh/CURRENT"
D  "bin/Release/HorizonData/EBWebView/Default/Local Extension Settings/llafjhmkffdlhpiojoipllmmedhckpgh/LOCK"
D  "bin/Release/HorizonData/EBWebView/Default/Local Extension Settings/llafjhmkffdlhpiojoipllmmedhckpgh/LOG"
D  "bin/Release/HorizonData/EBWebView/Default/Local Extension Settings/llafjhmkffdlhpiojoipllmmedhckpgh/LOG.old"
D  "bin/Release/HorizonData/EBWebView/Default/Local Extension Settings/llafjhmkffdlhpiojoipllmmedhckpgh/MANIFEST-000001"
D  "bin/Release/HorizonData/EBWebView/Default/Local Extension Settings/mahdomgfmegkjcelplonolabemigokdm/000003.log"
D  "bin/Release/HorizonData/EBWebView/Default/Local Extension Settings/mahdomgfmegkjcelplonolabemigokdm/CURRENT"
D  "bin/Release/HorizonData/EBWebView/Default/Local Extension Settings/mahdomgfmegkjcelplonolabemigokdm/LOCK"
D  "bin/Release/HorizonData/EBWebView/Default/Local Extension Settings/mahdomgfmegkjcelplonolabemigokdm/LOG"
D  "bin/Release/HorizonData/EBWebView/Default/Local Extension Settings/mahdomgfmegkjcelplonolabemigokdm/LOG.old"
D  "bin/Release/HorizonData/EBWebView/Default/Local Extension Settings/mahdomgfmegkjcelplonolabemigokdm/MANIFEST-000001"
D  "bin/Release/HorizonData/EBWebView/Default/Local Extension Settings/micabgbmbfjdcifaljgbioeiflcemnmo/000003.log"
D  "bin/Release/HorizonData/EBWebView/Default/Local Extension Settings/micabgbmbfjdcifaljgbioeiflcemnmo/CURRENT"
D  "bin/Release/HorizonData/EBWebView/Default/Local Extension Settings/micabgbmbfjdcifaljgbioeiflcemnmo/LOCK"
D  "bin/Release/HorizonData/EBWebView/Default/Local Extension Settings/micabgbmbfjdcifaljgbioeiflcemnmo/LOG"
D  "bin/Release/HorizonData/EBWebView/Default/Local Extension Settings/micabgbmbfjdcifaljgbioeiflcemnmo/LOG.old"
D  "bin/Release/HorizonData/EBWebView/Default/Local Extension Settings/micabgbmbfjdcifaljgbioeiflcemnmo/MANIFEST-000001"
D  "bin/Release/HorizonData/EBWebView/Default/Local Extension Settings/pnbopgbekiomlhlfodahgbchgghkkkie/000003.log"
D  "bin/Release/HorizonData/EBWebView/Default/Local Extension Settings/pnbopgbekiomlhlfodahgbchgghkkkie/CURRENT"
D  "bin/Release/HorizonData/EBWebView/Default/Local Extension Settings/pnbopgbekiomlhlfodahgbchgghkkkie/LOCK"
D  "bin/Release/HorizonData/EBWebView/Default/Local Extension Settings/pnbopgbekiomlhlfodahgbchgghkkkie/LOG"
D  "bin/Release/HorizonData/EBWebView/Default/Local Extension Settings/pnbopgbekiomlhlfodahgbchgghkkkie/LOG.old"
D  "bin/Release/HorizonData/EBWebView/Default/Local Extension Settings/pnbopgbekiomlhlfodahgbchgghkkkie/MANIFEST-000001"
D  "bin/Release/HorizonData/EBWebView/Default/Local Storage/leveldb/000003.log"
D  "bin/Release/HorizonData/EBWebView/Default/Local Storage/leveldb/CURRENT"
D  "bin/Release/HorizonData/EBWebView/Default/Local Storage/leveldb/LOCK"
D  "bin/Release/HorizonData/EBWebView/Default/Local Storage/leveldb/LOG"
D  "bin/Release/HorizonData/EBWebView/Default/Local Storage/leveldb/LOG.old"
D  "bin/Release/HorizonData/EBWebView/Default/Local Storage/leveldb/MANIFEST-000001"
D  "bin/Release/HorizonData/EBWebView/Default/Login Data"
D  "bin/Release/HorizonData/EBWebView/Default/Login Data For Account"
D  "bin/Release/HorizonData/EBWebView/Default/Login Data For Account-journal"
D  "bin/Release/HorizonData/EBWebView/Default/Login Data-journal"
D  bin/Release/HorizonData/EBWebView/Default/MediaDeviceSalts
D  bin/Release/HorizonData/EBWebView/Default/MediaDeviceSalts-journal
D  "bin/Release/HorizonData/EBWebView/Default/Network Action Predictor"
D  "bin/Release/HorizonData/EBWebView/Default/Network Action Predictor-journal"
D  bin/Release/HorizonData/EBWebView/Default/Network/Cookies
D  bin/Release/HorizonData/EBWebView/Default/Network/Cookies-journal
D  "bin/Release/HorizonData/EBWebView/Default/Network/Device Bound Sessions"
D  "bin/Release/HorizonData/EBWebView/Default/Network/Device Bound Sessions-journal"
D  "bin/Release/HorizonData/EBWebView/Default/Network/Network Persistent State"
D  bin/Release/HorizonData/EBWebView/Default/Network/NetworkDataMigrated
D  "bin/Release/HorizonData/EBWebView/Default/Network/Reporting and NEL"
D  "bin/Release/HorizonData/EBWebView/Default/Network/Reporting and NEL-journal"
D  "bin/Release/HorizonData/EBWebView/Default/Network/SCT Auditing Pending Reports"
D  "bin/Release/HorizonData/EBWebView/Default/Network/Sdch Dictionaries"
D  bin/Release/HorizonData/EBWebView/Default/Network/TransportSecurity
D  "bin/Release/HorizonData/EBWebView/Default/Network/Trust Tokens"
D  "bin/Release/HorizonData/EBWebView/Default/Network/Trust Tokens-journal"
D  bin/Release/HorizonData/EBWebView/Default/Password_Diagnostics/PMLog_13422023247647094
D  bin/Release/HorizonData/EBWebView/Default/PersistentOriginTrials/LOCK
D  bin/Release/HorizonData/EBWebView/Default/PersistentOriginTrials/LOG
D  bin/Release/HorizonData/EBWebView/Default/PersistentOriginTrials/LOG.old
D  "bin/Release/HorizonData/EBWebView/Default/Platform Notifications/000003.log"
D  "bin/Release/HorizonData/EBWebView/Default/Platform Notifications/CURRENT"
D  "bin/Release/HorizonData/EBWebView/Default/Platform Notifications/LOCK"
D  "bin/Release/HorizonData/EBWebView/Default/Platform Notifications/LOG"
D  "bin/Release/HorizonData/EBWebView/Default/Platform Notifications/LOG.old"
D  "bin/Release/HorizonData/EBWebView/Default/Platform Notifications/MANIFEST-000001"
D  bin/Release/HorizonData/EBWebView/Default/Preferences
D  bin/Release/HorizonData/EBWebView/Default/README
D  "bin/Release/HorizonData/EBWebView/Default/Safe Browsing Network/NetworkDataMigrated"
D  "bin/Release/HorizonData/EBWebView/Default/Safe Browsing Network/Safe Browsing Cookies"
D  "bin/Release/HorizonData/EBWebView/Default/Safe Browsing Network/Safe Browsing Cookies-journal"
D  "bin/Release/HorizonData/EBWebView/Default/Secure Preferences"
D  bin/Release/HorizonData/EBWebView/Default/ServerCertificate
D  bin/Release/HorizonData/EBWebView/Default/ServerCertificate-journal
D  "bin/Release/HorizonData/EBWebView/Default/Service Worker/CacheStorage/1e538fbb9a411578d5bec848a4a4b012e8b26441/e61324ad-efcf-4993-a147-dbfbc543c56d/03723ec5564e7819_0"
D  "bin/Release/HorizonData/EBWebView/Default/Service Worker/CacheStorage/1e538fbb9a411578d5bec848a4a4b012e8b26441/e61324ad-efcf-4993-a147-dbfbc543c56d/091349bb42039481_0"
D  "bin/Release/HorizonData/EBWebView/Default/Service Worker/CacheStorage/1e538fbb9a411578d5bec848a4a4b012e8b26441/e61324ad-efcf-4993-a147-dbfbc543c56d/0b3bd81b114681fa_0"
D  "bin/Release/HorizonData/EBWebView/Default/Service Worker/CacheStorage/1e538fbb9a411578d5bec848a4a4b012e8b26441/e61324ad-efcf-4993-a147-dbfbc543c56d/0e68ef3e3bc686b2_0"
D  "bin/Release/HorizonData/EBWebView/Default/Service Worker/CacheStorage/1e538fbb9a411578d5bec848a4a4b012e8b26441/e61324ad-efcf-4993-a147-dbfbc543c56d/0efdd86b5e92caeb_0"
D  "bin/Release/HorizonData/EBWebView/Default/Service Worker/CacheStorage/1e538fbb9a411578d5bec848a4a4b012e8b26441/e61324ad-efcf-4993-a147-dbfbc543c56d/11948aeda14cd8cd_0"
D  "bin/Release/HorizonData/EBWebView/Default/Service Worker/CacheStorage/1e538fbb9a411578d5bec848a4a4b012e8b26441/e61324ad-efcf-4993-a147-dbfbc543c56d/152af16e821e5e53_0"
D  "bin/Release/HorizonData/EBWebView/Default/Service Worker/CacheStorage/1e538fbb9a411578d5bec848a4a4b012e8b26441/e61324ad-efcf-4993-a147-dbfbc543c56d/1862774b103cb550_0"
D  "bin/Release/HorizonData/EBWebView/Default/Service Worker/CacheStorage/1e538fbb9a411578d5bec848a4a4b012e8b26441/e61324ad-efcf-4993-a147-dbfbc543c56d/1ada7ade10cca105_0"
D  "bin/Release/HorizonData/EBWebView/Default/Service Worker/CacheStorage/1e538fbb9a411578d5bec848a4a4b012e8b26441/e61324ad-efcf-4993-a147-dbfbc543c56d/1d17e378da8f28e8_0"
D  "bin/Release/HorizonData/EBWebView/Default/Service Worker/CacheStorage/1e538fbb9a411578d5bec848a4a4b012e8b26441/e61324ad-efcf-4993-a147-dbfbc543c56d/22063dd5403b833c_0"
D  "bin/Release/HorizonData/EBWebView/Default/Service Worker/CacheStorage/1e538fbb9a411578d5bec848a4a4b012e8b26441/e61324ad-efcf-4993-a147-dbfbc543c56d/273c4b250c7bc824_0"
D  "bin/Release/HorizonData/EBWebView/Default/Service Worker/CacheStorage/1e538fbb9a411578d5bec848a4a4b012e8b26441/e61324ad-efcf-4993-a147-dbfbc543c56d/2e2413a06637b0ec_0"
D  "bin/Release/HorizonData/EBWebView/Default/Service Worker/CacheStorage/1e538fbb9a411578d5bec848a4a4b012e8b26441/e61324ad-efcf-4993-a147-dbfbc543c56d/3107558eea9ba321_0"
D  "bin/Release/HorizonData/EBWebView/Default/Service Worker/CacheStorage/1e538fbb9a411578d5bec848a4a4b012e8b26441/e61324ad-efcf-4993-a147-dbfbc543c56d/321911defb2f8cbc_0"
D  "bin/Release/HorizonData/EBWebView/Default/Service Worker/CacheStorage/1e538fbb9a411578d5bec848a4a4b012e8b26441/e61324ad-efcf-4993-a147-dbfbc543c56d/32690e9511f86989_0"
D  "bin/Release/HorizonData/EBWebView/Default/Service Worker/CacheStorage/1e538fbb9a411578d5bec848a4a4b012e8b26441/e61324ad-efcf-4993-a147-dbfbc543c56d/340d60e931bd37f7_0"
D  "bin/Release/HorizonData/EBWebView/Default/Service Worker/CacheStorage/1e538fbb9a411578d5bec848a4a4b012e8b26441/e61324ad-efcf-4993-a147-dbfbc543c56d/375db0c2ac836167_0"
D  "bin/Release/HorizonData/EBWebView/Default/Service Worker/CacheStorage/1e538fbb9a411578d5bec848a4a4b012e8b26441/e61324ad-efcf-4993-a147-dbfbc543c56d/383152c2a19b4e8f_0"
D  "bin/Release/HorizonData/EBWebView/Default/Service Worker/CacheStorage/1e538fbb9a411578d5bec848a4a4b012e8b26441/e61324ad-efcf-4993-a147-dbfbc543c56d/385bf01b84b6743c_0"
D  "bin/Release/HorizonData/EBWebView/Default/Service Worker/CacheStorage/1e538fbb9a411578d5bec848a4a4b012e8b26441/e61324ad-efcf-4993-a147-dbfbc543c56d/3d7948fc42349e78_0"
D  "bin/Release/HorizonData/EBWebView/Default/Service Worker/CacheStorage/1e538fbb9a411578d5bec848a4a4b012e8b26441/e61324ad-efcf-4993-a147-dbfbc543c56d/44fdad3a201128f8_0"
D  "bin/Release/HorizonData/EBWebView/Default/Service Worker/CacheStorage/1e538fbb9a411578d5bec848a4a4b012e8b26441/e61324ad-efcf-4993-a147-dbfbc543c56d/48ad33b5e6597f4d_0"
D  "bin/Release/HorizonData/EBWebView/Default/Service Worker/CacheStorage/1e538fbb9a411578d5bec848a4a4b012e8b26441/e61324ad-efcf-4993-a147-dbfbc543c56d/4b32244f47a52aa1_0"
D  "bin/Release/HorizonData/EBWebView/Default/Service Worker/CacheStorage/1e538fbb9a411578d5bec848a4a4b012e8b26441/e61324ad-efcf-4993-a147-dbfbc543c56d/4c4800b635ae2098_0"
D  "bin/Release/HorizonData/EBWebView/Default/Service Worker/CacheStorage/1e538fbb9a411578d5bec848a4a4b012e8b26441/e61324ad-efcf-4993-a147-dbfbc543c56d/4f926102e9d4c072_0"
D  "bin/Release/HorizonData/EBWebView/Default/Service Worker/CacheStorage/1e538fbb9a411578d5bec848a4a4b012e8b26441/e61324ad-efcf-4993-a147-dbfbc543c56d/5437f3efe07e0177_0"
D  "bin/Release/HorizonData/EBWebView/Default/Service Worker/CacheStorage/1e538fbb9a411578d5bec848a4a4b012e8b26441/e61324ad-efcf-4993-a147-dbfbc543c56d/577dbf0b91a4fd20_0"
D  "bin/Release/HorizonData/EBWebView/Default/Service Worker/CacheStorage/1e538fbb9a411578d5bec848a4a4b012e8b26441/e61324ad-efcf-4993-a147-dbfbc543c56d/5a89e5ba27a9709b_0"
D  "bin/Release/HorizonData/EBWebView/Default/Service Worker/CacheStorage/1e538fbb9a411578d5bec848a4a4b012e8b26441/e61324ad-efcf-4993-a147-dbfbc543c56d/5f35d08eae8058b3_0"
D  "bin/Release/HorizonData/EBWebView/Default/Service Worker/CacheStorage/1e538fbb9a411578d5bec848a4a4b012e8b26441/e61324ad-efcf-4993-a147-dbfbc543c56d/6b3d1b313bb275db_0"
D  "bin/Release/HorizonData/EBWebView/Default/Service Worker/CacheStorage/1e538fbb9a411578d5bec848a4a4b012e8b26441/e61324ad-efcf-4993-a147-dbfbc543c56d/6b991611054a2e9f_0"
D  "bin/Release/HorizonData/EBWebView/Default/Service Worker/CacheStorage/1e538fbb9a411578d5bec848a4a4b012e8b26441/e61324ad-efcf-4993-a147-dbfbc543c56d/704d1465ad2857ca_0"
D  "bin/Release/HorizonData/EBWebView/Default/Service Worker/CacheStorage/1e538fbb9a411578d5bec848a4a4b012e8b26441/e61324ad-efcf-4993-a147-dbfbc543c56d/72d06060f92aae74_0"
D  "bin/Release/HorizonData/EBWebView/Default/Service Worker/CacheStorage/1e538fbb9a411578d5bec848a4a4b012e8b26441/e61324ad-efcf-4993-a147-dbfbc543c56d/7866b425ec30631b_0"
D  "bin/Release/HorizonData/EBWebView/Default/Service Worker/CacheStorage/1e538fbb9a411578d5bec848a4a4b012e8b26441/e61324ad-efcf-4993-a147-dbfbc543c56d/82ef43183c18dbcf_0"
D  "bin/Release/HorizonData/EBWebView/Default/Service Worker/CacheStorage/1e538fbb9a411578d5bec848a4a4b012e8b26441/e61324ad-efcf-4993-a147-dbfbc543c56d/8383e54a78e96fc0_0"
D  "bin/Release/HorizonData/EBWebView/Default/Service Worker/CacheStorage/1e538fbb9a411578d5bec848a4a4b012e8b26441/e61324ad-efcf-4993-a147-dbfbc543c56d/864e3d21e753f81a_0"
D  "bin/Release/HorizonData/EBWebView/Default/Service Worker/CacheStorage/1e538fbb9a411578d5bec848a4a4b012e8b26441/e61324ad-efcf-4993-a147-dbfbc543c56d/8730e4942a92839c_0"
D  "bin/Release/HorizonData/EBWebView/Default/Service Worker/CacheStorage/1e538fbb9a411578d5bec848a4a4b012e8b26441/e61324ad-efcf-4993-a147-dbfbc543c56d/88c1d03bb90903c8_0"
D  "bin/Release/HorizonData/EBWebView/Default/Service Worker/CacheStorage/1e538fbb9a411578d5bec848a4a4b012e8b26441/e61324ad-efcf-4993-a147-dbfbc543c56d/8ba930f6d3763aad_0"
D  "bin/Release/HorizonData/EBWebView/Default/Service Worker/CacheStorage/1e538fbb9a411578d5bec848a4a4b012e8b26441/e61324ad-efcf-4993-a147-dbfbc543c56d/95db89fc6a02f451_0"
D  "bin/Release/HorizonData/EBWebView/Default/Service Worker/CacheStorage/1e538fbb9a411578d5bec848a4a4b012e8b26441/e61324ad-efcf-4993-a147-dbfbc543c56d/96723b9b77fbe36f_0"
D  "bin/Release/HorizonData/EBWebView/Default/Service Worker/CacheStorage/1e538fbb9a411578d5bec848a4a4b012e8b26441/e61324ad-efcf-4993-a147-dbfbc543c56d/97de5abfe883dbcf_0"
D  "bin/Release/HorizonData/EBWebView/Default/Service Worker/CacheStorage/1e538fbb9a411578d5bec848a4a4b012e8b26441/e61324ad-efcf-4993-a147-dbfbc543c56d/98064632364724f2_0"
D  "bin/Release/HorizonData/EBWebView/Default/Service Worker/CacheStorage/1e538fbb9a411578d5bec848a4a4b012e8b26441/e61324ad-efcf-4993-a147-dbfbc543c56d/9e92cd97c19c8248_0"
D  "bin/Release/HorizonData/EBWebView/Default/Service Worker/CacheStorage/1e538fbb9a411578d5bec848a4a4b012e8b26441/e61324ad-efcf-4993-a147-dbfbc543c56d/a85adbefb300ab4e_0"
D  "bin/Release/HorizonData/EBWebView/Default/Service Worker/CacheStorage/1e538fbb9a411578d5bec848a4a4b012e8b26441/e61324ad-efcf-4993-a147-dbfbc543c56d/ac93d1cd50506b33_0"
D  "bin/Release/HorizonData/EBWebView/Default/Service Worker/CacheStorage/1e538fbb9a411578d5bec848a4a4b012e8b26441/e61324ad-efcf-4993-a147-dbfbc543c56d/afbf989a8c95bf2e_0"
D  "bin/Release/HorizonData/EBWebView/Default/Service Worker/CacheStorage/1e538fbb9a411578d5bec848a4a4b012e8b26441/e61324ad-efcf-4993-a147-dbfbc543c56d/b2141b088ee5e98c_0"
D  "bin/Release/HorizonData/EBWebView/Default/Service Worker/CacheStorage/1e538fbb9a411578d5bec848a4a4b012e8b26441/e61324ad-efcf-4993-a147-dbfbc543c56d/b3f87b55d8dbfa47_0"
D  "bin/Release/HorizonData/EBWebView/Default/Service Worker/CacheStorage/1e538fbb9a411578d5bec848a4a4b012e8b26441/e61324ad-efcf-4993-a147-dbfbc543c56d/b571bf0ba8facec6_0"
D  "bin/Release/HorizonData/EBWebView/Default/Service Worker/CacheStorage/1e538fbb9a411578d5bec848a4a4b012e8b26441/e61324ad-efcf-4993-a147-dbfbc543c56d/b5f29d0312456036_0"
D  "bin/Release/HorizonData/EBWebView/Default/Service Worker/CacheStorage/1e538fbb9a411578d5bec848a4a4b012e8b26441/e61324ad-efcf-4993-a147-dbfbc543c56d/b6edcb759d6cadbf_0"
D  "bin/Release/HorizonData/EBWebView/Default/Service Worker/CacheStorage/1e538fbb9a411578d5bec848a4a4b012e8b26441/e61324ad-efcf-4993-a147-dbfbc543c56d/b7f636932c67bab4_0"
D  "bin/Release/HorizonData/EBWebView/Default/Service Worker/CacheStorage/1e538fbb9a411578d5bec848a4a4b012e8b26441/e61324ad-efcf-4993-a147-dbfbc543c56d/b8bb1a549c6dcc10_0"
D  "bin/Release/HorizonData/EBWebView/Default/Service Worker/CacheStorage/1e538fbb9a411578d5bec848a4a4b012e8b26441/e61324ad-efcf-4993-a147-dbfbc543c56d/b924469dce8b9a89_0"
D  "bin/Release/HorizonData/EBWebView/Default/Service Worker/CacheStorage/1e538fbb9a411578d5bec848a4a4b012e8b26441/e61324ad-efcf-4993-a147-dbfbc543c56d/ba2b0906a4df382c_0"
D  "bin/Release/HorizonData/EBWebView/Default/Service Worker/CacheStorage/1e538fbb9a411578d5bec848a4a4b012e8b26441/e61324ad-efcf-4993-a147-dbfbc543c56d/bcefea0b5feaa3e6_0"
D  "bin/Release/HorizonData/EBWebView/Default/Service Worker/CacheStorage/1e538fbb9a411578d5bec848a4a4b012e8b26441/e61324ad-efcf-4993-a147-dbfbc543c56d/be581dea90cddde7_0"
D  "bin/Release/HorizonData/EBWebView/Default/Service Worker/CacheStorage/1e538fbb9a411578d5bec848a4a4b012e8b26441/e61324ad-efcf-4993-a147-dbfbc543c56d/c8b473e0f9374235_0"
D  "bin/Release/HorizonData/EBWebView/Default/Service Worker/CacheStorage/1e538fbb9a411578d5bec848a4a4b012e8b26441/e61324ad-efcf-4993-a147-dbfbc543c56d/ca4b8e6b4b207a9b_0"
D  "bin/Release/HorizonData/EBWebView/Default/Service Worker/CacheStorage/1e538fbb9a411578d5bec848a4a4b012e8b26441/e61324ad-efcf-4993-a147-dbfbc543c56d/ca5a67fda3466f4d_0"
D  "bin/Release/HorizonData/EBWebView/Default/Service Worker/CacheStorage/1e538fbb9a411578d5bec848a4a4b012e8b26441/e61324ad-efcf-4993-a147-dbfbc543c56d/cc04a8364b7fbf4b_0"
D  "bin/Release/HorizonData/EBWebView/Default/Service Worker/CacheStorage/1e538fbb9a411578d5bec848a4a4b012e8b26441/e61324ad-efcf-4993-a147-dbfbc543c56d/cd85acb1c0e5f8f6_0"
D  "bin/Release/HorizonData/EBWebView/Default/Service Worker/CacheStorage/1e538fbb9a411578d5bec848a4a4b012e8b26441/e61324ad-efcf-4993-a147-dbfbc543c56d/cde968a267e2506f_0"
D  "bin/Release/HorizonData/EBWebView/Default/Service Worker/CacheStorage/1e538fbb9a411578d5bec848a4a4b012e8b26441/e61324ad-efcf-4993-a147-dbfbc543c56d/ce5fdc792b67fd6e_0"
D  "bin/Release/HorizonData/EBWebView/Default/Service Worker/CacheStorage/1e538fbb9a411578d5bec848a4a4b012e8b26441/e61324ad-efcf-4993-a147-dbfbc543c56d/d026a83c98b68c4a_0"
D  "bin/Release/HorizonData/EBWebView/Default/Service Worker/CacheStorage/1e538fbb9a411578d5bec848a4a4b012e8b26441/e61324ad-efcf-4993-a147-dbfbc543c56d/d094aec584cc1c06_0"
D  "bin/Release/HorizonData/EBWebView/Default/Service Worker/CacheStorage/1e538fbb9a411578d5bec848a4a4b012e8b26441/e61324ad-efcf-4993-a147-dbfbc543c56d/d57fe2c6b1537486_0"
D  "bin/Release/HorizonData/EBWebView/Default/Service Worker/CacheStorage/1e538fbb9a411578d5bec848a4a4b012e8b26441/e61324ad-efcf-4993-a147-dbfbc543c56d/d9509606979f3a92_0"
D  "bin/Release/HorizonData/EBWebView/Default/Service Worker/CacheStorage/1e538fbb9a411578d5bec848a4a4b012e8b26441/e61324ad-efcf-4993-a147-dbfbc543c56d/da6db244aef24adb_0"
D  "bin/Release/HorizonData/EBWebView/Default/Service Worker/CacheStorage/1e538fbb9a411578d5bec848a4a4b012e8b26441/e61324ad-efcf-4993-a147-dbfbc543c56d/dc1f0d705c07825e_0"
D  "bin/Release/HorizonData/EBWebView/Default/Service Worker/CacheStorage/1e538fbb9a411578d5bec848a4a4b012e8b26441/e61324ad-efcf-4993-a147-dbfbc543c56d/df0cb294d29fc0fe_0"
D  "bin/Release/HorizonData/EBWebView/Default/Service Worker/CacheStorage/1e538fbb9a411578d5bec848a4a4b012e8b26441/e61324ad-efcf-4993-a147-dbfbc543c56d/e49665df81d4c591_0"
D  "bin/Release/HorizonData/EBWebView/Default/Service Worker/CacheStorage/1e538fbb9a411578d5bec848a4a4b012e8b26441/e61324ad-efcf-4993-a147-dbfbc543c56d/e53200cb6d914edd_0"
D  "bin/Release/HorizonData/EBWebView/Default/Service Worker/CacheStorage/1e538fbb9a411578d5bec848a4a4b012e8b26441/e61324ad-efcf-4993-a147-dbfbc543c56d/e7639dc21c04a524_0"
D  "bin/Release/HorizonData/EBWebView/Default/Service Worker/CacheStorage/1e538fbb9a411578d5bec848a4a4b012e8b26441/e61324ad-efcf-4993-a147-dbfbc543c56d/e8f209bb953d0431_0"
D  "bin/Release/HorizonData/EBWebView/Default/Service Worker/CacheStorage/1e538fbb9a411578d5bec848a4a4b012e8b26441/e61324ad-efcf-4993-a147-dbfbc543c56d/eaffc3a9ed933df4_0"
D  "bin/Release/HorizonData/EBWebView/Default/Service Worker/CacheStorage/1e538fbb9a411578d5bec848a4a4b012e8b26441/e61324ad-efcf-4993-a147-dbfbc543c56d/edc224e63f046684_0"
D  "bin/Release/HorizonData/EBWebView/Default/Service Worker/CacheStorage/1e538fbb9a411578d5bec848a4a4b012e8b26441/e61324ad-efcf-4993-a147-dbfbc543c56d/f0192a7f283c74b2_0"
D  "bin/Release/HorizonData/EBWebView/Default/Service Worker/CacheStorage/1e538fbb9a411578d5bec848a4a4b012e8b26441/e61324ad-efcf-4993-a147-dbfbc543c56d/fccc7c9e7e8c80f8_0"
D  "bin/Release/HorizonData/EBWebView/Default/Service Worker/CacheStorage/1e538fbb9a411578d5bec848a4a4b012e8b26441/e61324ad-efcf-4993-a147-dbfbc543c56d/fdd89d27c13f85e5_0"
D  "bin/Release/HorizonData/EBWebView/Default/Service Worker/CacheStorage/1e538fbb9a411578d5bec848a4a4b012e8b26441/e61324ad-efcf-4993-a147-dbfbc543c56d/fff368752d794b37_0"
D  "bin/Release/HorizonData/EBWebView/Default/Service Worker/CacheStorage/1e538fbb9a411578d5bec848a4a4b012e8b26441/e61324ad-efcf-4993-a147-dbfbc543c56d/index"
D  "bin/Release/HorizonData/EBWebView/Default/Service Worker/CacheStorage/1e538fbb9a411578d5bec848a4a4b012e8b26441/e61324ad-efcf-4993-a147-dbfbc543c56d/index-dir/the-real-index"
D  "bin/Release/HorizonData/EBWebView/Default/Service Worker/CacheStorage/1e538fbb9a411578d5bec848a4a4b012e8b26441/index.txt"
D  "bin/Release/HorizonData/EBWebView/Default/Service Worker/Database/000003.log"
D  "bin/Release/HorizonData/EBWebView/Default/Service Worker/Database/CURRENT"
D  "bin/Release/HorizonData/EBWebView/Default/Service Worker/Database/LOCK"
D  "bin/Release/HorizonData/EBWebView/Default/Service Worker/Database/LOG"
D  "bin/Release/HorizonData/EBWebView/Default/Service Worker/Database/LOG.old"
D  "bin/Release/HorizonData/EBWebView/Default/Service Worker/Database/MANIFEST-000001"
D  "bin/Release/HorizonData/EBWebView/Default/Service Worker/ScriptCache/009c63609679d1cf_0"
D  "bin/Release/HorizonData/EBWebView/Default/Service Worker/ScriptCache/013888a1cda32b90_0"
D  "bin/Release/HorizonData/EBWebView/Default/Service Worker/ScriptCache/013888a1cda32b90_1"
D  "bin/Release/HorizonData/EBWebView/Default/Service Worker/ScriptCache/08bdbf206a472600_0"
D  "bin/Release/HorizonData/EBWebView/Default/Service Worker/ScriptCache/09008b1d0549f7ab_0"
D  "bin/Release/HorizonData/EBWebView/Default/Service Worker/ScriptCache/09dd09a6623d77a1_0"
D  "bin/Release/HorizonData/EBWebView/Default/Service Worker/ScriptCache/0b792330520baa9a_0"
D  "bin/Release/HorizonData/EBWebView/Default/Service Worker/ScriptCache/0b8d03323a5a6e07_0"
D  "bin/Release/HorizonData/EBWebView/Default/Service Worker/ScriptCache/0cac6d3631916f8d_0"
D  "bin/Release/HorizonData/EBWebView/Default/Service Worker/ScriptCache/1055481490f58805_0"
D  "bin/Release/HorizonData/EBWebView/Default/Service Worker/ScriptCache/117d142383163ca9_0"
D  "bin/Release/HorizonData/EBWebView/Default/Service Worker/ScriptCache/12d2b185ec62111a_0"
D  "bin/Release/HorizonData/EBWebView/Default/Service Worker/ScriptCache/130d5ab08abb09a6_0"
D  "bin/Release/HorizonData/EBWebView/Default/Service Worker/ScriptCache/14e7e9252ca2e7b6_0"
D  "bin/Release/HorizonData/EBWebView/Default/Service Worker/ScriptCache/1a168afddb7eaf90_0"
D  "bin/Release/HorizonData/EBWebView/Default/Service Worker/ScriptCache/1a44a79864a22847_0"
D  "bin/Release/HorizonData/EBWebView/Default/Service Worker/ScriptCache/1f4fc4ac2489c6b0_0"
D  "bin/Release/HorizonData/EBWebView/Default/Service Worker/ScriptCache/24100a74bb7d3820_0"
D  "bin/Release/HorizonData/EBWebView/Default/Service Worker/ScriptCache/25aaa8074a29cf86_0"
D  "bin/Release/HorizonData/EBWebView/Default/Service Worker/ScriptCache/26d1f970a09a4ca8_0"
D  "bin/Release/HorizonData/EBWebView/Default/Service Worker/ScriptCache/27622751cc830f3e_0"
D  "bin/Release/HorizonData/EBWebView/Default/Service Worker/ScriptCache/297ecea5cebb5dfe_0"
D  "bin/Release/HorizonData/EBWebView/Default/Service Worker/ScriptCache/297ecea5cebb5dfe_1"
D  "bin/Release/HorizonData/EBWebView/Default/Service Worker/ScriptCache/2cc80dabc69f58b6_0"
D  "bin/Release/HorizonData/EBWebView/Default/Service Worker/ScriptCache/2cc80dabc69f58b6_1"
D  "bin/Release/HorizonData/EBWebView/Default/Service Worker/ScriptCache/2cfef0e5a0f2936d_0"
D  "bin/Release/HorizonData/EBWebView/Default/Service Worker/ScriptCache/2d5e07bc3c67635e_0"
D  "bin/Release/HorizonData/EBWebView/Default/Service Worker/ScriptCache/32eae9c186dc8089_0"
D  "bin/Release/HorizonData/EBWebView/Default/Service Worker/ScriptCache/38992e00d1274191_0"
D  "bin/Release/HorizonData/EBWebView/Default/Service Worker/ScriptCache/40a21a6a5c2d889c_0"
D  "bin/Release/HorizonData/EBWebView/Default/Service Worker/ScriptCache/418e80f99e974dbe_0"
D  "bin/Release/HorizonData/EBWebView/Default/Service Worker/ScriptCache/449d86748cd51507_0"
D  "bin/Release/HorizonData/EBWebView/Default/Service Worker/ScriptCache/4698ecea4d4dad56_0"
D  "bin/Release/HorizonData/EBWebView/Default/Service Worker/ScriptCache/4698ecea4d4dad56_1"
D  "bin/Release/HorizonData/EBWebView/Default/Service Worker/ScriptCache/46a4b4aebfdaa48d_0"
D  "bin/Release/HorizonData/EBWebView/Default/Service Worker/ScriptCache/4cb013792b196a35_0"
D  "bin/Release/HorizonData/EBWebView/Default/Service Worker/ScriptCache/4cb013792b196a35_1"
D  "bin/Release/HorizonData/EBWebView/Default/Service Worker/ScriptCache/5037c89965fa5fae_0"
D  "bin/Release/HorizonData/EBWebView/Default/Service Worker/ScriptCache/50b5da359e6f22d0_0"
D  "bin/Release/HorizonData/EBWebView/Default/Service Worker/ScriptCache/5179d7e668773011_0"
D  "bin/Release/HorizonData/EBWebView/Default/Service Worker/ScriptCache/5779b052d5b25145_0"
D  "bin/Release/HorizonData/EBWebView/Default/Service Worker/ScriptCache/5d771a05a5f45d29_0"
D  "bin/Release/HorizonData/EBWebView/Default/Service Worker/ScriptCache/602a34051cfc2eed_0"
D  "bin/Release/HorizonData/EBWebView/Default/Service Worker/ScriptCache/63be69ca5d5015c4_0"
D  "bin/Release/HorizonData/EBWebView/Default/Service Worker/ScriptCache/679e0b7317f2041b_0"
D  "bin/Release/HorizonData/EBWebView/Default/Service Worker/ScriptCache/67a473248953641b_0"
D  "bin/Release/HorizonData/EBWebView/Default/Service Worker/ScriptCache/67a473248953641b_1"
D  "bin/Release/HorizonData/EBWebView/Default/Service Worker/ScriptCache/6cb56d63a90f990d_0"
D  "bin/Release/HorizonData/EBWebView/Default/Service Worker/ScriptCache/6e08a40cf80d1181_0"
D  "bin/Release/HorizonData/EBWebView/Default/Service Worker/ScriptCache/738bb294f89e1335_0"
D  "bin/Release/HorizonData/EBWebView/Default/Service Worker/ScriptCache/796b7562219390f0_0"
D  "bin/Release/HorizonData/EBWebView/Default/Service Worker/ScriptCache/79a60028be9c3010_0"
D  "bin/Release/HorizonData/EBWebView/Default/Service Worker/ScriptCache/79b5c737f7ab9642_0"
D  "bin/Release/HorizonData/EBWebView/Default/Service Worker/ScriptCache/7b5fb5b1483213a5_0"
D  "bin/Release/HorizonData/EBWebView/Default/Service Worker/ScriptCache/7c4cc75bcf4907c3_0"
D  "bin/Release/HorizonData/EBWebView/Default/Service Worker/ScriptCache/7d1277d0a0eef700_0"
D  "bin/Release/HorizonData/EBWebView/Default/Service Worker/ScriptCache/7de293882cd2065e_0"
D  "bin/Release/HorizonData/EBWebView/Default/Service Worker/ScriptCache/808f4ae21f10416c_0"
D  "bin/Release/HorizonData/EBWebView/Default/Service Worker/ScriptCache/820472a405c1a189_0"
D  "bin/Release/HorizonData/EBWebView/Default/Service Worker/ScriptCache/8258e27027d54dcb_0"
D  "bin/Release/HorizonData/EBWebView/Default/Service Worker/ScriptCache/82ee882be6fc216e_0"
D  "bin/Release/HorizonData/EBWebView/Default/Service Worker/ScriptCache/88a4c2fd955a7097_0"
D  "bin/Release/HorizonData/EBWebView/Default/Service Worker/ScriptCache/8b860a2f86638734_0"
D  "bin/Release/HorizonData/EBWebView/Default/Service Worker/ScriptCache/8ddc3053957b7fab_0"
D  "bin/Release/HorizonData/EBWebView/Default/Service Worker/ScriptCache/8e72542801e3a525_0"
D  "bin/Release/HorizonData/EBWebView/Default/Service Worker/ScriptCache/914b7547906f398d_0"
D  "bin/Release/HorizonData/EBWebView/Default/Service Worker/ScriptCache/91b3ea2d941cb397_0"
D  "bin/Release/HorizonData/EBWebView/Default/Service Worker/ScriptCache/982e0f881292c681_0"
D  "bin/Release/HorizonData/EBWebView/Default/Service Worker/ScriptCache/99116d486f284af4_0"
D  "bin/Release/HorizonData/EBWebView/Default/Service Worker/ScriptCache/9a217e9c08916dcd_0"
D  "bin/Release/HorizonData/EBWebView/Default/Service Worker/ScriptCache/9b14912231f64755_0"
D  "bin/Release/HorizonData/EBWebView/Default/Service Worker/ScriptCache/9e67022e6bb14133_0"
D  "bin/Release/HorizonData/EBWebView/Default/Service Worker/ScriptCache/a0f8700973795685_0"
D  "bin/Release/HorizonData/EBWebView/Default/Service Worker/ScriptCache/a29d487f541600d2_0"
D  "bin/Release/HorizonData/EBWebView/Default/Service Worker/ScriptCache/a6da08e680c55a2a_0"
D  "bin/Release/HorizonData/EBWebView/Default/Service Worker/ScriptCache/a956f0ce96eb29c8_0"
D  "bin/Release/HorizonData/EBWebView/Default/Service Worker/ScriptCache/aa4414e246438143_0"
D  "bin/Release/HorizonData/EBWebView/Default/Service Worker/ScriptCache/ab95ebc511b469f3_0"
D  "bin/Release/HorizonData/EBWebView/Default/Service Worker/ScriptCache/b2812321dea9c42b_0"
D  "bin/Release/HorizonData/EBWebView/Default/Service Worker/ScriptCache/b6817b5f586801b0_0"
D  "bin/Release/HorizonData/EBWebView/Default/Service Worker/ScriptCache/b6c28cea6ed9dfc1_0"
D  "bin/Release/HorizonData/EBWebView/Default/Service Worker/ScriptCache/b6c28cea6ed9dfc1_1"
D  "bin/Release/HorizonData/EBWebView/Default/Service Worker/ScriptCache/b7616e79858efbff_0"
D  "bin/Release/HorizonData/EBWebView/Default/Service Worker/ScriptCache/b8a8a89bc8f66b3e_0"
D  "bin/Release/HorizonData/EBWebView/Default/Service Worker/ScriptCache/b8d7680f52f241b7_0"
D  "bin/Release/HorizonData/EBWebView/Default/Service Worker/ScriptCache/b9e0c4e95791e1f7_0"
D  "bin/Release/HorizonData/EBWebView/Default/Service Worker/ScriptCache/ba23d8ecda68de77_0"
D  "bin/Release/HorizonData/EBWebView/Default/Service Worker/ScriptCache/bc27a87fbf314a15_0"
D  "bin/Release/HorizonData/EBWebView/Default/Service Worker/ScriptCache/bf61ab29ad9780c2_0"
D  "bin/Release/HorizonData/EBWebView/Default/Service Worker/ScriptCache/c1faae48fbac0b64_0"
D  "bin/Release/HorizonData/EBWebView/Default/Service Worker/ScriptCache/c40b44d0ccb6b9f6_0"
D  "bin/Release/HorizonData/EBWebView/Default/Service Worker/ScriptCache/c417bfe2be7aa115_0"
D  "bin/Release/HorizonData/EBWebView/Default/Service Worker/ScriptCache/c720a327d255695f_0"
D  "bin/Release/HorizonData/EBWebView/Default/Service Worker/ScriptCache/c756b52bc59f5ac3_0"
D  "bin/Release/HorizonData/EBWebView/Default/Service Worker/ScriptCache/d14726c8af48f441_0"
D  "bin/Release/HorizonData/EBWebView/Default/Service Worker/ScriptCache/d449ff6c5b3062bc_0"
D  "bin/Release/HorizonData/EBWebView/Default/Service Worker/ScriptCache/d6b653ea64009786_0"
D  "bin/Release/HorizonData/EBWebView/Default/Service Worker/ScriptCache/dcbb9f52cf880e4a_0"
D  "bin/Release/HorizonData/EBWebView/Default/Service Worker/ScriptCache/dd1e345fe5dc5435_0"
D  "bin/Release/HorizonData/EBWebView/Default/Service Worker/ScriptCache/dd91b9ffd8efe2b6_0"
D  "bin/Release/HorizonData/EBWebView/Default/Service Worker/ScriptCache/dea936b84808bcef_0"
D  "bin/Release/HorizonData/EBWebView/Default/Service Worker/ScriptCache/e10db1fb7a0a4a8c_0"
D  "bin/Release/HorizonData/EBWebView/Default/Service Worker/ScriptCache/e27bfe875b62d81e_0"
D  "bin/Release/HorizonData/EBWebView/Default/Service Worker/ScriptCache/e384336e22fd2aef_0"
D  "bin/Release/HorizonData/EBWebView/Default/Service Worker/ScriptCache/e5ff62263ac8de7f_0"
D  "bin/Release/HorizonData/EBWebView/Default/Service Worker/ScriptCache/ed21dd5e2140ec01_0"
D  "bin/Release/HorizonData/EBWebView/Default/Service Worker/ScriptCache/ef6993cae43ae456_0"
D  "bin/Release/HorizonData/EBWebView/Default/Service Worker/ScriptCache/f131910baad453af_0"
D  "bin/Release/HorizonData/EBWebView/Default/Service Worker/ScriptCache/f1cdccba37924bda_0"
D  "bin/Release/HorizonData/EBWebView/Default/Service Worker/ScriptCache/f1cdccba37924bda_1"
D  "bin/Release/HorizonData/EBWebView/Default/Service Worker/ScriptCache/f287b7060e66da8a_0"
D  "bin/Release/HorizonData/EBWebView/Default/Service Worker/ScriptCache/f40501344c9c624c_0"
D  "bin/Release/HorizonData/EBWebView/Default/Service Worker/ScriptCache/f5dcf3f81cf9b463_0"
D  "bin/Release/HorizonData/EBWebView/Default/Service Worker/ScriptCache/fa813c9ad67834ac_0"
D  "bin/Release/HorizonData/EBWebView/Default/Service Worker/ScriptCache/fa813c9ad67834ac_1"
D  "bin/Release/HorizonData/EBWebView/Default/Service Worker/ScriptCache/ff57688b9ff2d49e_0"
D  "bin/Release/HorizonData/EBWebView/Default/Service Worker/ScriptCache/ff7379f37843d0a0_0"
D  "bin/Release/HorizonData/EBWebView/Default/Service Worker/ScriptCache/index"
D  "bin/Release/HorizonData/EBWebView/Default/Service Worker/ScriptCache/index-dir/the-real-index"
D  "bin/Release/HorizonData/EBWebView/Default/Session Storage/000003.log"
D  "bin/Release/HorizonData/EBWebView/Default/Session Storage/CURRENT"
D  "bin/Release/HorizonData/EBWebView/Default/Session Storage/LOCK"
D  "bin/Release/HorizonData/EBWebView/Default/Session Storage/LOG"
D  "bin/Release/HorizonData/EBWebView/Default/Session Storage/MANIFEST-000001"
D  bin/Release/HorizonData/EBWebView/Default/Sessions/Session_13419757923248150
D  "bin/Release/HorizonData/EBWebView/Default/Shared Dictionary/cache/index"
D  "bin/Release/HorizonData/EBWebView/Default/Shared Dictionary/cache/index-dir/the-real-index"
D  "bin/Release/HorizonData/EBWebView/Default/Shared Dictionary/db"
D  "bin/Release/HorizonData/EBWebView/Default/Shared Dictionary/db-journal"
D  bin/Release/HorizonData/EBWebView/Default/SharedStorage
D  bin/Release/HorizonData/EBWebView/Default/Shortcuts
D  bin/Release/HorizonData/EBWebView/Default/Shortcuts-journal
D  "bin/Release/HorizonData/EBWebView/Default/Site Characteristics Database/000003.log"
D  "bin/Release/HorizonData/EBWebView/Default/Site Characteristics Database/CURRENT"
D  "bin/Release/HorizonData/EBWebView/Default/Site Characteristics Database/LOCK"
D  "bin/Release/HorizonData/EBWebView/Default/Site Characteristics Database/LOG"
D  "bin/Release/HorizonData/EBWebView/Default/Site Characteristics Database/LOG.old"
D  "bin/Release/HorizonData/EBWebView/Default/Site Characteristics Database/MANIFEST-000001"
D  "bin/Release/HorizonData/EBWebView/Default/Sync Data/LevelDB/000003.log"
D  "bin/Release/HorizonData/EBWebView/Default/Sync Data/LevelDB/CURRENT"
D  "bin/Release/HorizonData/EBWebView/Default/Sync Data/LevelDB/LOCK"
D  "bin/Release/HorizonData/EBWebView/Default/Sync Data/LevelDB/LOG"
D  "bin/Release/HorizonData/EBWebView/Default/Sync Data/LevelDB/LOG.old"
D  "bin/Release/HorizonData/EBWebView/Default/Sync Data/LevelDB/MANIFEST-000001"
D  "bin/Release/HorizonData/EBWebView/Default/Sync Extension Settings/bjchemafiampldmkfmpigfoakogialkl/000003.log"
D  "bin/Release/HorizonData/EBWebView/Default/Sync Extension Settings/bjchemafiampldmkfmpigfoakogialkl/CURRENT"
D  "bin/Release/HorizonData/EBWebView/Default/Sync Extension Settings/bjchemafiampldmkfmpigfoakogialkl/LOCK"
D  "bin/Release/HorizonData/EBWebView/Default/Sync Extension Settings/bjchemafiampldmkfmpigfoakogialkl/LOG"
D  "bin/Release/HorizonData/EBWebView/Default/Sync Extension Settings/bjchemafiampldmkfmpigfoakogialkl/MANIFEST-000001"
D  "bin/Release/HorizonData/EBWebView/Default/Sync Extension Settings/enpiaeoobofcpedppdnooadnbaldkjih/000003.log"
D  "bin/Release/HorizonData/EBWebView/Default/Sync Extension Settings/enpiaeoobofcpedppdnooadnbaldkjih/CURRENT"
D  "bin/Release/HorizonData/EBWebView/Default/Sync Extension Settings/enpiaeoobofcpedppdnooadnbaldkjih/LOCK"
D  "bin/Release/HorizonData/EBWebView/Default/Sync Extension Settings/enpiaeoobofcpedppdnooadnbaldkjih/LOG"
D  "bin/Release/HorizonData/EBWebView/Default/Sync Extension Settings/enpiaeoobofcpedppdnooadnbaldkjih/LOG.old"
D  "bin/Release/HorizonData/EBWebView/Default/Sync Extension Settings/enpiaeoobofcpedppdnooadnbaldkjih/MANIFEST-000001"
D  "bin/Release/HorizonData/EBWebView/Default/Sync Extension Settings/fennofgmefeblbegldihhmpehdehoflg/000003.log"
D  "bin/Release/HorizonData/EBWebView/Default/Sync Extension Settings/fennofgmefeblbegldihhmpehdehoflg/CURRENT"
D  "bin/Release/HorizonData/EBWebView/Default/Sync Extension Settings/fennofgmefeblbegldihhmpehdehoflg/LOCK"
D  "bin/Release/HorizonData/EBWebView/Default/Sync Extension Settings/fennofgmefeblbegldihhmpehdehoflg/LOG"
D  "bin/Release/HorizonData/EBWebView/Default/Sync Extension Settings/fennofgmefeblbegldihhmpehdehoflg/LOG.old"
D  "bin/Release/HorizonData/EBWebView/Default/Sync Extension Settings/fennofgmefeblbegldihhmpehdehoflg/MANIFEST-000001"
D  "bin/Release/HorizonData/EBWebView/Default/Sync Extension Settings/llafjhmkffdlhpiojoipllmmedhckpgh/000003.log"
D  "bin/Release/HorizonData/EBWebView/Default/Sync Extension Settings/llafjhmkffdlhpiojoipllmmedhckpgh/CURRENT"
D  "bin/Release/HorizonData/EBWebView/Default/Sync Extension Settings/llafjhmkffdlhpiojoipllmmedhckpgh/LOCK"
D  "bin/Release/HorizonData/EBWebView/Default/Sync Extension Settings/llafjhmkffdlhpiojoipllmmedhckpgh/LOG"
D  "bin/Release/HorizonData/EBWebView/Default/Sync Extension Settings/llafjhmkffdlhpiojoipllmmedhckpgh/LOG.old"
D  "bin/Release/HorizonData/EBWebView/Default/Sync Extension Settings/llafjhmkffdlhpiojoipllmmedhckpgh/MANIFEST-000001"
D  "bin/Release/HorizonData/EBWebView/Default/Top Sites"
D  "bin/Release/HorizonData/EBWebView/Default/Top Sites-journal"
D  bin/Release/HorizonData/EBWebView/Default/VideoDecodeStats/LOCK
D  bin/Release/HorizonData/EBWebView/Default/VideoDecodeStats/LOG
D  "bin/Release/HorizonData/EBWebView/Default/Vpn Tokens"
D  "bin/Release/HorizonData/EBWebView/Default/Vpn Tokens-journal"
D  "bin/Release/HorizonData/EBWebView/Default/Web Data"
D  "bin/Release/HorizonData/EBWebView/Default/Web Data-journal"
D  bin/Release/HorizonData/EBWebView/Default/WebStorage/QuotaManager
D  bin/Release/HorizonData/EBWebView/Default/WebStorage/QuotaManager-journal
D  bin/Release/HorizonData/EBWebView/Default/commerce_subscription_db/LOCK
D  bin/Release/HorizonData/EBWebView/Default/commerce_subscription_db/LOG
D  bin/Release/HorizonData/EBWebView/Default/commerce_subscription_db/LOG.old
D  bin/Release/HorizonData/EBWebView/Default/discount_infos_db/LOCK
D  bin/Release/HorizonData/EBWebView/Default/discount_infos_db/LOG
D  bin/Release/HorizonData/EBWebView/Default/discount_infos_db/LOG.old
D  bin/Release/HorizonData/EBWebView/Default/discounts_db/LOCK
D  bin/Release/HorizonData/EBWebView/Default/discounts_db/LOG
D  bin/Release/HorizonData/EBWebView/Default/discounts_db/LOG.old
D  bin/Release/HorizonData/EBWebView/Default/favorites_diagnostic.log
D  bin/Release/HorizonData/EBWebView/Default/heavy_ad_intervention_opt_out.db
D  bin/Release/HorizonData/EBWebView/Default/heavy_ad_intervention_opt_out.db-journal
D  bin/Release/HorizonData/EBWebView/Default/optimization_guide_hint_cache_store/LOCK
D  bin/Release/HorizonData/EBWebView/Default/optimization_guide_hint_cache_store/LOG
D  bin/Release/HorizonData/EBWebView/Default/optimization_guide_hint_cache_store/LOG.old
D  bin/Release/HorizonData/EBWebView/Default/parcel_tracking_db/LOCK
D  bin/Release/HorizonData/EBWebView/Default/parcel_tracking_db/LOG
D  bin/Release/HorizonData/EBWebView/Default/parcel_tracking_db/LOG.old
D  bin/Release/HorizonData/EBWebView/Default/shared_proto_db/000003.log
D  bin/Release/HorizonData/EBWebView/Default/shared_proto_db/CURRENT
D  bin/Release/HorizonData/EBWebView/Default/shared_proto_db/LOCK
D  bin/Release/HorizonData/EBWebView/Default/shared_proto_db/LOG
D  bin/Release/HorizonData/EBWebView/Default/shared_proto_db/LOG.old
D  bin/Release/HorizonData/EBWebView/Default/shared_proto_db/MANIFEST-000001
D  bin/Release/HorizonData/EBWebView/Default/shared_proto_db/metadata/000003.log
D  bin/Release/HorizonData/EBWebView/Default/shared_proto_db/metadata/CURRENT
D  bin/Release/HorizonData/EBWebView/Default/shared_proto_db/metadata/LOCK
D  bin/Release/HorizonData/EBWebView/Default/shared_proto_db/metadata/LOG
D  bin/Release/HorizonData/EBWebView/Default/shared_proto_db/metadata/LOG.old
D  bin/Release/HorizonData/EBWebView/Default/shared_proto_db/metadata/MANIFEST-000001
D  bin/Release/HorizonData/EBWebView/GPUPersistentCache/DawnGraphiteCache/MNIWWJ6LYBXKQS7RZ2KZNUZ3QHFNW4K3/cache.db
D  bin/Release/HorizonData/EBWebView/GPUPersistentCache/DawnGraphiteCache/MNIWWJ6LYBXKQS7RZ2KZNUZ3QHFNW4K3/cache.db-wal
D  bin/Release/HorizonData/EBWebView/GPUPersistentCache/DawnGraphiteCache/MNIWWJ6LYBXKQS7RZ2KZNUZ3QHFNW4K3/cache.journal
D  bin/Release/HorizonData/EBWebView/GrShaderCache/data_0
D  bin/Release/HorizonData/EBWebView/GrShaderCache/data_1
D  bin/Release/HorizonData/EBWebView/GrShaderCache/data_2
D  bin/Release/HorizonData/EBWebView/GrShaderCache/data_3
D  bin/Release/HorizonData/EBWebView/GrShaderCache/f_000001
D  bin/Release/HorizonData/EBWebView/GrShaderCache/f_000002
D  bin/Release/HorizonData/EBWebView/GrShaderCache/f_000003
D  bin/Release/HorizonData/EBWebView/GrShaderCache/f_000004
D  bin/Release/HorizonData/EBWebView/GrShaderCache/f_000005
D  bin/Release/HorizonData/EBWebView/GrShaderCache/f_000006
D  bin/Release/HorizonData/EBWebView/GrShaderCache/index
D  bin/Release/HorizonData/EBWebView/GraphiteDawnCache/data_0
D  bin/Release/HorizonData/EBWebView/GraphiteDawnCache/data_1
D  bin/Release/HorizonData/EBWebView/GraphiteDawnCache/data_2
D  bin/Release/HorizonData/EBWebView/GraphiteDawnCache/data_3
D  bin/Release/HorizonData/EBWebView/GraphiteDawnCache/index
D  "bin/Release/HorizonData/EBWebView/Last Version"
D  "bin/Release/HorizonData/EBWebView/Local State"
D  bin/Release/HorizonData/EBWebView/OriginTrials/0.0.1.7/manifest.json
D  bin/Release/HorizonData/EBWebView/PKIMetadata/46.0.0.0/crs.pb
D  bin/Release/HorizonData/EBWebView/PKIMetadata/46.0.0.0/ct_config.pb
D  bin/Release/HorizonData/EBWebView/PKIMetadata/46.0.0.0/kp_pinslist.pb
D  bin/Release/HorizonData/EBWebView/PKIMetadata/46.0.0.0/manifest.json
D  bin/Release/HorizonData/EBWebView/ShaderCache/data_0
D  bin/Release/HorizonData/EBWebView/ShaderCache/data_1
D  bin/Release/HorizonData/EBWebView/ShaderCache/data_2
D  bin/Release/HorizonData/EBWebView/ShaderCache/data_3
D  bin/Release/HorizonData/EBWebView/ShaderCache/index
D  "bin/Release/HorizonData/EBWebView/Speech Recognition/1.15.0.1/Microsoft.CognitiveServices.Speech.core.dll"
D  "bin/Release/HorizonData/EBWebView/Speech Recognition/1.15.0.1/manifest.json"
D  "bin/Release/HorizonData/EBWebView/Subresource Filter/Indexed Rules/37/10.34.0.84/LICENSE"
D  "bin/Release/HorizonData/EBWebView/Subresource Filter/Indexed Rules/37/10.34.0.84/Ruleset Data"
D  "bin/Release/HorizonData/EBWebView/Subresource Filter/Unindexed Rules/10.34.0.84/Filtering Rules"
D  "bin/Release/HorizonData/EBWebView/Subresource Filter/Unindexed Rules/10.34.0.84/Filtering Rules-AA"
D  "bin/Release/HorizonData/EBWebView/Subresource Filter/Unindexed Rules/10.34.0.84/Filtering Rules-CA"
D  "bin/Release/HorizonData/EBWebView/Subresource Filter/Unindexed Rules/10.34.0.84/LICENSE"
D  "bin/Release/HorizonData/EBWebView/Subresource Filter/Unindexed Rules/10.34.0.84/Part-DE"
D  "bin/Release/HorizonData/EBWebView/Subresource Filter/Unindexed Rules/10.34.0.84/Part-ES"
D  "bin/Release/HorizonData/EBWebView/Subresource Filter/Unindexed Rules/10.34.0.84/Part-FR"
D  "bin/Release/HorizonData/EBWebView/Subresource Filter/Unindexed Rules/10.34.0.84/Part-IT"
D  "bin/Release/HorizonData/EBWebView/Subresource Filter/Unindexed Rules/10.34.0.84/Part-NL"
D  "bin/Release/HorizonData/EBWebView/Subresource Filter/Unindexed Rules/10.34.0.84/Part-RU"
D  "bin/Release/HorizonData/EBWebView/Subresource Filter/Unindexed Rules/10.34.0.84/Part-ZH"
D  "bin/Release/HorizonData/EBWebView/Subresource Filter/Unindexed Rules/10.34.0.84/adblock_snippet.js"
D  "bin/Release/HorizonData/EBWebView/Subresource Filter/Unindexed Rules/10.34.0.84/manifest.json"
D  bin/Release/HorizonData/EBWebView/TrustTokenKeyCommitments/2026.3.23.1/LICENSE
D  bin/Release/HorizonData/EBWebView/TrustTokenKeyCommitments/2026.3.23.1/_metadata/verified_contents.json
D  bin/Release/HorizonData/EBWebView/TrustTokenKeyCommitments/2026.3.23.1/keys.json
D  bin/Release/HorizonData/EBWebView/TrustTokenKeyCommitments/2026.3.23.1/manifest.json
D  bin/Release/HorizonData/EBWebView/Variations
D  bin/Release/HorizonData/EBWebView/component_crx_cache/bec8ead1da3c9600fe66bbcc0e7a9bed9a184c1be821b4d23570c6b7af7f0410
D  bin/Release/HorizonData/EBWebView/component_crx_cache/metadata.json
D  bin/Release/HorizonData/EBWebView/extensions_crx_cache/metadata.json
D  bin/Release/HorizonData/EBWebView/hyphen-data/120.0.6050.0/_metadata/verified_contents.json
D  bin/Release/HorizonData/EBWebView/hyphen-data/120.0.6050.0/hyph-af.hyb
D  bin/Release/HorizonData/EBWebView/hyphen-data/120.0.6050.0/hyph-as.hyb
D  bin/Release/HorizonData/EBWebView/hyphen-data/120.0.6050.0/hyph-be.hyb
D  bin/Release/HorizonData/EBWebView/hyphen-data/120.0.6050.0/hyph-bg.hyb
D  bin/Release/HorizonData/EBWebView/hyphen-data/120.0.6050.0/hyph-bn.hyb
D  bin/Release/HorizonData/EBWebView/hyphen-data/120.0.6050.0/hyph-cs.hyb
D  bin/Release/HorizonData/EBWebView/hyphen-data/120.0.6050.0/hyph-cu.hyb
D  bin/Release/HorizonData/EBWebView/hyphen-data/120.0.6050.0/hyph-cy.hyb
D  bin/Release/HorizonData/EBWebView/hyphen-data/120.0.6050.0/hyph-da.hyb
D  bin/Release/HorizonData/EBWebView/hyphen-data/120.0.6050.0/hyph-de-1901.hyb
D  bin/Release/HorizonData/EBWebView/hyphen-data/120.0.6050.0/hyph-de-1996.hyb
D  bin/Release/HorizonData/EBWebView/hyphen-data/120.0.6050.0/hyph-de-ch-1901.hyb
D  bin/Release/HorizonData/EBWebView/hyphen-data/120.0.6050.0/hyph-el.hyb
D  bin/Release/HorizonData/EBWebView/hyphen-data/120.0.6050.0/hyph-en-gb.hyb
D  bin/Release/HorizonData/EBWebView/hyphen-data/120.0.6050.0/hyph-en-us.hyb
D  bin/Release/HorizonData/EBWebView/hyphen-data/120.0.6050.0/hyph-es.hyb
D  bin/Release/HorizonData/EBWebView/hyphen-data/120.0.6050.0/hyph-et.hyb
D  bin/Release/HorizonData/EBWebView/hyphen-data/120.0.6050.0/hyph-eu.hyb
D  bin/Release/HorizonData/EBWebView/hyphen-data/120.0.6050.0/hyph-fr.hyb
D  bin/Release/HorizonData/EBWebView/hyphen-data/120.0.6050.0/hyph-ga.hyb
D  bin/Release/HorizonData/EBWebView/hyphen-data/120.0.6050.0/hyph-gl.hyb
D  bin/Release/HorizonData/EBWebView/hyphen-data/120.0.6050.0/hyph-gu.hyb
D  bin/Release/HorizonData/EBWebView/hyphen-data/120.0.6050.0/hyph-hi.hyb
D  bin/Release/HorizonData/EBWebView/hyphen-data/120.0.6050.0/hyph-hr.hyb
D  bin/Release/HorizonData/EBWebView/hyphen-data/120.0.6050.0/hyph-hu.hyb
D  bin/Release/HorizonData/EBWebView/hyphen-data/120.0.6050.0/hyph-hy.hyb
D  bin/Release/HorizonData/EBWebView/hyphen-data/120.0.6050.0/hyph-it.hyb
D  bin/Release/HorizonData/EBWebView/hyphen-data/120.0.6050.0/hyph-ka.hyb
D  bin/Release/HorizonData/EBWebView/hyphen-data/120.0.6050.0/hyph-kn.hyb
D  bin/Release/HorizonData/EBWebView/hyphen-data/120.0.6050.0/hyph-la.hyb
D  bin/Release/HorizonData/EBWebView/hyphen-data/120.0.6050.0/hyph-lt.hyb
D  bin/Release/HorizonData/EBWebView/hyphen-data/120.0.6050.0/hyph-lv.hyb
D  bin/Release/HorizonData/EBWebView/hyphen-data/120.0.6050.0/hyph-ml.hyb
D  bin/Release/HorizonData/EBWebView/hyphen-data/120.0.6050.0/hyph-mn-cyrl.hyb
D  bin/Release/HorizonData/EBWebView/hyphen-data/120.0.6050.0/hyph-mr.hyb
D  bin/Release/HorizonData/EBWebView/hyphen-data/120.0.6050.0/hyph-mul-ethi.hyb
D  bin/Release/HorizonData/EBWebView/hyphen-data/120.0.6050.0/hyph-nb.hyb
D  bin/Release/HorizonData/EBWebView/hyphen-data/120.0.6050.0/hyph-nl.hyb
D  bin/Release/HorizonData/EBWebView/hyphen-data/120.0.6050.0/hyph-nn.hyb
D  bin/Release/HorizonData/EBWebView/hyphen-data/120.0.6050.0/hyph-or.hyb
D  bin/Release/HorizonData/EBWebView/hyphen-data/120.0.6050.0/hyph-pa.hyb
D  bin/Release/HorizonData/EBWebView/hyphen-data/120.0.6050.0/hyph-pt.hyb
D  bin/Release/HorizonData/EBWebView/hyphen-data/120.0.6050.0/hyph-ru.hyb
D  bin/Release/HorizonData/EBWebView/hyphen-data/120.0.6050.0/hyph-sk.hyb
D  bin/Release/HorizonData/EBWebView/hyphen-data/120.0.6050.0/hyph-sl.hyb
D  bin/Release/HorizonData/EBWebView/hyphen-data/120.0.6050.0/hyph-sq.hyb
D  bin/Release/HorizonData/EBWebView/hyphen-data/120.0.6050.0/hyph-sv.hyb
D  bin/Release/HorizonData/EBWebView/hyphen-data/120.0.6050.0/hyph-ta.hyb
D  bin/Release/HorizonData/EBWebView/hyphen-data/120.0.6050.0/hyph-te.hyb
D  bin/Release/HorizonData/EBWebView/hyphen-data/120.0.6050.0/hyph-tk.hyb
D  bin/Release/HorizonData/EBWebView/hyphen-data/120.0.6050.0/hyph-uk.hyb
D  bin/Release/HorizonData/EBWebView/hyphen-data/120.0.6050.0/hyph-und-ethi.hyb
D  bin/Release/HorizonData/EBWebView/hyphen-data/120.0.6050.0/manifest.json
D  bin/Release/HorizonData/FaviconCache/1mov.lol.png
D  bin/Release/HorizonData/FaviconCache/accounts.google.com.png
D  bin/Release/HorizonData/FaviconCache/alohafind.com.png
D  bin/Release/HorizonData/FaviconCache/chromewebstore.google.com.png
D  bin/Release/HorizonData/FaviconCache/claude.ai.png
D  bin/Release/HorizonData/FaviconCache/claude.com.png
D  bin/Release/HorizonData/FaviconCache/docs.google.com.png
D  bin/Release/HorizonData/FaviconCache/feedbackcol-nszemvwz.manus.space.png
D  bin/Release/HorizonData/FaviconCache/forum.ubden.com.tr.png
D  bin/Release/HorizonData/FaviconCache/gemini.google.com.png
D  bin/Release/HorizonData/FaviconCache/ghappstore-j93n3sq2.manus.space.png
D  bin/Release/HorizonData/FaviconCache/github.com.png
D  bin/Release/HorizonData/FaviconCache/hianimes.se.png
D  bin/Release/HorizonData/FaviconCache/mail.google.com.png
D  bin/Release/HorizonData/FaviconCache/manus.im.png
D  bin/Release/HorizonData/FaviconCache/manussend-8ladxhzk.manus.space.png
D  bin/Release/HorizonData/FaviconCache/mdl.fcst.tu-sofia.bg.png
D  bin/Release/HorizonData/FaviconCache/music.youtube.com.png
D  bin/Release/HorizonData/FaviconCache/myaccount.google.com.png
D  bin/Release/HorizonData/FaviconCache/notebooklm.google.com.png
D  bin/Release/HorizonData/FaviconCache/photos.google.com.png
D  bin/Release/HorizonData/FaviconCache/steamcommunity.com.png
D  bin/Release/HorizonData/FaviconCache/support.google.com.png
D  bin/Release/HorizonData/FaviconCache/thebyteseffect.com.png
D  bin/Release/HorizonData/FaviconCache/thepiratebay.party.png
D  bin/Release/HorizonData/FaviconCache/tu-sofia.bg.png
D  bin/Release/HorizonData/FaviconCache/v1.tldrthis.com.png
D  bin/Release/HorizonData/FaviconCache/web.telegram.org.png
D  bin/Release/HorizonData/FaviconCache/www.ageofempires.com.png
D  bin/Release/HorizonData/FaviconCache/www.anthropic.com.png
D  bin/Release/HorizonData/FaviconCache/www.crunchyroll.com.png
D  bin/Release/HorizonData/FaviconCache/www.emag.bg.png
D  bin/Release/HorizonData/FaviconCache/www.google.com.png
D  bin/Release/HorizonData/FaviconCache/www.microsoft.com.png
D  bin/Release/HorizonData/FaviconCache/www.pirateproxy-bay.com.png
D  bin/Release/HorizonData/FaviconCache/www.reddit.com.png
D  bin/Release/HorizonData/FaviconCache/www.sublimehq.com.png
D  bin/Release/HorizonData/FaviconCache/www.youtube.com.png
D  bin/Release/HorizonData/config.json
D  bin/Release/HorizonData/flux_sort_defaults.json
D  code_files/!START_Horizon_Browser.lnk
D  code_files/.gitignore
D  code_files/App.xaml
D  code_files/App.xaml.cs
D  code_files/Build_Release.bat
D  code_files/Build_Release_FAST.bat
D  code_files/Controls/BrowserView.xaml
D  code_files/Controls/BrowserView.xaml.cs
D  code_files/Controls/FluxSidebar.xaml
D  code_files/Controls/FluxSidebar.xaml.cs
D  code_files/Controls/Omnibox.xaml
D  code_files/Controls/Omnibox.xaml.cs
D  code_files/Controls/PdfOpenDialog.xaml
D  code_files/Controls/PdfOpenDialog.xaml.cs
D  code_files/Controls/VaultSidebar.xaml
D  code_files/Controls/VaultSidebar.xaml.cs
D  code_files/Core/ExtensionInstaller.cs
D  code_files/Core/StealthEnvironment.cs
D  code_files/Core/TabColorPaletteExtractor.cs
D  code_files/Horizon.Browser.csproj
D  code_files/Horizon.bat
D  code_files/Horizon_Bootstrapper.bat
D  code_files/Install_Horizon_Browser_beta.ifp
D  code_files/LICENSE
D  code_files/LICENSE.rtf
D  code_files/LICENSE.txt
D  code_files/MainWindow.AdvancedCalc.cs
D  code_files/MainWindow.Widgets.cs
D  code_files/MainWindow.xaml
D  code_files/MainWindow.xaml.cs
D  code_files/MainWindow.xaml.cs.bak
D  code_files/Output/Setup_Horizon_Browser_Beta.exe
D  code_files/PRIVACY_POLICY.md
D  code_files/README.md
D  code_files/Services/AccountSyncService.cs
D  code_files/Services/BackgroundKeepAliveService.cs
D  code_files/Services/BookmarksService.cs
D  code_files/Services/BrowserDetectionService.cs
D  code_files/Services/CacheJanitorService.cs
D  code_files/Services/ChromiumHarvester.cs
D  code_files/Services/ConfigService.cs
D  code_files/Services/ExtensionRecord.cs
D  code_files/Services/ExtensionService.cs
D  code_files/Services/FluxJanitorService.cs
D  code_files/Services/GithubUpdateService.cs
D  code_files/Services/HealthService.cs
D  code_files/Services/HistoryService.cs
D  code_files/Services/HomePageService.cs
D  code_files/Services/LogService.cs
D  code_files/Services/MediaDownloadService.cs
D  code_files/Services/SettingsService.cs
D  code_files/Services/TabSleepRulesService.cs
D  code_files/Services/ThemeService.cs
D  code_files/Services/VaultService.cs
D  code_files/Setup_Horizon_Browser_Alpha.ifp
D  code_files/Setup_Horizon_Browser_Beta.ifp
D  code_files/Setup_Horizon_Browser_Beta.iss
D  code_files/Themes/Horizon.xaml
D  code_files/Themes/Light.xaml
D  code_files/Themes/Redmond.xaml
D  code_files/Uninstall/uninstall.bat
D  code_files/Update_manager.bat
D  code_files/Update_manager_OLD.bat
D  code_files/ViewModels/TabViewModel.cs
D  code_files/Views/LoginRecoveryDialog.xaml
D  code_files/Views/LoginRecoveryDialog.xaml.cs
D  code_files/Views/MaintenanceWindow.xaml
D  code_files/Views/MaintenanceWindow.xaml.cs
D  code_files/Views/NotificationToast.xaml
D  code_files/Views/NotificationToast.xaml.cs
D  code_files/Views/SettingsWindow.xaml
D  code_files/Views/SettingsWindow.xaml.cs
D  code_files/Views/TabSwitcherWindow.xaml
D  code_files/Views/TabSwitcherWindow.xaml.cs
D  code_files/backup.bat
D  code_files/changelog.txt
D  code_files/cookies.json
D  code_files/deploy_branch.bat
D  code_files/dir
D  code_files/emergency_log_failure.txt
D  code_files/extra_files.txt
D  code_files/history.json
D  code_files/horizon.conf
D  code_files/install_auto.ps1
D  code_files/logs/Setup_Bootstrapper.log
D  code_files/logs/horizon_update.log
D  code_files/logs/scan_debug_1776531966.log
D  code_files/logs/scan_debug_1776532031.log
D  code_files/logs/scan_debug_1776706586.log
D  code_files/logs/scan_debug_1776706631.log
D  code_files/logs/scan_debug_1782134229.log
D  code_files/logs/scan_debug_1782135107.log
D  code_files/logs/scan_debug_1782135140.log
D  code_files/logs/scan_debug_1782135373.log
D  code_files/maintenance_tool.bat
D  code_files/manage_build_files.bat
D  code_files/mapper_exclusions.txt
D  code_files/overlay.hta
D  code_files/path.txt
D  code_files/project_map_1782135374.txt
D  code_files/project_mapper.py
D  code_files/restore.bat
D  code_files/src/Gemini_Generated_Image_7395cs7395cs7395.ico
D  code_files/src/Gemini_Generated_Image_7395cs7395cs7395.png
D  code_files/src/icons/Gemini_Generated_Image_7395cs7395cs7395.ico
D  code_files/start_horizon.bat
D  code_files/start_mapper.bat
D  code_files/update.txt
D  code_files/update_orchestrator.bat
D  code_files/update_status.txt
D  code_files/version.txt
A  logs/push_to_github_20260921_163549.log
A  logs/push_to_github_20260921_165104.log
A  logs/scan_debug_1789998234.log
D  project_map_1782135374.txt
D  project_map_1784797406.txt
A  project_map_1789998235.txt
M  push_to_github.py
M  version.txt
?? logs/push_to_github_20260921_165158.log
2026-09-21 16:53:34,189 [DEBUG] stderr: 
2026-09-21 16:53:34,190 [DEBUG] Running: git rev-parse HEAD
2026-09-21 16:53:34,284 [DEBUG] stdout: 54248b33eb6c021f084c04306a407de67e335f2f
2026-09-21 16:53:34,284 [DEBUG] stderr: 
2026-09-21 16:53:34,284 [DEBUG] Running: git stash
2026-09-21 16:53:37,092 [DEBUG] stdout: Saved working directory and index state WIP on official_release: 54248b3 Merge origin/official_release, prefer ours
2026-09-21 16:53:37,093 [DEBUG] stderr: 
2026-09-21 16:53:37,093 [DEBUG] Running: git branch --list
2026-09-21 16:53:37,197 [DEBUG] stdout: local_usable
* official_release
2026-09-21 16:53:37,197 [DEBUG] stderr: 
2026-09-21 16:53:37,197 [DEBUG] Running: git checkout official_release
2026-09-21 16:53:37,423 [DEBUG] stdout: Your branch is up to date with 'origin/official_release'.
2026-09-21 16:53:37,423 [DEBUG] stderr: Already on 'official_release'
2026-09-21 16:53:37,424 [DEBUG] Running: git stash pop
2026-09-21 16:53:39,106 [DEBUG] stdout: On branch official_release
Your branch is up to date with 'origin/official_release'.

Changes to be committed:
  (use "git restore --staged <file>..." to unstage)
	new file:   logs/push_to_github_20260921_163549.log
	new file:   logs/push_to_github_20260921_165104.log
	new file:   logs/scan_debug_1789998234.log
	new file:   project_map_1789998235.txt

Changes not staged for commit:
  (use "git add/rm <file>..." to update what will be committed)
  (use "git restore <file>..." to discard changes in working directory)
	deleted:    Install_Horizon_Browser_beta.ifp
	deleted:    Setup_Horizon_Browser_Alpha.ifp
	deleted:    Setup_Horizon_Browser_Beta.ifp
	deleted:    Setup_Horizon_Browser_Beta.iss
	deleted:    bin/Release/HorizonData/EBWebView/AutoLaunchProtocolsComponent/1.0.0.10/manifest.json
	deleted:    bin/Release/HorizonData/EBWebView/AutoLaunchProtocolsComponent/1.0.0.10/protocols.json
	deleted:    bin/Release/HorizonData/EBWebView/BrowserMetrics/BrowserMetrics-6A4FF9BB-FC8.pma
	deleted:    bin/Release/HorizonData/EBWebView/BrowserMetrics/BrowserMetrics-6A4FFA12-37C4.pma
	deleted:    bin/Release/HorizonData/EBWebView/BrowserMetrics/BrowserMetrics-6A4FFA30-42BC.pma
	deleted:    bin/Release/HorizonData/EBWebView/CertificateRevocation/6498.2025.9.4/crl-set
	deleted:    bin/Release/HorizonData/EBWebView/CertificateRevocation/6498.2025.9.4/manifest.json
	deleted:    bin/Release/HorizonData/EBWebView/Crashpad/metadata
	deleted:    bin/Release/HorizonData/EBWebView/Crashpad/settings.dat
	deleted:    bin/Release/HorizonData/EBWebView/Crashpad/temp/edge_shutdown_crash.txt
	deleted:    bin/Release/HorizonData/EBWebView/Crashpad/throttle_store.dat
	deleted:    bin/Release/HorizonData/EBWebView/Crashpad/watson_metadata
	deleted:    bin/Release/HorizonData/EBWebView/Default/AutofillAiModelCache/LOCK
	deleted:    bin/Release/HorizonData/EBWebView/Default/AutofillAiModelCache/LOG
	deleted:    bin/Release/HorizonData/EBWebView/Default/AutofillAiModelCache/LOG.old
	deleted:    bin/Release/HorizonData/EBWebView/Default/AutofillStrikeDatabase/LOCK
	deleted:    bin/Release/HorizonData/EBWebView/Default/AutofillStrikeDatabase/LOG
	deleted:    bin/Release/HorizonData/EBWebView/Default/AutofillStrikeDatabase/LOG.old
	deleted:    bin/Release/HorizonData/EBWebView/Default/BookmarkMergedSurfaceOrdering
	deleted:    bin/Release/HorizonData/EBWebView/Default/BrowsingTopicsSiteData
	deleted:    bin/Release/HorizonData/EBWebView/Default/BrowsingTopicsSiteData-journal
	deleted:    bin/Release/HorizonData/EBWebView/Default/BrowsingTopicsState
	deleted:    bin/Release/HorizonData/EBWebView/Default/BudgetDatabase/LOCK
	deleted:    bin/Release/HorizonData/EBWebView/Default/BudgetDatabase/LOG
	deleted:    bin/Release/HorizonData/EBWebView/Default/BudgetDatabase/LOG.old
	deleted:    bin/Release/HorizonData/EBWebView/Default/Cache/Cache_Data/data_0
	deleted:    bin/Release/HorizonData/EBWebView/Default/Cache/Cache_Data/data_1
	deleted:    bin/Release/HorizonData/EBWebView/Default/Cache/Cache_Data/data_2
	deleted:    bin/Release/HorizonData/EBWebView/Default/Cache/Cache_Data/data_3
	deleted:    bin/Release/HorizonData/EBWebView/Default/Cache/Cache_Data/f_000001
	deleted:    bin/Release/HorizonData/EBWebView/Default/Cache/Cache_Data/f_000002
	deleted:    bin/Release/HorizonData/EBWebView/Default/Cache/Cache_Data/f_000003
	deleted:    bin/Release/HorizonData/EBWebView/Default/Cache/Cache_Data/f_000004
	deleted:    bin/Release/HorizonData/EBWebView/Default/Cache/Cache_Data/f_000005
	deleted:    bin/Release/HorizonData/EBWebView/Default/Cache/Cache_Data/f_000006
	deleted:    bin/Release/HorizonData/EBWebView/Default/Cache/Cache_Data/f_000007
	deleted:    bin/Release/HorizonData/EBWebView/Default/Cache/Cache_Data/f_000008
	deleted:    bin/Release/HorizonData/EBWebView/Default/Cache/Cache_Data/f_000009
	deleted:    bin/Release/HorizonData/EBWebView/Default/Cache/Cache_Data/f_00000a
	deleted:    bin/Release/HorizonData/EBWebView/Default/Cache/Cache_Data/f_00000b
	deleted:    bin/Release/HorizonData/EBWebView/Default/Cache/Cache_Data/f_00000c
	deleted:    bin/Release/HorizonData/EBWebView/Default/Cache/Cache_Data/f_00000d
	deleted:    bin/Release/HorizonData/EBWebView/Default/Cache/Cache_Data/f_00000e
	deleted:    bin/Release/HorizonData/EBWebView/Default/Cache/Cache_Data/f_00000f
	deleted:    bin/Release/HorizonData/EBWebView/Default/Cache/Cache_Data/f_000010
	deleted:    bin/Release/HorizonData/EBWebView/Default/Cache/Cache_Data/f_000011
	deleted:    bin/Release/HorizonData/EBWebView/Default/Cache/Cache_Data/f_000012
	deleted:    bin/Release/HorizonData/EBWebView/Default/Cache/Cache_Data/f_000013
	deleted:    bin/Release/HorizonData/EBWebView/Default/Cache/Cache_Data/f_000015
	deleted:    bin/Release/HorizonData/EBWebView/Default/Cache/Cache_Data/f_000016
	deleted:    bin/Release/HorizonData/EBWebView/Default/Cache/Cache_Data/f_000017
	deleted:    bin/Release/HorizonData/EBWebView/Default/Cache/Cache_Data/f_000018
	deleted:    bin/Release/HorizonData/EBWebView/Default/Cache/Cache_Data/f_000019
	deleted:    bin/Release/HorizonData/EBWebView/Default/Cache/Cache_Data/f_00001b
	deleted:    bin/Release/HorizonData/EBWebView/Default/Cache/Cache_Data/f_00001c
	deleted:    bin/Release/HorizonData/EBWebView/Default/Cache/Cache_Data/f_00001d
	deleted:    bin/Release/HorizonData/EBWebView/Default/Cache/Cache_Data/f_00001e
	deleted:    bin/Release/HorizonData/EBWebView/Default/Cache/Cache_Data/f_00001f
	deleted:    bin/Release/HorizonData/EBWebView/Default/Cache/Cache_Data/f_000020
	deleted:    bin/Release/HorizonData/EBWebView/Default/Cache/Cache_Data/f_000021
	deleted:    bin/Release/HorizonData/EBWebView/Default/Cache/Cache_Data/f_000022
	deleted:    bin/Release/HorizonData/EBWebView/Default/Cache/Cache_Data/f_000023
	deleted:    bin/Release/HorizonData/EBWebView/Default/Cache/Cache_Data/f_000024
	deleted:    bin/Release/HorizonData/EBWebView/Default/Cache/Cache_Data/f_000025
	deleted:    bin/Release/HorizonData/EBWebView/Default/Cache/Cache_Data/f_000026
	deleted:    bin/Release/HorizonData/EBWebView/Default/Cache/Cache_Data/f_000027
	deleted:    bin/Release/HorizonData/EBWebView/Default/Cache/Cache_Data/f_000028
	deleted:    bin/Release/HorizonData/EBWebView/Default/Cache/Cache_Data/f_000029
	deleted:    bin/Release/HorizonData/EBWebView/Default/Cache/Cache_Data/f_00002a
	deleted:    bin/Release/HorizonData/EBWebView/Default/Cache/Cache_Data/f_00002b
	deleted:    bin/Release/HorizonData/EBWebView/Default/Cache/Cache_Data/f_00002c
	deleted:    bin/Release/HorizonData/EBWebView/Default/Cache/Cache_Data/f_00002d
	deleted:    bin/Release/HorizonData/EBWebView/Default/Cache/Cache_Data/f_00002e
	deleted:    bin/Release/HorizonData/EBWebView/Default/Cache/Cache_Data/f_00002f
	deleted:    bin/Release/HorizonData/EBWebView/Default/Cache/Cache_Data/f_000030
	deleted:    bin/Release/HorizonData/EBWebView/Default/Cache/Cache_Data/f_000031
	deleted:    bin/Release/HorizonData/EBWebView/Default/Cache/Cache_Data/f_000032
	deleted:    bin/Release/HorizonData/EBWebView/Default/Cache/Cache_Data/f_000033
	deleted:    bin/Release/HorizonData/EBWebView/Default/Cache/Cache_Data/f_000034
	deleted:    bin/Release/HorizonData/EBWebView/Default/Cache/Cache_Data/f_000035
	deleted:    bin/Release/HorizonData/EBWebView/Default/Cache/Cache_Data/f_000036
	deleted:    bin/Release/HorizonData/EBWebView/Default/Cache/Cache_Data/f_000037
	deleted:    bin/Release/HorizonData/EBWebView/Default/Cache/Cache_Data/f_000038
	deleted:    bin/Release/HorizonData/EBWebView/Default/Cache/Cache_Data/f_000039
	deleted:    bin/Release/HorizonData/EBWebView/Default/Cache/Cache_Data/f_00003a
	deleted:    bin/Release/HorizonData/EBWebView/Default/Cache/Cache_Data/f_00003b
	deleted:    bin/Release/HorizonData/EBWebView/Default/Cache/Cache_Data/f_00003c
	deleted:    bin/Release/HorizonData/EBWebView/Default/Cache/Cache_Data/f_00003d
	deleted:    bin/Release/HorizonData/EBWebView/Default/Cache/Cache_Data/f_00003e
	deleted:    bin/Release/HorizonData/EBWebView/Default/Cache/Cache_Data/f_00003f
	deleted:    bin/Release/HorizonData/EBWebView/Default/Cache/Cache_Data/f_000040
	deleted:    bin/Release/HorizonData/EBWebView/Default/Cache/Cache_Data/f_000041
	deleted:    bin/Release/HorizonData/EBWebView/Default/Cache/Cache_Data/f_000042
	deleted:    bin/Release/HorizonData/EBWebView/Default/Cache/Cache_Data/f_000043
	deleted:    bin/Release/HorizonData/EBWebView/Default/Cache/Cache_Data/f_000044
	deleted:    bin/Release/HorizonData/EBWebView/Default/Cache/Cache_Data/f_000045
	deleted:    bin/Release/HorizonData/EBWebView/Default/Cache/Cache_Data/f_000046
	deleted:    bin/Release/HorizonData/EBWebView/Default/Cache/Cache_Data/f_000047
	deleted:    bin/Release/HorizonData/EBWebView/Default/Cache/Cache_Data/f_000048
	deleted:    bin/Release/HorizonData/EBWebView/Default/Cache/Cache_Data/f_000049
	deleted:    bin/Release/HorizonData/EBWebView/Default/Cache/Cache_Data/f_00004a
	deleted:    bin/Release/HorizonData/EBWebView/Default/Cache/Cache_Data/f_00004b
	deleted:    bin/Release/HorizonData/EBWebView/Default/Cache/Cache_Data/f_00004c
	deleted:    bin/Release/HorizonData/EBWebView/Default/Cache/Cache_Data/f_00004d
	deleted:    bin/Release/HorizonData/EBWebView/Default/Cache/Cache_Data/f_00004e
	deleted:    bin/Release/HorizonData/EBWebView/Default/Cache/Cache_Data/f_00004f
	deleted:    bin/Release/HorizonData/EBWebView/Default/Cache/Cache_Data/f_000050
	deleted:    bin/Release/HorizonData/EBWebView/Default/Cache/Cache_Data/f_000051
	deleted:    bin/Release/HorizonData/EBWebView/Default/Cache/Cache_Data/f_000052
	deleted:    bin/Release/HorizonData/EBWebView/Default/Cache/Cache_Data/f_000053
	deleted:    bin/Release/HorizonData/EBWebView/Default/Cache/Cache_Data/f_000054
	deleted:    bin/Release/HorizonData/EBWebView/Default/Cache/Cache_Data/f_000055
	deleted:    bin/Release/HorizonData/EBWebView/Default/Cache/Cache_Data/f_000056
	deleted:    bin/Release/HorizonData/EBWebView/Default/Cache/Cache_Data/index
	deleted:    bin/Release/HorizonData/EBWebView/Default/Cache/No_Vary_Search/journal.baj
	deleted:    bin/Release/HorizonData/EBWebView/Default/Cache/No_Vary_Search/snapshot.baf
	deleted:    bin/Release/HorizonData/EBWebView/Default/ClientCertificates/LOCK
	deleted:    bin/Release/HorizonData/EBWebView/Default/ClientCertificates/LOG
	deleted:    bin/Release/HorizonData/EBWebView/Default/ClientCertificates/LOG.old
	deleted:    bin/Release/HorizonData/EBWebView/Default/Code Cache/js/0076dbc2687a75c8_0
	deleted:    bin/Release/HorizonData/EBWebView/Default/Code Cache/js/02df4d919d1db631_0
	deleted:    bin/Release/HorizonData/EBWebView/Default/Code Cache/js/030deb08ea7f5704_0
	deleted:    bin/Release/HorizonData/EBWebView/Default/Code Cache/js/039b9efa13a61bad_0
	deleted:    bin/Release/HorizonData/EBWebView/Default/Code Cache/js/03ab767b40f8cfee_0
	deleted:    bin/Release/HorizonData/EBWebView/Default/Code Cache/js/043af1923a883e16_0
	deleted:    bin/Release/HorizonData/EBWebView/Default/Code Cache/js/04496e09a82d7be4_0
	deleted:    bin/Release/HorizonData/EBWebView/Default/Code Cache/js/04b821652310fb13_0
	deleted:    bin/Release/HorizonData/EBWebView/Default/Code Cache/js/05b26522fd606645_0
	deleted:    bin/Release/HorizonData/EBWebView/Default/Code Cache/js/071d0789528838a9_0
	deleted:    bin/Release/HorizonData/EBWebView/Default/Code Cache/js/086ced5af2bd8220_0
	deleted:    bin/Release/HorizonData/EBWebView/Default/Code Cache/js/0a4c526d5d310100_0
	deleted:    bin/Release/HorizonData/EBWebView/Default/Code Cache/js/0aaaf6edb73e546a_0
	deleted:    bin/Release/HorizonData/EBWebView/Default/Code Cache/js/0afc682fb9dad7c2_0
	deleted:    bin/Release/HorizonData/EBWebView/Default/Code Cache/js/0b06db1a6bf880c2_0
	deleted:    bin/Release/HorizonData/EBWebView/Default/Code Cache/js/0b3a0da62588e0f5_0
	deleted:    bin/Release/HorizonData/EBWebView/Default/Code Cache/js/0c015efe6e649523_0
	deleted:    bin/Release/HorizonData/EBWebView/Default/Code Cache/js/0f7a89f46f65133f_0
	deleted:    bin/Release/HorizonData/EBWebView/Default/Code Cache/js/0f7e5eeea93299c9_0
	deleted:    bin/Release/HorizonData/EBWebView/Default/Code Cache/js/103adf3520105e0f_0
	deleted:    bin/Release/HorizonData/EBWebView/Default/Code Cache/js/11328cb64a5d60eb_0
	deleted:    bin/Release/HorizonData/EBWebView/Default/Code Cache/js/113d72327aacc717_0
	deleted:    bin/Release/HorizonData/EBWebView/Default/Code Cache/js/1154210b0c0831c9_0
	deleted:    bin/Release/HorizonData/EBWebView/Default/Code Cache/js/1253ddc0847524d9_0
	deleted:    bin/Release/HorizonData/EBWebView/Default/Code Cache/js/13b86ba548c0a839_0
	deleted:    bin/Release/HorizonData/EBWebView/Default/Code Cache/js/142a6170a0e9d869_0
	deleted:    bin/Release/HorizonData/EBWebView/Default/Code Cache/js/1607200edb381bca_0
	deleted:    bin/Release/HorizonData/EBWebView/Default/Code Cache/js/166f248488e8e434_0
	deleted:    bin/Release/HorizonData/EBWebView/Default/Code Cache/js/191897f97e361b8f_0
	deleted:    bin/Release/HorizonData/EBWebView/Default/Code Cache/js/195e2fd790676a21_0
	deleted:    bin/Release/HorizonData/EBWebView/Default/Code Cache/js/198e8104f7f87921_0
	deleted:    bin/Release/HorizonData/EBWebView/Default/Code Cache/js/1bcd9e7257b3b57d_0
	deleted:    bin/Release/HorizonData/EBWebView/Default/Code Cache/js/1be905117ed82795_0
	deleted:    bin/Release/HorizonData/EBWebView/Default/Code Cache/js/1bf5e7db2cc86bc8_0
	deleted:    bin/Release/HorizonData/EBWebView/Default/Code Cache/js/1c93a3582c65c4d3_0
	deleted:    bin/Release/HorizonData/EBWebView/Default/Code Cache/js/1cc55164091f7d02_0
	deleted:    bin/Release/HorizonData/EBWebView/Default/Code Cache/js/1cdfac3e3497e90e_0
	deleted:    bin/Release/HorizonData/EBWebView/Default/Code Cache/js/1d25890505165c28_0
	deleted:    bin/Release/HorizonData/EBWebView/Default/Code Cache/js/1e533551742eeaf0_0
	deleted:    bin/Release/HorizonData/EBWebView/Default/Code Cache/js/1f722db16f1e9c51_0
	deleted:    bin/Release/HorizonData/EBWebView/Default/Code Cache/js/1f780d5738f54f36_0
	deleted:    bin/Release/HorizonData/EBWebView/Default/Code Cache/js/1f7cf8395b07ebcd_0
	deleted:    bin/Release/HorizonData/EBWebView/Default/Code Cache/js/1facba9eab55149f_0
	deleted:    bin/Release/HorizonData/EBWebView/Default/Code Cache/js/210c8b22d39f09d7_0
	deleted:    bin/Release/HorizonData/EBWebView/Default/Code Cache/js/213c9d2da2b585c1_0
	deleted:    bin/Release/HorizonData/EBWebView/Default/Code Cache/js/219ba47e4f3fd15f_0
	deleted:    bin/Release/HorizonData/EBWebView/Default/Code Cache/js/21aa031a3d2c0479_0
	deleted:    bin/Release/HorizonData/EBWebView/Default/Code Cache/js/22f3ce7a7d7a6aac_0
	deleted:    bin/Release/HorizonData/EBWebView/Default/Code Cache/js/23e0af9c53491d3f_0
	deleted:    bin/Release/HorizonData/EBWebView/Default/Code Cache/js/23ff0c8c70c7689f_0
	deleted:    bin/Release/HorizonData/EBWebView/Default/Code Cache/js/26c4287798fa812c_0
	deleted:    bin/Release/HorizonData/EBWebView/Default/Code Cache/js/285bf0c6b2a0869b_0
	deleted:    bin/Release/HorizonData/EBWebView/Default/Code Cache/js/285e4739357c6106_0
	deleted:    bin/Release/HorizonData/EBWebView/Default/Code Cache/js/29305d07e19521a6_0
	deleted:    bin/Release/HorizonData/EBWebView/Default/Code Cache/js/295728fafc7c1ebe_0
	deleted:    bin/Release/HorizonData/EBWebView/Default/Code Cache/js/29f6e8ab8ec87e6c_0
	deleted:    bin/Release/HorizonData/EBWebView/Default/Code Cache/js/2a61469126e13338_0
	deleted:    bin/Release/HorizonData/EBWebView/Default/Code Cache/js/2aaeea5e819db95a_0
	deleted:    bin/Release/HorizonData/EBWebView/Default/Code Cache/js/2b3ca73aed475f2b_0
	deleted:    bin/Release/HorizonData/EBWebView/Default/Code Cache/js/2b5d95bda3bae015_0
	deleted:    bin/Release/HorizonData/EBWebView/Default/Code Cache/js/2ba4a999fd4f886b_0
	deleted:    bin/Release/HorizonData/EBWebView/Default/Code Cache/js/2c3897a6197a9767_0
	deleted:    bin/Release/HorizonData/EBWebView/Default/Code Cache/js/2c410b04f0114046_0
	deleted:    bin/Release/HorizonData/EBWebView/Default/Code Cache/js/2dc54355c897759f_0
	deleted:    bin/Release/HorizonData/EBWebView/Default/Code Cache/js/2e98f626d1f446d8_0
	deleted:    bin/Release/HorizonData/EBWebView/Default/Code Cache/js/2fea4219311926b6_0
	deleted:    bin/Release/HorizonData/EBWebView/Default/Code Cache/js/301522068fae0a51_0
	deleted:    bin/Release/HorizonData/EBWebView/Default/Code Cache/js/30259e9f37aaf988_0
	deleted:    bin/Release/HorizonData/EBWebView/Default/Code Cache/js/31836ad4b5df3363_0
	deleted:    bin/Release/HorizonData/EBWebView/Default/Code Cache/js/32ac42b2888b846b_0
	deleted:    bin/Release/HorizonData/EBWebView/Default/Code Cache/js/32f350141aa87917_0
	deleted:    bin/Release/HorizonData/EBWebView/Default/Code Cache/js/336a68eaaf209f48_0
	deleted:    bin/Release/HorizonData/EBWebView/Default/Code Cache/js/34ac8a9c0965f5ad_0
	deleted:    bin/Release/HorizonData/EBWebView/Default/Code Cache/js/35a5f42315e20c02_0
	deleted:    bin/Release/HorizonData/EBWebView/Default/Code Cache/js/3724a0324c3b6e26_0
	deleted:    bin/Release/HorizonData/EBWebView/Default/Code Cache/js/3776c937168b5b52_0
	deleted:    bin/Release/HorizonData/EBWebView/Default/Code Cache/js/383a869199a8575d_0
	deleted:    bin/Release/HorizonData/EBWebView/Default/Code Cache/js/38419f8e309412eb_0
	deleted:    bin/Release/HorizonData/EBWebView/Default/Code Cache/js/39cd07b5fed350c5_0
	deleted:    bin/Release/HorizonData/EBWebView/Default/Code Cache/js/3c45437c70bb8ea2_0
	deleted:    bin/Release/HorizonData/EBWebView/Default/Code Cache/js/3d67dae5c887164b_0
	deleted:    bin/Release/HorizonData/EBWebView/Default/Code Cache/js/3d6bd5bd9da96636_0
	deleted:    bin/Release/HorizonData/EBWebView/Default/Code Cache/js/3d7b3300c41a76c0_0
	deleted:    bin/Release/HorizonData/EBWebView/Default/Code Cache/js/3eada1f109a8e7c6_0
	deleted:    bin/Release/HorizonData/EBWebView/Default/Code Cache/js/3f746c470dfb4415_0
	deleted:    bin/Release/HorizonData/EBWebView/Default/Code Cache/js/42d00762017c12e0_0
	deleted:    bin/Release/HorizonData/EBWebView/Default/Code Cache/js/43358fd863f969b1_0
	deleted:    bin/Release/HorizonData/EBWebView/Default/Code Cache/js/441c2476218dfa97_0
	deleted:    bin/Release/HorizonData/EBWebView/Default/Code Cache/js/4431bab738f28701_0
	deleted:    bin/Release/HorizonData/EBWebView/Default/Code Cache/js/4513aa6c19670f03_0
	deleted:    bin/Release/HorizonData/EBWebView/Default/Code Cache/js/459a3a51c2e0cc5f_0
	deleted:    bin/Release/HorizonData/EBWebView/Default/Code Cache/js/45a0d6b4698d6793_0
	deleted:    bin/Release/HorizonData/EBWebView/Default/Code Cache/js/45ec19afc0c3926c_0
	deleted:    bin/Release/HorizonData/EBWebView/Default/Code Cache/js/45f2a4e8b68183f1_0
	deleted:    bin/Release/HorizonData/EBWebView/Default/Code Cache/js/461394aad51d27a5_0
	deleted:    bin/Release/HorizonData/EBWebView/Default/Code Cache/js/46f0f9bcc6381ca4_0
	deleted:    bin/Release/HorizonData/EBWebView/Default/Code Cache/js/476e925384e274ca_0
	deleted:    bin/Release/HorizonData/EBWebView/Default/Code Cache/js/47b2c8679819c7f8_0
	deleted:    bin/Release/HorizonData/EBWebView/Default/Code Cache/js/48e780b63f42de42_0
	deleted:    bin/Release/HorizonData/EBWebView/Default/Code Cache/js/49e3bf709fa8fdf6_0
	deleted:    bin/Release/HorizonData/EBWebView/Default/Code Cache/js/4a900104f5908b5f_0
	deleted:    bin/Release/HorizonData/EBWebView/Default/Code Cache/js/4b290833534e9090_0
	deleted:    bin/Release/HorizonData/EBWebView/Default/Code Cache/js/4b72b65b98aee73e_0
	deleted:    bin/Release/HorizonData/EBWebView/Default/Code Cache/js/4b8e7f0dd7ad3829_0
	deleted:    bin/Release/HorizonData/EBWebView/Default/Code Cache/js/4c5ca62179efe410_0
	deleted:    bin/Release/HorizonData/EBWebView/Default/Code Cache/js/4d5ca12299fb0b42_0
	deleted:    bin/Release/HorizonData/EBWebView/Default/Code Cache/js/4fdb2fec396ea760_0
	deleted:    bin/Release/HorizonData/EBWebView/Default/Code Cache/js/50a4945d49f08526_0
	deleted:    bin/Release/HorizonData/EBWebView/Default/Code Cache/js/53da2c5efbf7fa87_0
	deleted:    bin/Release/HorizonData/EBWebView/Default/Code Cache/js/553fd832d277d371_0
	deleted:    bin/Release/HorizonData/EBWebView/Default/Code Cache/js/557181f3109f2b5b_0
	deleted:    bin/Release/HorizonData/EBWebView/Default/Code Cache/js/55a0c9678498ccce_0
	deleted:    bin/Release/HorizonData/EBWebView/Default/Code Cache/js/55c19d41fa6293f5_0
	deleted:    bin/Release/HorizonData/EBWebView/Default/Code Cache/js/5657fedf7d486af5_0
	deleted:    bin/Release/HorizonData/EBWebView/Default/Code Cache/js/5889931439d1647c_0
	deleted:    bin/Release/HorizonData/EBWebView/Default/Code Cache/js/58922cf0bc5f42a9_0
	deleted:    bin/Release/HorizonData/EBWebView/Default/Code Cache/js/591a6fd1e26522dd_0
	deleted:    bin/Release/HorizonData/EBWebView/Default/Code Cache/js/595fca4bc905ae3f_0
	deleted:    bin/Release/HorizonData/EBWebView/Default/Code Cache/js/5bd1b3ba5b1083d5_0
	deleted:    bin/Release/HorizonData/EBWebView/Default/Code Cache/js/5bf0bdc3107aca3b_0
	deleted:    bin/Release/HorizonData/EBWebView/Default/Code Cache/js/5cede4bc155eab21_0
	deleted:    bin/Release/HorizonData/EBWebView/Default/Code Cache/js/5edb9c275f992577_0
	deleted:    bin/Release/HorizonData/EBWebView/Default/Code Cache/js/60c4372e5f885bf0_0
	deleted:    bin/Release/HorizonData/EBWebView/Default/Code Cache/js/60d8544d757b2679_0
	deleted:    bin/Release/HorizonData/EBWebView/Default/Code Cache/js/615dcdf40e3f867f_0
	deleted:    bin/Release/HorizonData/EBWebView/Default/Code Cache/js/6234441e9058402d_0
	deleted:    bin/Release/HorizonData/EBWebView/Default/Code Cache/js/62ebafc69ab63d3d_0
	deleted:    bin/Release/HorizonData/EBWebView/Default/Code Cache/js/64c0010e0b003e65_0
	deleted:    bin/Release/HorizonData/EBWebView/Default/Code Cache/js/66416b18424601b2_0
	deleted:    bin/Release/HorizonData/EBWebView/Default/Code Cache/js/67e4b73732f3ae16_0
	deleted:    bin/Release/HorizonData/EBWebView/Default/Code Cache/js/6815baa5322591c2_0
	deleted:    bin/Release/HorizonData/EBWebView/Default/Code Cache/js/69d74f99fd05b8f5_0
	deleted:    bin/Release/HorizonData/EBWebView/Default/Code Cache/js/6a29e1c45e953b04_0
	deleted:    bin/Release/HorizonData/EBWebView/Default/Code Cache/js/6a5f2f74491b0b10_0
	deleted:    bin/Release/HorizonData/EBWebView/Default/Code Cache/js/6a69cef7b05e2116_0
	deleted:    bin/Release/HorizonData/EBWebView/Default/Code Cache/js/6b905d6a03391e9b_0
	deleted:    bin/Release/HorizonData/EBWebView/Default/Code Cache/js/6c3763529eb6c42f_0
	deleted:    bin/Release/HorizonData/EBWebView/Default/Code Cache/js/6cc2c20d6d2d01d4_0
	deleted:    bin/Release/HorizonData/EBWebView/Default/Code Cache/js/6d83600370122c88_0
	deleted:    bin/Release/HorizonData/EBWebView/Default/Code Cache/js/6e2c3008b5beade3_0
	deleted:    bin/Release/HorizonData/EBWebView/Default/Code Cache/js/700dc727cb9bcc1e_0
	deleted:    bin/Release/HorizonData/EBWebView/Default/Code Cache/js/706fac09a8efc57d_0
	deleted:    bin/Release/HorizonData/EBWebView/Default/Code Cache/js/729e06121263e699_0
	deleted:    bin/Release/HorizonData/EBWebView/Default/Code Cache/js/73598283727f3d0c_0
	deleted:    bin/Release/HorizonData/EBWebView/Default/Code Cache/js/73d2efb9cf9769e7_0
	deleted:    bin/Release/HorizonData/EBWebView/Default/Code Cache/js/73d953c33c8cd15c_0
	deleted:    bin/Release/HorizonData/EBWebView/Default/Code Cache/js/750e718928cb9cc1_0
	deleted:    bin/Release/HorizonData/EBWebView/Default/Code Cache/js/75a67d19412e31c6_0
	deleted:    bin/Release/HorizonData/EBWebView/Default/Code Cache/js/75ce2afff720c5bc_0
	deleted:    bin/Release/HorizonData/EBWebView/Default/Code Cache/js/75f9d714a9a0530d_0
	deleted:    bin/Release/HorizonData/EBWebView/Default/Code Cache/js/76fe2c38f69e6c3e_0
	deleted:    bin/Release/HorizonData/EBWebView/Default/Code Cache/js/7733fbf967c4657e_0
	deleted:    bin/Release/HorizonData/EBWebView/Default/Code Cache/js/7770572c4d5a85c6_0
	deleted:    bin/Release/HorizonData/EBWebView/Default/Code Cache/js/7796935dc90f4611_0
	deleted:    bin/Release/HorizonData/EBWebView/Default/Code Cache/js/77b0b838786966f3_0
	deleted:    bin/Release/HorizonData/EBWebView/Default/Code Cache/js/77fd57b40e5f0945_0
	deleted:    bin/Release/HorizonData/EBWebView/Default/Code Cache/js/7830bb3c6aebc8d2_0
	deleted:    bin/Release/HorizonData/EBWebView/Default/Code Cache/js/7aa2a78c6711ee05_0
	deleted:    bin/Release/HorizonData/EBWebView/Default/Code Cache/js/7b45860dc27c51d2_0
	deleted:    bin/Release/HorizonData/EBWebView/Default/Code Cache/js/7c10f56e3e1c96b7_0
	deleted:    bin/Release/HorizonData/EBWebView/Default/Code Cache/js/7c49ae0efcea2fba_0
	deleted:    bin/Release/HorizonData/EBWebView/Default/Code Cache/js/7c4eca39ac31d3bf_0
	deleted:    bin/Release/HorizonData/EBWebView/Default/Code Cache/js/7cb42cd2778ad146_0
	deleted:    bin/Release/HorizonData/EBWebView/Default/Code Cache/js/7cee592cd11ccb85_0
	deleted:    bin/Release/HorizonData/EBWebView/Default/Code Cache/js/7e13452bd0baf78d_0
	deleted:    bin/Release/HorizonData/EBWebView/Default/Code Cache/js/7e77d93031b026df_0
	deleted:    bin/Release/HorizonData/EBWebView/Default/Code Cache/js/7ea7b5787d024c41_0
	deleted:    bin/Release/HorizonData/EBWebView/Default/Code Cache/js/7f4b4fe6877a5fa5_0
	deleted:    bin/Release/HorizonData/EBWebView/Default/Code Cache/js/80ae89df8ae7d4cb_0
	deleted:    bin/Release/HorizonData/EBWebView/Default/Code Cache/js/80c97569d2ef4727_0
	deleted:    bin/Release/HorizonData/EBWebView/Default/Code Cache/js/80ca0c4d0abbee4c_0
	deleted:    bin/Release/HorizonData/EBWebView/Default/Code Cache/js/8142d87dc62a8289_0
	deleted:    bin/Release/HorizonData/EBWebView/Default/Code Cache/js/81d5d441795a90ac_0
	deleted:    bin/Release/HorizonData/EBWebView/Default/Code Cache/js/81e62ae930589f44_0
	deleted:    bin/Release/HorizonData/EBWebView/Default/Code Cache/js/82315b06200d0f51_0
	deleted:    bin/Release/HorizonData/EBWebView/Default/Code Cache/js/8257e29537493481_0
	deleted:    bin/Release/HorizonData/EBWebView/Default/Code Cache/js/8309577bd3dfe91b_0
	deleted:    bin/Release/HorizonData/EBWebView/Default/Code Cache/js/83923ba863ef0328_0
	deleted:    bin/Release/HorizonData/EBWebView/Default/Code Cache/js/83dffb8c3174fef0_0
	deleted:    bin/Release/HorizonData/EBWebView/Default/Code Cache/js/85c0d128ae6d1da1_0
	deleted:    bin/Release/HorizonData/EBWebView/Default/Code Cache/js/86597e01f9217b47_0
	deleted:    bin/Release/HorizonData/EBWebView/Default/Code Cache/js/86a9dc20f88e211e_0
	deleted:    bin/Release/HorizonData/EBWebView/Default/Code Cache/js/8818a0082ce9f723_0
	deleted:    bin/Release/HorizonData/EBWebView/Default/Code Cache/js/88640dfb72b4d0b9_0
	deleted:    bin/Release/HorizonData/EBWebView/Default/Code Cache/js/8871a9ca939a2705_0
	deleted:    bin/Release/HorizonData/EBWebView/Default/Code Cache/js/89028526bc380681_0
	deleted:    bin/Release/HorizonData/EBWebView/Default/Code Cache/js/891dbe7f9c49cc7c_0
	deleted:    bin/Release/HorizonData/EBWebView/Default/Code Cache/js/8ae409e2dffaf445_0
	deleted:    bin/Release/HorizonData/EBWebView/Default/Code Cache/js/8b49d98d02614a25_0
	deleted:    bin/Release/HorizonData/EBWebView/Default/Code Cache/js/8b4a252cbf815bea_0
	deleted:    bin/Release/HorizonData/EBWebView/Default/Code Cache/js/8b87103f8561cdd7_0
	deleted:    bin/Release/HorizonData/EBWebView/Default/Code Cache/js/8bb0e185a0529c66_0
	deleted:    bin/Release/HorizonData/EBWebView/Default/Code Cache/js/8bbac0335be35a83_0
	deleted:    bin/Release/HorizonData/EBWebView/Default/Code Cache/js/8c6c37db201f7faf_0
	deleted:    bin/Release/HorizonData/EBWebView/Default/Code Cache/js/8d5ca1e661f2e6c5_0
	deleted:    bin/Release/HorizonData/EBWebView/Default/Code Cache/js/8dc5dfa83e38f1d4_0
	deleted:    bin/Release/HorizonData/EBWebView/Default/Code Cache/js/8dd013a50b6f7494_0
	deleted:    bin/Release/HorizonData/EBWebView/Default/Code Cache/js/8ddfab8cb1cec30d_0
	deleted:    bin/Release/HorizonData/EBWebView/Default/Code Cache/js/902ea3f71f655b6a_0
	deleted:    bin/Release/HorizonData/EBWebView/Default/Code Cache/js/909a42f141014997_0
	deleted:    bin/Release/HorizonData/EBWebView/Default/Code Cache/js/90d83890ae1d4820_0
	deleted:    bin/Release/HorizonData/EBWebView/Default/Code Cache/js/910198d377dddd36_0
	deleted:    bin/Release/HorizonData/EBWebView/Default/Code Cache/js/920c07db3f1a34c2_0
	deleted:    bin/Release/HorizonData/EBWebView/Default/Code Cache/js/928b3f1e19244afc_0
	deleted:    bin/Release/HorizonData/EBWebView/Default/Code Cache/js/92a4b5f9b32da0b3_0
	deleted:    bin/Release/HorizonData/EBWebView/Default/Code Cache/js/92b03997d45af18a_0
	deleted:    bin/Release/HorizonData/EBWebView/Default/Code Cache/js/92d6be4f5a100850_0
	deleted:    bin/Release/HorizonData/EBWebView/Default/Code Cache/js/9318887779393cc9_0
	deleted:    bin/Release/HorizonData/EBWebView/Default/Code Cache/js/941c2c2acfe13589_0
	deleted:    bin/Release/HorizonData/EBWebView/Default/Code Cache/js/95776333dfe668be_0
	deleted:    bin/Release/HorizonData/EBWebView/Default/Code Cache/js/97d01c453ca4dd4c_0
	deleted:    bin/Release/HorizonData/EBWebView/Default/Code Cache/js/97d02b97ea766e65_0
	deleted:    bin/Release/HorizonData/EBWebView/Default/Code Cache/js/9870b729e146b9f8_0
	deleted:    bin/Release/HorizonData/EBWebView/Default/Code Cache/js/98def3e77158b3d2_0
	deleted:    bin/Release/HorizonData/EBWebView/Default/Code Cache/js/98f29b078d991853_0
	deleted:    bin/Release/HorizonData/EBWebView/Default/Code Cache/js/990191b661d360f6_0
	deleted:    bin/Release/HorizonData/EBWebView/Default/Code Cache/js/9949003591f367df_0
	deleted:    bin/Release/HorizonData/EBWebView/Default/Code Cache/js/99b5610a24549a44_0
	deleted:    bin/Release/HorizonData/EBWebView/Default/Code Cache/js/9a24a8a48e855424_0
	deleted:    bin/Release/HorizonData/EBWebView/Default/Code Cache/js/9a9f26166dafbcff_0
	deleted:    bin/Release/HorizonData/EBWebView/Default/Code Cache/js/9b35b4179943f4f9_0
	deleted:    bin/Release/HorizonData/EBWebView/Default/Code Cache/js/9c601942de9e1307_0
	deleted:    bin/Release/HorizonData/EBWebView/Default/Code Cache/js/9dbf418880b89464_0
	deleted:    bin/Release/HorizonData/EBWebView/Default/Code Cache/js/9e07b06e8139ebbf_0
	deleted:    bin/Release/HorizonData/EBWebView/Default/Code Cache/js/9ec8aab95fff3370_0
	deleted:    bin/Release/HorizonData/EBWebView/Default/Code Cache/js/a01c0310ff320564_0
	deleted:    bin/Release/HorizonData/EBWebView/Default/Code Cache/js/a031e9f83427b6de_0
	deleted:    bin/Release/HorizonData/EBWebView/Default/Code Cache/js/a0bbe7530078111c_0
	deleted:    bin/Release/HorizonData/EBWebView/Default/Code Cache/js/a0ce1fb5ae763c47_0
	deleted:    bin/Release/HorizonData/EBWebView/Default/Code Cache/js/a0d854db23c4986e_0
	deleted:    bin/Release/HorizonData/EBWebView/Default/Code Cache/js/a1b4afd9cecbde61_0
	deleted:    bin/Release/HorizonData/EBWebView/Default/Code Cache/js/a1fa137b64fa4022_0
	deleted:    bin/Release/HorizonData/EBWebView/Default/Code Cache/js/a2e2d3ccdd40b565_0
	deleted:    bin/Release/HorizonData/EBWebView/Default/Code Cache/js/a47b0ea0a8a017fb_0
	deleted:    bin/Release/HorizonData/EBWebView/Default/Code Cache/js/a5a1aadf172914fe_0
	deleted:    bin/Release/HorizonData/EBWebView/Default/Code Cache/js/a5b8b39f63fde1bc_0
	deleted:    bin/Release/HorizonData/EBWebView/Default/Code Cache/js/a5fa9be99cd4d0af_0
	deleted:    bin/Release/HorizonData/EBWebView/Default/Code Cache/js/a6094d2874ab90de_0
	deleted:    bin/Release/HorizonData/EBWebView/Default/Code Cache/js/a62a4215b9346676_0
	deleted:    bin/Release/HorizonData/EBWebView/Default/Code Cache/js/a63a1197625004b3_0
	deleted:    bin/Release/HorizonData/EBWebView/Default/Code Cache/js/a810a0483ae40b23_0
	deleted:    bin/Release/HorizonData/EBWebView/Default/Code Cache/js/a8593ea97381b208_0
	deleted:    bin/Release/HorizonData/EBWebView/Default/Code Cache/js/a897015626d44c6b_0
	deleted:    bin/Release/HorizonData/EBWebView/Default/Code Cache/js/a8ad890aa570e093_0
	deleted:    bin/Release/HorizonData/EBWebView/Default/Code Cache/js/a99efcdec779dcdc_0
	deleted:    bin/Release/HorizonData/EBWebView/Default/Code Cache/js/aa6a1e8ce1426809_0
	deleted:    bin/Release/HorizonData/EBWebView/Default/Code Cache/js/aa9611a54af6bf36_0
	deleted:    bin/Release/HorizonData/EBWebView/Default/Code Cache/js/aafc135857612845_0
	deleted:    bin/Release/HorizonData/EBWebView/Default/Code Cache/js/ad2057eeb7705349_0
	deleted:    bin/Release/HorizonData/EBWebView/Default/Code Cache/js/ad31ef1ddebe25ec_0
	deleted:    bin/Release/HorizonData/EBWebView/Default/Code Cache/js/af08c8dfb60dc291_0
	deleted:    bin/Release/HorizonData/EBWebView/Default/Code Cache/js/b199925a04e1874e_0
	deleted:    bin/Release/HorizonData/EBWebView/Default/Code Cache/js/b1a93205baf980e8_0
	deleted:    bin/Release/HorizonData/EBWebView/Default/Code Cache/js/b1b0bc2357e152d8_0
	deleted:    bin/Release/HorizonData/EBWebView/Default/Code Cache/js/b2ad4ddd51204622_0
	deleted:    bin/Release/HorizonData/EBWebView/Default/Code Cache/js/b3f1056d02277b2e_0
	deleted:    bin/Release/HorizonData/EBWebView/Default/Code Cache/js/b6ca6ce343510893_0
	deleted:    bin/Release/HorizonData/EBWebView/Default/Code Cache/js/b6ebe0c7f8673633_0
	deleted:    bin/Release/HorizonData/EBWebView/Default/Code Cache/js/b75aece08654fcae_0
	deleted:    bin/Release/HorizonData/EBWebView/Default/Code Cache/js/b9cd5c9e189b7c91_0
	deleted:    bin/Release/HorizonData/EBWebView/Default/Code Cache/js/bb3e10180f60d452_0
	deleted:    bin/Release/HorizonData/EBWebView/Default/Code Cache/js/bb73546961cd6df8_0
	deleted:    bin/Release/HorizonData/EBWebView/Default/Code Cache/js/bbf72f37478d5754_0
	deleted:    bin/Release/HorizonData/EBWebView/Default/Code Cache/js/bd9a8ebd92bd0fb1_0
	deleted:    bin/Release/HorizonData/EBWebView/Default/Code Cache/js/bdaea414e9ce4e38_0
	deleted:    bin/Release/HorizonData/EBWebView/Default/Code Cache/js/be1546fea8ad5017_0
	deleted:    bin/Release/HorizonData/EBWebView/Default/Code Cache/js/bf073348812cd546_0
	deleted:    bin/Release/HorizonData/EBWebView/Default/Code Cache/js/bf3fabda45d6efc8_0
	deleted:    bin/Release/HorizonData/EBWebView/Default/Code Cache/js/c00dfea51d750af9_0
	deleted:    bin/Release/HorizonData/EBWebView/Default/Code Cache/js/c00f79b571e53a90_0
	deleted:    bin/Release/HorizonData/EBWebView/Default/Code Cache/js/c1e16c33e0d24977_0
	deleted:    bin/Release/HorizonData/EBWebView/Default/Code Cache/js/c20d71ecd0100ee8_0
	deleted:    bin/Release/HorizonData/EBWebView/Default/Code Cache/js/c2c2b3cc9051baa5_0
	deleted:    bin/Release/HorizonData/EBWebView/Default/Code Cache/js/c2f21af09aba525a_0
	deleted:    bin/Release/HorizonData/EBWebView/Default/Code Cache/js/c3f4f238755411ed_0
	deleted:    bin/Release/HorizonData/EBWebView/Default/Code Cache/js/c6b9313c8e6e51ca_0
	deleted:    bin/Release/HorizonData/EBWebView/Default/Code Cache/js/c6b94ec6df951cf6_0
	deleted:    bin/Release/HorizonData/EBWebView/Default/Code Cache/js/c6fd9b6fd7676322_0
	deleted:    bin/Release/HorizonData/EBWebView/Default/Code Cache/js/c7041477f118ee1a_0
	deleted:    bin/Release/HorizonData/EBWebView/Default/Code Cache/js/c7d30abc0e0ff55a_0
	deleted:    bin/Release/HorizonData/EBWebView/Default/Code Cache/js/c8e48afcc9f9dfb4_0
	deleted:    bin/Release/HorizonData/EBWebView/Default/Code Cache/js/c9d9dc059f1676a5_0
	deleted:    bin/Release/HorizonData/EBWebView/Default/Code Cache/js/cafc2e78c867be91_0
	deleted:    bin/Release/HorizonData/EBWebView/Default/Code Cache/js/cb3a90e9370cef07_0
	deleted:    bin/Release/HorizonData/EBWebView/Default/Code Cache/js/cccc43e45a5a6960_0
	deleted:    bin/Release/HorizonData/EBWebView/Default/Code Cache/js/cd82ba944fad5118_0
	deleted:    bin/Release/HorizonData/EBWebView/Default/Code Cache/js/cd9ec71b49f10925_0
	deleted:    bin/Release/HorizonData/EBWebView/Default/Code Cache/js/cdee42929affea09_0
	deleted:    bin/Release/HorizonData/EBWebView/Default/Code Cache/js/cdf731a6130495c9_0
	deleted:    bin/Release/HorizonData/EBWebView/Default/Code Cache/js/cf6d3e7947913a8c_0
	deleted:    bin/Release/HorizonData/EBWebView/Default/Code Cache/js/d08c288fcb831196_0
	deleted:    bin/Release/HorizonData/EBWebView/Default/Code Cache/js/d09a7b26ca5c5b1c_0
	deleted:    bin/Release/HorizonData/EBWebView/Default/Code Cache/js/d1000b77b936bbf5_0
	deleted:    bin/Release/HorizonData/EBWebView/Default/Code Cache/js/d3ab5bc620082724_0
	deleted:    bin/Release/HorizonData/EBWebView/Default/Code Cache/js/d53537e9a3e5472d_0
	deleted:    bin/Release/HorizonData/EBWebView/Default/Code Cache/js/d6f878a7f569f6be_0
	deleted:    bin/Release/HorizonData/EBWebView/Default/Code Cache/js/d6ffd5adef6f9780_0
	deleted:    bin/Release/HorizonData/EBWebView/Default/Code Cache/js/d738afecb311bf8f_0
	deleted:    bin/Release/HorizonData/EBWebView/Default/Code Cache/js/d8f08168df5e633f_0
	deleted:    bin/Release/HorizonData/EBWebView/Default/Code Cache/js/d92a2ba554ae9430_0
	deleted:    bin/Release/HorizonData/EBWebView/Default/Code Cache/js/d9f5c1dc-f8fe-443c-b79f-73949db5d5a6.tmp
	deleted:    bin/Release/HorizonData/EBWebView/Default/Code Cache/js/da34dff0bcb62624_0
	deleted:    bin/Release/HorizonData/EBWebView/Default/Code Cache/js/da474bbe5702481d_0
	deleted:    bin/Release/HorizonData/EBWebView/Default/Code Cache/js/db1823a3ff744d88_0
	deleted:    bin/Release/HorizonData/EBWebView/Default/Code Cache/js/dbc149b98865d134_0
	deleted:    bin/Release/HorizonData/EBWebView/Default/Code Cache/js/dcac0418fc975285_0
	deleted:    bin/Release/HorizonData/EBWebView/Default/Code Cache/js/dccd224e92bddd24_0
	deleted:    bin/Release/HorizonData/EBWebView/Default/Code Cache/js/de8ae10e19b4b086_0
	deleted:    bin/Release/HorizonData/EBWebView/Default/Code Cache/js/dea1fd92bb8cbf0a_0
	deleted:    bin/Release/HorizonData/EBWebView/Default/Code Cache/js/df2b36ffadcebb01_0
	deleted:    bin/Release/HorizonData/EBWebView/Default/Code Cache/js/df479de699269e3f_0
	deleted:    bin/Release/HorizonData/EBWebView/Default/Code Cache/js/dfca766ddb094e3a_0
	deleted:    bin/Release/HorizonData/EBWebView/Default/Code Cache/js/e0159b47c49a23d4_0
	deleted:    bin/Release/HorizonData/EBWebView/Default/Code Cache/js/e08a342f11c2b4d8_0
	deleted:    bin/Release/HorizonData/EBWebView/Default/Code Cache/js/e0bc52dcdce2e336_0
	deleted:    bin/Release/HorizonData/EBWebView/Default/Code Cache/js/e0e529bef6db25dd_0
	deleted:    bin/Release/HorizonData/EBWebView/Default/Code Cache/js/e13a798433bc05b6_0
	deleted:    bin/Release/HorizonData/EBWebView/Default/Code Cache/js/e14f7e9dd99336ce_0
	deleted:    bin/Release/HorizonData/EBWebView/Default/Code Cache/js/e3a309c676de0a5f_0
	deleted:    bin/Release/HorizonData/EBWebView/Default/Code Cache/js/e44ad3cd0b07a517_0
	deleted:    bin/Release/HorizonData/EBWebView/Default/Code Cache/js/e4ea1ef674a32d6d_0
	deleted:    bin/Release/HorizonData/EBWebView/Default/Code Cache/js/e524cbfdb4b02c32_0
	deleted:    bin/Release/HorizonData/EBWebView/Default/Code Cache/js/e5b36b100c26d200_0
	deleted:    bin/Release/HorizonData/EBWebView/Default/Code Cache/js/e5be169dd5b813f9_0
	deleted:    bin/Release/HorizonData/EBWebView/Default/Code Cache/js/e5c4a9f90aa0f87d_0
	deleted:    bin/Release/HorizonData/EBWebView/Default/Code Cache/js/e6afdfc6cc57adcf_0
	deleted:    bin/Release/HorizonData/EBWebView/Default/Code Cache/js/e8879a23b76234d5_0
	deleted:    bin/Release/HorizonData/EBWebView/Default/Code Cache/js/e9aa19718374ecc0_0
	deleted:    bin/Release/HorizonData/EBWebView/Default/Code Cache/js/ea8ba2135e947898_0
	deleted:    bin/Release/HorizonData/EBWebView/Default/Code Cache/js/eb090d2e8b6bc7c5_0
	deleted:    bin/Release/HorizonData/EBWebView/Default/Code Cache/js/eb8018a57d356e91_0
	deleted:    bin/Release/HorizonData/EBWebView/Default/Code Cache/js/ec85c2beb82685fe_0
	deleted:    bin/Release/HorizonData/EBWebView/Default/Code Cache/js/ed1ebccfd7b61ac2_0
	deleted:    bin/Release/HorizonData/EBWebView/Default/Code Cache/js/ee6dcd6c07f6470f_0
	deleted:    bin/Release/HorizonData/EBWebView/Default/Code Cache/js/ef6ddc210bae5091_0
	deleted:    bin/Release/HorizonData/EBWebView/Default/Code Cache/js/f14904204e0cae9d_0
	deleted:    bin/Release/HorizonData/EBWebView/Default/Code Cache/js/f1c61a15fbba8b68_0
	deleted:    bin/Release/HorizonData/EBWebView/Default/Code Cache/js/f22c278db29812f9_0
	deleted:    bin/Release/HorizonData/EBWebView/Default/Code Cache/js/f4bd7335de5c2cd2_0
	deleted:    bin/Release/HorizonData/EBWebView/Default/Code Cache/js/f5153fdf53256f8a_0
	deleted:    bin/Release/HorizonData/EBWebView/Default/Code Cache/js/f5a74d39c574e5fa_0
	deleted:    bin/Release/HorizonData/EBWebView/Default/Code Cache/js/f5c1d8a8db8c707b_0
	deleted:    bin/Release/HorizonData/EBWebView/Default/Code Cache/js/f6090645e91e43db_0
	deleted:    bin/Release/HorizonData/EBWebView/Default/Code Cache/js/f6fffb55bc115345_0
	deleted:    bin/Release/HorizonData/EBWebView/Default/Code Cache/js/f7beda5bc3d27201_0
	deleted:    bin/Release/HorizonData/EBWebView/Default/Code Cache/js/f82bd8f0441ee5e2_0
	deleted:    bin/Release/HorizonData/EBWebView/Default/Code Cache/js/f83a24f1134e8f91_0
	deleted:    bin/Release/HorizonData/EBWebView/Default/Code Cache/js/fa266473efc65535_0
	deleted:    bin/Release/HorizonData/EBWebView/Default/Code Cache/js/fbacac4251ebeb2d_0
	deleted:    bin/Release/HorizonData/EBWebView/Default/Code Cache/js/fbf45bdf3ff832a6_0
	deleted:    bin/Release/HorizonData/EBWebView/Default/Code Cache/js/fc94cf1d21304a77_0
	deleted:    bin/Release/HorizonData/EBWebView/Default/Code Cache/js/fcaca363c24dca05_0
	deleted:    bin/Release/HorizonData/EBWebView/Default/Code Cache/js/fcf0bfaba1bf0c04_0
	deleted:    bin/Release/HorizonData/EBWebView/Default/Code Cache/js/fdca45ffb0a3309f_0
	deleted:    bin/Release/HorizonData/EBWebView/Default/Code Cache/js/fe4af8ef2c8b8dc4_0
	deleted:    bin/Release/HorizonData/EBWebView/Default/Code Cache/js/fe7929590c218f10_0
	deleted:    bin/Release/HorizonData/EBWebView/Default/Code Cache/js/ff12c2fda33299fb_0
	deleted:    bin/Release/HorizonData/EBWebView/Default/Code Cache/js/index
	deleted:    bin/Release/HorizonData/EBWebView/Default/Code Cache/js/index-dir/the-real-index
	deleted:    bin/Release/HorizonData/EBWebView/Default/Code Cache/wasm/index
	deleted:    bin/Release/HorizonData/EBWebView/Default/Code Cache/wasm/index-dir/the-real-index
	deleted:    bin/Release/HorizonData/EBWebView/Default/DIPS
	deleted:    bin/Release/HorizonData/EBWebView/Default/DashTrackerDatabase
	deleted:    bin/Release/HorizonData/EBWebView/Default/DashTrackerDatabase-journal
	deleted:    bin/Release/HorizonData/EBWebView/Default/DawnGraphiteCache/data_0
	deleted:    bin/Release/HorizonData/EBWebView/Default/DawnGraphiteCache/data_1
	deleted:    bin/Release/HorizonData/EBWebView/Default/DawnGraphiteCache/data_2
	deleted:    bin/Release/HorizonData/EBWebView/Default/DawnGraphiteCache/data_3
	deleted:    bin/Release/HorizonData/EBWebView/Default/DawnGraphiteCache/index
	deleted:    bin/Release/HorizonData/EBWebView/Default/DawnWebGPUCache/data_0
	deleted:    bin/Release/HorizonData/EBWebView/Default/DawnWebGPUCache/data_1
	deleted:    bin/Release/HorizonData/EBWebView/Default/DawnWebGPUCache/data_2
	deleted:    bin/Release/HorizonData/EBWebView/Default/DawnWebGPUCache/data_3
	deleted:    bin/Release/HorizonData/EBWebView/Default/DawnWebGPUCache/index
	deleted:    bin/Release/HorizonData/EBWebView/Default/EdgeJourneys/EdgeJourneys.db
	deleted:    bin/Release/HorizonData/EBWebView/Default/EdgeSessions/SessionRestoreLog
	deleted:    bin/Release/HorizonData/EBWebView/Default/Extension Rules/000003.log
	deleted:    bin/Release/HorizonData/EBWebView/Default/Extension Rules/CURRENT
	deleted:    bin/Release/HorizonData/EBWebView/Default/Extension Rules/LOCK
	deleted:    bin/Release/HorizonData/EBWebView/Default/Extension Rules/LOG
	deleted:    bin/Release/HorizonData/EBWebView/Default/Extension Rules/LOG.old
	deleted:    bin/Release/HorizonData/EBWebView/Default/Extension Rules/MANIFEST-000001
	deleted:    bin/Release/HorizonData/EBWebView/Default/Extension Scripts/000003.log
	deleted:    bin/Release/HorizonData/EBWebView/Default/Extension Scripts/CURRENT
	deleted:    bin/Release/HorizonData/EBWebView/Default/Extension Scripts/LOCK
	deleted:    bin/Release/HorizonData/EBWebView/Default/Extension Scripts/LOG
	deleted:    bin/Release/HorizonData/EBWebView/Default/Extension Scripts/LOG.old
	deleted:    bin/Release/HorizonData/EBWebView/Default/Extension Scripts/MANIFEST-000001
	deleted:    bin/Release/HorizonData/EBWebView/Default/Extension State/000003.log
	deleted:    bin/Release/HorizonData/EBWebView/Default/Extension State/CURRENT
	deleted:    bin/Release/HorizonData/EBWebView/Default/Extension State/LOCK
	deleted:    bin/Release/HorizonData/EBWebView/Default/Extension State/LOG
	deleted:    bin/Release/HorizonData/EBWebView/Default/Extension State/LOG.old
	deleted:    bin/Release/HorizonData/EBWebView/Default/Extension State/MANIFEST-000001
	deleted:    bin/Release/HorizonData/EBWebView/Default/ExtensionActivityComp
	deleted:    bin/Release/HorizonData/EBWebView/Default/ExtensionActivityEdge
	deleted:    bin/Release/HorizonData/EBWebView/Default/ExtensionActivityEdge-journal
	deleted:    bin/Release/HorizonData/EBWebView/Default/Favicons
	deleted:    bin/Release/HorizonData/EBWebView/Default/Favicons-journal
	deleted:    bin/Release/HorizonData/EBWebView/Default/Feature Engagement Tracker/AvailabilityDB/LOCK
	deleted:    bin/Release/HorizonData/EBWebView/Default/Feature Engagement Tracker/AvailabilityDB/LOG
	deleted:    bin/Release/HorizonData/EBWebView/Default/Feature Engagement Tracker/AvailabilityDB/LOG.old
	deleted:    bin/Release/HorizonData/EBWebView/Default/Feature Engagement Tracker/EventDB/LOCK
	deleted:    bin/Release/HorizonData/EBWebView/Default/Feature Engagement Tracker/EventDB/LOG
	deleted:    bin/Release/HorizonData/EBWebView/Default/Feature Engagement Tracker/EventDB/LOG.old
	deleted:    bin/Release/HorizonData/EBWebView/Default/GPUCache/data_0
	deleted:    bin/Release/HorizonData/EBWebView/Default/GPUCache/data_1
	deleted:    bin/Release/HorizonData/EBWebView/Default/GPUCache/data_2
	deleted:    bin/Release/HorizonData/EBWebView/Default/GPUCache/data_3
	deleted:    bin/Release/HorizonData/EBWebView/Default/GPUCache/index
	deleted:    bin/Release/HorizonData/EBWebView/Default/History
	deleted:    bin/Release/HorizonData/EBWebView/Default/History-journal
	deleted:    bin/Release/HorizonData/EBWebView/Default/IndexedDB/chrome-extension_cknpchhamkghepdgmebdeeiklbmhajjb_0.indexeddb.leveldb/000003.log
	deleted:    bin/Release/HorizonData/EBWebView/Default/IndexedDB/chrome-extension_cknpchhamkghepdgmebdeeiklbmhajjb_0.indexeddb.leveldb/CURRENT
	deleted:    bin/Release/HorizonData/EBWebView/Default/IndexedDB/chrome-extension_cknpchhamkghepdgmebdeeiklbmhajjb_0.indexeddb.leveldb/LOCK
	deleted:    bin/Release/HorizonData/EBWebView/Default/IndexedDB/chrome-extension_cknpchhamkghepdgmebdeeiklbmhajjb_0.indexeddb.leveldb/LOG
	deleted:    bin/Release/HorizonData/EBWebView/Default/IndexedDB/chrome-extension_cknpchhamkghepdgmebdeeiklbmhajjb_0.indexeddb.leveldb/LOG.old
	deleted:    bin/Release/HorizonData/EBWebView/Default/IndexedDB/chrome-extension_cknpchhamkghepdgmebdeeiklbmhajjb_0.indexeddb.leveldb/MANIFEST-000001
	deleted:    bin/Release/HorizonData/EBWebView/Default/IndexedDB/chrome-extension_gjbcdalockdbdpjilfijigifebblleeo_0.indexeddb.blob/2/00/4
	deleted:    bin/Release/HorizonData/EBWebView/Default/IndexedDB/chrome-extension_gjbcdalockdbdpjilfijigifebblleeo_0.indexeddb.blob/2/00/5
	deleted:    bin/Release/HorizonData/EBWebView/Default/IndexedDB/chrome-extension_gjbcdalockdbdpjilfijigifebblleeo_0.indexeddb.blob/2/00/c
	deleted:    bin/Release/HorizonData/EBWebView/Default/IndexedDB/chrome-extension_gjbcdalockdbdpjilfijigifebblleeo_0.indexeddb.blob/2/00/d
	deleted:    bin/Release/HorizonData/EBWebView/Default/IndexedDB/chrome-extension_gjbcdalockdbdpjilfijigifebblleeo_0.indexeddb.leveldb/000036.ldb
	deleted:    bin/Release/HorizonData/EBWebView/Default/IndexedDB/chrome-extension_gjbcdalockdbdpjilfijigifebblleeo_0.indexeddb.leveldb/000037.log
	deleted:    bin/Release/HorizonData/EBWebView/Default/IndexedDB/chrome-extension_gjbcdalockdbdpjilfijigifebblleeo_0.indexeddb.leveldb/000039.ldb
	deleted:    bin/Release/HorizonData/EBWebView/Default/IndexedDB/chrome-extension_gjbcdalockdbdpjilfijigifebblleeo_0.indexeddb.leveldb/CURRENT
	deleted:    bin/Release/HorizonData/EBWebView/Default/IndexedDB/chrome-extension_gjbcdalockdbdpjilfijigifebblleeo_0.indexeddb.leveldb/LOCK
	deleted:    bin/Release/HorizonData/EBWebView/Default/IndexedDB/chrome-extension_gjbcdalockdbdpjilfijigifebblleeo_0.indexeddb.leveldb/LOG
	deleted:    bin/Release/HorizonData/EBWebView/Default/IndexedDB/chrome-extension_gjbcdalockdbdpjilfijigifebblleeo_0.indexeddb.leveldb/LOG.old
	deleted:    bin/Release/HorizonData/EBWebView/Default/IndexedDB/chrome-extension_gjbcdalockdbdpjilfijigifebblleeo_0.indexeddb.leveldb/MANIFEST-000001
	deleted:    bin/Release/HorizonData/EBWebView/Default/IndexedDB/chrome-extension_idompkcebcckjachidfhndpicmhicmjf_0.indexeddb.leveldb/000003.log
	deleted:    bin/Release/HorizonData/EBWebView/Default/IndexedDB/chrome-extension_idompkcebcckjachidfhndpicmhicmjf_0.indexeddb.leveldb/CURRENT
	deleted:    bin/Release/HorizonData/EBWebView/Default/IndexedDB/chrome-extension_idompkcebcckjachidfhndpicmhicmjf_0.indexeddb.leveldb/LOCK
	deleted:    bin/Release/HorizonData/EBWebView/Default/IndexedDB/chrome-extension_idompkcebcckjachidfhndpicmhicmjf_0.indexeddb.leveldb/LOG
	deleted:    bin/Release/HorizonData/EBWebView/Default/IndexedDB/chrome-extension_idompkcebcckjachidfhndpicmhicmjf_0.indexeddb.leveldb/MANIFEST-000001
	deleted:    bin/Release/HorizonData/EBWebView/Default/IndexedDB/chrome-extension_micabgbmbfjdcifaljgbioeiflcemnmo_0.indexeddb.leveldb/000003.log
	deleted:    bin/Release/HorizonData/EBWebView/Default/IndexedDB/chrome-extension_micabgbmbfjdcifaljgbioeiflcemnmo_0.indexeddb.leveldb/CURRENT
	deleted:    bin/Release/HorizonData/EBWebView/Default/IndexedDB/chrome-extension_micabgbmbfjdcifaljgbioeiflcemnmo_0.indexeddb.leveldb/LOCK
	deleted:    bin/Release/HorizonData/EBWebView/Default/IndexedDB/chrome-extension_micabgbmbfjdcifaljgbioeiflcemnmo_0.indexeddb.leveldb/LOG
	deleted:    bin/Release/HorizonData/EBWebView/Default/IndexedDB/chrome-extension_micabgbmbfjdcifaljgbioeiflcemnmo_0.indexeddb.leveldb/LOG.old
	deleted:    bin/Release/HorizonData/EBWebView/Default/IndexedDB/chrome-extension_micabgbmbfjdcifaljgbioeiflcemnmo_0.indexeddb.leveldb/MANIFEST-000001
	deleted:    bin/Release/HorizonData/EBWebView/Default/IndexedDB/https_music.youtube.com_0.indexeddb.leveldb/000003.log
	deleted:    bin/Release/HorizonData/EBWebView/Default/IndexedDB/https_music.youtube.com_0.indexeddb.leveldb/CURRENT
	deleted:    bin/Release/HorizonData/EBWebView/Default/IndexedDB/https_music.youtube.com_0.indexeddb.leveldb/LOCK
	deleted:    bin/Release/HorizonData/EBWebView/Default/IndexedDB/https_music.youtube.com_0.indexeddb.leveldb/LOG
	deleted:    bin/Release/HorizonData/EBWebView/Default/IndexedDB/https_music.youtube.com_0.indexeddb.leveldb/MANIFEST-000001
	deleted:    bin/Release/HorizonData/EBWebView/Default/IndexedDB/https_thebyteseffect.com_0.indexeddb.leveldb/000003.log
	deleted:    bin/Release/HorizonData/EBWebView/Default/IndexedDB/https_thebyteseffect.com_0.indexeddb.leveldb/CURRENT
	deleted:    bin/Release/HorizonData/EBWebView/Default/IndexedDB/https_thebyteseffect.com_0.indexeddb.leveldb/LOCK
	deleted:    bin/Release/HorizonData/EBWebView/Default/IndexedDB/https_thebyteseffect.com_0.indexeddb.leveldb/LOG
	deleted:    bin/Release/HorizonData/EBWebView/Default/IndexedDB/https_thebyteseffect.com_0.indexeddb.leveldb/MANIFEST-000001
	deleted:    bin/Release/HorizonData/EBWebView/Default/LOCK
	deleted:    bin/Release/HorizonData/EBWebView/Default/LOG
	deleted:    bin/Release/HorizonData/EBWebView/Default/LOG.old
	deleted:    bin/Release/HorizonData/EBWebView/Default/Local Extension Settings/cknpchhamkghepdgmebdeeiklbmhajjb/000003.log
	deleted:    bin/Release/HorizonData/EBWebView/Default/Local Extension Settings/cknpchhamkghepdgmebdeeiklbmhajjb/CURRENT
	deleted:    bin/Release/HorizonData/EBWebView/Default/Local Extension Settings/cknpchhamkghepdgmebdeeiklbmhajjb/LOCK
	deleted:    bin/Release/HorizonData/EBWebView/Default/Local Extension Settings/cknpchhamkghepdgmebdeeiklbmhajjb/LOG
	deleted:    bin/Release/HorizonData/EBWebView/Default/Local Extension Settings/cknpchhamkghepdgmebdeeiklbmhajjb/LOG.old
	deleted:    bin/Release/HorizonData/EBWebView/Default/Local Extension Settings/cknpchhamkghepdgmebdeeiklbmhajjb/MANIFEST-000001
	deleted:    bin/Release/HorizonData/EBWebView/Default/Local Extension Settings/enpiaeoobofcpedppdnooadnbaldkjih/000003.log
	deleted:    bin/Release/HorizonData/EBWebView/Default/Local Extension Settings/enpiaeoobofcpedppdnooadnbaldkjih/CURRENT
	deleted:    bin/Release/HorizonData/EBWebView/Default/Local Extension Settings/enpiaeoobofcpedppdnooadnbaldkjih/LOCK
	deleted:    bin/Release/HorizonData/EBWebView/Default/Local Extension Settings/enpiaeoobofcpedppdnooadnbaldkjih/LOG
	deleted:    bin/Release/HorizonData/EBWebView/Default/Local Extension Settings/enpiaeoobofcpedppdnooadnbaldkjih/LOG.old
	deleted:    bin/Release/HorizonData/EBWebView/Default/Local Extension Settings/enpiaeoobofcpedppdnooadnbaldkjih/MANIFEST-000001
	deleted:    bin/Release/HorizonData/EBWebView/Default/Local Extension Settings/fennofgmefeblbegldihhmpehdehoflg/000003.log
	deleted:    bin/Release/HorizonData/EBWebView/Default/Local Extension Settings/fennofgmefeblbegldihhmpehdehoflg/CURRENT
	deleted:    bin/Release/HorizonData/EBWebView/Default/Local Extension Settings/fennofgmefeblbegldihhmpehdehoflg/LOCK
	deleted:    bin/Release/HorizonData/EBWebView/Default/Local Extension Settings/fennofgmefeblbegldihhmpehdehoflg/LOG
	deleted:    bin/Release/HorizonData/EBWebView/Default/Local Extension Settings/fennofgmefeblbegldihhmpehdehoflg/LOG.old
	deleted:    bin/Release/HorizonData/EBWebView/Default/Local Extension Settings/fennofgmefeblbegldihhmpehdehoflg/MANIFEST-000001
	deleted:    bin/Release/HorizonData/EBWebView/Default/Local Extension Settings/fjfcaoomjhlpbniopilcfbpefalbhpba/000003.log
	deleted:    bin/Release/HorizonData/EBWebView/Default/Local Extension Settings/fjfcaoomjhlpbniopilcfbpefalbhpba/CURRENT
	deleted:    bin/Release/HorizonData/EBWebView/Default/Local Extension Settings/fjfcaoomjhlpbniopilcfbpefalbhpba/LOCK
	deleted:    bin/Release/HorizonData/EBWebView/Default/Local Extension Settings/fjfcaoomjhlpbniopilcfbpefalbhpba/LOG
	deleted:    bin/Release/HorizonData/EBWebView/Default/Local Extension Settings/fjfcaoomjhlpbniopilcfbpefalbhpba/LOG.old
	deleted:    bin/Release/HorizonData/EBWebView/Default/Local Extension Settings/fjfcaoomjhlpbniopilcfbpefalbhpba/MANIFEST-000001
	deleted:    bin/Release/HorizonData/EBWebView/Default/Local Extension Settings/gjbcdalockdbdpjilfijigifebblleeo/000005.ldb
	deleted:    bin/Release/HorizonData/EBWebView/Default/Local Extension Settings/gjbcdalockdbdpjilfijigifebblleeo/000016.ldb
	deleted:    bin/Release/HorizonData/EBWebView/Default/Local Extension Settings/gjbcdalockdbdpjilfijigifebblleeo/000018.log
	deleted:    bin/Release/HorizonData/EBWebView/Default/Local Extension Settings/gjbcdalockdbdpjilfijigifebblleeo/000019.ldb
	deleted:    bin/Release/HorizonData/EBWebView/Default/Local Extension Settings/gjbcdalockdbdpjilfijigifebblleeo/CURRENT
	deleted:    bin/Release/HorizonData/EBWebView/Default/Local Extension Settings/gjbcdalockdbdpjilfijigifebblleeo/LOCK
	deleted:    bin/Release/HorizonData/EBWebView/Default/Local Extension Settings/gjbcdalockdbdpjilfijigifebblleeo/LOG
	deleted:    bin/Release/HorizonData/EBWebView/Default/Local Extension Settings/gjbcdalockdbdpjilfijigifebblleeo/LOG.old
	deleted:    bin/Release/HorizonData/EBWebView/Default/Local Extension Settings/gjbcdalockdbdpjilfijigifebblleeo/MANIFEST-000001
	deleted:    bin/Release/HorizonData/EBWebView/Default/Local Extension Settings/llafjhmkffdlhpiojoipllmmedhckpgh/000003.log
	deleted:    bin/Release/HorizonData/EBWebView/Default/Local Extension Settings/llafjhmkffdlhpiojoipllmmedhckpgh/CURRENT
	deleted:    bin/Release/HorizonData/EBWebView/Default/Local Extension Settings/llafjhmkffdlhpiojoipllmmedhckpgh/LOCK
	deleted:    bin/Release/HorizonData/EBWebView/Default/Local Extension Settings/llafjhmkffdlhpiojoipllmmedhckpgh/LOG
	deleted:    bin/Release/HorizonData/EBWebView/Default/Local Extension Settings/llafjhmkffdlhpiojoipllmmedhckpgh/LOG.old
	deleted:    bin/Release/HorizonData/EBWebView/Default/Local Extension Settings/llafjhmkffdlhpiojoipllmmedhckpgh/MANIFEST-000001
	deleted:    bin/Release/HorizonData/EBWebView/Default/Local Extension Settings/mahdomgfmegkjcelplonolabemigokdm/000003.log
	deleted:    bin/Release/HorizonData/EBWebView/Default/Local Extension Settings/mahdomgfmegkjcelplonolabemigokdm/CURRENT
	deleted:    bin/Release/HorizonData/EBWebView/Default/Local Extension Settings/mahdomgfmegkjcelplonolabemigokdm/LOCK
	deleted:    bin/Release/HorizonData/EBWebView/Default/Local Extension Settings/mahdomgfmegkjcelplonolabemigokdm/LOG
	deleted:    bin/Release/HorizonData/EBWebView/Default/Local Extension Settings/mahdomgfmegkjcelplonolabemigokdm/LOG.old
	deleted:    bin/Release/HorizonData/EBWebView/Default/Local Extension Settings/mahdomgfmegkjcelplonolabemigokdm/MANIFEST-000001
	deleted:    bin/Release/HorizonData/EBWebView/Default/Local Extension Settings/micabgbmbfjdcifaljgbioeiflcemnmo/000003.log
	deleted:    bin/Release/HorizonData/EBWebView/Default/Local Extension Settings/micabgbmbfjdcifaljgbioeiflcemnmo/CURRENT
	deleted:    bin/Release/HorizonData/EBWebView/Default/Local Extension Settings/micabgbmbfjdcifaljgbioeiflcemnmo/LOCK
	deleted:    bin/Release/HorizonData/EBWebView/Default/Local Extension Settings/micabgbmbfjdcifaljgbioeiflcemnmo/LOG
	deleted:    bin/Release/HorizonData/EBWebView/Default/Local Extension Settings/micabgbmbfjdcifaljgbioeiflcemnmo/LOG.old
	deleted:    bin/Release/HorizonData/EBWebView/Default/Local Extension Settings/micabgbmbfjdcifaljgbioeiflcemnmo/MANIFEST-000001
	deleted:    bin/Release/HorizonData/EBWebView/Default/Local Extension Settings/pnbopgbekiomlhlfodahgbchgghkkkie/000003.log
	deleted:    bin/Release/HorizonData/EBWebView/Default/Local Extension Settings/pnbopgbekiomlhlfodahgbchgghkkkie/CURRENT
	deleted:    bin/Release/HorizonData/EBWebView/Default/Local Extension Settings/pnbopgbekiomlhlfodahgbchgghkkkie/LOCK
	deleted:    bin/Release/HorizonData/EBWebView/Default/Local Extension Settings/pnbopgbekiomlhlfodahgbchgghkkkie/LOG
	deleted:    bin/Release/HorizonData/EBWebView/Default/Local Extension Settings/pnbopgbekiomlhlfodahgbchgghkkkie/LOG.old
	deleted:    bin/Release/HorizonData/EBWebView/Default/Local Extension Settings/pnbopgbekiomlhlfodahgbchgghkkkie/MANIFEST-000001
	deleted:    bin/Release/HorizonData/EBWebView/Default/Local Storage/leveldb/000003.log
	deleted:    bin/Release/HorizonData/EBWebView/Default/Local Storage/leveldb/CURRENT
	deleted:    bin/Release/HorizonData/EBWebView/Default/Local Storage/leveldb/LOCK
	deleted:    bin/Release/HorizonData/EBWebView/Default/Local Storage/leveldb/LOG
	deleted:    bin/Release/HorizonData/EBWebView/Default/Local Storage/leveldb/LOG.old
	deleted:    bin/Release/HorizonData/EBWebView/Default/Local Storage/leveldb/MANIFEST-000001
	deleted:    bin/Release/HorizonData/EBWebView/Default/Login Data
	deleted:    bin/Release/HorizonData/EBWebView/Default/Login Data For Account
	deleted:    bin/Release/HorizonData/EBWebView/Default/Login Data For Account-journal
	deleted:    bin/Release/HorizonData/EBWebView/Default/Login Data-journal
	deleted:    bin/Release/HorizonData/EBWebView/Default/MediaDeviceSalts
	deleted:    bin/Release/HorizonData/EBWebView/Default/MediaDeviceSalts-journal
	deleted:    bin/Release/HorizonData/EBWebView/Default/Network Action Predictor
	deleted:    bin/Release/HorizonData/EBWebView/Default/Network Action Predictor-journal
	deleted:    bin/Release/HorizonData/EBWebView/Default/Network/Cookies
	deleted:    bin/Release/HorizonData/EBWebView/Default/Network/Cookies-journal
	deleted:    bin/Release/HorizonData/EBWebView/Default/Network/Device Bound Sessions
	deleted:    bin/Release/HorizonData/EBWebView/Default/Network/Device Bound Sessions-journal
	deleted:    bin/Release/HorizonData/EBWebView/Default/Network/Network Persistent State
	deleted:    bin/Release/HorizonData/EBWebView/Default/Network/NetworkDataMigrated
	deleted:    bin/Release/HorizonData/EBWebView/Default/Network/Reporting and NEL
	deleted:    bin/Release/HorizonData/EBWebView/Default/Network/Reporting and NEL-journal
	deleted:    bin/Release/HorizonData/EBWebView/Default/Network/SCT Auditing Pending Reports
	deleted:    bin/Release/HorizonData/EBWebView/Default/Network/Sdch Dictionaries
	deleted:    bin/Release/HorizonData/EBWebView/Default/Network/TransportSecurity
	deleted:    bin/Release/HorizonData/EBWebView/Default/Network/Trust Tokens
	deleted:    bin/Release/HorizonData/EBWebView/Default/Network/Trust Tokens-journal
	deleted:    bin/Release/HorizonData/EBWebView/Default/Password_Diagnostics/PMLog_13422023247647094
	deleted:    bin/Release/HorizonData/EBWebView/Default/PersistentOriginTrials/LOCK
	deleted:    bin/Release/HorizonData/EBWebView/Default/PersistentOriginTrials/LOG
	deleted:    bin/Release/HorizonData/EBWebView/Default/PersistentOriginTrials/LOG.old
	deleted:    bin/Release/HorizonData/EBWebView/Default/Platform Notifications/000003.log
	deleted:    bin/Release/HorizonData/EBWebView/Default/Platform Notifications/CURRENT
	deleted:    bin/Release/HorizonData/EBWebView/Default/Platform Notifications/LOCK
	deleted:    bin/Release/HorizonData/EBWebView/Default/Platform Notifications/LOG
	deleted:    bin/Release/HorizonData/EBWebView/Default/Platform Notifications/LOG.old
	deleted:    bin/Release/HorizonData/EBWebView/Default/Platform Notifications/MANIFEST-000001
	deleted:    bin/Release/HorizonData/EBWebView/Default/Preferences
	deleted:    bin/Release/HorizonData/EBWebView/Default/README
	deleted:    bin/Release/HorizonData/EBWebView/Default/Safe Browsing Network/NetworkDataMigrated
	deleted:    bin/Release/HorizonData/EBWebView/Default/Safe Browsing Network/Safe Browsing Cookies
	deleted:    bin/Release/HorizonData/EBWebView/Default/Safe Browsing Network/Safe Browsing Cookies-journal
	deleted:    bin/Release/HorizonData/EBWebView/Default/Secure Preferences
	deleted:    bin/Release/HorizonData/EBWebView/Default/ServerCertificate
	deleted:    bin/Release/HorizonData/EBWebView/Default/ServerCertificate-journal
	deleted:    bin/Release/HorizonData/EBWebView/Default/Service Worker/CacheStorage/1e538fbb9a411578d5bec848a4a4b012e8b26441/e61324ad-efcf-4993-a147-dbfbc543c56d/03723ec5564e7819_0
	deleted:    bin/Release/HorizonData/EBWebView/Default/Service Worker/CacheStorage/1e538fbb9a411578d5bec848a4a4b012e8b26441/e61324ad-efcf-4993-a147-dbfbc543c56d/091349bb42039481_0
	deleted:    bin/Release/HorizonData/EBWebView/Default/Service Worker/CacheStorage/1e538fbb9a411578d5bec848a4a4b012e8b26441/e61324ad-efcf-4993-a147-dbfbc543c56d/0b3bd81b114681fa_0
	deleted:    bin/Release/HorizonData/EBWebView/Default/Service Worker/CacheStorage/1e538fbb9a411578d5bec848a4a4b012e8b26441/e61324ad-efcf-4993-a147-dbfbc543c56d/0e68ef3e3bc686b2_0
	deleted:    bin/Release/HorizonData/EBWebView/Default/Service Worker/CacheStorage/1e538fbb9a411578d5bec848a4a4b012e8b26441/e61324ad-efcf-4993-a147-dbfbc543c56d/0efdd86b5e92caeb_0
	deleted:    bin/Release/HorizonData/EBWebView/Default/Service Worker/CacheStorage/1e538fbb9a411578d5bec848a4a4b012e8b26441/e61324ad-efcf-4993-a147-dbfbc543c56d/11948aeda14cd8cd_0
	deleted:    bin/Release/HorizonData/EBWebView/Default/Service Worker/CacheStorage/1e538fbb9a411578d5bec848a4a4b012e8b26441/e61324ad-efcf-4993-a147-dbfbc543c56d/152af16e821e5e53_0
	deleted:    bin/Release/HorizonData/EBWebView/Default/Service Worker/CacheStorage/1e538fbb9a411578d5bec848a4a4b012e8b26441/e61324ad-efcf-4993-a147-dbfbc543c56d/1862774b103cb550_0
	deleted:    bin/Release/HorizonData/EBWebView/Default/Service Worker/CacheStorage/1e538fbb9a411578d5bec848a4a4b012e8b26441/e61324ad-efcf-4993-a147-dbfbc543c56d/1ada7ade10cca105_0
	deleted:    bin/Release/HorizonData/EBWebView/Default/Service Worker/CacheStorage/1e538fbb9a411578d5bec848a4a4b012e8b26441/e61324ad-efcf-4993-a147-dbfbc543c56d/1d17e378da8f28e8_0
	deleted:    bin/Release/HorizonData/EBWebView/Default/Service Worker/CacheStorage/1e538fbb9a411578d5bec848a4a4b012e8b26441/e61324ad-efcf-4993-a147-dbfbc543c56d/22063dd5403b833c_0
	deleted:    bin/Release/HorizonData/EBWebView/Default/Service Worker/CacheStorage/1e538fbb9a411578d5bec848a4a4b012e8b26441/e61324ad-efcf-4993-a147-dbfbc543c56d/273c4b250c7bc824_0
	deleted:    bin/Release/HorizonData/EBWebView/Default/Service Worker/CacheStorage/1e538fbb9a411578d5bec848a4a4b012e8b26441/e61324ad-efcf-4993-a147-dbfbc543c56d/2e2413a06637b0ec_0
	deleted:    bin/Release/HorizonData/EBWebView/Default/Service Worker/CacheStorage/1e538fbb9a411578d5bec848a4a4b012e8b26441/e61324ad-efcf-4993-a147-dbfbc543c56d/3107558eea9ba321_0
	deleted:    bin/Release/HorizonData/EBWebView/Default/Service Worker/CacheStorage/1e538fbb9a411578d5bec848a4a4b012e8b26441/e61324ad-efcf-4993-a147-dbfbc543c56d/321911defb2f8cbc_0
	deleted:    bin/Release/HorizonData/EBWebView/Default/Service Worker/CacheStorage/1e538fbb9a411578d5bec848a4a4b012e8b26441/e61324ad-efcf-4993-a147-dbfbc543c56d/32690e9511f86989_0
	deleted:    bin/Release/HorizonData/EBWebView/Default/Service Worker/CacheStorage/1e538fbb9a411578d5bec848a4a4b012e8b26441/e61324ad-efcf-4993-a147-dbfbc543c56d/340d60e931bd37f7_0
	deleted:    bin/Release/HorizonData/EBWebView/Default/Service Worker/CacheStorage/1e538fbb9a411578d5bec848a4a4b012e8b26441/e61324ad-efcf-4993-a147-dbfbc543c56d/375db0c2ac836167_0
	deleted:    bin/Release/HorizonData/EBWebView/Default/Service Worker/CacheStorage/1e538fbb9a411578d5bec848a4a4b012e8b26441/e61324ad-efcf-4993-a147-dbfbc543c56d/383152c2a19b4e8f_0
	deleted:    bin/Release/HorizonData/EBWebView/Default/Service Worker/CacheStorage/1e538fbb9a411578d5bec848a4a4b012e8b26441/e61324ad-efcf-4993-a147-dbfbc543c56d/385bf01b84b6743c_0
	deleted:    bin/Release/HorizonData/EBWebView/Default/Service Worker/CacheStorage/1e538fbb9a411578d5bec848a4a4b012e8b26441/e61324ad-efcf-4993-a147-dbfbc543c56d/3d7948fc42349e78_0
	deleted:    bin/Release/HorizonData/EBWebView/Default/Service Worker/CacheStorage/1e538fbb9a411578d5bec848a4a4b012e8b26441/e61324ad-efcf-4993-a147-dbfbc543c56d/44fdad3a201128f8_0
	deleted:    bin/Release/HorizonData/EBWebView/Default/Service Worker/CacheStorage/1e538fbb9a411578d5bec848a4a4b012e8b26441/e61324ad-efcf-4993-a147-dbfbc543c56d/48ad33b5e6597f4d_0
	deleted:    bin/Release/HorizonData/EBWebView/Default/Service Worker/CacheStorage/1e538fbb9a411578d5bec848a4a4b012e8b26441/e61324ad-efcf-4993-a147-dbfbc543c56d/4b32244f47a52aa1_0
	deleted:    bin/Release/HorizonData/EBWebView/Default/Service Worker/CacheStorage/1e538fbb9a411578d5bec848a4a4b012e8b26441/e61324ad-efcf-4993-a147-dbfbc543c56d/4c4800b635ae2098_0
	deleted:    bin/Release/HorizonData/EBWebView/Default/Service Worker/CacheStorage/1e538fbb9a411578d5bec848a4a4b012e8b26441/e61324ad-efcf-4993-a147-dbfbc543c56d/4f926102e9d4c072_0
	deleted:    bin/Release/HorizonData/EBWebView/Default/Service Worker/CacheStorage/1e538fbb9a411578d5bec848a4a4b012e8b26441/e61324ad-efcf-4993-a147-dbfbc543c56d/5437f3efe07e0177_0
	deleted:    bin/Release/HorizonData/EBWebView/Default/Service Worker/CacheStorage/1e538fbb9a411578d5bec848a4a4b012e8b26441/e61324ad-efcf-4993-a147-dbfbc543c56d/577dbf0b91a4fd20_0
	deleted:    bin/Release/HorizonData/EBWebView/Default/Service Worker/CacheStorage/1e538fbb9a411578d5bec848a4a4b012e8b26441/e61324ad-efcf-4993-a147-dbfbc543c56d/5a89e5ba27a9709b_0
	deleted:    bin/Release/HorizonData/EBWebView/Default/Service Worker/CacheStorage/1e538fbb9a411578d5bec848a4a4b012e8b26441/e61324ad-efcf-4993-a147-dbfbc543c56d/5f35d08eae8058b3_0
	deleted:    bin/Release/HorizonData/EBWebView/Default/Service Worker/CacheStorage/1e538fbb9a411578d5bec848a4a4b012e8b26441/e61324ad-efcf-4993-a147-dbfbc543c56d/6b3d1b313bb275db_0
	deleted:    bin/Release/HorizonData/EBWebView/Default/Service Worker/CacheStorage/1e538fbb9a411578d5bec848a4a4b012e8b26441/e61324ad-efcf-4993-a147-dbfbc543c56d/6b991611054a2e9f_0
	deleted:    bin/Release/HorizonData/EBWebView/Default/Service Worker/CacheStorage/1e538fbb9a411578d5bec848a4a4b012e8b26441/e61324ad-efcf-4993-a147-dbfbc543c56d/704d1465ad2857ca_0
	deleted:    bin/Release/HorizonData/EBWebView/Default/Service Worker/CacheStorage/1e538fbb9a411578d5bec848a4a4b012e8b26441/e61324ad-efcf-4993-a147-dbfbc543c56d/72d06060f92aae74_0
	deleted:    bin/Release/HorizonData/EBWebView/Default/Service Worker/CacheStorage/1e538fbb9a411578d5bec848a4a4b012e8b26441/e61324ad-efcf-4993-a147-dbfbc543c56d/7866b425ec30631b_0
	deleted:    bin/Release/HorizonData/EBWebView/Default/Service Worker/CacheStorage/1e538fbb9a411578d5bec848a4a4b012e8b26441/e61324ad-efcf-4993-a147-dbfbc543c56d/82ef43183c18dbcf_0
	deleted:    bin/Release/HorizonData/EBWebView/Default/Service Worker/CacheStorage/1e538fbb9a411578d5bec848a4a4b012e8b26441/e61324ad-efcf-4993-a147-dbfbc543c56d/8383e54a78e96fc0_0
	deleted:    bin/Release/HorizonData/EBWebView/Default/Service Worker/CacheStorage/1e538fbb9a411578d5bec848a4a4b012e8b26441/e61324ad-efcf-4993-a147-dbfbc543c56d/864e3d21e753f81a_0
	deleted:    bin/Release/HorizonData/EBWebView/Default/Service Worker/CacheStorage/1e538fbb9a411578d5bec848a4a4b012e8b26441/e61324ad-efcf-4993-a147-dbfbc543c56d/8730e4942a92839c_0
	deleted:    bin/Release/HorizonData/EBWebView/Default/Service Worker/CacheStorage/1e538fbb9a411578d5bec848a4a4b012e8b26441/e61324ad-efcf-4993-a147-dbfbc543c56d/88c1d03bb90903c8_0
	deleted:    bin/Release/HorizonData/EBWebView/Default/Service Worker/CacheStorage/1e538fbb9a411578d5bec848a4a4b012e8b26441/e61324ad-efcf-4993-a147-dbfbc543c56d/8ba930f6d3763aad_0
	deleted:    bin/Release/HorizonData/EBWebView/Default/Service Worker/CacheStorage/1e538fbb9a411578d5bec848a4a4b012e8b26441/e61324ad-efcf-4993-a147-dbfbc543c56d/95db89fc6a02f451_0
	deleted:    bin/Release/HorizonData/EBWebView/Default/Service Worker/CacheStorage/1e538fbb9a411578d5bec848a4a4b012e8b26441/e61324ad-efcf-4993-a147-dbfbc543c56d/96723b9b77fbe36f_0
	deleted:    bin/Release/HorizonData/EBWebView/Default/Service Worker/CacheStorage/1e538fbb9a411578d5bec848a4a4b012e8b26441/e61324ad-efcf-4993-a147-dbfbc543c56d/97de5abfe883dbcf_0
	deleted:    bin/Release/HorizonData/EBWebView/Default/Service Worker/CacheStorage/1e538fbb9a411578d5bec848a4a4b012e8b26441/e61324ad-efcf-4993-a147-dbfbc543c56d/98064632364724f2_0
	deleted:    bin/Release/HorizonData/EBWebView/Default/Service Worker/CacheStorage/1e538fbb9a411578d5bec848a4a4b012e8b26441/e61324ad-efcf-4993-a147-dbfbc543c56d/9e92cd97c19c8248_0
	deleted:    bin/Release/HorizonData/EBWebView/Default/Service Worker/CacheStorage/1e538fbb9a411578d5bec848a4a4b012e8b26441/e61324ad-efcf-4993-a147-dbfbc543c56d/a85adbefb300ab4e_0
	deleted:    bin/Release/HorizonData/EBWebView/Default/Service Worker/CacheStorage/1e538fbb9a411578d5bec848a4a4b012e8b26441/e61324ad-efcf-4993-a147-dbfbc543c56d/ac93d1cd50506b33_0
	deleted:    bin/Release/HorizonData/EBWebView/Default/Service Worker/CacheStorage/1e538fbb9a411578d5bec848a4a4b012e8b26441/e61324ad-efcf-4993-a147-dbfbc543c56d/afbf989a8c95bf2e_0
	deleted:    bin/Release/HorizonData/EBWebView/Default/Service Worker/CacheStorage/1e538fbb9a411578d5bec848a4a4b012e8b26441/e61324ad-efcf-4993-a147-dbfbc543c56d/b2141b088ee5e98c_0
	deleted:    bin/Release/HorizonData/EBWebView/Default/Service Worker/CacheStorage/1e538fbb9a411578d5bec848a4a4b012e8b26441/e61324ad-efcf-4993-a147-dbfbc543c56d/b3f87b55d8dbfa47_0
	deleted:    bin/Release/HorizonData/EBWebView/Default/Service Worker/CacheStorage/1e538fbb9a411578d5bec848a4a4b012e8b26441/e61324ad-efcf-4993-a147-dbfbc543c56d/b571bf0ba8facec6_0
	deleted:    bin/Release/HorizonData/EBWebView/Default/Service Worker/CacheStorage/1e538fbb9a411578d5bec848a4a4b012e8b26441/e61324ad-efcf-4993-a147-dbfbc543c56d/b5f29d0312456036_0
	deleted:    bin/Release/HorizonData/EBWebView/Default/Service Worker/CacheStorage/1e538fbb9a411578d5bec848a4a4b012e8b26441/e61324ad-efcf-4993-a147-dbfbc543c56d/b6edcb759d6cadbf_0
	deleted:    bin/Release/HorizonData/EBWebView/Default/Service Worker/CacheStorage/1e538fbb9a411578d5bec848a4a4b012e8b26441/e61324ad-efcf-4993-a147-dbfbc543c56d/b7f636932c67bab4_0
	deleted:    bin/Release/HorizonData/EBWebView/Default/Service Worker/CacheStorage/1e538fbb9a411578d5bec848a4a4b012e8b26441/e61324ad-efcf-4993-a147-dbfbc543c56d/b8bb1a549c6dcc10_0
	deleted:    bin/Release/HorizonData/EBWebView/Default/Service Worker/CacheStorage/1e538fbb9a411578d5bec848a4a4b012e8b26441/e61324ad-efcf-4993-a147-dbfbc543c56d/b924469dce8b9a89_0
	deleted:    bin/Release/HorizonData/EBWebView/Default/Service Worker/CacheStorage/1e538fbb9a411578d5bec848a4a4b012e8b26441/e61324ad-efcf-4993-a147-dbfbc543c56d/ba2b0906a4df382c_0
	deleted:    bin/Release/HorizonData/EBWebView/Default/Service Worker/CacheStorage/1e538fbb9a411578d5bec848a4a4b012e8b26441/e61324ad-efcf-4993-a147-dbfbc543c56d/bcefea0b5feaa3e6_0
	deleted:    bin/Release/HorizonData/EBWebView/Default/Service Worker/CacheStorage/1e538fbb9a411578d5bec848a4a4b012e8b26441/e61324ad-efcf-4993-a147-dbfbc543c56d/be581dea90cddde7_0
	deleted:    bin/Release/HorizonData/EBWebView/Default/Service Worker/CacheStorage/1e538fbb9a411578d5bec848a4a4b012e8b26441/e61324ad-efcf-4993-a147-dbfbc543c56d/c8b473e0f9374235_0
	deleted:    bin/Release/HorizonData/EBWebView/Default/Service Worker/CacheStorage/1e538fbb9a411578d5bec848a4a4b012e8b26441/e61324ad-efcf-4993-a147-dbfbc543c56d/ca4b8e6b4b207a9b_0
	deleted:    bin/Release/HorizonData/EBWebView/Default/Service Worker/CacheStorage/1e538fbb9a411578d5bec848a4a4b012e8b26441/e61324ad-efcf-4993-a147-dbfbc543c56d/ca5a67fda3466f4d_0
	deleted:    bin/Release/HorizonData/EBWebView/Default/Service Worker/CacheStorage/1e538fbb9a411578d5bec848a4a4b012e8b26441/e61324ad-efcf-4993-a147-dbfbc543c56d/cc04a8364b7fbf4b_0
	deleted:    bin/Release/HorizonData/EBWebView/Default/Service Worker/CacheStorage/1e538fbb9a411578d5bec848a4a4b012e8b26441/e61324ad-efcf-4993-a147-dbfbc543c56d/cd85acb1c0e5f8f6_0
	deleted:    bin/Release/HorizonData/EBWebView/Default/Service Worker/CacheStorage/1e538fbb9a411578d5bec848a4a4b012e8b26441/e61324ad-efcf-4993-a147-dbfbc543c56d/cde968a267e2506f_0
	deleted:    bin/Release/HorizonData/EBWebView/Default/Service Worker/CacheStorage/1e538fbb9a411578d5bec848a4a4b012e8b26441/e61324ad-efcf-4993-a147-dbfbc543c56d/ce5fdc792b67fd6e_0
	deleted:    bin/Release/HorizonData/EBWebView/Default/Service Worker/CacheStorage/1e538fbb9a411578d5bec848a4a4b012e8b26441/e61324ad-efcf-4993-a147-dbfbc543c56d/d026a83c98b68c4a_0
	deleted:    bin/Release/HorizonData/EBWebView/Default/Service Worker/CacheStorage/1e538fbb9a411578d5bec848a4a4b012e8b26441/e61324ad-efcf-4993-a147-dbfbc543c56d/d094aec584cc1c06_0
	deleted:    bin/Release/HorizonData/EBWebView/Default/Service Worker/CacheStorage/1e538fbb9a411578d5bec848a4a4b012e8b26441/e61324ad-efcf-4993-a147-dbfbc543c56d/d57fe2c6b1537486_0
	deleted:    bin/Release/HorizonData/EBWebView/Default/Service Worker/CacheStorage/1e538fbb9a411578d5bec848a4a4b012e8b26441/e61324ad-efcf-4993-a147-dbfbc543c56d/d9509606979f3a92_0
	deleted:    bin/Release/HorizonData/EBWebView/Default/Service Worker/CacheStorage/1e538fbb9a411578d5bec848a4a4b012e8b26441/e61324ad-efcf-4993-a147-dbfbc543c56d/da6db244aef24adb_0
	deleted:    bin/Release/HorizonData/EBWebView/Default/Service Worker/CacheStorage/1e538fbb9a411578d5bec848a4a4b012e8b26441/e61324ad-efcf-4993-a147-dbfbc543c56d/dc1f0d705c07825e_0
	deleted:    bin/Release/HorizonData/EBWebView/Default/Service Worker/CacheStorage/1e538fbb9a411578d5bec848a4a4b012e8b26441/e61324ad-efcf-4993-a147-dbfbc543c56d/df0cb294d29fc0fe_0
	deleted:    bin/Release/HorizonData/EBWebView/Default/Service Worker/CacheStorage/1e538fbb9a411578d5bec848a4a4b012e8b26441/e61324ad-efcf-4993-a147-dbfbc543c56d/e49665df81d4c591_0
	deleted:    bin/Release/HorizonData/EBWebView/Default/Service Worker/CacheStorage/1e538fbb9a411578d5bec848a4a4b012e8b26441/e61324ad-efcf-4993-a147-dbfbc543c56d/e53200cb6d914edd_0
	deleted:    bin/Release/HorizonData/EBWebView/Default/Service Worker/CacheStorage/1e538fbb9a411578d5bec848a4a4b012e8b26441/e61324ad-efcf-4993-a147-dbfbc543c56d/e7639dc21c04a524_0
	deleted:    bin/Release/HorizonData/EBWebView/Default/Service Worker/CacheStorage/1e538fbb9a411578d5bec848a4a4b012e8b26441/e61324ad-efcf-4993-a147-dbfbc543c56d/e8f209bb953d0431_0
	deleted:    bin/Release/HorizonData/EBWebView/Default/Service Worker/CacheStorage/1e538fbb9a411578d5bec848a4a4b012e8b26441/e61324ad-efcf-4993-a147-dbfbc543c56d/eaffc3a9ed933df4_0
	deleted:    bin/Release/HorizonData/EBWebView/Default/Service Worker/CacheStorage/1e538fbb9a411578d5bec848a4a4b012e8b26441/e61324ad-efcf-4993-a147-dbfbc543c56d/edc224e63f046684_0
	deleted:    bin/Release/HorizonData/EBWebView/Default/Service Worker/CacheStorage/1e538fbb9a411578d5bec848a4a4b012e8b26441/e61324ad-efcf-4993-a147-dbfbc543c56d/f0192a7f283c74b2_0
	deleted:    bin/Release/HorizonData/EBWebView/Default/Service Worker/CacheStorage/1e538fbb9a411578d5bec848a4a4b012e8b26441/e61324ad-efcf-4993-a147-dbfbc543c56d/fccc7c9e7e8c80f8_0
	deleted:    bin/Release/HorizonData/EBWebView/Default/Service Worker/CacheStorage/1e538fbb9a411578d5bec848a4a4b012e8b26441/e61324ad-efcf-4993-a147-dbfbc543c56d/fdd89d27c13f85e5_0
	deleted:    bin/Release/HorizonData/EBWebView/Default/Service Worker/CacheStorage/1e538fbb9a411578d5bec848a4a4b012e8b26441/e61324ad-efcf-4993-a147-dbfbc543c56d/fff368752d794b37_0
	deleted:    bin/Release/HorizonData/EBWebView/Default/Service Worker/CacheStorage/1e538fbb9a411578d5bec848a4a4b012e8b26441/e61324ad-efcf-4993-a147-dbfbc543c56d/index
	deleted:    bin/Release/HorizonData/EBWebView/Default/Service Worker/CacheStorage/1e538fbb9a411578d5bec848a4a4b012e8b26441/e61324ad-efcf-4993-a147-dbfbc543c56d/index-dir/the-real-index
	deleted:    bin/Release/HorizonData/EBWebView/Default/Service Worker/CacheStorage/1e538fbb9a411578d5bec848a4a4b012e8b26441/index.txt
	deleted:    bin/Release/HorizonData/EBWebView/Default/Service Worker/Database/000003.log
	deleted:    bin/Release/HorizonData/EBWebView/Default/Service Worker/Database/CURRENT
	deleted:    bin/Release/HorizonData/EBWebView/Default/Service Worker/Database/LOCK
	deleted:    bin/Release/HorizonData/EBWebView/Default/Service Worker/Database/LOG
	deleted:    bin/Release/HorizonData/EBWebView/Default/Service Worker/Database/LOG.old
	deleted:    bin/Release/HorizonData/EBWebView/Default/Service Worker/Database/MANIFEST-000001
	deleted:    bin/Release/HorizonData/EBWebView/Default/Service Worker/ScriptCache/009c63609679d1cf_0
	deleted:    bin/Release/HorizonData/EBWebView/Default/Service Worker/ScriptCache/013888a1cda32b90_0
	deleted:    bin/Release/HorizonData/EBWebView/Default/Service Worker/ScriptCache/013888a1cda32b90_1
	deleted:    bin/Release/HorizonData/EBWebView/Default/Service Worker/ScriptCache/08bdbf206a472600_0
	deleted:    bin/Release/HorizonData/EBWebView/Default/Service Worker/ScriptCache/09008b1d0549f7ab_0
	deleted:    bin/Release/HorizonData/EBWebView/Default/Service Worker/ScriptCache/09dd09a6623d77a1_0
	deleted:    bin/Release/HorizonData/EBWebView/Default/Service Worker/ScriptCache/0b792330520baa9a_0
	deleted:    bin/Release/HorizonData/EBWebView/Default/Service Worker/ScriptCache/0b8d03323a5a6e07_0
	deleted:    bin/Release/HorizonData/EBWebView/Default/Service Worker/ScriptCache/0cac6d3631916f8d_0
	deleted:    bin/Release/HorizonData/EBWebView/Default/Service Worker/ScriptCache/1055481490f58805_0
	deleted:    bin/Release/HorizonData/EBWebView/Default/Service Worker/ScriptCache/117d142383163ca9_0
	deleted:    bin/Release/HorizonData/EBWebView/Default/Service Worker/ScriptCache/12d2b185ec62111a_0
	deleted:    bin/Release/HorizonData/EBWebView/Default/Service Worker/ScriptCache/130d5ab08abb09a6_0
	deleted:    bin/Release/HorizonData/EBWebView/Default/Service Worker/ScriptCache/14e7e9252ca2e7b6_0
	deleted:    bin/Release/HorizonData/EBWebView/Default/Service Worker/ScriptCache/1a168afddb7eaf90_0
	deleted:    bin/Release/HorizonData/EBWebView/Default/Service Worker/ScriptCache/1a44a79864a22847_0
	deleted:    bin/Release/HorizonData/EBWebView/Default/Service Worker/ScriptCache/1f4fc4ac2489c6b0_0
	deleted:    bin/Release/HorizonData/EBWebView/Default/Service Worker/ScriptCache/24100a74bb7d3820_0
	deleted:    bin/Release/HorizonData/EBWebView/Default/Service Worker/ScriptCache/25aaa8074a29cf86_0
	deleted:    bin/Release/HorizonData/EBWebView/Default/Service Worker/ScriptCache/26d1f970a09a4ca8_0
	deleted:    bin/Release/HorizonData/EBWebView/Default/Service Worker/ScriptCache/27622751cc830f3e_0
	deleted:    bin/Release/HorizonData/EBWebView/Default/Service Worker/ScriptCache/297ecea5cebb5dfe_0
	deleted:    bin/Release/HorizonData/EBWebView/Default/Service Worker/ScriptCache/297ecea5cebb5dfe_1
	deleted:    bin/Release/HorizonData/EBWebView/Default/Service Worker/ScriptCache/2cc80dabc69f58b6_0
	deleted:    bin/Release/HorizonData/EBWebView/Default/Service Worker/ScriptCache/2cc80dabc69f58b6_1
	deleted:    bin/Release/HorizonData/EBWebView/Default/Service Worker/ScriptCache/2cfef0e5a0f2936d_0
	deleted:    bin/Release/HorizonData/EBWebView/Default/Service Worker/ScriptCache/2d5e07bc3c67635e_0
	deleted:    bin/Release/HorizonData/EBWebView/Default/Service Worker/ScriptCache/32eae9c186dc8089_0
	deleted:    bin/Release/HorizonData/EBWebView/Default/Service Worker/ScriptCache/38992e00d1274191_0
	deleted:    bin/Release/HorizonData/EBWebView/Default/Service Worker/ScriptCache/40a21a6a5c2d889c_0
	deleted:    bin/Release/HorizonData/EBWebView/Default/Service Worker/ScriptCache/418e80f99e974dbe_0
	deleted:    bin/Release/HorizonData/EBWebView/Default/Service Worker/ScriptCache/449d86748cd51507_0
	deleted:    bin/Release/HorizonData/EBWebView/Default/Service Worker/ScriptCache/4698ecea4d4dad56_0
	deleted:    bin/Release/HorizonData/EBWebView/Default/Service Worker/ScriptCache/4698ecea4d4dad56_1
	deleted:    bin/Release/HorizonData/EBWebView/Default/Service Worker/ScriptCache/46a4b4aebfdaa48d_0
	deleted:    bin/Release/HorizonData/EBWebView/Default/Service Worker/ScriptCache/4cb013792b196a35_0
	deleted:    bin/Release/HorizonData/EBWebView/Default/Service Worker/ScriptCache/4cb013792b196a35_1
	deleted:    bin/Release/HorizonData/EBWebView/Default/Service Worker/ScriptCache/5037c89965fa5fae_0
	deleted:    bin/Release/HorizonData/EBWebView/Default/Service Worker/ScriptCache/50b5da359e6f22d0_0
	deleted:    bin/Release/HorizonData/EBWebView/Default/Service Worker/ScriptCache/5179d7e668773011_0
	deleted:    bin/Release/HorizonData/EBWebView/Default/Service Worker/ScriptCache/5779b052d5b25145_0
	deleted:    bin/Release/HorizonData/EBWebView/Default/Service Worker/ScriptCache/5d771a05a5f45d29_0
	deleted:    bin/Release/HorizonData/EBWebView/Default/Service Worker/ScriptCache/602a34051cfc2eed_0
	deleted:    bin/Release/HorizonData/EBWebView/Default/Service Worker/ScriptCache/63be69ca5d5015c4_0
	deleted:    bin/Release/HorizonData/EBWebView/Default/Service Worker/ScriptCache/679e0b7317f2041b_0
	deleted:    bin/Release/HorizonData/EBWebView/Default/Service Worker/ScriptCache/67a473248953641b_0
	deleted:    bin/Release/HorizonData/EBWebView/Default/Service Worker/ScriptCache/67a473248953641b_1
	deleted:    bin/Release/HorizonData/EBWebView/Default/Service Worker/ScriptCache/6cb56d63a90f990d_0
	deleted:    bin/Release/HorizonData/EBWebView/Default/Service Worker/ScriptCache/6e08a40cf80d1181_0
	deleted:    bin/Release/HorizonData/EBWebView/Default/Service Worker/ScriptCache/738bb294f89e1335_0
	deleted:    bin/Release/HorizonData/EBWebView/Default/Service Worker/ScriptCache/796b7562219390f0_0
	deleted:    bin/Release/HorizonData/EBWebView/Default/Service Worker/ScriptCache/79a60028be9c3010_0
	deleted:    bin/Release/HorizonData/EBWebView/Default/Service Worker/ScriptCache/79b5c737f7ab9642_0
	deleted:    bin/Release/HorizonData/EBWebView/Default/Service Worker/ScriptCache/7b5fb5b1483213a5_0
	deleted:    bin/Release/HorizonData/EBWebView/Default/Service Worker/ScriptCache/7c4cc75bcf4907c3_0
	deleted:    bin/Release/HorizonData/EBWebView/Default/Service Worker/ScriptCache/7d1277d0a0eef700_0
	deleted:    bin/Release/HorizonData/EBWebView/Default/Service Worker/ScriptCache/7de293882cd2065e_0
	deleted:    bin/Release/HorizonData/EBWebView/Default/Service Worker/ScriptCache/808f4ae21f10416c_0
	deleted:    bin/Release/HorizonData/EBWebView/Default/Service Worker/ScriptCache/820472a405c1a189_0
	deleted:    bin/Release/HorizonData/EBWebView/Default/Service Worker/ScriptCache/8258e27027d54dcb_0
	deleted:    bin/Release/HorizonData/EBWebView/Default/Service Worker/ScriptCache/82ee882be6fc216e_0
	deleted:    bin/Release/HorizonData/EBWebView/Default/Service Worker/ScriptCache/88a4c2fd955a7097_0
	deleted:    bin/Release/HorizonData/EBWebView/Default/Service Worker/ScriptCache/8b860a2f86638734_0
	deleted:    bin/Release/HorizonData/EBWebView/Default/Service Worker/ScriptCache/8ddc3053957b7fab_0
	deleted:    bin/Release/HorizonData/EBWebView/Default/Service Worker/ScriptCache/8e72542801e3a525_0
	deleted:    bin/Release/HorizonData/EBWebView/Default/Service Worker/ScriptCache/914b7547906f398d_0
	deleted:    bin/Release/HorizonData/EBWebView/Default/Service Worker/ScriptCache/91b3ea2d941cb397_0
	deleted:    bin/Release/HorizonData/EBWebView/Default/Service Worker/ScriptCache/982e0f881292c681_0
	deleted:    bin/Release/HorizonData/EBWebView/Default/Service Worker/ScriptCache/99116d486f284af4_0
	deleted:    bin/Release/HorizonData/EBWebView/Default/Service Worker/ScriptCache/9a217e9c08916dcd_0
	deleted:    bin/Release/HorizonData/EBWebView/Default/Service Worker/ScriptCache/9b14912231f64755_0
	deleted:    bin/Release/HorizonData/EBWebView/Default/Service Worker/ScriptCache/9e67022e6bb14133_0
	deleted:    bin/Release/HorizonData/EBWebView/Default/Service Worker/ScriptCache/a0f8700973795685_0
	deleted:    bin/Release/HorizonData/EBWebView/Default/Service Worker/ScriptCache/a29d487f541600d2_0
	deleted:    bin/Release/HorizonData/EBWebView/Default/Service Worker/ScriptCache/a6da08e680c55a2a_0
	deleted:    bin/Release/HorizonData/EBWebView/Default/Service Worker/ScriptCache/a956f0ce96eb29c8_0
	deleted:    bin/Release/HorizonData/EBWebView/Default/Service Worker/ScriptCache/aa4414e246438143_0
	deleted:    bin/Release/HorizonData/EBWebView/Default/Service Worker/ScriptCache/ab95ebc511b469f3_0
	deleted:    bin/Release/HorizonData/EBWebView/Default/Service Worker/ScriptCache/b2812321dea9c42b_0
	deleted:    bin/Release/HorizonData/EBWebView/Default/Service Worker/ScriptCache/b6817b5f586801b0_0
	deleted:    bin/Release/HorizonData/EBWebView/Default/Service Worker/ScriptCache/b6c28cea6ed9dfc1_0
	deleted:    bin/Release/HorizonData/EBWebView/Default/Service Worker/ScriptCache/b6c28cea6ed9dfc1_1
	deleted:    bin/Release/HorizonData/EBWebView/Default/Service Worker/ScriptCache/b7616e79858efbff_0
	deleted:    bin/Release/HorizonData/EBWebView/Default/Service Worker/ScriptCache/b8a8a89bc8f66b3e_0
	deleted:    bin/Release/HorizonData/EBWebView/Default/Service Worker/ScriptCache/b8d7680f52f241b7_0
	deleted:    bin/Release/HorizonData/EBWebView/Default/Service Worker/ScriptCache/b9e0c4e95791e1f7_0
	deleted:    bin/Release/HorizonData/EBWebView/Default/Service Worker/ScriptCache/ba23d8ecda68de77_0
	deleted:    bin/Release/HorizonData/EBWebView/Default/Service Worker/ScriptCache/bc27a87fbf314a15_0
	deleted:    bin/Release/HorizonData/EBWebView/Default/Service Worker/ScriptCache/bf61ab29ad9780c2_0
	deleted:    bin/Release/HorizonData/EBWebView/Default/Service Worker/ScriptCache/c1faae48fbac0b64_0
	deleted:    bin/Release/HorizonData/EBWebView/Default/Service Worker/ScriptCache/c40b44d0ccb6b9f6_0
	deleted:    bin/Release/HorizonData/EBWebView/Default/Service Worker/ScriptCache/c417bfe2be7aa115_0
	deleted:    bin/Release/HorizonData/EBWebView/Default/Service Worker/ScriptCache/c720a327d255695f_0
	deleted:    bin/Release/HorizonData/EBWebView/Default/Service Worker/ScriptCache/c756b52bc59f5ac3_0
	deleted:    bin/Release/HorizonData/EBWebView/Default/Service Worker/ScriptCache/d14726c8af48f441_0
	deleted:    bin/Release/HorizonData/EBWebView/Default/Service Worker/ScriptCache/d449ff6c5b3062bc_0
	deleted:    bin/Release/HorizonData/EBWebView/Default/Service Worker/ScriptCache/d6b653ea64009786_0
	deleted:    bin/Release/HorizonData/EBWebView/Default/Service Worker/ScriptCache/dcbb9f52cf880e4a_0
	deleted:    bin/Release/HorizonData/EBWebView/Default/Service Worker/ScriptCache/dd1e345fe5dc5435_0
	deleted:    bin/Release/HorizonData/EBWebView/Default/Service Worker/ScriptCache/dd91b9ffd8efe2b6_0
	deleted:    bin/Release/HorizonData/EBWebView/Default/Service Worker/ScriptCache/dea936b84808bcef_0
	deleted:    bin/Release/HorizonData/EBWebView/Default/Service Worker/ScriptCache/e10db1fb7a0a4a8c_0
	deleted:    bin/Release/HorizonData/EBWebView/Default/Service Worker/ScriptCache/e27bfe875b62d81e_0
	deleted:    bin/Release/HorizonData/EBWebView/Default/Service Worker/ScriptCache/e384336e22fd2aef_0
	deleted:    bin/Release/HorizonData/EBWebView/Default/Service Worker/ScriptCache/e5ff62263ac8de7f_0
	deleted:    bin/Release/HorizonData/EBWebView/Default/Service Worker/ScriptCache/ed21dd5e2140ec01_0
	deleted:    bin/Release/HorizonData/EBWebView/Default/Service Worker/ScriptCache/ef6993cae43ae456_0
	deleted:    bin/Release/HorizonData/EBWebView/Default/Service Worker/ScriptCache/f131910baad453af_0
	deleted:    bin/Release/HorizonData/EBWebView/Default/Service Worker/ScriptCache/f1cdccba37924bda_0
	deleted:    bin/Release/HorizonData/EBWebView/Default/Service Worker/ScriptCache/f1cdccba37924bda_1
	deleted:    bin/Release/HorizonData/EBWebView/Default/Service Worker/ScriptCache/f287b7060e66da8a_0
	deleted:    bin/Release/HorizonData/EBWebView/Default/Service Worker/ScriptCache/f40501344c9c624c_0
	deleted:    bin/Release/HorizonData/EBWebView/Default/Service Worker/ScriptCache/f5dcf3f81cf9b463_0
	deleted:    bin/Release/HorizonData/EBWebView/Default/Service Worker/ScriptCache/fa813c9ad67834ac_0
	deleted:    bin/Release/HorizonData/EBWebView/Default/Service Worker/ScriptCache/fa813c9ad67834ac_1
	deleted:    bin/Release/HorizonData/EBWebView/Default/Service Worker/ScriptCache/ff57688b9ff2d49e_0
	deleted:    bin/Release/HorizonData/EBWebView/Default/Service Worker/ScriptCache/ff7379f37843d0a0_0
	deleted:    bin/Release/HorizonData/EBWebView/Default/Service Worker/ScriptCache/index
	deleted:    bin/Release/HorizonData/EBWebView/Default/Service Worker/ScriptCache/index-dir/the-real-index
	deleted:    bin/Release/HorizonData/EBWebView/Default/Session Storage/000003.log
	deleted:    bin/Release/HorizonData/EBWebView/Default/Session Storage/CURRENT
	deleted:    bin/Release/HorizonData/EBWebView/Default/Session Storage/LOCK
	deleted:    bin/Release/HorizonData/EBWebView/Default/Session Storage/LOG
	deleted:    bin/Release/HorizonData/EBWebView/Default/Session Storage/MANIFEST-000001
	deleted:    bin/Release/HorizonData/EBWebView/Default/Sessions/Session_13419757923248150
	deleted:    bin/Release/HorizonData/EBWebView/Default/Shared Dictionary/cache/index
	deleted:    bin/Release/HorizonData/EBWebView/Default/Shared Dictionary/cache/index-dir/the-real-index
	deleted:    bin/Release/HorizonData/EBWebView/Default/Shared Dictionary/db
	deleted:    bin/Release/HorizonData/EBWebView/Default/Shared Dictionary/db-journal
	deleted:    bin/Release/HorizonData/EBWebView/Default/SharedStorage
	deleted:    bin/Release/HorizonData/EBWebView/Default/Shortcuts
	deleted:    bin/Release/HorizonData/EBWebView/Default/Shortcuts-journal
	deleted:    bin/Release/HorizonData/EBWebView/Default/Site Characteristics Database/000003.log
	deleted:    bin/Release/HorizonData/EBWebView/Default/Site Characteristics Database/CURRENT
	deleted:    bin/Release/HorizonData/EBWebView/Default/Site Characteristics Database/LOCK
	deleted:    bin/Release/HorizonData/EBWebView/Default/Site Characteristics Database/LOG
	deleted:    bin/Release/HorizonData/EBWebView/Default/Site Characteristics Database/LOG.old
	deleted:    bin/Release/HorizonData/EBWebView/Default/Site Characteristics Database/MANIFEST-000001
	deleted:    bin/Release/HorizonData/EBWebView/Default/Sync Data/LevelDB/000003.log
	deleted:    bin/Release/HorizonData/EBWebView/Default/Sync Data/LevelDB/CURRENT
	deleted:    bin/Release/HorizonData/EBWebView/Default/Sync Data/LevelDB/LOCK
	deleted:    bin/Release/HorizonData/EBWebView/Default/Sync Data/LevelDB/LOG
	deleted:    bin/Release/HorizonData/EBWebView/Default/Sync Data/LevelDB/LOG.old
	deleted:    bin/Release/HorizonData/EBWebView/Default/Sync Data/LevelDB/MANIFEST-000001
	deleted:    bin/Release/HorizonData/EBWebView/Default/Sync Extension Settings/bjchemafiampldmkfmpigfoakogialkl/000003.log
	deleted:    bin/Release/HorizonData/EBWebView/Default/Sync Extension Settings/bjchemafiampldmkfmpigfoakogialkl/CURRENT
	deleted:    bin/Release/HorizonData/EBWebView/Default/Sync Extension Settings/bjchemafiampldmkfmpigfoakogialkl/LOCK
	deleted:    bin/Release/HorizonData/EBWebView/Default/Sync Extension Settings/bjchemafiampldmkfmpigfoakogialkl/LOG
	deleted:    bin/Release/HorizonData/EBWebView/Default/Sync Extension Settings/bjchemafiampldmkfmpigfoakogialkl/MANIFEST-000001
	deleted:    bin/Release/HorizonData/EBWebView/Default/Sync Extension Settings/enpiaeoobofcpedppdnooadnbaldkjih/000003.log
	deleted:    bin/Release/HorizonData/EBWebView/Default/Sync Extension Settings/enpiaeoobofcpedppdnooadnbaldkjih/CURRENT
	deleted:    bin/Release/HorizonData/EBWebView/Default/Sync Extension Settings/enpiaeoobofcpedppdnooadnbaldkjih/LOCK
	deleted:    bin/Release/HorizonData/EBWebView/Default/Sync Extension Settings/enpiaeoobofcpedppdnooadnbaldkjih/LOG
	deleted:    bin/Release/HorizonData/EBWebView/Default/Sync Extension Settings/enpiaeoobofcpedppdnooadnbaldkjih/LOG.old
	deleted:    bin/Release/HorizonData/EBWebView/Default/Sync Extension Settings/enpiaeoobofcpedppdnooadnbaldkjih/MANIFEST-000001
	deleted:    bin/Release/HorizonData/EBWebView/Default/Sync Extension Settings/fennofgmefeblbegldihhmpehdehoflg/000003.log
	deleted:    bin/Release/HorizonData/EBWebView/Default/Sync Extension Settings/fennofgmefeblbegldihhmpehdehoflg/CURRENT
	deleted:    bin/Release/HorizonData/EBWebView/Default/Sync Extension Settings/fennofgmefeblbegldihhmpehdehoflg/LOCK
	deleted:    bin/Release/HorizonData/EBWebView/Default/Sync Extension Settings/fennofgmefeblbegldihhmpehdehoflg/LOG
	deleted:    bin/Release/HorizonData/EBWebView/Default/Sync Extension Settings/fennofgmefeblbegldihhmpehdehoflg/LOG.old
	deleted:    bin/Release/HorizonData/EBWebView/Default/Sync Extension Settings/fennofgmefeblbegldihhmpehdehoflg/MANIFEST-000001
	deleted:    bin/Release/HorizonData/EBWebView/Default/Sync Extension Settings/llafjhmkffdlhpiojoipllmmedhckpgh/000003.log
	deleted:    bin/Release/HorizonData/EBWebView/Default/Sync Extension Settings/llafjhmkffdlhpiojoipllmmedhckpgh/CURRENT
	deleted:    bin/Release/HorizonData/EBWebView/Default/Sync Extension Settings/llafjhmkffdlhpiojoipllmmedhckpgh/LOCK
	deleted:    bin/Release/HorizonData/EBWebView/Default/Sync Extension Settings/llafjhmkffdlhpiojoipllmmedhckpgh/LOG
	deleted:    bin/Release/HorizonData/EBWebView/Default/Sync Extension Settings/llafjhmkffdlhpiojoipllmmedhckpgh/LOG.old
	deleted:    bin/Release/HorizonData/EBWebView/Default/Sync Extension Settings/llafjhmkffdlhpiojoipllmmedhckpgh/MANIFEST-000001
	deleted:    bin/Release/HorizonData/EBWebView/Default/Top Sites
	deleted:    bin/Release/HorizonData/EBWebView/Default/Top Sites-journal
	deleted:    bin/Release/HorizonData/EBWebView/Default/VideoDecodeStats/LOCK
	deleted:    bin/Release/HorizonData/EBWebView/Default/VideoDecodeStats/LOG
	deleted:    bin/Release/HorizonData/EBWebView/Default/Vpn Tokens
	deleted:    bin/Release/HorizonData/EBWebView/Default/Vpn Tokens-journal
	deleted:    bin/Release/HorizonData/EBWebView/Default/Web Data
	deleted:    bin/Release/HorizonData/EBWebView/Default/Web Data-journal
	deleted:    bin/Release/HorizonData/EBWebView/Default/WebStorage/QuotaManager
	deleted:    bin/Release/HorizonData/EBWebView/Default/WebStorage/QuotaManager-journal
	deleted:    bin/Release/HorizonData/EBWebView/Default/commerce_subscription_db/LOCK
	deleted:    bin/Release/HorizonData/EBWebView/Default/commerce_subscription_db/LOG
	deleted:    bin/Release/HorizonData/EBWebView/Default/commerce_subscription_db/LOG.old
	deleted:    bin/Release/HorizonData/EBWebView/Default/discount_infos_db/LOCK
	deleted:    bin/Release/HorizonData/EBWebView/Default/discount_infos_db/LOG
	deleted:    bin/Release/HorizonData/EBWebView/Default/discount_infos_db/LOG.old
	deleted:    bin/Release/HorizonData/EBWebView/Default/discounts_db/LOCK
	deleted:    bin/Release/HorizonData/EBWebView/Default/discounts_db/LOG
	deleted:    bin/Release/HorizonData/EBWebView/Default/discounts_db/LOG.old
	deleted:    bin/Release/HorizonData/EBWebView/Default/favorites_diagnostic.log
	deleted:    bin/Release/HorizonData/EBWebView/Default/heavy_ad_intervention_opt_out.db
	deleted:    bin/Release/HorizonData/EBWebView/Default/heavy_ad_intervention_opt_out.db-journal
	deleted:    bin/Release/HorizonData/EBWebView/Default/optimization_guide_hint_cache_store/LOCK
	deleted:    bin/Release/HorizonData/EBWebView/Default/optimization_guide_hint_cache_store/LOG
	deleted:    bin/Release/HorizonData/EBWebView/Default/optimization_guide_hint_cache_store/LOG.old
	deleted:    bin/Release/HorizonData/EBWebView/Default/parcel_tracking_db/LOCK
	deleted:    bin/Release/HorizonData/EBWebView/Default/parcel_tracking_db/LOG
	deleted:    bin/Release/HorizonData/EBWebView/Default/parcel_tracking_db/LOG.old
	deleted:    bin/Release/HorizonData/EBWebView/Default/shared_proto_db/000003.log
	deleted:    bin/Release/HorizonData/EBWebView/Default/shared_proto_db/CURRENT
	deleted:    bin/Release/HorizonData/EBWebView/Default/shared_proto_db/LOCK
	deleted:    bin/Release/HorizonData/EBWebView/Default/shared_proto_db/LOG
	deleted:    bin/Release/HorizonData/EBWebView/Default/shared_proto_db/LOG.old
	deleted:    bin/Release/HorizonData/EBWebView/Default/shared_proto_db/MANIFEST-000001
	deleted:    bin/Release/HorizonData/EBWebView/Default/shared_proto_db/metadata/000003.log
	deleted:    bin/Release/HorizonData/EBWebView/Default/shared_proto_db/metadata/CURRENT
	deleted:    bin/Release/HorizonData/EBWebView/Default/shared_proto_db/metadata/LOCK
	deleted:    bin/Release/HorizonData/EBWebView/Default/shared_proto_db/metadata/LOG
	deleted:    bin/Release/HorizonData/EBWebView/Default/shared_proto_db/metadata/LOG.old
	deleted:    bin/Release/HorizonData/EBWebView/Default/shared_proto_db/metadata/MANIFEST-000001
	deleted:    bin/Release/HorizonData/EBWebView/GPUPersistentCache/DawnGraphiteCache/MNIWWJ6LYBXKQS7RZ2KZNUZ3QHFNW4K3/cache.db
	deleted:    bin/Release/HorizonData/EBWebView/GPUPersistentCache/DawnGraphiteCache/MNIWWJ6LYBXKQS7RZ2KZNUZ3QHFNW4K3/cache.db-wal
	deleted:    bin/Release/HorizonData/EBWebView/GPUPersistentCache/DawnGraphiteCache/MNIWWJ6LYBXKQS7RZ2KZNUZ3QHFNW4K3/cache.journal
	deleted:    bin/Release/HorizonData/EBWebView/GrShaderCache/data_0
	deleted:    bin/Release/HorizonData/EBWebView/GrShaderCache/data_1
	deleted:    bin/Release/HorizonData/EBWebView/GrShaderCache/data_2
	deleted:    bin/Release/HorizonData/EBWebView/GrShaderCache/data_3
	deleted:    bin/Release/HorizonData/EBWebView/GrShaderCache/f_000001
	deleted:    bin/Release/HorizonData/EBWebView/GrShaderCache/f_000002
	deleted:    bin/Release/HorizonData/EBWebView/GrShaderCache/f_000003
	deleted:    bin/Release/HorizonData/EBWebView/GrShaderCache/f_000004
	deleted:    bin/Release/HorizonData/EBWebView/GrShaderCache/f_000005
	deleted:    bin/Release/HorizonData/EBWebView/GrShaderCache/f_000006
	deleted:    bin/Release/HorizonData/EBWebView/GrShaderCache/index
	deleted:    bin/Release/HorizonData/EBWebView/GraphiteDawnCache/data_0
	deleted:    bin/Release/HorizonData/EBWebView/GraphiteDawnCache/data_1
	deleted:    bin/Release/HorizonData/EBWebView/GraphiteDawnCache/data_2
	deleted:    bin/Release/HorizonData/EBWebView/GraphiteDawnCache/data_3
	deleted:    bin/Release/HorizonData/EBWebView/GraphiteDawnCache/index
	deleted:    bin/Release/HorizonData/EBWebView/Last Version
	deleted:    bin/Release/HorizonData/EBWebView/Local State
	deleted:    bin/Release/HorizonData/EBWebView/OriginTrials/0.0.1.7/manifest.json
	deleted:    bin/Release/HorizonData/EBWebView/PKIMetadata/46.0.0.0/crs.pb
	deleted:    bin/Release/HorizonData/EBWebView/PKIMetadata/46.0.0.0/ct_config.pb
	deleted:    bin/Release/HorizonData/EBWebView/PKIMetadata/46.0.0.0/kp_pinslist.pb
	deleted:    bin/Release/HorizonData/EBWebView/PKIMetadata/46.0.0.0/manifest.json
	deleted:    bin/Release/HorizonData/EBWebView/ShaderCache/data_0
	deleted:    bin/Release/HorizonData/EBWebView/ShaderCache/data_1
	deleted:    bin/Release/HorizonData/EBWebView/ShaderCache/data_2
	deleted:    bin/Release/HorizonData/EBWebView/ShaderCache/data_3
	deleted:    bin/Release/HorizonData/EBWebView/ShaderCache/index
	deleted:    bin/Release/HorizonData/EBWebView/Speech Recognition/1.15.0.1/Microsoft.CognitiveServices.Speech.core.dll
	deleted:    bin/Release/HorizonData/EBWebView/Speech Recognition/1.15.0.1/manifest.json
	deleted:    bin/Release/HorizonData/EBWebView/Subresource Filter/Indexed Rules/37/10.34.0.84/LICENSE
	deleted:    bin/Release/HorizonData/EBWebView/Subresource Filter/Indexed Rules/37/10.34.0.84/Ruleset Data
	deleted:    bin/Release/HorizonData/EBWebView/Subresource Filter/Unindexed Rules/10.34.0.84/Filtering Rules
	deleted:    bin/Release/HorizonData/EBWebView/Subresource Filter/Unindexed Rules/10.34.0.84/Filtering Rules-AA
	deleted:    bin/Release/HorizonData/EBWebView/Subresource Filter/Unindexed Rules/10.34.0.84/Filtering Rules-CA
	deleted:    bin/Release/HorizonData/EBWebView/Subresource Filter/Unindexed Rules/10.34.0.84/LICENSE
	deleted:    bin/Release/HorizonData/EBWebView/Subresource Filter/Unindexed Rules/10.34.0.84/Part-DE
	deleted:    bin/Release/HorizonData/EBWebView/Subresource Filter/Unindexed Rules/10.34.0.84/Part-ES
	deleted:    bin/Release/HorizonData/EBWebView/Subresource Filter/Unindexed Rules/10.34.0.84/Part-FR
	deleted:    bin/Release/HorizonData/EBWebView/Subresource Filter/Unindexed Rules/10.34.0.84/Part-IT
	deleted:    bin/Release/HorizonData/EBWebView/Subresource Filter/Unindexed Rules/10.34.0.84/Part-NL
	deleted:    bin/Release/HorizonData/EBWebView/Subresource Filter/Unindexed Rules/10.34.0.84/Part-RU
	deleted:    bin/Release/HorizonData/EBWebView/Subresource Filter/Unindexed Rules/10.34.0.84/Part-ZH
	deleted:    bin/Release/HorizonData/EBWebView/Subresource Filter/Unindexed Rules/10.34.0.84/adblock_snippet.js
	deleted:    bin/Release/HorizonData/EBWebView/Subresource Filter/Unindexed Rules/10.34.0.84/manifest.json
	deleted:    bin/Release/HorizonData/EBWebView/TrustTokenKeyCommitments/2026.3.23.1/LICENSE
	deleted:    bin/Release/HorizonData/EBWebView/TrustTokenKeyCommitments/2026.3.23.1/_metadata/verified_contents.json
	deleted:    bin/Release/HorizonData/EBWebView/TrustTokenKeyCommitments/2026.3.23.1/keys.json
	deleted:    bin/Release/HorizonData/EBWebView/TrustTokenKeyCommitments/2026.3.23.1/manifest.json
	deleted:    bin/Release/HorizonData/EBWebView/Variations
	deleted:    bin/Release/HorizonData/EBWebView/component_crx_cache/bec8ead1da3c9600fe66bbcc0e7a9bed9a184c1be821b4d23570c6b7af7f0410
	deleted:    bin/Release/HorizonData/EBWebView/component_crx_cache/metadata.json
	deleted:    bin/Release/HorizonData/EBWebView/extensions_crx_cache/metadata.json
	deleted:    bin/Release/HorizonData/EBWebView/hyphen-data/120.0.6050.0/_metadata/verified_contents.json
	deleted:    bin/Release/HorizonData/EBWebView/hyphen-data/120.0.6050.0/hyph-af.hyb
	deleted:    bin/Release/HorizonData/EBWebView/hyphen-data/120.0.6050.0/hyph-as.hyb
	deleted:    bin/Release/HorizonData/EBWebView/hyphen-data/120.0.6050.0/hyph-be.hyb
	deleted:    bin/Release/HorizonData/EBWebView/hyphen-data/120.0.6050.0/hyph-bg.hyb
	deleted:    bin/Release/HorizonData/EBWebView/hyphen-data/120.0.6050.0/hyph-bn.hyb
	deleted:    bin/Release/HorizonData/EBWebView/hyphen-data/120.0.6050.0/hyph-cs.hyb
	deleted:    bin/Release/HorizonData/EBWebView/hyphen-data/120.0.6050.0/hyph-cu.hyb
	deleted:    bin/Release/HorizonData/EBWebView/hyphen-data/120.0.6050.0/hyph-cy.hyb
	deleted:    bin/Release/HorizonData/EBWebView/hyphen-data/120.0.6050.0/hyph-da.hyb
	deleted:    bin/Release/HorizonData/EBWebView/hyphen-data/120.0.6050.0/hyph-de-1901.hyb
	deleted:    bin/Release/HorizonData/EBWebView/hyphen-data/120.0.6050.0/hyph-de-1996.hyb
	deleted:    bin/Release/HorizonData/EBWebView/hyphen-data/120.0.6050.0/hyph-de-ch-1901.hyb
	deleted:    bin/Release/HorizonData/EBWebView/hyphen-data/120.0.6050.0/hyph-el.hyb
	deleted:    bin/Release/HorizonData/EBWebView/hyphen-data/120.0.6050.0/hyph-en-gb.hyb
	deleted:    bin/Release/HorizonData/EBWebView/hyphen-data/120.0.6050.0/hyph-en-us.hyb
	deleted:    bin/Release/HorizonData/EBWebView/hyphen-data/120.0.6050.0/hyph-es.hyb
	deleted:    bin/Release/HorizonData/EBWebView/hyphen-data/120.0.6050.0/hyph-et.hyb
	deleted:    bin/Release/HorizonData/EBWebView/hyphen-data/120.0.6050.0/hyph-eu.hyb
	deleted:    bin/Release/HorizonData/EBWebView/hyphen-data/120.0.6050.0/hyph-fr.hyb
	deleted:    bin/Release/HorizonData/EBWebView/hyphen-data/120.0.6050.0/hyph-ga.hyb
	deleted:    bin/Release/HorizonData/EBWebView/hyphen-data/120.0.6050.0/hyph-gl.hyb
	deleted:    bin/Release/HorizonData/EBWebView/hyphen-data/120.0.6050.0/hyph-gu.hyb
	deleted:    bin/Release/HorizonData/EBWebView/hyphen-data/120.0.6050.0/hyph-hi.hyb
	deleted:    bin/Release/HorizonData/EBWebView/hyphen-data/120.0.6050.0/hyph-hr.hyb
	deleted:    bin/Release/HorizonData/EBWebView/hyphen-data/120.0.6050.0/hyph-hu.hyb
	deleted:    bin/Release/HorizonData/EBWebView/hyphen-data/120.0.6050.0/hyph-hy.hyb
	deleted:    bin/Release/HorizonData/EBWebView/hyphen-data/120.0.6050.0/hyph-it.hyb
	deleted:    bin/Release/HorizonData/EBWebView/hyphen-data/120.0.6050.0/hyph-ka.hyb
	deleted:    bin/Release/HorizonData/EBWebView/hyphen-data/120.0.6050.0/hyph-kn.hyb
	deleted:    bin/Release/HorizonData/EBWebView/hyphen-data/120.0.6050.0/hyph-la.hyb
	deleted:    bin/Release/HorizonData/EBWebView/hyphen-data/120.0.6050.0/hyph-lt.hyb
	deleted:    bin/Release/HorizonData/EBWebView/hyphen-data/120.0.6050.0/hyph-lv.hyb
	deleted:    bin/Release/HorizonData/EBWebView/hyphen-data/120.0.6050.0/hyph-ml.hyb
	deleted:    bin/Release/HorizonData/EBWebView/hyphen-data/120.0.6050.0/hyph-mn-cyrl.hyb
	deleted:    bin/Release/HorizonData/EBWebView/hyphen-data/120.0.6050.0/hyph-mr.hyb
	deleted:    bin/Release/HorizonData/EBWebView/hyphen-data/120.0.6050.0/hyph-mul-ethi.hyb
	deleted:    bin/Release/HorizonData/EBWebView/hyphen-data/120.0.6050.0/hyph-nb.hyb
	deleted:    bin/Release/HorizonData/EBWebView/hyphen-data/120.0.6050.0/hyph-nl.hyb
	deleted:    bin/Release/HorizonData/EBWebView/hyphen-data/120.0.6050.0/hyph-nn.hyb
	deleted:    bin/Release/HorizonData/EBWebView/hyphen-data/120.0.6050.0/hyph-or.hyb
	deleted:    bin/Release/HorizonData/EBWebView/hyphen-data/120.0.6050.0/hyph-pa.hyb
	deleted:    bin/Release/HorizonData/EBWebView/hyphen-data/120.0.6050.0/hyph-pt.hyb
	deleted:    bin/Release/HorizonData/EBWebView/hyphen-data/120.0.6050.0/hyph-ru.hyb
	deleted:    bin/Release/HorizonData/EBWebView/hyphen-data/120.0.6050.0/hyph-sk.hyb
	deleted:    bin/Release/HorizonData/EBWebView/hyphen-data/120.0.6050.0/hyph-sl.hyb
	deleted:    bin/Release/HorizonData/EBWebView/hyphen-data/120.0.6050.0/hyph-sq.hyb
	deleted:    bin/Release/HorizonData/EBWebView/hyphen-data/120.0.6050.0/hyph-sv.hyb
	deleted:    bin/Release/HorizonData/EBWebView/hyphen-data/120.0.6050.0/hyph-ta.hyb
	deleted:    bin/Release/HorizonData/EBWebView/hyphen-data/120.0.6050.0/hyph-te.hyb
	deleted:    bin/Release/HorizonData/EBWebView/hyphen-data/120.0.6050.0/hyph-tk.hyb
	deleted:    bin/Release/HorizonData/EBWebView/hyphen-data/120.0.6050.0/hyph-uk.hyb
	deleted:    bin/Release/HorizonData/EBWebView/hyphen-data/120.0.6050.0/hyph-und-ethi.hyb
	deleted:    bin/Release/HorizonData/EBWebView/hyphen-data/120.0.6050.0/manifest.json
	deleted:    bin/Release/HorizonData/FaviconCache/1mov.lol.png
	deleted:    bin/Release/HorizonData/FaviconCache/accounts.google.com.png
	deleted:    bin/Release/HorizonData/FaviconCache/alohafind.com.png
	deleted:    bin/Release/HorizonData/FaviconCache/chromewebstore.google.com.png
	deleted:    bin/Release/HorizonData/FaviconCache/claude.ai.png
	deleted:    bin/Release/HorizonData/FaviconCache/claude.com.png
	deleted:    bin/Release/HorizonData/FaviconCache/docs.google.com.png
	deleted:    bin/Release/HorizonData/FaviconCache/feedbackcol-nszemvwz.manus.space.png
	deleted:    bin/Release/HorizonData/FaviconCache/forum.ubden.com.tr.png
	deleted:    bin/Release/HorizonData/FaviconCache/gemini.google.com.png
	deleted:    bin/Release/HorizonData/FaviconCache/ghappstore-j93n3sq2.manus.space.png
	deleted:    bin/Release/HorizonData/FaviconCache/github.com.png
	deleted:    bin/Release/HorizonData/FaviconCache/hianimes.se.png
	deleted:    bin/Release/HorizonData/FaviconCache/mail.google.com.png
	deleted:    bin/Release/HorizonData/FaviconCache/manus.im.png
	deleted:    bin/Release/HorizonData/FaviconCache/manussend-8ladxhzk.manus.space.png
	deleted:    bin/Release/HorizonData/FaviconCache/mdl.fcst.tu-sofia.bg.png
	deleted:    bin/Release/HorizonData/FaviconCache/music.youtube.com.png
	deleted:    bin/Release/HorizonData/FaviconCache/myaccount.google.com.png
	deleted:    bin/Release/HorizonData/FaviconCache/notebooklm.google.com.png
	deleted:    bin/Release/HorizonData/FaviconCache/photos.google.com.png
	deleted:    bin/Release/HorizonData/FaviconCache/steamcommunity.com.png
	deleted:    bin/Release/HorizonData/FaviconCache/support.google.com.png
	deleted:    bin/Release/HorizonData/FaviconCache/thebyteseffect.com.png
	deleted:    bin/Release/HorizonData/FaviconCache/thepiratebay.party.png
	deleted:    bin/Release/HorizonData/FaviconCache/tu-sofia.bg.png
	deleted:    bin/Release/HorizonData/FaviconCache/v1.tldrthis.com.png
	deleted:    bin/Release/HorizonData/FaviconCache/web.telegram.org.png
	deleted:    bin/Release/HorizonData/FaviconCache/www.ageofempires.com.png
	deleted:    bin/Release/HorizonData/FaviconCache/www.anthropic.com.png
	deleted:    bin/Release/HorizonData/FaviconCache/www.crunchyroll.com.png
	deleted:    bin/Release/HorizonData/FaviconCache/www.emag.bg.png
	deleted:    bin/Release/HorizonData/FaviconCache/www.google.com.png
	deleted:    bin/Release/HorizonData/FaviconCache/www.microsoft.com.png
	deleted:    bin/Release/HorizonData/FaviconCache/www.pirateproxy-bay.com.png
	deleted:    bin/Release/HorizonData/FaviconCache/www.reddit.com.png
	deleted:    bin/Release/HorizonData/FaviconCache/www.sublimehq.com.png
	deleted:    bin/Release/HorizonData/FaviconCache/www.youtube.com.png
	deleted:    bin/Release/HorizonData/config.json
	deleted:    bin/Release/HorizonData/flux_sort_defaults.json
	deleted:    code_files/!START_Horizon_Browser.lnk
	deleted:    code_files/.gitignore
	deleted:    code_files/App.xaml
	deleted:    code_files/App.xaml.cs
	deleted:    code_files/Build_Release.bat
	deleted:    code_files/Build_Release_FAST.bat
	deleted:    code_files/Controls/BrowserView.xaml
	deleted:    code_files/Controls/BrowserView.xaml.cs
	deleted:    code_files/Controls/FluxSidebar.xaml
	deleted:    code_files/Controls/FluxSidebar.xaml.cs
	deleted:    code_files/Controls/Omnibox.xaml
	deleted:    code_files/Controls/Omnibox.xaml.cs
	deleted:    code_files/Controls/PdfOpenDialog.xaml
	deleted:    code_files/Controls/PdfOpenDialog.xaml.cs
	deleted:    code_files/Controls/VaultSidebar.xaml
	deleted:    code_files/Controls/VaultSidebar.xaml.cs
	deleted:    code_files/Core/ExtensionInstaller.cs
	deleted:    code_files/Core/StealthEnvironment.cs
	deleted:    code_files/Core/TabColorPaletteExtractor.cs
	deleted:    code_files/Horizon.Browser.csproj
	deleted:    code_files/Horizon.bat
	deleted:    code_files/Horizon_Bootstrapper.bat
	deleted:    code_files/Install_Horizon_Browser_beta.ifp
	deleted:    code_files/LICENSE
	deleted:    code_files/LICENSE.rtf
	deleted:    code_files/LICENSE.txt
	deleted:    code_files/MainWindow.AdvancedCalc.cs
	deleted:    code_files/MainWindow.Widgets.cs
	deleted:    code_files/MainWindow.xaml
	deleted:    code_files/MainWindow.xaml.cs
	deleted:    code_files/MainWindow.xaml.cs.bak
	deleted:    code_files/Output/Setup_Horizon_Browser_Beta.exe
	deleted:    code_files/PRIVACY_POLICY.md
	deleted:    code_files/README.md
	deleted:    code_files/Services/AccountSyncService.cs
	deleted:    code_files/Services/BackgroundKeepAliveService.cs
	deleted:    code_files/Services/BookmarksService.cs
	deleted:    code_files/Services/BrowserDetectionService.cs
	deleted:    code_files/Services/CacheJanitorService.cs
	deleted:    code_files/Services/ChromiumHarvester.cs
	deleted:    code_files/Services/ConfigService.cs
	deleted:    code_files/Services/ExtensionRecord.cs
	deleted:    code_files/Services/ExtensionService.cs
	deleted:    code_files/Services/FluxJanitorService.cs
	deleted:    code_files/Services/GithubUpdateService.cs
	deleted:    code_files/Services/HealthService.cs
	deleted:    code_files/Services/HistoryService.cs
	deleted:    code_files/Services/HomePageService.cs
	deleted:    code_files/Services/LogService.cs
	deleted:    code_files/Services/MediaDownloadService.cs
	deleted:    code_files/Services/SettingsService.cs
	deleted:    code_files/Services/TabSleepRulesService.cs
	deleted:    code_files/Services/ThemeService.cs
	deleted:    code_files/Services/VaultService.cs
	deleted:    code_files/Setup_Horizon_Browser_Alpha.ifp
	deleted:    code_files/Setup_Horizon_Browser_Beta.ifp
	deleted:    code_files/Setup_Horizon_Browser_Beta.iss
	deleted:    code_files/Themes/Horizon.xaml
	deleted:    code_files/Themes/Light.xaml
	deleted:    code_files/Themes/Redmond.xaml
	deleted:    code_files/Uninstall/uninstall.bat
	deleted:    code_files/Update_manager.bat
	deleted:    code_files/Update_manager_OLD.bat
	deleted:    code_files/ViewModels/TabViewModel.cs
	deleted:    code_files/Views/LoginRecoveryDialog.xaml
	deleted:    code_files/Views/LoginRecoveryDialog.xaml.cs
	deleted:    code_files/Views/MaintenanceWindow.xaml
	deleted:    code_files/Views/MaintenanceWindow.xaml.cs
	deleted:    code_files/Views/NotificationToast.xaml
	deleted:    code_files/Views/NotificationToast.xaml.cs
	deleted:    code_files/Views/SettingsWindow.xaml
	deleted:    code_files/Views/SettingsWindow.xaml.cs
	deleted:    code_files/Views/TabSwitcherWindow.xaml
	deleted:    code_files/Views/TabSwitcherWindow.xaml.cs
	deleted:    code_files/backup.bat
	deleted:    code_files/changelog.txt
	deleted:    code_files/cookies.json
	deleted:    code_files/deploy_branch.bat
	deleted:    code_files/dir
	deleted:    code_files/emergency_log_failure.txt
	deleted:    code_files/extra_files.txt
	deleted:    code_files/history.json
	deleted:    code_files/horizon.conf
	deleted:    code_files/install_auto.ps1
	deleted:    code_files/logs/Setup_Bootstrapper.log
	deleted:    code_files/logs/horizon_update.log
	deleted:    code_files/logs/scan_debug_1776531966.log
	deleted:    code_files/logs/scan_debug_1776532031.log
	deleted:    code_files/logs/scan_debug_1776706586.log
	deleted:    code_files/logs/scan_debug_1776706631.log
	deleted:    code_files/logs/scan_debug_1782134229.log
	deleted:    code_files/logs/scan_debug_1782135107.log
	deleted:    code_files/logs/scan_debug_1782135140.log
	deleted:    code_files/logs/scan_debug_1782135373.log
	deleted:    code_files/maintenance_tool.bat
	deleted:    code_files/manage_build_files.bat
	deleted:    code_files/mapper_exclusions.txt
	deleted:    code_files/overlay.hta
	deleted:    code_files/path.txt
	deleted:    code_files/project_map_1782135374.txt
	deleted:    code_files/project_mapper.py
	deleted:    code_files/restore.bat
	deleted:    code_files/src/Gemini_Generated_Image_7395cs7395cs7395.ico
	deleted:    code_files/src/Gemini_Generated_Image_7395cs7395cs7395.png
	deleted:    code_files/src/icons/Gemini_Generated_Image_7395cs7395cs7395.ico
	deleted:    code_files/start_horizon.bat
	deleted:    code_files/start_mapper.bat
	deleted:    code_files/update.txt
	deleted:    code_files/update_orchestrator.bat
	deleted:    code_files/update_status.txt
	deleted:    code_files/version.txt
	deleted:    project_map_1782135374.txt
	deleted:    project_map_1784797406.txt
	modified:   push_to_github.py
	modified:   version.txt

Untracked files:
  (use "git add <file>..." to include in what will be committed)
	logs/push_to_github_20260921_165158.log

Dropped refs/stash@{0} (3bd5c3eaa36aa10b25cb61794c02f581e0a82cab)
2026-09-21 16:53:39,107 [DEBUG] stderr: 
2026-09-21 16:53:39,107 [DEBUG] Running: git add -A
2026-09-21 16:53:39,357 [DEBUG] stdout: 
2026-09-21 16:53:39,357 [DEBUG] stderr: 
2026-09-21 16:53:39,357 [DEBUG] Running: git diff --cached --name-status --no-renames -z
2026-09-21 16:53:39,488 [DEBUG] stdout: D Install_Horizon_Browser_beta.ifp D Setup_Horizon_Browser_Alpha.ifp D Setup_Horizon_Browser_Beta.ifp D Setup_Horizon_Browser_Beta.iss D bin/Release/HorizonData/EBWebView/AutoLaunchProtocolsComponent/1.0.0.10/manifest.json D bin/Release/HorizonData/EBWebView/AutoLaunchProtocolsComponent/1.0.0.10/protocols.json D bin/Release/HorizonData/EBWebView/BrowserMetrics/BrowserMetrics-6A4FF9BB-FC8.pma D bin/Release/HorizonData/EBWebView/BrowserMetrics/BrowserMetrics-6A4FFA12-37C4.pma D bin/Release/HorizonData/EBWebView/BrowserMetrics/BrowserMetrics-6A4FFA30-42BC.pma D bin/Release/HorizonData/EBWebView/CertificateRevocation/6498.2025.9.4/crl-set D bin/Release/HorizonData/EBWebView/CertificateRevocation/6498.2025.9.4/manifest.json D bin/Release/HorizonData/EBWebView/Crashpad/metadata D bin/Release/HorizonData/EBWebView/Crashpad/settings.dat D bin/Release/HorizonData/EBWebView/Crashpad/temp/edge_shutdown_crash.txt D bin/Release/HorizonData/EBWebView/Crashpad/throttle_store.dat D bin/Release/HorizonData/EBWebView/Crashpad/watson_metadata D bin/Release/HorizonData/EBWebView/Default/AutofillAiModelCache/LOCK D bin/Release/HorizonData/EBWebView/Default/AutofillAiModelCache/LOG D bin/Release/HorizonData/EBWebView/Default/AutofillAiModelCache/LOG.old D bin/Release/HorizonData/EBWebView/Default/AutofillStrikeDatabase/LOCK D bin/Release/HorizonData/EBWebView/Default/AutofillStrikeDatabase/LOG D bin/Release/HorizonData/EBWebView/Default/AutofillStrikeDatabase/LOG.old D bin/Release/HorizonData/EBWebView/Default/BookmarkMergedSurfaceOrdering D bin/Release/HorizonData/EBWebView/Default/BrowsingTopicsSiteData D bin/Release/HorizonData/EBWebView/Default/BrowsingTopicsSiteData-journal D bin/Release/HorizonData/EBWebView/Default/BrowsingTopicsState D bin/Release/HorizonData/EBWebView/Default/BudgetDatabase/LOCK D bin/Release/HorizonData/EBWebView/Default/BudgetDatabase/LOG D bin/Release/HorizonData/EBWebView/Default/BudgetDatabase/LOG.old D bin/Release/HorizonData/EBWebView/Default/Cache/Cache_Data/data_0 D bin/Release/HorizonData/EBWebView/Default/Cache/Cache_Data/data_1 D bin/Release/HorizonData/EBWebView/Default/Cache/Cache_Data/data_2 D bin/Release/HorizonData/EBWebView/Default/Cache/Cache_Data/data_3 D bin/Release/HorizonData/EBWebView/Default/Cache/Cache_Data/f_000001 D bin/Release/HorizonData/EBWebView/Default/Cache/Cache_Data/f_000002 D bin/Release/HorizonData/EBWebView/Default/Cache/Cache_Data/f_000003 D bin/Release/HorizonData/EBWebView/Default/Cache/Cache_Data/f_000004 D bin/Release/HorizonData/EBWebView/Default/Cache/Cache_Data/f_000005 D bin/Release/HorizonData/EBWebView/Default/Cache/Cache_Data/f_000006 D bin/Release/HorizonData/EBWebView/Default/Cache/Cache_Data/f_000007 D bin/Release/HorizonData/EBWebView/Default/Cache/Cache_Data/f_000008 D bin/Release/HorizonData/EBWebView/Default/Cache/Cache_Data/f_000009 D bin/Release/HorizonData/EBWebView/Default/Cache/Cache_Data/f_00000a D bin/Release/HorizonData/EBWebView/Default/Cache/Cache_Data/f_00000b D bin/Release/HorizonData/EBWebView/Default/Cache/Cache_Data/f_00000c D bin/Release/HorizonData/EBWebView/Default/Cache/Cache_Data/f_00000d D bin/Release/HorizonData/EBWebView/Default/Cache/Cache_Data/f_00000e D bin/Release/HorizonData/EBWebView/Default/Cache/Cache_Data/f_00000f D bin/Release/HorizonData/EBWebView/Default/Cache/Cache_Data/f_000010 D bin/Release/HorizonData/EBWebView/Default/Cache/Cache_Data/f_000011 D bin/Release/HorizonData/EBWebView/Default/Cache/Cache_Data/f_000012 D bin/Release/HorizonData/EBWebView/Default/Cache/Cache_Data/f_000013 D bin/Release/HorizonData/EBWebView/Default/Cache/Cache_Data/f_000015 D bin/Release/HorizonData/EBWebView/Default/Cache/Cache_Data/f_000016 D bin/Release/HorizonData/EBWebView/Default/Cache/Cache_Data/f_000017 D bin/Release/HorizonData/EBWebView/Default/Cache/Cache_Data/f_000018 D bin/Release/HorizonData/EBWebView/Default/Cache/Cache_Data/f_000019 D bin/Release/HorizonData/EBWebView/Default/Cache/Cache_Data/f_00001b D bin/Release/HorizonData/EBWebView/Default/Cache/Cache_Data/f_00001c D bin/Release/HorizonData/EBWebView/Default/Cache/Cache_Data/f_00001d D bin/Release/HorizonData/EBWebView/Default/Cache/Cache_Data/f_00001e D bin/Release/HorizonData/EBWebView/Default/Cache/Cache_Data/f_00001f D bin/Release/HorizonData/EBWebView/Default/Cache/Cache_Data/f_000020 D bin/Release/HorizonData/EBWebView/Default/Cache/Cache_Data/f_000021 D bin/Release/HorizonData/EBWebView/Default/Cache/Cache_Data/f_000022 D bin/Release/HorizonData/EBWebView/Default/Cache/Cache_Data/f_000023 D bin/Release/HorizonData/EBWebView/Default/Cache/Cache_Data/f_000024 D bin/Release/HorizonData/EBWebView/Default/Cache/Cache_Data/f_000025 D bin/Release/HorizonData/EBWebView/Default/Cache/Cache_Data/f_000026 D bin/Release/HorizonData/EBWebView/Default/Cache/Cache_Data/f_000027 D bin/Release/HorizonData/EBWebView/Default/Cache/Cache_Data/f_000028 D bin/Release/HorizonData/EBWebView/Default/Cache/Cache_Data/f_000029 D bin/Release/HorizonData/EBWebView/Default/Cache/Cache_Data/f_00002a D bin/Release/HorizonData/EBWebView/Default/Cache/Cache_Data/f_00002b D bin/Release/HorizonData/EBWebView/Default/Cache/Cache_Data/f_00002c D bin/Release/HorizonData/EBWebView/Default/Cache/Cache_Data/f_00002d D bin/Release/HorizonData/EBWebView/Default/Cache/Cache_Data/f_00002e D bin/Release/HorizonData/EBWebView/Default/Cache/Cache_Data/f_00002f D bin/Release/HorizonData/EBWebView/Default/Cache/Cache_Data/f_000030 D bin/Release/HorizonData/EBWebView/Default/Cache/Cache_Data/f_000031 D bin/Release/HorizonData/EBWebView/Default/Cache/Cache_Data/f_000032 D bin/Release/HorizonData/EBWebView/Default/Cache/Cache_Data/f_000033 D bin/Release/HorizonData/EBWebView/Default/Cache/Cache_Data/f_000034 D bin/Release/HorizonData/EBWebView/Default/Cache/Cache_Data/f_000035 D bin/Release/HorizonData/EBWebView/Default/Cache/Cache_Data/f_000036 D bin/Release/HorizonData/EBWebView/Default/Cache/Cache_Data/f_000037 D bin/Release/HorizonData/EBWebView/Default/Cache/Cache_Data/f_000038 D bin/Release/HorizonData/EBWebView/Default/Cache/Cache_Data/f_000039 D bin/Release/HorizonData/EBWebView/Default/Cache/Cache_Data/f_00003a D bin/Release/HorizonData/EBWebView/Default/Cache/Cache_Data/f_00003b D bin/Release/HorizonData/EBWebView/Default/Cache/Cache_Data/f_00003c D bin/Release/HorizonData/EBWebView/Default/Cache/Cache_Data/f_00003d D bin/Release/HorizonData/EBWebView/Default/Cache/Cache_Data/f_00003e D bin/Release/HorizonData/EBWebView/Default/Cache/Cache_Data/f_00003f D bin/Release/HorizonData/EBWebView/Default/Cache/Cache_Data/f_000040 D bin/Release/HorizonData/EBWebView/Default/Cache/Cache_Data/f_000041 D bin/Release/HorizonData/EBWebView/Default/Cache/Cache_Data/f_000042 D bin/Release/HorizonData/EBWebView/Default/Cache/Cache_Data/f_000043 D bin/Release/HorizonData/EBWebView/Default/Cache/Cache_Data/f_000044 D bin/Release/HorizonData/EBWebView/Default/Cache/Cache_Data/f_000045 D bin/Release/HorizonData/EBWebView/Default/Cache/Cache_Data/f_000046 D bin/Release/HorizonData/EBWebView/Default/Cache/Cache_Data/f_000047 D bin/Release/HorizonData/EBWebView/Default/Cache/Cache_Data/f_000048 D bin/Release/HorizonData/EBWebView/Default/Cache/Cache_Data/f_000049 D bin/Release/HorizonData/EBWebView/Default/Cache/Cache_Data/f_00004a D bin/Release/HorizonData/EBWebView/Default/Cache/Cache_Data/f_00004b D bin/Release/HorizonData/EBWebView/Default/Cache/Cache_Data/f_00004c D bin/Release/HorizonData/EBWebView/Default/Cache/Cache_Data/f_00004d D bin/Release/HorizonData/EBWebView/Default/Cache/Cache_Data/f_00004e D bin/Release/HorizonData/EBWebView/Default/Cache/Cache_Data/f_00004f D bin/Release/HorizonData/EBWebView/Default/Cache/Cache_Data/f_000050 D bin/Release/HorizonData/EBWebView/Default/Cache/Cache_Data/f_000051 D bin/Release/HorizonData/EBWebView/Default/Cache/Cache_Data/f_000052 D bin/Release/HorizonData/EBWebView/Default/Cache/Cache_Data/f_000053 D bin/Release/HorizonData/EBWebView/Default/Cache/Cache_Data/f_000054 D bin/Release/HorizonData/EBWebView/Default/Cache/Cache_Data/f_000055 D bin/Release/HorizonData/EBWebView/Default/Cache/Cache_Data/f_000056 D bin/Release/HorizonData/EBWebView/Default/Cache/Cache_Data/index D bin/Release/HorizonData/EBWebView/Default/Cache/No_Vary_Search/journal.baj D bin/Release/HorizonData/EBWebView/Default/Cache/No_Vary_Search/snapshot.baf D bin/Release/HorizonData/EBWebView/Default/ClientCertificates/LOCK D bin/Release/HorizonData/EBWebView/Default/ClientCertificates/LOG D bin/Release/HorizonData/EBWebView/Default/ClientCertificates/LOG.old D bin/Release/HorizonData/EBWebView/Default/Code Cache/js/0076dbc2687a75c8_0 D bin/Release/HorizonData/EBWebView/Default/Code Cache/js/02df4d919d1db631_0 D bin/Release/HorizonData/EBWebView/Default/Code Cache/js/030deb08ea7f5704_0 D bin/Release/HorizonData/EBWebView/Default/Code Cache/js/039b9efa13a61bad_0 D bin/Release/HorizonData/EBWebView/Default/Code Cache/js/03ab767b40f8cfee_0 D bin/Release/HorizonData/EBWebView/Default/Code Cache/js/043af1923a883e16_0 D bin/Release/HorizonData/EBWebView/Default/Code Cache/js/04496e09a82d7be4_0 D bin/Release/HorizonData/EBWebView/Default/Code Cache/js/04b821652310fb13_0 D bin/Release/HorizonData/EBWebView/Default/Code Cache/js/05b26522fd606645_0 D bin/Release/HorizonData/EBWebView/Default/Code Cache/js/071d0789528838a9_0 D bin/Release/HorizonData/EBWebView/Default/Code Cache/js/086ced5af2bd8220_0 D bin/Release/HorizonData/EBWebView/Default/Code Cache/js/0a4c526d5d310100_0 D bin/Release/HorizonData/EBWebView/Default/Code Cache/js/0aaaf6edb73e546a_0 D bin/Release/HorizonData/EBWebView/Default/Code Cache/js/0afc682fb9dad7c2_0 D bin/Release/HorizonData/EBWebView/Default/Code Cache/js/0b06db1a6bf880c2_0 D bin/Release/HorizonData/EBWebView/Default/Code Cache/js/0b3a0da62588e0f5_0 D bin/Release/HorizonData/EBWebView/Default/Code Cache/js/0c015efe6e649523_0 D bin/Release/HorizonData/EBWebView/Default/Code Cache/js/0f7a89f46f65133f_0 D bin/Release/HorizonData/EBWebView/Default/Code Cache/js/0f7e5eeea93299c9_0 D bin/Release/HorizonData/EBWebView/Default/Code Cache/js/103adf3520105e0f_0 D bin/Release/HorizonData/EBWebView/Default/Code Cache/js/11328cb64a5d60eb_0 D bin/Release/HorizonData/EBWebView/Default/Code Cache/js/113d72327aacc717_0 D bin/Release/HorizonData/EBWebView/Default/Code Cache/js/1154210b0c0831c9_0 D bin/Release/HorizonData/EBWebView/Default/Code Cache/js/1253ddc0847524d9_0 D bin/Release/HorizonData/EBWebView/Default/Code Cache/js/13b86ba548c0a839_0 D bin/Release/HorizonData/EBWebView/Default/Code Cache/js/142a6170a0e9d869_0 D bin/Release/HorizonData/EBWebView/Default/Code Cache/js/1607200edb381bca_0 D bin/Release/HorizonData/EBWebView/Default/Code Cache/js/166f248488e8e434_0 D bin/Release/HorizonData/EBWebView/Default/Code Cache/js/191897f97e361b8f_0 D bin/Release/HorizonData/EBWebView/Default/Code Cache/js/195e2fd790676a21_0 D bin/Release/HorizonData/EBWebView/Default/Code Cache/js/198e8104f7f87921_0 D bin/Release/HorizonData/EBWebView/Default/Code Cache/js/1bcd9e7257b3b57d_0 D bin/Release/HorizonData/EBWebView/Default/Code Cache/js/1be905117ed82795_0 D bin/Release/HorizonData/EBWebView/Default/Code Cache/js/1bf5e7db2cc86bc8_0 D bin/Release/HorizonData/EBWebView/Default/Code Cache/js/1c93a3582c65c4d3_0 D bin/Release/HorizonData/EBWebView/Default/Code Cache/js/1cc55164091f7d02_0 D bin/Release/HorizonData/EBWebView/Default/Code Cache/js/1cdfac3e3497e90e_0 D bin/Release/HorizonData/EBWebView/Default/Code Cache/js/1d25890505165c28_0 D bin/Release/HorizonData/EBWebView/Default/Code Cache/js/1e533551742eeaf0_0 D bin/Release/HorizonData/EBWebView/Default/Code Cache/js/1f722db16f1e9c51_0 D bin/Release/HorizonData/EBWebView/Default/Code Cache/js/1f780d5738f54f36_0 D bin/Release/HorizonData/EBWebView/Default/Code Cache/js/1f7cf8395b07ebcd_0 D bin/Release/HorizonData/EBWebView/Default/Code Cache/js/1facba9eab55149f_0 D bin/Release/HorizonData/EBWebView/Default/Code Cache/js/210c8b22d39f09d7_0 D bin/Release/HorizonData/EBWebView/Default/Code Cache/js/213c9d2da2b585c1_0 D bin/Release/HorizonData/EBWebView/Default/Code Cache/js/219ba47e4f3fd15f_0 D bin/Release/HorizonData/EBWebView/Default/Code Cache/js/21aa031a3d2c0479_0 D bin/Release/HorizonData/EBWebView/Default/Code Cache/js/22f3ce7a7d7a6aac_0 D bin/Release/HorizonData/EBWebView/Default/Code Cache/js/23e0af9c53491d3f_0 D bin/Release/HorizonData/EBWebView/Default/Code Cache/js/23ff0c8c70c7689f_0 D bin/Release/HorizonData/EBWebView/Default/Code Cache/js/26c4287798fa812c_0 D bin/Release/HorizonData/EBWebView/Default/Code Cache/js/285bf0c6b2a0869b_0 D bin/Release/HorizonData/EBWebView/Default/Code Cache/js/285e4739357c6106_0 D bin/Release/HorizonData/EBWebView/Default/Code Cache/js/29305d07e19521a6_0 D bin/Release/HorizonData/EBWebView/Default/Code Cache/js/295728fafc7c1ebe_0 D bin/Release/HorizonData/EBWebView/Default/Code Cache/js/29f6e8ab8ec87e6c_0 D bin/Release/HorizonData/EBWebView/Default/Code Cache/js/2a61469126e13338_0 D bin/Release/HorizonData/EBWebView/Default/Code Cache/js/2aaeea5e819db95a_0 D bin/Release/HorizonData/EBWebView/Default/Code Cache/js/2b3ca73aed475f2b_0 D bin/Release/HorizonData/EBWebView/Default/Code Cache/js/2b5d95bda3bae015_0 D bin/Release/HorizonData/EBWebView/Default/Code Cache/js/2ba4a999fd4f886b_0 D bin/Release/HorizonData/EBWebView/Default/Code Cache/js/2c3897a6197a9767_0 D bin/Release/HorizonData/EBWebView/Default/Code Cache/js/2c410b04f0114046_0 D bin/Release/HorizonData/EBWebView/Default/Code Cache/js/2dc54355c897759f_0 D bin/Release/HorizonData/EBWebView/Default/Code Cache/js/2e98f626d1f446d8_0 D bin/Release/HorizonData/EBWebView/Default/Code Cache/js/2fea4219311926b6_0 D bin/Release/HorizonData/EBWebView/Default/Code Cache/js/301522068fae0a51_0 D bin/Release/HorizonData/EBWebView/Default/Code Cache/js/30259e9f37aaf988_0 D bin/Release/HorizonData/EBWebView/Default/Code Cache/js/31836ad4b5df3363_0 D bin/Release/HorizonData/EBWebView/Default/Code Cache/js/32ac42b2888b846b_0 D bin/Release/HorizonData/EBWebView/Default/Code Cache/js/32f350141aa87917_0 D bin/Release/HorizonData/EBWebView/Default/Code Cache/js/336a68eaaf209f48_0 D bin/Release/HorizonData/EBWebView/Default/Code Cache/js/34ac8a9c0965f5ad_0 D bin/Release/HorizonData/EBWebView/Default/Code Cache/js/35a5f42315e20c02_0 D bin/Release/HorizonData/EBWebView/Default/Code Cache/js/3724a0324c3b6e26_0 D bin/Release/HorizonData/EBWebView/Default/Code Cache/js/3776c937168b5b52_0 D bin/Release/HorizonData/EBWebView/Default/Code Cache/js/383a869199a8575d_0 D bin/Release/HorizonData/EBWebView/Default/Code Cache/js/38419f8e309412eb_0 D bin/Release/HorizonData/EBWebView/Default/Code Cache/js/39cd07b5fed350c5_0 D bin/Release/HorizonData/EBWebView/Default/Code Cache/js/3c45437c70bb8ea2_0 D bin/Release/HorizonData/EBWebView/Default/Code Cache/js/3d67dae5c887164b_0 D bin/Release/HorizonData/EBWebView/Default/Code Cache/js/3d6bd5bd9da96636_0 D bin/Release/HorizonData/EBWebView/Default/Code Cache/js/3d7b3300c41a76c0_0 D bin/Release/HorizonData/EBWebView/Default/Code Cache/js/3eada1f109a8e7c6_0 D bin/Release/HorizonData/EBWebView/Default/Code Cache/js/3f746c470dfb4415_0 D bin/Release/HorizonData/EBWebView/Default/Code Cache/js/42d00762017c12e0_0 D bin/Release/HorizonData/EBWebView/Default/Code Cache/js/43358fd863f969b1_0 D bin/Release/HorizonData/EBWebView/Default/Code Cache/js/441c2476218dfa97_0 D bin/Release/HorizonData/EBWebView/Default/Code Cache/js/4431bab738f28701_0 D bin/Release/HorizonData/EBWebView/Default/Code Cache/js/4513aa6c19670f03_0 D bin/Release/HorizonData/EBWebView/Default/Code Cache/js/459a3a51c2e0cc5f_0 D bin/Release/HorizonData/EBWebView/Default/Code Cache/js/45a0d6b4698d6793_0 D bin/Release/HorizonData/EBWebView/Default/Code Cache/js/45ec19afc0c3926c_0 D bin/Release/HorizonData/EBWebView/Default/Code Cache/js/45f2a4e8b68183f1_0 D bin/Release/HorizonData/EBWebView/Default/Code Cache/js/461394aad51d27a5_0 D bin/Release/HorizonData/EBWebView/Default/Code Cache/js/46f0f9bcc6381ca4_0 D bin/Release/HorizonData/EBWebView/Default/Code Cache/js/476e925384e274ca_0 D bin/Release/HorizonData/EBWebView/Default/Code Cache/js/47b2c8679819c7f8_0 D bin/Release/HorizonData/EBWebView/Default/Code Cache/js/48e780b63f42de42_0 D bin/Release/HorizonData/EBWebView/Default/Code Cache/js/49e3bf709fa8fdf6_0 D bin/Release/HorizonData/EBWebView/Default/Code Cache/js/4a900104f5908b5f_0 D bin/Release/HorizonData/EBWebView/Default/Code Cache/js/4b290833534e9090_0 D bin/Release/HorizonData/EBWebView/Default/Code Cache/js/4b72b65b98aee73e_0 D bin/Release/HorizonData/EBWebView/Default/Code Cache/js/4b8e7f0dd7ad3829_0 D bin/Release/HorizonData/EBWebView/Default/Code Cache/js/4c5ca62179efe410_0 D bin/Release/HorizonData/EBWebView/Default/Code Cache/js/4d5ca12299fb0b42_0 D bin/Release/HorizonData/EBWebView/Default/Code Cache/js/4fdb2fec396ea760_0 D bin/Release/HorizonData/EBWebView/Default/Code Cache/js/50a4945d49f08526_0 D bin/Release/HorizonData/EBWebView/Default/Code Cache/js/53da2c5efbf7fa87_0 D bin/Release/HorizonData/EBWebView/Default/Code Cache/js/553fd832d277d371_0 D bin/Release/HorizonData/EBWebView/Default/Code Cache/js/557181f3109f2b5b_0 D bin/Release/HorizonData/EBWebView/Default/Code Cache/js/55a0c9678498ccce_0 D bin/Release/HorizonData/EBWebView/Default/Code Cache/js/55c19d41fa6293f5_0 D bin/Release/HorizonData/EBWebView/Default/Code Cache/js/5657fedf7d486af5_0 D bin/Release/HorizonData/EBWebView/Default/Code Cache/js/5889931439d1647c_0 D bin/Release/HorizonData/EBWebView/Default/Code Cache/js/58922cf0bc5f42a9_0 D bin/Release/HorizonData/EBWebView/Default/Code Cache/js/591a6fd1e26522dd_0 D bin/Release/HorizonData/EBWebView/Default/Code Cache/js/595fca4bc905ae3f_0 D bin/Release/HorizonData/EBWebView/Default/Code Cache/js/5bd1b3ba5b1083d5_0 D bin/Release/HorizonData/EBWebView/Default/Code Cache/js/5bf0bdc3107aca3b_0 D bin/Release/HorizonData/EBWebView/Default/Code Cache/js/5cede4bc155eab21_0 D bin/Release/HorizonData/EBWebView/Default/Code Cache/js/5edb9c275f992577_0 D bin/Release/HorizonData/EBWebView/Default/Code Cache/js/60c4372e5f885bf0_0 D bin/Release/HorizonData/EBWebView/Default/Code Cache/js/60d8544d757b2679_0 D bin/Release/HorizonData/EBWebView/Default/Code Cache/js/615dcdf40e3f867f_0 D bin/Release/HorizonData/EBWebView/Default/Code Cache/js/6234441e9058402d_0 D bin/Release/HorizonData/EBWebView/Default/Code Cache/js/62ebafc69ab63d3d_0 D bin/Release/HorizonData/EBWebView/Default/Code Cache/js/64c0010e0b003e65_0 D bin/Release/HorizonData/EBWebView/Default/Code Cache/js/66416b18424601b2_0 D bin/Release/HorizonData/EBWebView/Default/Code Cache/js/67e4b73732f3ae16_0 D bin/Release/HorizonData/EBWebView/Default/Code Cache/js/6815baa5322591c2_0 D bin/Release/HorizonData/EBWebView/Default/Code Cache/js/69d74f99fd05b8f5_0 D bin/Release/HorizonData/EBWebView/Default/Code Cache/js/6a29e1c45e953b04_0 D bin/Release/HorizonData/EBWebView/Default/Code Cache/js/6a5f2f74491b0b10_0 D bin/Release/HorizonData/EBWebView/Default/Code Cache/js/6a69cef7b05e2116_0 D bin/Release/HorizonData/EBWebView/Default/Code Cache/js/6b905d6a03391e9b_0 D bin/Release/HorizonData/EBWebView/Default/Code Cache/js/6c3763529eb6c42f_0 D bin/Release/HorizonData/EBWebView/Default/Code Cache/js/6cc2c20d6d2d01d4_0 D bin/Release/HorizonData/EBWebView/Default/Code Cache/js/6d83600370122c88_0 D bin/Release/HorizonData/EBWebView/Default/Code Cache/js/6e2c3008b5beade3_0 D bin/Release/HorizonData/EBWebView/Default/Code Cache/js/700dc727cb9bcc1e_0 D bin/Release/HorizonData/EBWebView/Default/Code Cache/js/706fac09a8efc57d_0 D bin/Release/HorizonData/EBWebView/Default/Code Cache/js/729e06121263e699_0 D bin/Release/HorizonData/EBWebView/Default/Code Cache/js/73598283727f3d0c_0 D bin/Release/HorizonData/EBWebView/Default/Code Cache/js/73d2efb9cf9769e7_0 D bin/Release/HorizonData/EBWebView/Default/Code Cache/js/73d953c33c8cd15c_0 D bin/Release/HorizonData/EBWebView/Default/Code Cache/js/750e718928cb9cc1_0 D bin/Release/HorizonData/EBWebView/Default/Code Cache/js/75a67d19412e31c6_0 D bin/Release/HorizonData/EBWebView/Default/Code Cache/js/75ce2afff720c5bc_0 D bin/Release/HorizonData/EBWebView/Default/Code Cache/js/75f9d714a9a0530d_0 D bin/Release/HorizonData/EBWebView/Default/Code Cache/js/76fe2c38f69e6c3e_0 D bin/Release/HorizonData/EBWebView/Default/Code Cache/js/7733fbf967c4657e_0 D bin/Release/HorizonData/EBWebView/Default/Code Cache/js/7770572c4d5a85c6_0 D bin/Release/HorizonData/EBWebView/Default/Code Cache/js/7796935dc90f4611_0 D bin/Release/HorizonData/EBWebView/Default/Code Cache/js/77b0b838786966f3_0 D bin/Release/HorizonData/EBWebView/Default/Code Cache/js/77fd57b40e5f0945_0 D bin/Release/HorizonData/EBWebView/Default/Code Cache/js/7830bb3c6aebc8d2_0 D bin/Release/HorizonData/EBWebView/Default/Code Cache/js/7aa2a78c6711ee05_0 D bin/Release/HorizonData/EBWebView/Default/Code Cache/js/7b45860dc27c51d2_0 D bin/Release/HorizonData/EBWebView/Default/Code Cache/js/7c10f56e3e1c96b7_0 D bin/Release/HorizonData/EBWebView/Default/Code Cache/js/7c49ae0efcea2fba_0 D bin/Release/HorizonData/EBWebView/Default/Code Cache/js/7c4eca39ac31d3bf_0 D bin/Release/HorizonData/EBWebView/Default/Code Cache/js/7cb42cd2778ad146_0 D bin/Release/HorizonData/EBWebView/Default/Code Cache/js/7cee592cd11ccb85_0 D bin/Release/HorizonData/EBWebView/Default/Code Cache/js/7e13452bd0baf78d_0 D bin/Release/HorizonData/EBWebView/Default/Code Cache/js/7e77d93031b026df_0 D bin/Release/HorizonData/EBWebView/Default/Code Cache/js/7ea7b5787d024c41_0 D bin/Release/HorizonData/EBWebView/Default/Code Cache/js/7f4b4fe6877a5fa5_0 D bin/Release/HorizonData/EBWebView/Default/Code Cache/js/80ae89df8ae7d4cb_0 D bin/Release/HorizonData/EBWebView/Default/Code Cache/js/80c97569d2ef4727_0 D bin/Release/HorizonData/EBWebView/Default/Code Cache/js/80ca0c4d0abbee4c_0 D bin/Release/HorizonData/EBWebView/Default/Code Cache/js/8142d87dc62a8289_0 D bin/Release/HorizonData/EBWebView/Default/Code Cache/js/81d5d441795a90ac_0 D bin/Release/HorizonData/EBWebView/Default/Code Cache/js/81e62ae930589f44_0 D bin/Release/HorizonData/EBWebView/Default/Code Cache/js/82315b06200d0f51_0 D bin/Release/HorizonData/EBWebView/Default/Code Cache/js/8257e29537493481_0 D bin/Release/HorizonData/EBWebView/Default/Code Cache/js/8309577bd3dfe91b_0 D bin/Release/HorizonData/EBWebView/Default/Code Cache/js/83923ba863ef0328_0 D bin/Release/HorizonData/EBWebView/Default/Code Cache/js/83dffb8c3174fef0_0 D bin/Release/HorizonData/EBWebView/Default/Code Cache/js/85c0d128ae6d1da1_0 D bin/Release/HorizonData/EBWebView/Default/Code Cache/js/86597e01f9217b47_0 D bin/Release/HorizonData/EBWebView/Default/Code Cache/js/86a9dc20f88e211e_0 D bin/Release/HorizonData/EBWebView/Default/Code Cache/js/8818a0082ce9f723_0 D bin/Release/HorizonData/EBWebView/Default/Code Cache/js/88640dfb72b4d0b9_0 D bin/Release/HorizonData/EBWebView/Default/Code Cache/js/8871a9ca939a2705_0 D bin/Release/HorizonData/EBWebView/Default/Code Cache/js/89028526bc380681_0 D bin/Release/HorizonData/EBWebView/Default/Code Cache/js/891dbe7f9c49cc7c_0 D bin/Release/HorizonData/EBWebView/Default/Code Cache/js/8ae409e2dffaf445_0 D bin/Release/HorizonData/EBWebView/Default/Code Cache/js/8b49d98d02614a25_0 D bin/Release/HorizonData/EBWebView/Default/Code Cache/js/8b4a252cbf815bea_0 D bin/Release/HorizonData/EBWebView/Default/Code Cache/js/8b87103f8561cdd7_0 D bin/Release/HorizonData/EBWebView/Default/Code Cache/js/8bb0e185a0529c66_0 D bin/Release/HorizonData/EBWebView/Default/Code Cache/js/8bbac0335be35a83_0 D bin/Release/HorizonData/EBWebView/Default/Code Cache/js/8c6c37db201f7faf_0 D bin/Release/HorizonData/EBWebView/Default/Code Cache/js/8d5ca1e661f2e6c5_0 D bin/Release/HorizonData/EBWebView/Default/Code Cache/js/8dc5dfa83e38f1d4_0 D bin/Release/HorizonData/EBWebView/Default/Code Cache/js/8dd013a50b6f7494_0 D bin/Release/HorizonData/EBWebView/Default/Code Cache/js/8ddfab8cb1cec30d_0 D bin/Release/HorizonData/EBWebView/Default/Code Cache/js/902ea3f71f655b6a_0 D bin/Release/HorizonData/EBWebView/Default/Code Cache/js/909a42f141014997_0 D bin/Release/HorizonData/EBWebView/Default/Code Cache/js/90d83890ae1d4820_0 D bin/Release/HorizonData/EBWebView/Default/Code Cache/js/910198d377dddd36_0 D bin/Release/HorizonData/EBWebView/Default/Code Cache/js/920c07db3f1a34c2_0 D bin/Release/HorizonData/EBWebView/Default/Code Cache/js/928b3f1e19244afc_0 D bin/Release/HorizonData/EBWebView/Default/Code Cache/js/92a4b5f9b32da0b3_0 D bin/Release/HorizonData/EBWebView/Default/Code Cache/js/92b03997d45af18a_0 D bin/Release/HorizonData/EBWebView/Default/Code Cache/js/92d6be4f5a100850_0 D bin/Release/HorizonData/EBWebView/Default/Code Cache/js/9318887779393cc9_0 D bin/Release/HorizonData/EBWebView/Default/Code Cache/js/941c2c2acfe13589_0 D bin/Release/HorizonData/EBWebView/Default/Code Cache/js/95776333dfe668be_0 D bin/Release/HorizonData/EBWebView/Default/Code Cache/js/97d01c453ca4dd4c_0 D bin/Release/HorizonData/EBWebView/Default/Code Cache/js/97d02b97ea766e65_0 D bin/Release/HorizonData/EBWebView/Default/Code Cache/js/9870b729e146b9f8_0 D bin/Release/HorizonData/EBWebView/Default/Code Cache/js/98def3e77158b3d2_0 D bin/Release/HorizonData/EBWebView/Default/Code Cache/js/98f29b078d991853_0 D bin/Release/HorizonData/EBWebView/Default/Code Cache/js/990191b661d360f6_0 D bin/Release/HorizonData/EBWebView/Default/Code Cache/js/9949003591f367df_0 D bin/Release/HorizonData/EBWebView/Default/Code Cache/js/99b5610a24549a44_0 D bin/Release/HorizonData/EBWebView/Default/Code Cache/js/9a24a8a48e855424_0 D bin/Release/HorizonData/EBWebView/Default/Code Cache/js/9a9f26166dafbcff_0 D bin/Release/HorizonData/EBWebView/Default/Code Cache/js/9b35b4179943f4f9_0 D bin/Release/HorizonData/EBWebView/Default/Code Cache/js/9c601942de9e1307_0 D bin/Release/HorizonData/EBWebView/Default/Code Cache/js/9dbf418880b89464_0 D bin/Release/HorizonData/EBWebView/Default/Code Cache/js/9e07b06e8139ebbf_0 D bin/Release/HorizonData/EBWebView/Default/Code Cache/js/9ec8aab95fff3370_0 D bin/Release/HorizonData/EBWebView/Default/Code Cache/js/a01c0310ff320564_0 D bin/Release/HorizonData/EBWebView/Default/Code Cache/js/a031e9f83427b6de_0 D bin/Release/HorizonData/EBWebView/Default/Code Cache/js/a0bbe7530078111c_0 D bin/Release/HorizonData/EBWebView/Default/Code Cache/js/a0ce1fb5ae763c47_0 D bin/Release/HorizonData/EBWebView/Default/Code Cache/js/a0d854db23c4986e_0 D bin/Release/HorizonData/EBWebView/Default/Code Cache/js/a1b4afd9cecbde61_0 D bin/Release/HorizonData/EBWebView/Default/Code Cache/js/a1fa137b64fa4022_0 D bin/Release/HorizonData/EBWebView/Default/Code Cache/js/a2e2d3ccdd40b565_0 D bin/Release/HorizonData/EBWebView/Default/Code Cache/js/a47b0ea0a8a017fb_0 D bin/Release/HorizonData/EBWebView/Default/Code Cache/js/a5a1aadf172914fe_0 D bin/Release/HorizonData/EBWebView/Default/Code Cache/js/a5b8b39f63fde1bc_0 D bin/Release/HorizonData/EBWebView/Default/Code Cache/js/a5fa9be99cd4d0af_0 D bin/Release/HorizonData/EBWebView/Default/Code Cache/js/a6094d2874ab90de_0 D bin/Release/HorizonData/EBWebView/Default/Code Cache/js/a62a4215b9346676_0 D bin/Release/HorizonData/EBWebView/Default/Code Cache/js/a63a1197625004b3_0 D bin/Release/HorizonData/EBWebView/Default/Code Cache/js/a810a0483ae40b23_0 D bin/Release/HorizonData/EBWebView/Default/Code Cache/js/a8593ea97381b208_0 D bin/Release/HorizonData/EBWebView/Default/Code Cache/js/a897015626d44c6b_0 D bin/Release/HorizonData/EBWebView/Default/Code Cache/js/a8ad890aa570e093_0 D bin/Release/HorizonData/EBWebView/Default/Code Cache/js/a99efcdec779dcdc_0 D bin/Release/HorizonData/EBWebView/Default/Code Cache/js/aa6a1e8ce1426809_0 D bin/Release/HorizonData/EBWebView/Default/Code Cache/js/aa9611a54af6bf36_0 D bin/Release/HorizonData/EBWebView/Default/Code Cache/js/aafc135857612845_0 D bin/Release/HorizonData/EBWebView/Default/Code Cache/js/ad2057eeb7705349_0 D bin/Release/HorizonData/EBWebView/Default/Code Cache/js/ad31ef1ddebe25ec_0 D bin/Release/HorizonData/EBWebView/Default/Code Cache/js/af08c8dfb60dc291_0 D bin/Release/HorizonData/EBWebView/Default/Code Cache/js/b199925a04e1874e_0 D bin/Release/HorizonData/EBWebView/Default/Code Cache/js/b1a93205baf980e8_0 D bin/Release/HorizonData/EBWebView/Default/Code Cache/js/b1b0bc2357e152d8_0 D bin/Release/HorizonData/EBWebView/Default/Code Cache/js/b2ad4ddd51204622_0 D bin/Release/HorizonData/EBWebView/Default/Code Cache/js/b3f1056d02277b2e_0 D bin/Release/HorizonData/EBWebView/Default/Code Cache/js/b6ca6ce343510893_0 D bin/Release/HorizonData/EBWebView/Default/Code Cache/js/b6ebe0c7f8673633_0 D bin/Release/HorizonData/EBWebView/Default/Code Cache/js/b75aece08654fcae_0 D bin/Release/HorizonData/EBWebView/Default/Code Cache/js/b9cd5c9e189b7c91_0 D bin/Release/HorizonData/EBWebView/Default/Code Cache/js/bb3e10180f60d452_0 D bin/Release/HorizonData/EBWebView/Default/Code Cache/js/bb73546961cd6df8_0 D bin/Release/HorizonData/EBWebView/Default/Code Cache/js/bbf72f37478d5754_0 D bin/Release/HorizonData/EBWebView/Default/Code Cache/js/bd9a8ebd92bd0fb1_0 D bin/Release/HorizonData/EBWebView/Default/Code Cache/js/bdaea414e9ce4e38_0 D bin/Release/HorizonData/EBWebView/Default/Code Cache/js/be1546fea8ad5017_0 D bin/Release/HorizonData/EBWebView/Default/Code Cache/js/bf073348812cd546_0 D bin/Release/HorizonData/EBWebView/Default/Code Cache/js/bf3fabda45d6efc8_0 D bin/Release/HorizonData/EBWebView/Default/Code Cache/js/c00dfea51d750af9_0 D bin/Release/HorizonData/EBWebView/Default/Code Cache/js/c00f79b571e53a90_0 D bin/Release/HorizonData/EBWebView/Default/Code Cache/js/c1e16c33e0d24977_0 D bin/Release/HorizonData/EBWebView/Default/Code Cache/js/c20d71ecd0100ee8_0 D bin/Release/HorizonData/EBWebView/Default/Code Cache/js/c2c2b3cc9051baa5_0 D bin/Release/HorizonData/EBWebView/Default/Code Cache/js/c2f21af09aba525a_0 D bin/Release/HorizonData/EBWebView/Default/Code Cache/js/c3f4f238755411ed_0 D bin/Release/HorizonData/EBWebView/Default/Code Cache/js/c6b9313c8e6e51ca_0 D bin/Release/HorizonData/EBWebView/Default/Code Cache/js/c6b94ec6df951cf6_0 D bin/Release/HorizonData/EBWebView/Default/Code Cache/js/c6fd9b6fd7676322_0 D bin/Release/HorizonData/EBWebView/Default/Code Cache/js/c7041477f118ee1a_0 D bin/Release/HorizonData/EBWebView/Default/Code Cache/js/c7d30abc0e0ff55a_0 D bin/Release/HorizonData/EBWebView/Default/Code Cache/js/c8e48afcc9f9dfb4_0 D bin/Release/HorizonData/EBWebView/Default/Code Cache/js/c9d9dc059f1676a5_0 D bin/Release/HorizonData/EBWebView/Default/Code Cache/js/cafc2e78c867be91_0 D bin/Release/HorizonData/EBWebView/Default/Code Cache/js/cb3a90e9370cef07_0 D bin/Release/HorizonData/EBWebView/Default/Code Cache/js/cccc43e45a5a6960_0 D bin/Release/HorizonData/EBWebView/Default/Code Cache/js/cd82ba944fad5118_0 D bin/Release/HorizonData/EBWebView/Default/Code Cache/js/cd9ec71b49f10925_0 D bin/Release/HorizonData/EBWebView/Default/Code Cache/js/cdee42929affea09_0 D bin/Release/HorizonData/EBWebView/Default/Code Cache/js/cdf731a6130495c9_0 D bin/Release/HorizonData/EBWebView/Default/Code Cache/js/cf6d3e7947913a8c_0 D bin/Release/HorizonData/EBWebView/Default/Code Cache/js/d08c288fcb831196_0 D bin/Release/HorizonData/EBWebView/Default/Code Cache/js/d09a7b26ca5c5b1c_0 D bin/Release/HorizonData/EBWebView/Default/Code Cache/js/d1000b77b936bbf5_0 D bin/Release/HorizonData/EBWebView/Default/Code Cache/js/d3ab5bc620082724_0 D bin/Release/HorizonData/EBWebView/Default/Code Cache/js/d53537e9a3e5472d_0 D bin/Release/HorizonData/EBWebView/Default/Code Cache/js/d6f878a7f569f6be_0 D bin/Release/HorizonData/EBWebView/Default/Code Cache/js/d6ffd5adef6f9780_0 D bin/Release/HorizonData/EBWebView/Default/Code Cache/js/d738afecb311bf8f_0 D bin/Release/HorizonData/EBWebView/Default/Code Cache/js/d8f08168df5e633f_0 D bin/Release/HorizonData/EBWebView/Default/Code Cache/js/d92a2ba554ae9430_0 D bin/Release/HorizonData/EBWebView/Default/Code Cache/js/d9f5c1dc-f8fe-443c-b79f-73949db5d5a6.tmp D bin/Release/HorizonData/EBWebView/Default/Code Cache/js/da34dff0bcb62624_0 D bin/Release/HorizonData/EBWebView/Default/Code Cache/js/da474bbe5702481d_0 D bin/Release/HorizonData/EBWebView/Default/Code Cache/js/db1823a3ff744d88_0 D bin/Release/HorizonData/EBWebView/Default/Code Cache/js/dbc149b98865d134_0 D bin/Release/HorizonData/EBWebView/Default/Code Cache/js/dcac0418fc975285_0 D bin/Release/HorizonData/EBWebView/Default/Code Cache/js/dccd224e92bddd24_0 D bin/Release/HorizonData/EBWebView/Default/Code Cache/js/de8ae10e19b4b086_0 D bin/Release/HorizonData/EBWebView/Default/Code Cache/js/dea1fd92bb8cbf0a_0 D bin/Release/HorizonData/EBWebView/Default/Code Cache/js/df2b36ffadcebb01_0 D bin/Release/HorizonData/EBWebView/Default/Code Cache/js/df479de699269e3f_0 D bin/Release/HorizonData/EBWebView/Default/Code Cache/js/dfca766ddb094e3a_0 D bin/Release/HorizonData/EBWebView/Default/Code Cache/js/e0159b47c49a23d4_0 D bin/Release/HorizonData/EBWebView/Default/Code Cache/js/e08a342f11c2b4d8_0 D bin/Release/HorizonData/EBWebView/Default/Code Cache/js/e0bc52dcdce2e336_0 D bin/Release/HorizonData/EBWebView/Default/Code Cache/js/e0e529bef6db25dd_0 D bin/Release/HorizonData/EBWebView/Default/Code Cache/js/e13a798433bc05b6_0 D bin/Release/HorizonData/EBWebView/Default/Code Cache/js/e14f7e9dd99336ce_0 D bin/Release/HorizonData/EBWebView/Default/Code Cache/js/e3a309c676de0a5f_0 D bin/Release/HorizonData/EBWebView/Default/Code Cache/js/e44ad3cd0b07a517_0 D bin/Release/HorizonData/EBWebView/Default/Code Cache/js/e4ea1ef674a32d6d_0 D bin/Release/HorizonData/EBWebView/Default/Code Cache/js/e524cbfdb4b02c32_0 D bin/Release/HorizonData/EBWebView/Default/Code Cache/js/e5b36b100c26d200_0 D bin/Release/HorizonData/EBWebView/Default/Code Cache/js/e5be169dd5b813f9_0 D bin/Release/HorizonData/EBWebView/Default/Code Cache/js/e5c4a9f90aa0f87d_0 D bin/Release/HorizonData/EBWebView/Default/Code Cache/js/e6afdfc6cc57adcf_0 D bin/Release/HorizonData/EBWebView/Default/Code Cache/js/e8879a23b76234d5_0 D bin/Release/HorizonData/EBWebView/Default/Code Cache/js/e9aa19718374ecc0_0 D bin/Release/HorizonData/EBWebView/Default/Code Cache/js/ea8ba2135e947898_0 D bin/Release/HorizonData/EBWebView/Default/Code Cache/js/eb090d2e8b6bc7c5_0 D bin/Release/HorizonData/EBWebView/Default/Code Cache/js/eb8018a57d356e91_0 D bin/Release/HorizonData/EBWebView/Default/Code Cache/js/ec85c2beb82685fe_0 D bin/Release/HorizonData/EBWebView/Default/Code Cache/js/ed1ebccfd7b61ac2_0 D bin/Release/HorizonData/EBWebView/Default/Code Cache/js/ee6dcd6c07f6470f_0 D bin/Release/HorizonData/EBWebView/Default/Code Cache/js/ef6ddc210bae5091_0 D bin/Release/HorizonData/EBWebView/Default/Code Cache/js/f14904204e0cae9d_0 D bin/Release/HorizonData/EBWebView/Default/Code Cache/js/f1c61a15fbba8b68_0 D bin/Release/HorizonData/EBWebView/Default/Code Cache/js/f22c278db29812f9_0 D bin/Release/HorizonData/EBWebView/Default/Code Cache/js/f4bd7335de5c2cd2_0 D bin/Release/HorizonData/EBWebView/Default/Code Cache/js/f5153fdf53256f8a_0 D bin/Release/HorizonData/EBWebView/Default/Code Cache/js/f5a74d39c574e5fa_0 D bin/Release/HorizonData/EBWebView/Default/Code Cache/js/f5c1d8a8db8c707b_0 D bin/Release/HorizonData/EBWebView/Default/Code Cache/js/f6090645e91e43db_0 D bin/Release/HorizonData/EBWebView/Default/Code Cache/js/f6fffb55bc115345_0 D bin/Release/HorizonData/EBWebView/Default/Code Cache/js/f7beda5bc3d27201_0 D bin/Release/HorizonData/EBWebView/Default/Code Cache/js/f82bd8f0441ee5e2_0 D bin/Release/HorizonData/EBWebView/Default/Code Cache/js/f83a24f1134e8f91_0 D bin/Release/HorizonData/EBWebView/Default/Code Cache/js/fa266473efc65535_0 D bin/Release/HorizonData/EBWebView/Default/Code Cache/js/fbacac4251ebeb2d_0 D bin/Release/HorizonData/EBWebView/Default/Code Cache/js/fbf45bdf3ff832a6_0 D bin/Release/HorizonData/EBWebView/Default/Code Cache/js/fc94cf1d21304a77_0 D bin/Release/HorizonData/EBWebView/Default/Code Cache/js/fcaca363c24dca05_0 D bin/Release/HorizonData/EBWebView/Default/Code Cache/js/fcf0bfaba1bf0c04_0 D bin/Release/HorizonData/EBWebView/Default/Code Cache/js/fdca45ffb0a3309f_0 D bin/Release/HorizonData/EBWebView/Default/Code Cache/js/fe4af8ef2c8b8dc4_0 D bin/Release/HorizonData/EBWebView/Default/Code Cache/js/fe7929590c218f10_0 D bin/Release/HorizonData/EBWebView/Default/Code Cache/js/ff12c2fda33299fb_0 D bin/Release/HorizonData/EBWebView/Default/Code Cache/js/index D bin/Release/HorizonData/EBWebView/Default/Code Cache/js/index-dir/the-real-index D bin/Release/HorizonData/EBWebView/Default/Code Cache/wasm/index D bin/Release/HorizonData/EBWebView/Default/Code Cache/wasm/index-dir/the-real-index D bin/Release/HorizonData/EBWebView/Default/DIPS D bin/Release/HorizonData/EBWebView/Default/DashTrackerDatabase D bin/Release/HorizonData/EBWebView/Default/DashTrackerDatabase-journal D bin/Release/HorizonData/EBWebView/Default/DawnGraphiteCache/data_0 D bin/Release/HorizonData/EBWebView/Default/DawnGraphiteCache/data_1 D bin/Release/HorizonData/EBWebView/Default/DawnGraphiteCache/data_2 D bin/Release/HorizonData/EBWebView/Default/DawnGraphiteCache/data_3 D bin/Release/HorizonData/EBWebView/Default/DawnGraphiteCache/index D bin/Release/HorizonData/EBWebView/Default/DawnWebGPUCache/data_0 D bin/Release/HorizonData/EBWebView/Default/DawnWebGPUCache/data_1 D bin/Release/HorizonData/EBWebView/Default/DawnWebGPUCache/data_2 D bin/Release/HorizonData/EBWebView/Default/DawnWebGPUCache/data_3 D bin/Release/HorizonData/EBWebView/Default/DawnWebGPUCache/index D bin/Release/HorizonData/EBWebView/Default/EdgeJourneys/EdgeJourneys.db D bin/Release/HorizonData/EBWebView/Default/EdgeSessions/SessionRestoreLog D bin/Release/HorizonData/EBWebView/Default/Extension Rules/000003.log D bin/Release/HorizonData/EBWebView/Default/Extension Rules/CURRENT D bin/Release/HorizonData/EBWebView/Default/Extension Rules/LOCK D bin/Release/HorizonData/EBWebView/Default/Extension Rules/LOG D bin/Release/HorizonData/EBWebView/Default/Extension Rules/LOG.old D bin/Release/HorizonData/EBWebView/Default/Extension Rules/MANIFEST-000001 D bin/Release/HorizonData/EBWebView/Default/Extension Scripts/000003.log D bin/Release/HorizonData/EBWebView/Default/Extension Scripts/CURRENT D bin/Release/HorizonData/EBWebView/Default/Extension Scripts/LOCK D bin/Release/HorizonData/EBWebView/Default/Extension Scripts/LOG D bin/Release/HorizonData/EBWebView/Default/Extension Scripts/LOG.old D bin/Release/HorizonData/EBWebView/Default/Extension Scripts/MANIFEST-000001 D bin/Release/HorizonData/EBWebView/Default/Extension State/000003.log D bin/Release/HorizonData/EBWebView/Default/Extension State/CURRENT D bin/Release/HorizonData/EBWebView/Default/Extension State/LOCK D bin/Release/HorizonData/EBWebView/Default/Extension State/LOG D bin/Release/HorizonData/EBWebView/Default/Extension State/LOG.old D bin/Release/HorizonData/EBWebView/Default/Extension State/MANIFEST-000001 D bin/Release/HorizonData/EBWebView/Default/ExtensionActivityComp D bin/Release/HorizonData/EBWebView/Default/ExtensionActivityEdge D bin/Release/HorizonData/EBWebView/Default/ExtensionActivityEdge-journal D bin/Release/HorizonData/EBWebView/Default/Favicons D bin/Release/HorizonData/EBWebView/Default/Favicons-journal D bin/Release/HorizonData/EBWebView/Default/Feature Engagement Tracker/AvailabilityDB/LOCK D bin/Release/HorizonData/EBWebView/Default/Feature Engagement Tracker/AvailabilityDB/LOG D bin/Release/HorizonData/EBWebView/Default/Feature Engagement Tracker/AvailabilityDB/LOG.old D bin/Release/HorizonData/EBWebView/Default/Feature Engagement Tracker/EventDB/LOCK D bin/Release/HorizonData/EBWebView/Default/Feature Engagement Tracker/EventDB/LOG D bin/Release/HorizonData/EBWebView/Default/Feature Engagement Tracker/EventDB/LOG.old D bin/Release/HorizonData/EBWebView/Default/GPUCache/data_0 D bin/Release/HorizonData/EBWebView/Default/GPUCache/data_1 D bin/Release/HorizonData/EBWebView/Default/GPUCache/data_2 D bin/Release/HorizonData/EBWebView/Default/GPUCache/data_3 D bin/Release/HorizonData/EBWebView/Default/GPUCache/index D bin/Release/HorizonData/EBWebView/Default/History D bin/Release/HorizonData/EBWebView/Default/History-journal D bin/Release/HorizonData/EBWebView/Default/IndexedDB/chrome-extension_cknpchhamkghepdgmebdeeiklbmhajjb_0.indexeddb.leveldb/000003.log D bin/Release/HorizonData/EBWebView/Default/IndexedDB/chrome-extension_cknpchhamkghepdgmebdeeiklbmhajjb_0.indexeddb.leveldb/CURRENT D bin/Release/HorizonData/EBWebView/Default/IndexedDB/chrome-extension_cknpchhamkghepdgmebdeeiklbmhajjb_0.indexeddb.leveldb/LOCK D bin/Release/HorizonData/EBWebView/Default/IndexedDB/chrome-extension_cknpchhamkghepdgmebdeeiklbmhajjb_0.indexeddb.leveldb/LOG D bin/Release/HorizonData/EBWebView/Default/IndexedDB/chrome-extension_cknpchhamkghepdgmebdeeiklbmhajjb_0.indexeddb.leveldb/LOG.old D bin/Release/HorizonData/EBWebView/Default/IndexedDB/chrome-extension_cknpchhamkghepdgmebdeeiklbmhajjb_0.indexeddb.leveldb/MANIFEST-000001 D bin/Release/HorizonData/EBWebView/Default/IndexedDB/chrome-extension_gjbcdalockdbdpjilfijigifebblleeo_0.indexeddb.blob/2/00/4 D bin/Release/HorizonData/EBWebView/Default/IndexedDB/chrome-extension_gjbcdalockdbdpjilfijigifebblleeo_0.indexeddb.blob/2/00/5 D bin/Release/HorizonData/EBWebView/Default/IndexedDB/chrome-extension_gjbcdalockdbdpjilfijigifebblleeo_0.indexeddb.blob/2/00/c D bin/Release/HorizonData/EBWebView/Default/IndexedDB/chrome-extension_gjbcdalockdbdpjilfijigifebblleeo_0.indexeddb.blob/2/00/d D bin/Release/HorizonData/EBWebView/Default/IndexedDB/chrome-extension_gjbcdalockdbdpjilfijigifebblleeo_0.indexeddb.leveldb/000036.ldb D bin/Release/HorizonData/EBWebView/Default/IndexedDB/chrome-extension_gjbcdalockdbdpjilfijigifebblleeo_0.indexeddb.leveldb/000037.log D bin/Release/HorizonData/EBWebView/Default/IndexedDB/chrome-extension_gjbcdalockdbdpjilfijigifebblleeo_0.indexeddb.leveldb/000039.ldb D bin/Release/HorizonData/EBWebView/Default/IndexedDB/chrome-extension_gjbcdalockdbdpjilfijigifebblleeo_0.indexeddb.leveldb/CURRENT D bin/Release/HorizonData/EBWebView/Default/IndexedDB/chrome-extension_gjbcdalockdbdpjilfijigifebblleeo_0.indexeddb.leveldb/LOCK D bin/Release/HorizonData/EBWebView/Default/IndexedDB/chrome-extension_gjbcdalockdbdpjilfijigifebblleeo_0.indexeddb.leveldb/LOG D bin/Release/HorizonData/EBWebView/Default/IndexedDB/chrome-extension_gjbcdalockdbdpjilfijigifebblleeo_0.indexeddb.leveldb/LOG.old D bin/Release/HorizonData/EBWebView/Default/IndexedDB/chrome-extension_gjbcdalockdbdpjilfijigifebblleeo_0.indexeddb.leveldb/MANIFEST-000001 D bin/Release/HorizonData/EBWebView/Default/IndexedDB/chrome-extension_idompkcebcckjachidfhndpicmhicmjf_0.indexeddb.leveldb/000003.log D bin/Release/HorizonData/EBWebView/Default/IndexedDB/chrome-extension_idompkcebcckjachidfhndpicmhicmjf_0.indexeddb.leveldb/CURRENT D bin/Release/HorizonData/EBWebView/Default/IndexedDB/chrome-extension_idompkcebcckjachidfhndpicmhicmjf_0.indexeddb.leveldb/LOCK D bin/Release/HorizonData/EBWebView/Default/IndexedDB/chrome-extension_idompkcebcckjachidfhndpicmhicmjf_0.indexeddb.leveldb/LOG D bin/Release/HorizonData/EBWebView/Default/IndexedDB/chrome-extension_idompkcebcckjachidfhndpicmhicmjf_0.indexeddb.leveldb/MANIFEST-000001 D bin/Release/HorizonData/EBWebView/Default/IndexedDB/chrome-extension_micabgbmbfjdcifaljgbioeiflcemnmo_0.indexeddb.leveldb/000003.log D bin/Release/HorizonData/EBWebView/Default/IndexedDB/chrome-extension_micabgbmbfjdcifaljgbioeiflcemnmo_0.indexeddb.leveldb/CURRENT D bin/Release/HorizonData/EBWebView/Default/IndexedDB/chrome-extension_micabgbmbfjdcifaljgbioeiflcemnmo_0.indexeddb.leveldb/LOCK D bin/Release/HorizonData/EBWebView/Default/IndexedDB/chrome-extension_micabgbmbfjdcifaljgbioeiflcemnmo_0.indexeddb.leveldb/LOG D bin/Release/HorizonData/EBWebView/Default/IndexedDB/chrome-extension_micabgbmbfjdcifaljgbioeiflcemnmo_0.indexeddb.leveldb/LOG.old D bin/Release/HorizonData/EBWebView/Default/IndexedDB/chrome-extension_micabgbmbfjdcifaljgbioeiflcemnmo_0.indexeddb.leveldb/MANIFEST-000001 D bin/Release/HorizonData/EBWebView/Default/IndexedDB/https_music.youtube.com_0.indexeddb.leveldb/000003.log D bin/Release/HorizonData/EBWebView/Default/IndexedDB/https_music.youtube.com_0.indexeddb.leveldb/CURRENT D bin/Release/HorizonData/EBWebView/Default/IndexedDB/https_music.youtube.com_0.indexeddb.leveldb/LOCK D bin/Release/HorizonData/EBWebView/Default/IndexedDB/https_music.youtube.com_0.indexeddb.leveldb/LOG D bin/Release/HorizonData/EBWebView/Default/IndexedDB/https_music.youtube.com_0.indexeddb.leveldb/MANIFEST-000001 D bin/Release/HorizonData/EBWebView/Default/IndexedDB/https_thebyteseffect.com_0.indexeddb.leveldb/000003.log D bin/Release/HorizonData/EBWebView/Default/IndexedDB/https_thebyteseffect.com_0.indexeddb.leveldb/CURRENT D bin/Release/HorizonData/EBWebView/Default/IndexedDB/https_thebyteseffect.com_0.indexeddb.leveldb/LOCK D bin/Release/HorizonData/EBWebView/Default/IndexedDB/https_thebyteseffect.com_0.indexeddb.leveldb/LOG D bin/Release/HorizonData/EBWebView/Default/IndexedDB/https_thebyteseffect.com_0.indexeddb.leveldb/MANIFEST-000001 D bin/Release/HorizonData/EBWebView/Default/LOCK D bin/Release/HorizonData/EBWebView/Default/LOG D bin/Release/HorizonData/EBWebView/Default/LOG.old D bin/Release/HorizonData/EBWebView/Default/Local Extension Settings/cknpchhamkghepdgmebdeeiklbmhajjb/000003.log D bin/Release/HorizonData/EBWebView/Default/Local Extension Settings/cknpchhamkghepdgmebdeeiklbmhajjb/CURRENT D bin/Release/HorizonData/EBWebView/Default/Local Extension Settings/cknpchhamkghepdgmebdeeiklbmhajjb/LOCK D bin/Release/HorizonData/EBWebView/Default/Local Extension Settings/cknpchhamkghepdgmebdeeiklbmhajjb/LOG D bin/Release/HorizonData/EBWebView/Default/Local Extension Settings/cknpchhamkghepdgmebdeeiklbmhajjb/LOG.old D bin/Release/HorizonData/EBWebView/Default/Local Extension Settings/cknpchhamkghepdgmebdeeiklbmhajjb/MANIFEST-000001 D bin/Release/HorizonData/EBWebView/Default/Local Extension Settings/enpiaeoobofcpedppdnooadnbaldkjih/000003.log D bin/Release/HorizonData/EBWebView/Default/Local Extension Settings/enpiaeoobofcpedppdnooadnbaldkjih/CURRENT D bin/Release/HorizonData/EBWebView/Default/Local Extension Settings/enpiaeoobofcpedppdnooadnbaldkjih/LOCK D bin/Release/HorizonData/EBWebView/Default/Local Extension Settings/enpiaeoobofcpedppdnooadnbaldkjih/LOG D bin/Release/HorizonData/EBWebView/Default/Local Extension Settings/enpiaeoobofcpedppdnooadnbaldkjih/LOG.old D bin/Release/HorizonData/EBWebView/Default/Local Extension Settings/enpiaeoobofcpedppdnooadnbaldkjih/MANIFEST-000001 D bin/Release/HorizonData/EBWebView/Default/Local Extension Settings/fennofgmefeblbegldihhmpehdehoflg/000003.log D bin/Release/HorizonData/EBWebView/Default/Local Extension Settings/fennofgmefeblbegldihhmpehdehoflg/CURRENT D bin/Release/HorizonData/EBWebView/Default/Local Extension Settings/fennofgmefeblbegldihhmpehdehoflg/LOCK D bin/Release/HorizonData/EBWebView/Default/Local Extension Settings/fennofgmefeblbegldihhmpehdehoflg/LOG D bin/Release/HorizonData/EBWebView/Default/Local Extension Settings/fennofgmefeblbegldihhmpehdehoflg/LOG.old D bin/Release/HorizonData/EBWebView/Default/Local Extension Settings/fennofgmefeblbegldihhmpehdehoflg/MANIFEST-000001 D bin/Release/HorizonData/EBWebView/Default/Local Extension Settings/fjfcaoomjhlpbniopilcfbpefalbhpba/000003.log D bin/Release/HorizonData/EBWebView/Default/Local Extension Settings/fjfcaoomjhlpbniopilcfbpefalbhpba/CURRENT D bin/Release/HorizonData/EBWebView/Default/Local Extension Settings/fjfcaoomjhlpbniopilcfbpefalbhpba/LOCK D bin/Release/HorizonData/EBWebView/Default/Local Extension Settings/fjfcaoomjhlpbniopilcfbpefalbhpba/LOG D bin/Release/HorizonData/EBWebView/Default/Local Extension Settings/fjfcaoomjhlpbniopilcfbpefalbhpba/LOG.old D bin/Release/HorizonData/EBWebView/Default/Local Extension Settings/fjfcaoomjhlpbniopilcfbpefalbhpba/MANIFEST-000001 D bin/Release/HorizonData/EBWebView/Default/Local Extension Settings/gjbcdalockdbdpjilfijigifebblleeo/000005.ldb D bin/Release/HorizonData/EBWebView/Default/Local Extension Settings/gjbcdalockdbdpjilfijigifebblleeo/000016.ldb D bin/Release/HorizonData/EBWebView/Default/Local Extension Settings/gjbcdalockdbdpjilfijigifebblleeo/000018.log D bin/Release/HorizonData/EBWebView/Default/Local Extension Settings/gjbcdalockdbdpjilfijigifebblleeo/000019.ldb D bin/Release/HorizonData/EBWebView/Default/Local Extension Settings/gjbcdalockdbdpjilfijigifebblleeo/CURRENT D bin/Release/HorizonData/EBWebView/Default/Local Extension Settings/gjbcdalockdbdpjilfijigifebblleeo/LOCK D bin/Release/HorizonData/EBWebView/Default/Local Extension Settings/gjbcdalockdbdpjilfijigifebblleeo/LOG D bin/Release/HorizonData/EBWebView/Default/Local Extension Settings/gjbcdalockdbdpjilfijigifebblleeo/LOG.old D bin/Release/HorizonData/EBWebView/Default/Local Extension Settings/gjbcdalockdbdpjilfijigifebblleeo/MANIFEST-000001 D bin/Release/HorizonData/EBWebView/Default/Local Extension Settings/llafjhmkffdlhpiojoipllmmedhckpgh/000003.log D bin/Release/HorizonData/EBWebView/Default/Local Extension Settings/llafjhmkffdlhpiojoipllmmedhckpgh/CURRENT D bin/Release/HorizonData/EBWebView/Default/Local Extension Settings/llafjhmkffdlhpiojoipllmmedhckpgh/LOCK D bin/Release/HorizonData/EBWebView/Default/Local Extension Settings/llafjhmkffdlhpiojoipllmmedhckpgh/LOG D bin/Release/HorizonData/EBWebView/Default/Local Extension Settings/llafjhmkffdlhpiojoipllmmedhckpgh/LOG.old D bin/Release/HorizonData/EBWebView/Default/Local Extension Settings/llafjhmkffdlhpiojoipllmmedhckpgh/MANIFEST-000001 D bin/Release/HorizonData/EBWebView/Default/Local Extension Settings/mahdomgfmegkjcelplonolabemigokdm/000003.log D bin/Release/HorizonData/EBWebView/Default/Local Extension Settings/mahdomgfmegkjcelplonolabemigokdm/CURRENT D bin/Release/HorizonData/EBWebView/Default/Local Extension Settings/mahdomgfmegkjcelplonolabemigokdm/LOCK D bin/Release/HorizonData/EBWebView/Default/Local Extension Settings/mahdomgfmegkjcelplonolabemigokdm/LOG D bin/Release/HorizonData/EBWebView/Default/Local Extension Settings/mahdomgfmegkjcelplonolabemigokdm/LOG.old D bin/Release/HorizonData/EBWebView/Default/Local Extension Settings/mahdomgfmegkjcelplonolabemigokdm/MANIFEST-000001 D bin/Release/HorizonData/EBWebView/Default/Local Extension Settings/micabgbmbfjdcifaljgbioeiflcemnmo/000003.log D bin/Release/HorizonData/EBWebView/Default/Local Extension Settings/micabgbmbfjdcifaljgbioeiflcemnmo/CURRENT D bin/Release/HorizonData/EBWebView/Default/Local Extension Settings/micabgbmbfjdcifaljgbioeiflcemnmo/LOCK D bin/Release/HorizonData/EBWebView/Default/Local Extension Settings/micabgbmbfjdcifaljgbioeiflcemnmo/LOG D bin/Release/HorizonData/EBWebView/Default/Local Extension Settings/micabgbmbfjdcifaljgbioeiflcemnmo/LOG.old D bin/Release/HorizonData/EBWebView/Default/Local Extension Settings/micabgbmbfjdcifaljgbioeiflcemnmo/MANIFEST-000001 D bin/Release/HorizonData/EBWebView/Default/Local Extension Settings/pnbopgbekiomlhlfodahgbchgghkkkie/000003.log D bin/Release/HorizonData/EBWebView/Default/Local Extension Settings/pnbopgbekiomlhlfodahgbchgghkkkie/CURRENT D bin/Release/HorizonData/EBWebView/Default/Local Extension Settings/pnbopgbekiomlhlfodahgbchgghkkkie/LOCK D bin/Release/HorizonData/EBWebView/Default/Local Extension Settings/pnbopgbekiomlhlfodahgbchgghkkkie/LOG D bin/Release/HorizonData/EBWebView/Default/Local Extension Settings/pnbopgbekiomlhlfodahgbchgghkkkie/LOG.old D bin/Release/HorizonData/EBWebView/Default/Local Extension Settings/pnbopgbekiomlhlfodahgbchgghkkkie/MANIFEST-000001 D bin/Release/HorizonData/EBWebView/Default/Local Storage/leveldb/000003.log D bin/Release/HorizonData/EBWebView/Default/Local Storage/leveldb/CURRENT D bin/Release/HorizonData/EBWebView/Default/Local Storage/leveldb/LOCK D bin/Release/HorizonData/EBWebView/Default/Local Storage/leveldb/LOG D bin/Release/HorizonData/EBWebView/Default/Local Storage/leveldb/LOG.old D bin/Release/HorizonData/EBWebView/Default/Local Storage/leveldb/MANIFEST-000001 D bin/Release/HorizonData/EBWebView/Default/Login Data D bin/Release/HorizonData/EBWebView/Default/Login Data For Account D bin/Release/HorizonData/EBWebView/Default/Login Data For Account-journal D bin/Release/HorizonData/EBWebView/Default/Login Data-journal D bin/Release/HorizonData/EBWebView/Default/MediaDeviceSalts D bin/Release/HorizonData/EBWebView/Default/MediaDeviceSalts-journal D bin/Release/HorizonData/EBWebView/Default/Network Action Predictor D bin/Release/HorizonData/EBWebView/Default/Network Action Predictor-journal D bin/Release/HorizonData/EBWebView/Default/Network/Cookies D bin/Release/HorizonData/EBWebView/Default/Network/Cookies-journal D bin/Release/HorizonData/EBWebView/Default/Network/Device Bound Sessions D bin/Release/HorizonData/EBWebView/Default/Network/Device Bound Sessions-journal D bin/Release/HorizonData/EBWebView/Default/Network/Network Persistent State D bin/Release/HorizonData/EBWebView/Default/Network/NetworkDataMigrated D bin/Release/HorizonData/EBWebView/Default/Network/Reporting and NEL D bin/Release/HorizonData/EBWebView/Default/Network/Reporting and NEL-journal D bin/Release/HorizonData/EBWebView/Default/Network/SCT Auditing Pending Reports D bin/Release/HorizonData/EBWebView/Default/Network/Sdch Dictionaries D bin/Release/HorizonData/EBWebView/Default/Network/TransportSecurity D bin/Release/HorizonData/EBWebView/Default/Network/Trust Tokens D bin/Release/HorizonData/EBWebView/Default/Network/Trust Tokens-journal D bin/Release/HorizonData/EBWebView/Default/Password_Diagnostics/PMLog_13422023247647094 D bin/Release/HorizonData/EBWebView/Default/PersistentOriginTrials/LOCK D bin/Release/HorizonData/EBWebView/Default/PersistentOriginTrials/LOG D bin/Release/HorizonData/EBWebView/Default/PersistentOriginTrials/LOG.old D bin/Release/HorizonData/EBWebView/Default/Platform Notifications/000003.log D bin/Release/HorizonData/EBWebView/Default/Platform Notifications/CURRENT D bin/Release/HorizonData/EBWebView/Default/Platform Notifications/LOCK D bin/Release/HorizonData/EBWebView/Default/Platform Notifications/LOG D bin/Release/HorizonData/EBWebView/Default/Platform Notifications/LOG.old D bin/Release/HorizonData/EBWebView/Default/Platform Notifications/MANIFEST-000001 D bin/Release/HorizonData/EBWebView/Default/Preferences D bin/Release/HorizonData/EBWebView/Default/README D bin/Release/HorizonData/EBWebView/Default/Safe Browsing Network/NetworkDataMigrated D bin/Release/HorizonData/EBWebView/Default/Safe Browsing Network/Safe Browsing Cookies D bin/Release/HorizonData/EBWebView/Default/Safe Browsing Network/Safe Browsing Cookies-journal D bin/Release/HorizonData/EBWebView/Default/Secure Preferences D bin/Release/HorizonData/EBWebView/Default/ServerCertificate D bin/Release/HorizonData/EBWebView/Default/ServerCertificate-journal D bin/Release/HorizonData/EBWebView/Default/Service Worker/CacheStorage/1e538fbb9a411578d5bec848a4a4b012e8b26441/e61324ad-efcf-4993-a147-dbfbc543c56d/03723ec5564e7819_0 D bin/Release/HorizonData/EBWebView/Default/Service Worker/CacheStorage/1e538fbb9a411578d5bec848a4a4b012e8b26441/e61324ad-efcf-4993-a147-dbfbc543c56d/091349bb42039481_0 D bin/Release/HorizonData/EBWebView/Default/Service Worker/CacheStorage/1e538fbb9a411578d5bec848a4a4b012e8b26441/e61324ad-efcf-4993-a147-dbfbc543c56d/0b3bd81b114681fa_0 D bin/Release/HorizonData/EBWebView/Default/Service Worker/CacheStorage/1e538fbb9a411578d5bec848a4a4b012e8b26441/e61324ad-efcf-4993-a147-dbfbc543c56d/0e68ef3e3bc686b2_0 D bin/Release/HorizonData/EBWebView/Default/Service Worker/CacheStorage/1e538fbb9a411578d5bec848a4a4b012e8b26441/e61324ad-efcf-4993-a147-dbfbc543c56d/0efdd86b5e92caeb_0 D bin/Release/HorizonData/EBWebView/Default/Service Worker/CacheStorage/1e538fbb9a411578d5bec848a4a4b012e8b26441/e61324ad-efcf-4993-a147-dbfbc543c56d/11948aeda14cd8cd_0 D bin/Release/HorizonData/EBWebView/Default/Service Worker/CacheStorage/1e538fbb9a411578d5bec848a4a4b012e8b26441/e61324ad-efcf-4993-a147-dbfbc543c56d/152af16e821e5e53_0 D bin/Release/HorizonData/EBWebView/Default/Service Worker/CacheStorage/1e538fbb9a411578d5bec848a4a4b012e8b26441/e61324ad-efcf-4993-a147-dbfbc543c56d/1862774b103cb550_0 D bin/Release/HorizonData/EBWebView/Default/Service Worker/CacheStorage/1e538fbb9a411578d5bec848a4a4b012e8b26441/e61324ad-efcf-4993-a147-dbfbc543c56d/1ada7ade10cca105_0 D bin/Release/HorizonData/EBWebView/Default/Service Worker/CacheStorage/1e538fbb9a411578d5bec848a4a4b012e8b26441/e61324ad-efcf-4993-a147-dbfbc543c56d/1d17e378da8f28e8_0 D bin/Release/HorizonData/EBWebView/Default/Service Worker/CacheStorage/1e538fbb9a411578d5bec848a4a4b012e8b26441/e61324ad-efcf-4993-a147-dbfbc543c56d/22063dd5403b833c_0 D bin/Release/HorizonData/EBWebView/Default/Service Worker/CacheStorage/1e538fbb9a411578d5bec848a4a4b012e8b26441/e61324ad-efcf-4993-a147-dbfbc543c56d/273c4b250c7bc824_0 D bin/Release/HorizonData/EBWebView/Default/Service Worker/CacheStorage/1e538fbb9a411578d5bec848a4a4b012e8b26441/e61324ad-efcf-4993-a147-dbfbc543c56d/2e2413a06637b0ec_0 D bin/Release/HorizonData/EBWebView/Default/Service Worker/CacheStorage/1e538fbb9a411578d5bec848a4a4b012e8b26441/e61324ad-efcf-4993-a147-dbfbc543c56d/3107558eea9ba321_0 D bin/Release/HorizonData/EBWebView/Default/Service Worker/CacheStorage/1e538fbb9a411578d5bec848a4a4b012e8b26441/e61324ad-efcf-4993-a147-dbfbc543c56d/321911defb2f8cbc_0 D bin/Release/HorizonData/EBWebView/Default/Service Worker/CacheStorage/1e538fbb9a411578d5bec848a4a4b012e8b26441/e61324ad-efcf-4993-a147-dbfbc543c56d/32690e9511f86989_0 D bin/Release/HorizonData/EBWebView/Default/Service Worker/CacheStorage/1e538fbb9a411578d5bec848a4a4b012e8b26441/e61324ad-efcf-4993-a147-dbfbc543c56d/340d60e931bd37f7_0 D bin/Release/HorizonData/EBWebView/Default/Service Worker/CacheStorage/1e538fbb9a411578d5bec848a4a4b012e8b26441/e61324ad-efcf-4993-a147-dbfbc543c56d/375db0c2ac836167_0 D bin/Release/HorizonData/EBWebView/Default/Service Worker/CacheStorage/1e538fbb9a411578d5bec848a4a4b012e8b26441/e61324ad-efcf-4993-a147-dbfbc543c56d/383152c2a19b4e8f_0 D bin/Release/HorizonData/EBWebView/Default/Service Worker/CacheStorage/1e538fbb9a411578d5bec848a4a4b012e8b26441/e61324ad-efcf-4993-a147-dbfbc543c56d/385bf01b84b6743c_0 D bin/Release/HorizonData/EBWebView/Default/Service Worker/CacheStorage/1e538fbb9a411578d5bec848a4a4b012e8b26441/e61324ad-efcf-4993-a147-dbfbc543c56d/3d7948fc42349e78_0 D bin/Release/HorizonData/EBWebView/Default/Service Worker/CacheStorage/1e538fbb9a411578d5bec848a4a4b012e8b26441/e61324ad-efcf-4993-a147-dbfbc543c56d/44fdad3a201128f8_0 D bin/Release/HorizonData/EBWebView/Default/Service Worker/CacheStorage/1e538fbb9a411578d5bec848a4a4b012e8b26441/e61324ad-efcf-4993-a147-dbfbc543c56d/48ad33b5e6597f4d_0 D bin/Release/HorizonData/EBWebView/Default/Service Worker/CacheStorage/1e538fbb9a411578d5bec848a4a4b012e8b26441/e61324ad-efcf-4993-a147-dbfbc543c56d/4b32244f47a52aa1_0 D bin/Release/HorizonData/EBWebView/Default/Service Worker/CacheStorage/1e538fbb9a411578d5bec848a4a4b012e8b26441/e61324ad-efcf-4993-a147-dbfbc543c56d/4c4800b635ae2098_0 D bin/Release/HorizonData/EBWebView/Default/Service Worker/CacheStorage/1e538fbb9a411578d5bec848a4a4b012e8b26441/e61324ad-efcf-4993-a147-dbfbc543c56d/4f926102e9d4c072_0 D bin/Release/HorizonData/EBWebView/Default/Service Worker/CacheStorage/1e538fbb9a411578d5bec848a4a4b012e8b26441/e61324ad-efcf-4993-a147-dbfbc543c56d/5437f3efe07e0177_0 D bin/Release/HorizonData/EBWebView/Default/Service Worker/CacheStorage/1e538fbb9a411578d5bec848a4a4b012e8b26441/e61324ad-efcf-4993-a147-dbfbc543c56d/577dbf0b91a4fd20_0 D bin/Release/HorizonData/EBWebView/Default/Service Worker/CacheStorage/1e538fbb9a411578d5bec848a4a4b012e8b26441/e61324ad-efcf-4993-a147-dbfbc543c56d/5a89e5ba27a9709b_0 D bin/Release/HorizonData/EBWebView/Default/Service Worker/CacheStorage/1e538fbb9a411578d5bec848a4a4b012e8b26441/e61324ad-efcf-4993-a147-dbfbc543c56d/5f35d08eae8058b3_0 D bin/Release/HorizonData/EBWebView/Default/Service Worker/CacheStorage/1e538fbb9a411578d5bec848a4a4b012e8b26441/e61324ad-efcf-4993-a147-dbfbc543c56d/6b3d1b313bb275db_0 D bin/Release/HorizonData/EBWebView/Default/Service Worker/CacheStorage/1e538fbb9a411578d5bec848a4a4b012e8b26441/e61324ad-efcf-4993-a147-dbfbc543c56d/6b991611054a2e9f_0 D bin/Release/HorizonData/EBWebView/Default/Service Worker/CacheStorage/1e538fbb9a411578d5bec848a4a4b012e8b26441/e61324ad-efcf-4993-a147-dbfbc543c56d/704d1465ad2857ca_0 D bin/Release/HorizonData/EBWebView/Default/Service Worker/CacheStorage/1e538fbb9a411578d5bec848a4a4b012e8b26441/e61324ad-efcf-4993-a147-dbfbc543c56d/72d06060f92aae74_0 D bin/Release/HorizonData/EBWebView/Default/Service Worker/CacheStorage/1e538fbb9a411578d5bec848a4a4b012e8b26441/e61324ad-efcf-4993-a147-dbfbc543c56d/7866b425ec30631b_0 D bin/Release/HorizonData/EBWebView/Default/Service Worker/CacheStorage/1e538fbb9a411578d5bec848a4a4b012e8b26441/e61324ad-efcf-4993-a147-dbfbc543c56d/82ef43183c18dbcf_0 D bin/Release/HorizonData/EBWebView/Default/Service Worker/CacheStorage/1e538fbb9a411578d5bec848a4a4b012e8b26441/e61324ad-efcf-4993-a147-dbfbc543c56d/8383e54a78e96fc0_0 D bin/Release/HorizonData/EBWebView/Default/Service Worker/CacheStorage/1e538fbb9a411578d5bec848a4a4b012e8b26441/e61324ad-efcf-4993-a147-dbfbc543c56d/864e3d21e753f81a_0 D bin/Release/HorizonData/EBWebView/Default/Service Worker/CacheStorage/1e538fbb9a411578d5bec848a4a4b012e8b26441/e61324ad-efcf-4993-a147-dbfbc543c56d/8730e4942a92839c_0 D bin/Release/HorizonData/EBWebView/Default/Service Worker/CacheStorage/1e538fbb9a411578d5bec848a4a4b012e8b26441/e61324ad-efcf-4993-a147-dbfbc543c56d/88c1d03bb90903c8_0 D bin/Release/HorizonData/EBWebView/Default/Service Worker/CacheStorage/1e538fbb9a411578d5bec848a4a4b012e8b26441/e61324ad-efcf-4993-a147-dbfbc543c56d/8ba930f6d3763aad_0 D bin/Release/HorizonData/EBWebView/Default/Service Worker/CacheStorage/1e538fbb9a411578d5bec848a4a4b012e8b26441/e61324ad-efcf-4993-a147-dbfbc543c56d/95db89fc6a02f451_0 D bin/Release/HorizonData/EBWebView/Default/Service Worker/CacheStorage/1e538fbb9a411578d5bec848a4a4b012e8b26441/e61324ad-efcf-4993-a147-dbfbc543c56d/96723b9b77fbe36f_0 D bin/Release/HorizonData/EBWebView/Default/Service Worker/CacheStorage/1e538fbb9a411578d5bec848a4a4b012e8b26441/e61324ad-efcf-4993-a147-dbfbc543c56d/97de5abfe883dbcf_0 D bin/Release/HorizonData/EBWebView/Default/Service Worker/CacheStorage/1e538fbb9a411578d5bec848a4a4b012e8b26441/e61324ad-efcf-4993-a147-dbfbc543c56d/98064632364724f2_0 D bin/Release/HorizonData/EBWebView/Default/Service Worker/CacheStorage/1e538fbb9a411578d5bec848a4a4b012e8b26441/e61324ad-efcf-4993-a147-dbfbc543c56d/9e92cd97c19c8248_0 D bin/Release/HorizonData/EBWebView/Default/Service Worker/CacheStorage/1e538fbb9a411578d5bec848a4a4b012e8b26441/e61324ad-efcf-4993-a147-dbfbc543c56d/a85adbefb300ab4e_0 D bin/Release/HorizonData/EBWebView/Default/Service Worker/CacheStorage/1e538fbb9a411578d5bec848a4a4b012e8b26441/e61324ad-efcf-4993-a147-dbfbc543c56d/ac93d1cd50506b33_0 D bin/Release/HorizonData/EBWebView/Default/Service Worker/CacheStorage/1e538fbb9a411578d5bec848a4a4b012e8b26441/e61324ad-efcf-4993-a147-dbfbc543c56d/afbf989a8c95bf2e_0 D bin/Release/HorizonData/EBWebView/Default/Service Worker/CacheStorage/1e538fbb9a411578d5bec848a4a4b012e8b26441/e61324ad-efcf-4993-a147-dbfbc543c56d/b2141b088ee5e98c_0 D bin/Release/HorizonData/EBWebView/Default/Service Worker/CacheStorage/1e538fbb9a411578d5bec848a4a4b012e8b26441/e61324ad-efcf-4993-a147-dbfbc543c56d/b3f87b55d8dbfa47_0 D bin/Release/HorizonData/EBWebView/Default/Service Worker/CacheStorage/1e538fbb9a411578d5bec848a4a4b012e8b26441/e61324ad-efcf-4993-a147-dbfbc543c56d/b571bf0ba8facec6_0 D bin/Release/HorizonData/EBWebView/Default/Service Worker/CacheStorage/1e538fbb9a411578d5bec848a4a4b012e8b26441/e61324ad-efcf-4993-a147-dbfbc543c56d/b5f29d0312456036_0 D bin/Release/HorizonData/EBWebView/Default/Service Worker/CacheStorage/1e538fbb9a411578d5bec848a4a4b012e8b26441/e61324ad-efcf-4993-a147-dbfbc543c56d/b6edcb759d6cadbf_0 D bin/Release/HorizonData/EBWebView/Default/Service Worker/CacheStorage/1e538fbb9a411578d5bec848a4a4b012e8b26441/e61324ad-efcf-4993-a147-dbfbc543c56d/b7f636932c67bab4_0 D bin/Release/HorizonData/EBWebView/Default/Service Worker/CacheStorage/1e538fbb9a411578d5bec848a4a4b012e8b26441/e61324ad-efcf-4993-a147-dbfbc543c56d/b8bb1a549c6dcc10_0 D bin/Release/HorizonData/EBWebView/Default/Service Worker/CacheStorage/1e538fbb9a411578d5bec848a4a4b012e8b26441/e61324ad-efcf-4993-a147-dbfbc543c56d/b924469dce8b9a89_0 D bin/Release/HorizonData/EBWebView/Default/Service Worker/CacheStorage/1e538fbb9a411578d5bec848a4a4b012e8b26441/e61324ad-efcf-4993-a147-dbfbc543c56d/ba2b0906a4df382c_0 D bin/Release/HorizonData/EBWebView/Default/Service Worker/CacheStorage/1e538fbb9a411578d5bec848a4a4b012e8b26441/e61324ad-efcf-4993-a147-dbfbc543c56d/bcefea0b5feaa3e6_0 D bin/Release/HorizonData/EBWebView/Default/Service Worker/CacheStorage/1e538fbb9a411578d5bec848a4a4b012e8b26441/e61324ad-efcf-4993-a147-dbfbc543c56d/be581dea90cddde7_0 D bin/Release/HorizonData/EBWebView/Default/Service Worker/CacheStorage/1e538fbb9a411578d5bec848a4a4b012e8b26441/e61324ad-efcf-4993-a147-dbfbc543c56d/c8b473e0f9374235_0 D bin/Release/HorizonData/EBWebView/Default/Service Worker/CacheStorage/1e538fbb9a411578d5bec848a4a4b012e8b26441/e61324ad-efcf-4993-a147-dbfbc543c56d/ca4b8e6b4b207a9b_0 D bin/Release/HorizonData/EBWebView/Default/Service Worker/CacheStorage/1e538fbb9a411578d5bec848a4a4b012e8b26441/e61324ad-efcf-4993-a147-dbfbc543c56d/ca5a67fda3466f4d_0 D bin/Release/HorizonData/EBWebView/Default/Service Worker/CacheStorage/1e538fbb9a411578d5bec848a4a4b012e8b26441/e61324ad-efcf-4993-a147-dbfbc543c56d/cc04a8364b7fbf4b_0 D bin/Release/HorizonData/EBWebView/Default/Service Worker/CacheStorage/1e538fbb9a411578d5bec848a4a4b012e8b26441/e61324ad-efcf-4993-a147-dbfbc543c56d/cd85acb1c0e5f8f6_0 D bin/Release/HorizonData/EBWebView/Default/Service Worker/CacheStorage/1e538fbb9a411578d5bec848a4a4b012e8b26441/e61324ad-efcf-4993-a147-dbfbc543c56d/cde968a267e2506f_0 D bin/Release/HorizonData/EBWebView/Default/Service Worker/CacheStorage/1e538fbb9a411578d5bec848a4a4b012e8b26441/e61324ad-efcf-4993-a147-dbfbc543c56d/ce5fdc792b67fd6e_0 D bin/Release/HorizonData/EBWebView/Default/Service Worker/CacheStorage/1e538fbb9a411578d5bec848a4a4b012e8b26441/e61324ad-efcf-4993-a147-dbfbc543c56d/d026a83c98b68c4a_0 D bin/Release/HorizonData/EBWebView/Default/Service Worker/CacheStorage/1e538fbb9a411578d5bec848a4a4b012e8b26441/e61324ad-efcf-4993-a147-dbfbc543c56d/d094aec584cc1c06_0 D bin/Release/HorizonData/EBWebView/Default/Service Worker/CacheStorage/1e538fbb9a411578d5bec848a4a4b012e8b26441/e61324ad-efcf-4993-a147-dbfbc543c56d/d57fe2c6b1537486_0 D bin/Release/HorizonData/EBWebView/Default/Service Worker/CacheStorage/1e538fbb9a411578d5bec848a4a4b012e8b26441/e61324ad-efcf-4993-a147-dbfbc543c56d/d9509606979f3a92_0 D bin/Release/HorizonData/EBWebView/Default/Service Worker/CacheStorage/1e538fbb9a411578d5bec848a4a4b012e8b26441/e61324ad-efcf-4993-a147-dbfbc543c56d/da6db244aef24adb_0 D bin/Release/HorizonData/EBWebView/Default/Service Worker/CacheStorage/1e538fbb9a411578d5bec848a4a4b012e8b26441/e61324ad-efcf-4993-a147-dbfbc543c56d/dc1f0d705c07825e_0 D bin/Release/HorizonData/EBWebView/Default/Service Worker/CacheStorage/1e538fbb9a411578d5bec848a4a4b012e8b26441/e61324ad-efcf-4993-a147-dbfbc543c56d/df0cb294d29fc0fe_0 D bin/Release/HorizonData/EBWebView/Default/Service Worker/CacheStorage/1e538fbb9a411578d5bec848a4a4b012e8b26441/e61324ad-efcf-4993-a147-dbfbc543c56d/e49665df81d4c591_0 D bin/Release/HorizonData/EBWebView/Default/Service Worker/CacheStorage/1e538fbb9a411578d5bec848a4a4b012e8b26441/e61324ad-efcf-4993-a147-dbfbc543c56d/e53200cb6d914edd_0 D bin/Release/HorizonData/EBWebView/Default/Service Worker/CacheStorage/1e538fbb9a411578d5bec848a4a4b012e8b26441/e61324ad-efcf-4993-a147-dbfbc543c56d/e7639dc21c04a524_0 D bin/Release/HorizonData/EBWebView/Default/Service Worker/CacheStorage/1e538fbb9a411578d5bec848a4a4b012e8b26441/e61324ad-efcf-4993-a147-dbfbc543c56d/e8f209bb953d0431_0 D bin/Release/HorizonData/EBWebView/Default/Service Worker/CacheStorage/1e538fbb9a411578d5bec848a4a4b012e8b26441/e61324ad-efcf-4993-a147-dbfbc543c56d/eaffc3a9ed933df4_0 D bin/Release/HorizonData/EBWebView/Default/Service Worker/CacheStorage/1e538fbb9a411578d5bec848a4a4b012e8b26441/e61324ad-efcf-4993-a147-dbfbc543c56d/edc224e63f046684_0 D bin/Release/HorizonData/EBWebView/Default/Service Worker/CacheStorage/1e538fbb9a411578d5bec848a4a4b012e8b26441/e61324ad-efcf-4993-a147-dbfbc543c56d/f0192a7f283c74b2_0 D bin/Release/HorizonData/EBWebView/Default/Service Worker/CacheStorage/1e538fbb9a411578d5bec848a4a4b012e8b26441/e61324ad-efcf-4993-a147-dbfbc543c56d/fccc7c9e7e8c80f8_0 D bin/Release/HorizonData/EBWebView/Default/Service Worker/CacheStorage/1e538fbb9a411578d5bec848a4a4b012e8b26441/e61324ad-efcf-4993-a147-dbfbc543c56d/fdd89d27c13f85e5_0 D bin/Release/HorizonData/EBWebView/Default/Service Worker/CacheStorage/1e538fbb9a411578d5bec848a4a4b012e8b26441/e61324ad-efcf-4993-a147-dbfbc543c56d/fff368752d794b37_0 D bin/Release/HorizonData/EBWebView/Default/Service Worker/CacheStorage/1e538fbb9a411578d5bec848a4a4b012e8b26441/e61324ad-efcf-4993-a147-dbfbc543c56d/index D bin/Release/HorizonData/EBWebView/Default/Service Worker/CacheStorage/1e538fbb9a411578d5bec848a4a4b012e8b26441/e61324ad-efcf-4993-a147-dbfbc543c56d/index-dir/the-real-index D bin/Release/HorizonData/EBWebView/Default/Service Worker/CacheStorage/1e538fbb9a411578d5bec848a4a4b012e8b26441/index.txt D bin/Release/HorizonData/EBWebView/Default/Service Worker/Database/000003.log D bin/Release/HorizonData/EBWebView/Default/Service Worker/Database/CURRENT D bin/Release/HorizonData/EBWebView/Default/Service Worker/Database/LOCK D bin/Release/HorizonData/EBWebView/Default/Service Worker/Database/LOG D bin/Release/HorizonData/EBWebView/Default/Service Worker/Database/LOG.old D bin/Release/HorizonData/EBWebView/Default/Service Worker/Database/MANIFEST-000001 D bin/Release/HorizonData/EBWebView/Default/Service Worker/ScriptCache/009c63609679d1cf_0 D bin/Release/HorizonData/EBWebView/Default/Service Worker/ScriptCache/013888a1cda32b90_0 D bin/Release/HorizonData/EBWebView/Default/Service Worker/ScriptCache/013888a1cda32b90_1 D bin/Release/HorizonData/EBWebView/Default/Service Worker/ScriptCache/08bdbf206a472600_0 D bin/Release/HorizonData/EBWebView/Default/Service Worker/ScriptCache/09008b1d0549f7ab_0 D bin/Release/HorizonData/EBWebView/Default/Service Worker/ScriptCache/09dd09a6623d77a1_0 D bin/Release/HorizonData/EBWebView/Default/Service Worker/ScriptCache/0b792330520baa9a_0 D bin/Release/HorizonData/EBWebView/Default/Service Worker/ScriptCache/0b8d03323a5a6e07_0 D bin/Release/HorizonData/EBWebView/Default/Service Worker/ScriptCache/0cac6d3631916f8d_0 D bin/Release/HorizonData/EBWebView/Default/Service Worker/ScriptCache/1055481490f58805_0 D bin/Release/HorizonData/EBWebView/Default/Service Worker/ScriptCache/117d142383163ca9_0 D bin/Release/HorizonData/EBWebView/Default/Service Worker/ScriptCache/12d2b185ec62111a_0 D bin/Release/HorizonData/EBWebView/Default/Service Worker/ScriptCache/130d5ab08abb09a6_0 D bin/Release/HorizonData/EBWebView/Default/Service Worker/ScriptCache/14e7e9252ca2e7b6_0 D bin/Release/HorizonData/EBWebView/Default/Service Worker/ScriptCache/1a168afddb7eaf90_0 D bin/Release/HorizonData/EBWebView/Default/Service Worker/ScriptCache/1a44a79864a22847_0 D bin/Release/HorizonData/EBWebView/Default/Service Worker/ScriptCache/1f4fc4ac2489c6b0_0 D bin/Release/HorizonData/EBWebView/Default/Service Worker/ScriptCache/24100a74bb7d3820_0 D bin/Release/HorizonData/EBWebView/Default/Service Worker/ScriptCache/25aaa8074a29cf86_0 D bin/Release/HorizonData/EBWebView/Default/Service Worker/ScriptCache/26d1f970a09a4ca8_0 D bin/Release/HorizonData/EBWebView/Default/Service Worker/ScriptCache/27622751cc830f3e_0 D bin/Release/HorizonData/EBWebView/Default/Service Worker/ScriptCache/297ecea5cebb5dfe_0 D bin/Release/HorizonData/EBWebView/Default/Service Worker/ScriptCache/297ecea5cebb5dfe_1 D bin/Release/HorizonData/EBWebView/Default/Service Worker/ScriptCache/2cc80dabc69f58b6_0 D bin/Release/HorizonData/EBWebView/Default/Service Worker/ScriptCache/2cc80dabc69f58b6_1 D bin/Release/HorizonData/EBWebView/Default/Service Worker/ScriptCache/2cfef0e5a0f2936d_0 D bin/Release/HorizonData/EBWebView/Default/Service Worker/ScriptCache/2d5e07bc3c67635e_0 D bin/Release/HorizonData/EBWebView/Default/Service Worker/ScriptCache/32eae9c186dc8089_0 D bin/Release/HorizonData/EBWebView/Default/Service Worker/ScriptCache/38992e00d1274191_0 D bin/Release/HorizonData/EBWebView/Default/Service Worker/ScriptCache/40a21a6a5c2d889c_0 D bin/Release/HorizonData/EBWebView/Default/Service Worker/ScriptCache/418e80f99e974dbe_0 D bin/Release/HorizonData/EBWebView/Default/Service Worker/ScriptCache/449d86748cd51507_0 D bin/Release/HorizonData/EBWebView/Default/Service Worker/ScriptCache/4698ecea4d4dad56_0 D bin/Release/HorizonData/EBWebView/Default/Service Worker/ScriptCache/4698ecea4d4dad56_1 D bin/Release/HorizonData/EBWebView/Default/Service Worker/ScriptCache/46a4b4aebfdaa48d_0 D bin/Release/HorizonData/EBWebView/Default/Service Worker/ScriptCache/4cb013792b196a35_0 D bin/Release/HorizonData/EBWebView/Default/Service Worker/ScriptCache/4cb013792b196a35_1 D bin/Release/HorizonData/EBWebView/Default/Service Worker/ScriptCache/5037c89965fa5fae_0 D bin/Release/HorizonData/EBWebView/Default/Service Worker/ScriptCache/50b5da359e6f22d0_0 D bin/Release/HorizonData/EBWebView/Default/Service Worker/ScriptCache/5179d7e668773011_0 D bin/Release/HorizonData/EBWebView/Default/Service Worker/ScriptCache/5779b052d5b25145_0 D bin/Release/HorizonData/EBWebView/Default/Service Worker/ScriptCache/5d771a05a5f45d29_0 D bin/Release/HorizonData/EBWebView/Default/Service Worker/ScriptCache/602a34051cfc2eed_0 D bin/Release/HorizonData/EBWebView/Default/Service Worker/ScriptCache/63be69ca5d5015c4_0 D bin/Release/HorizonData/EBWebView/Default/Service Worker/ScriptCache/679e0b7317f2041b_0 D bin/Release/HorizonData/EBWebView/Default/Service Worker/ScriptCache/67a473248953641b_0 D bin/Release/HorizonData/EBWebView/Default/Service Worker/ScriptCache/67a473248953641b_1 D bin/Release/HorizonData/EBWebView/Default/Service Worker/ScriptCache/6cb56d63a90f990d_0 D bin/Release/HorizonData/EBWebView/Default/Service Worker/ScriptCache/6e08a40cf80d1181_0 D bin/Release/HorizonData/EBWebView/Default/Service Worker/ScriptCache/738bb294f89e1335_0 D bin/Release/HorizonData/EBWebView/Default/Service Worker/ScriptCache/796b7562219390f0_0 D bin/Release/HorizonData/EBWebView/Default/Service Worker/ScriptCache/79a60028be9c3010_0 D bin/Release/HorizonData/EBWebView/Default/Service Worker/ScriptCache/79b5c737f7ab9642_0 D bin/Release/HorizonData/EBWebView/Default/Service Worker/ScriptCache/7b5fb5b1483213a5_0 D bin/Release/HorizonData/EBWebView/Default/Service Worker/ScriptCache/7c4cc75bcf4907c3_0 D bin/Release/HorizonData/EBWebView/Default/Service Worker/ScriptCache/7d1277d0a0eef700_0 D bin/Release/HorizonData/EBWebView/Default/Service Worker/ScriptCache/7de293882cd2065e_0 D bin/Release/HorizonData/EBWebView/Default/Service Worker/ScriptCache/808f4ae21f10416c_0 D bin/Release/HorizonData/EBWebView/Default/Service Worker/ScriptCache/820472a405c1a189_0 D bin/Release/HorizonData/EBWebView/Default/Service Worker/ScriptCache/8258e27027d54dcb_0 D bin/Release/HorizonData/EBWebView/Default/Service Worker/ScriptCache/82ee882be6fc216e_0 D bin/Release/HorizonData/EBWebView/Default/Service Worker/ScriptCache/88a4c2fd955a7097_0 D bin/Release/HorizonData/EBWebView/Default/Service Worker/ScriptCache/8b860a2f86638734_0 D bin/Release/HorizonData/EBWebView/Default/Service Worker/ScriptCache/8ddc3053957b7fab_0 D bin/Release/HorizonData/EBWebView/Default/Service Worker/ScriptCache/8e72542801e3a525_0 D bin/Release/HorizonData/EBWebView/Default/Service Worker/ScriptCache/914b7547906f398d_0 D bin/Release/HorizonData/EBWebView/Default/Service Worker/ScriptCache/91b3ea2d941cb397_0 D bin/Release/HorizonData/EBWebView/Default/Service Worker/ScriptCache/982e0f881292c681_0 D bin/Release/HorizonData/EBWebView/Default/Service Worker/ScriptCache/99116d486f284af4_0 D bin/Release/HorizonData/EBWebView/Default/Service Worker/ScriptCache/9a217e9c08916dcd_0 D bin/Release/HorizonData/EBWebView/Default/Service Worker/ScriptCache/9b14912231f64755_0 D bin/Release/HorizonData/EBWebView/Default/Service Worker/ScriptCache/9e67022e6bb14133_0 D bin/Release/HorizonData/EBWebView/Default/Service Worker/ScriptCache/a0f8700973795685_0 D bin/Release/HorizonData/EBWebView/Default/Service Worker/ScriptCache/a29d487f541600d2_0 D bin/Release/HorizonData/EBWebView/Default/Service Worker/ScriptCache/a6da08e680c55a2a_0 D bin/Release/HorizonData/EBWebView/Default/Service Worker/ScriptCache/a956f0ce96eb29c8_0 D bin/Release/HorizonData/EBWebView/Default/Service Worker/ScriptCache/aa4414e246438143_0 D bin/Release/HorizonData/EBWebView/Default/Service Worker/ScriptCache/ab95ebc511b469f3_0 D bin/Release/HorizonData/EBWebView/Default/Service Worker/ScriptCache/b2812321dea9c42b_0 D bin/Release/HorizonData/EBWebView/Default/Service Worker/ScriptCache/b6817b5f586801b0_0 D bin/Release/HorizonData/EBWebView/Default/Service Worker/ScriptCache/b6c28cea6ed9dfc1_0 D bin/Release/HorizonData/EBWebView/Default/Service Worker/ScriptCache/b6c28cea6ed9dfc1_1 D bin/Release/HorizonData/EBWebView/Default/Service Worker/ScriptCache/b7616e79858efbff_0 D bin/Release/HorizonData/EBWebView/Default/Service Worker/ScriptCache/b8a8a89bc8f66b3e_0 D bin/Release/HorizonData/EBWebView/Default/Service Worker/ScriptCache/b8d7680f52f241b7_0 D bin/Release/HorizonData/EBWebView/Default/Service Worker/ScriptCache/b9e0c4e95791e1f7_0 D bin/Release/HorizonData/EBWebView/Default/Service Worker/ScriptCache/ba23d8ecda68de77_0 D bin/Release/HorizonData/EBWebView/Default/Service Worker/ScriptCache/bc27a87fbf314a15_0 D bin/Release/HorizonData/EBWebView/Default/Service Worker/ScriptCache/bf61ab29ad9780c2_0 D bin/Release/HorizonData/EBWebView/Default/Service Worker/ScriptCache/c1faae48fbac0b64_0 D bin/Release/HorizonData/EBWebView/Default/Service Worker/ScriptCache/c40b44d0ccb6b9f6_0 D bin/Release/HorizonData/EBWebView/Default/Service Worker/ScriptCache/c417bfe2be7aa115_0 D bin/Release/HorizonData/EBWebView/Default/Service Worker/ScriptCache/c720a327d255695f_0 D bin/Release/HorizonData/EBWebView/Default/Service Worker/ScriptCache/c756b52bc59f5ac3_0 D bin/Release/HorizonData/EBWebView/Default/Service Worker/ScriptCache/d14726c8af48f441_0 D bin/Release/HorizonData/EBWebView/Default/Service Worker/ScriptCache/d449ff6c5b3062bc_0 D bin/Release/HorizonData/EBWebView/Default/Service Worker/ScriptCache/d6b653ea64009786_0 D bin/Release/HorizonData/EBWebView/Default/Service Worker/ScriptCache/dcbb9f52cf880e4a_0 D bin/Release/HorizonData/EBWebView/Default/Service Worker/ScriptCache/dd1e345fe5dc5435_0 D bin/Release/HorizonData/EBWebView/Default/Service Worker/ScriptCache/dd91b9ffd8efe2b6_0 D bin/Release/HorizonData/EBWebView/Default/Service Worker/ScriptCache/dea936b84808bcef_0 D bin/Release/HorizonData/EBWebView/Default/Service Worker/ScriptCache/e10db1fb7a0a4a8c_0 D bin/Release/HorizonData/EBWebView/Default/Service Worker/ScriptCache/e27bfe875b62d81e_0 D bin/Release/HorizonData/EBWebView/Default/Service Worker/ScriptCache/e384336e22fd2aef_0 D bin/Release/HorizonData/EBWebView/Default/Service Worker/ScriptCache/e5ff62263ac8de7f_0 D bin/Release/HorizonData/EBWebView/Default/Service Worker/ScriptCache/ed21dd5e2140ec01_0 D bin/Release/HorizonData/EBWebView/Default/Service Worker/ScriptCache/ef6993cae43ae456_0 D bin/Release/HorizonData/EBWebView/Default/Service Worker/ScriptCache/f131910baad453af_0 D bin/Release/HorizonData/EBWebView/Default/Service Worker/ScriptCache/f1cdccba37924bda_0 D bin/Release/HorizonData/EBWebView/Default/Service Worker/ScriptCache/f1cdccba37924bda_1 D bin/Release/HorizonData/EBWebView/Default/Service Worker/ScriptCache/f287b7060e66da8a_0 D bin/Release/HorizonData/EBWebView/Default/Service Worker/ScriptCache/f40501344c9c624c_0 D bin/Release/HorizonData/EBWebView/Default/Service Worker/ScriptCache/f5dcf3f81cf9b463_0 D bin/Release/HorizonData/EBWebView/Default/Service Worker/ScriptCache/fa813c9ad67834ac_0 D bin/Release/HorizonData/EBWebView/Default/Service Worker/ScriptCache/fa813c9ad67834ac_1 D bin/Release/HorizonData/EBWebView/Default/Service Worker/ScriptCache/ff57688b9ff2d49e_0 D bin/Release/HorizonData/EBWebView/Default/Service Worker/ScriptCache/ff7379f37843d0a0_0 D bin/Release/HorizonData/EBWebView/Default/Service Worker/ScriptCache/index D bin/Release/HorizonData/EBWebView/Default/Service Worker/ScriptCache/index-dir/the-real-index D bin/Release/HorizonData/EBWebView/Default/Session Storage/000003.log D bin/Release/HorizonData/EBWebView/Default/Session Storage/CURRENT D bin/Release/HorizonData/EBWebView/Default/Session Storage/LOCK D bin/Release/HorizonData/EBWebView/Default/Session Storage/LOG D bin/Release/HorizonData/EBWebView/Default/Session Storage/MANIFEST-000001 D bin/Release/HorizonData/EBWebView/Default/Sessions/Session_13419757923248150 D bin/Release/HorizonData/EBWebView/Default/Shared Dictionary/cache/index D bin/Release/HorizonData/EBWebView/Default/Shared Dictionary/cache/index-dir/the-real-index D bin/Release/HorizonData/EBWebView/Default/Shared Dictionary/db D bin/Release/HorizonData/EBWebView/Default/Shared Dictionary/db-journal D bin/Release/HorizonData/EBWebView/Default/SharedStorage D bin/Release/HorizonData/EBWebView/Default/Shortcuts D bin/Release/HorizonData/EBWebView/Default/Shortcuts-journal D bin/Release/HorizonData/EBWebView/Default/Site Characteristics Database/000003.log D bin/Release/HorizonData/EBWebView/Default/Site Characteristics Database/CURRENT D bin/Release/HorizonData/EBWebView/Default/Site Characteristics Database/LOCK D bin/Release/HorizonData/EBWebView/Default/Site Characteristics Database/LOG D bin/Release/HorizonData/EBWebView/Default/Site Characteristics Database/LOG.old D bin/Release/HorizonData/EBWebView/Default/Site Characteristics Database/MANIFEST-000001 D bin/Release/HorizonData/EBWebView/Default/Sync Data/LevelDB/000003.log D bin/Release/HorizonData/EBWebView/Default/Sync Data/LevelDB/CURRENT D bin/Release/HorizonData/EBWebView/Default/Sync Data/LevelDB/LOCK D bin/Release/HorizonData/EBWebView/Default/Sync Data/LevelDB/LOG D bin/Release/HorizonData/EBWebView/Default/Sync Data/LevelDB/LOG.old D bin/Release/HorizonData/EBWebView/Default/Sync Data/LevelDB/MANIFEST-000001 D bin/Release/HorizonData/EBWebView/Default/Sync Extension Settings/bjchemafiampldmkfmpigfoakogialkl/000003.log D bin/Release/HorizonData/EBWebView/Default/Sync Extension Settings/bjchemafiampldmkfmpigfoakogialkl/CURRENT D bin/Release/HorizonData/EBWebView/Default/Sync Extension Settings/bjchemafiampldmkfmpigfoakogialkl/LOCK D bin/Release/HorizonData/EBWebView/Default/Sync Extension Settings/bjchemafiampldmkfmpigfoakogialkl/LOG D bin/Release/HorizonData/EBWebView/Default/Sync Extension Settings/bjchemafiampldmkfmpigfoakogialkl/MANIFEST-000001 D bin/Release/HorizonData/EBWebView/Default/Sync Extension Settings/enpiaeoobofcpedppdnooadnbaldkjih/000003.log D bin/Release/HorizonData/EBWebView/Default/Sync Extension Settings/enpiaeoobofcpedppdnooadnbaldkjih/CURRENT D bin/Release/HorizonData/EBWebView/Default/Sync Extension Settings/enpiaeoobofcpedppdnooadnbaldkjih/LOCK D bin/Release/HorizonData/EBWebView/Default/Sync Extension Settings/enpiaeoobofcpedppdnooadnbaldkjih/LOG D bin/Release/HorizonData/EBWebView/Default/Sync Extension Settings/enpiaeoobofcpedppdnooadnbaldkjih/LOG.old D bin/Release/HorizonData/EBWebView/Default/Sync Extension Settings/enpiaeoobofcpedppdnooadnbaldkjih/MANIFEST-000001 D bin/Release/HorizonData/EBWebView/Default/Sync Extension Settings/fennofgmefeblbegldihhmpehdehoflg/000003.log D bin/Release/HorizonData/EBWebView/Default/Sync Extension Settings/fennofgmefeblbegldihhmpehdehoflg/CURRENT D bin/Release/HorizonData/EBWebView/Default/Sync Extension Settings/fennofgmefeblbegldihhmpehdehoflg/LOCK D bin/Release/HorizonData/EBWebView/Default/Sync Extension Settings/fennofgmefeblbegldihhmpehdehoflg/LOG D bin/Release/HorizonData/EBWebView/Default/Sync Extension Settings/fennofgmefeblbegldihhmpehdehoflg/LOG.old D bin/Release/HorizonData/EBWebView/Default/Sync Extension Settings/fennofgmefeblbegldihhmpehdehoflg/MANIFEST-000001 D bin/Release/HorizonData/EBWebView/Default/Sync Extension Settings/llafjhmkffdlhpiojoipllmmedhckpgh/000003.log D bin/Release/HorizonData/EBWebView/Default/Sync Extension Settings/llafjhmkffdlhpiojoipllmmedhckpgh/CURRENT D bin/Release/HorizonData/EBWebView/Default/Sync Extension Settings/llafjhmkffdlhpiojoipllmmedhckpgh/LOCK D bin/Release/HorizonData/EBWebView/Default/Sync Extension Settings/llafjhmkffdlhpiojoipllmmedhckpgh/LOG D bin/Release/HorizonData/EBWebView/Default/Sync Extension Settings/llafjhmkffdlhpiojoipllmmedhckpgh/LOG.old D bin/Release/HorizonData/EBWebView/Default/Sync Extension Settings/llafjhmkffdlhpiojoipllmmedhckpgh/MANIFEST-000001 D bin/Release/HorizonData/EBWebView/Default/Top Sites D bin/Release/HorizonData/EBWebView/Default/Top Sites-journal D bin/Release/HorizonData/EBWebView/Default/VideoDecodeStats/LOCK D bin/Release/HorizonData/EBWebView/Default/VideoDecodeStats/LOG D bin/Release/HorizonData/EBWebView/Default/Vpn Tokens D bin/Release/HorizonData/EBWebView/Default/Vpn Tokens-journal D bin/Release/HorizonData/EBWebView/Default/Web Data D bin/Release/HorizonData/EBWebView/Default/Web Data-journal D bin/Release/HorizonData/EBWebView/Default/WebStorage/QuotaManager D bin/Release/HorizonData/EBWebView/Default/WebStorage/QuotaManager-journal D bin/Release/HorizonData/EBWebView/Default/commerce_subscription_db/LOCK D bin/Release/HorizonData/EBWebView/Default/commerce_subscription_db/LOG D bin/Release/HorizonData/EBWebView/Default/commerce_subscription_db/LOG.old D bin/Release/HorizonData/EBWebView/Default/discount_infos_db/LOCK D bin/Release/HorizonData/EBWebView/Default/discount_infos_db/LOG D bin/Release/HorizonData/EBWebView/Default/discount_infos_db/LOG.old D bin/Release/HorizonData/EBWebView/Default/discounts_db/LOCK D bin/Release/HorizonData/EBWebView/Default/discounts_db/LOG D bin/Release/HorizonData/EBWebView/Default/discounts_db/LOG.old D bin/Release/HorizonData/EBWebView/Default/favorites_diagnostic.log D bin/Release/HorizonData/EBWebView/Default/heavy_ad_intervention_opt_out.db D bin/Release/HorizonData/EBWebView/Default/heavy_ad_intervention_opt_out.db-journal D bin/Release/HorizonData/EBWebView/Default/optimization_guide_hint_cache_store/LOCK D bin/Release/HorizonData/EBWebView/Default/optimization_guide_hint_cache_store/LOG D bin/Release/HorizonData/EBWebView/Default/optimization_guide_hint_cache_store/LOG.old D bin/Release/HorizonData/EBWebView/Default/parcel_tracking_db/LOCK D bin/Release/HorizonData/EBWebView/Default/parcel_tracking_db/LOG D bin/Release/HorizonData/EBWebView/Default/parcel_tracking_db/LOG.old D bin/Release/HorizonData/EBWebView/Default/shared_proto_db/000003.log D bin/Release/HorizonData/EBWebView/Default/shared_proto_db/CURRENT D bin/Release/HorizonData/EBWebView/Default/shared_proto_db/LOCK D bin/Release/HorizonData/EBWebView/Default/shared_proto_db/LOG D bin/Release/HorizonData/EBWebView/Default/shared_proto_db/LOG.old D bin/Release/HorizonData/EBWebView/Default/shared_proto_db/MANIFEST-000001 D bin/Release/HorizonData/EBWebView/Default/shared_proto_db/metadata/000003.log D bin/Release/HorizonData/EBWebView/Default/shared_proto_db/metadata/CURRENT D bin/Release/HorizonData/EBWebView/Default/shared_proto_db/metadata/LOCK D bin/Release/HorizonData/EBWebView/Default/shared_proto_db/metadata/LOG D bin/Release/HorizonData/EBWebView/Default/shared_proto_db/metadata/LOG.old D bin/Release/HorizonData/EBWebView/Default/shared_proto_db/metadata/MANIFEST-000001 D bin/Release/HorizonData/EBWebView/GPUPersistentCache/DawnGraphiteCache/MNIWWJ6LYBXKQS7RZ2KZNUZ3QHFNW4K3/cache.db D bin/Release/HorizonData/EBWebView/GPUPersistentCache/DawnGraphiteCache/MNIWWJ6LYBXKQS7RZ2KZNUZ3QHFNW4K3/cache.db-wal D bin/Release/HorizonData/EBWebView/GPUPersistentCache/DawnGraphiteCache/MNIWWJ6LYBXKQS7RZ2KZNUZ3QHFNW4K3/cache.journal D bin/Release/HorizonData/EBWebView/GrShaderCache/data_0 D bin/Release/HorizonData/EBWebView/GrShaderCache/data_1 D bin/Release/HorizonData/EBWebView/GrShaderCache/data_2 D bin/Release/HorizonData/EBWebView/GrShaderCache/data_3 D bin/Release/HorizonData/EBWebView/GrShaderCache/f_000001 D bin/Release/HorizonData/EBWebView/GrShaderCache/f_000002 D bin/Release/HorizonData/EBWebView/GrShaderCache/f_000003 D bin/Release/HorizonData/EBWebView/GrShaderCache/f_000004 D bin/Release/HorizonData/EBWebView/GrShaderCache/f_000005 D bin/Release/HorizonData/EBWebView/GrShaderCache/f_000006 D bin/Release/HorizonData/EBWebView/GrShaderCache/index D bin/Release/HorizonData/EBWebView/GraphiteDawnCache/data_0 D bin/Release/HorizonData/EBWebView/GraphiteDawnCache/data_1 D bin/Release/HorizonData/EBWebView/GraphiteDawnCache/data_2 D bin/Release/HorizonData/EBWebView/GraphiteDawnCache/data_3 D bin/Release/HorizonData/EBWebView/GraphiteDawnCache/index D bin/Release/HorizonData/EBWebView/Last Version D bin/Release/HorizonData/EBWebView/Local State D bin/Release/HorizonData/EBWebView/OriginTrials/0.0.1.7/manifest.json D bin/Release/HorizonData/EBWebView/PKIMetadata/46.0.0.0/crs.pb D bin/Release/HorizonData/EBWebView/PKIMetadata/46.0.0.0/ct_config.pb D bin/Release/HorizonData/EBWebView/PKIMetadata/46.0.0.0/kp_pinslist.pb D bin/Release/HorizonData/EBWebView/PKIMetadata/46.0.0.0/manifest.json D bin/Release/HorizonData/EBWebView/ShaderCache/data_0 D bin/Release/HorizonData/EBWebView/ShaderCache/data_1 D bin/Release/HorizonData/EBWebView/ShaderCache/data_2 D bin/Release/HorizonData/EBWebView/ShaderCache/data_3 D bin/Release/HorizonData/EBWebView/ShaderCache/index D bin/Release/HorizonData/EBWebView/Speech Recognition/1.15.0.1/Microsoft.CognitiveServices.Speech.core.dll D bin/Release/HorizonData/EBWebView/Speech Recognition/1.15.0.1/manifest.json D bin/Release/HorizonData/EBWebView/Subresource Filter/Indexed Rules/37/10.34.0.84/LICENSE D bin/Release/HorizonData/EBWebView/Subresource Filter/Indexed Rules/37/10.34.0.84/Ruleset Data D bin/Release/HorizonData/EBWebView/Subresource Filter/Unindexed Rules/10.34.0.84/Filtering Rules D bin/Release/HorizonData/EBWebView/Subresource Filter/Unindexed Rules/10.34.0.84/Filtering Rules-AA D bin/Release/HorizonData/EBWebView/Subresource Filter/Unindexed Rules/10.34.0.84/Filtering Rules-CA D bin/Release/HorizonData/EBWebView/Subresource Filter/Unindexed Rules/10.34.0.84/LICENSE D bin/Release/HorizonData/EBWebView/Subresource Filter/Unindexed Rules/10.34.0.84/Part-DE D bin/Release/HorizonData/EBWebView/Subresource Filter/Unindexed Rules/10.34.0.84/Part-ES D bin/Release/HorizonData/EBWebView/Subresource Filter/Unindexed Rules/10.34.0.84/Part-FR D bin/Release/HorizonData/EBWebView/Subresource Filter/Unindexed Rules/10.34.0.84/Part-IT D bin/Release/HorizonData/EBWebView/Subresource Filter/Unindexed Rules/10.34.0.84/Part-NL D bin/Release/HorizonData/EBWebView/Subresource Filter/Unindexed Rules/10.34.0.84/Part-RU D bin/Release/HorizonData/EBWebView/Subresource Filter/Unindexed Rules/10.34.0.84/Part-ZH D bin/Release/HorizonData/EBWebView/Subresource Filter/Unindexed Rules/10.34.0.84/adblock_snippet.js D bin/Release/HorizonData/EBWebView/Subresource Filter/Unindexed Rules/10.34.0.84/manifest.json D bin/Release/HorizonData/EBWebView/TrustTokenKeyCommitments/2026.3.23.1/LICENSE D bin/Release/HorizonData/EBWebView/TrustTokenKeyCommitments/2026.3.23.1/_metadata/verified_contents.json D bin/Release/HorizonData/EBWebView/TrustTokenKeyCommitments/2026.3.23.1/keys.json D bin/Release/HorizonData/EBWebView/TrustTokenKeyCommitments/2026.3.23.1/manifest.json D bin/Release/HorizonData/EBWebView/Variations D bin/Release/HorizonData/EBWebView/component_crx_cache/bec8ead1da3c9600fe66bbcc0e7a9bed9a184c1be821b4d23570c6b7af7f0410 D bin/Release/HorizonData/EBWebView/component_crx_cache/metadata.json D bin/Release/HorizonData/EBWebView/extensions_crx_cache/metadata.json D bin/Release/HorizonData/EBWebView/hyphen-data/120.0.6050.0/_metadata/verified_contents.json D bin/Release/HorizonData/EBWebView/hyphen-data/120.0.6050.0/hyph-af.hyb D bin/Release/HorizonData/EBWebView/hyphen-data/120.0.6050.0/hyph-as.hyb D bin/Release/HorizonData/EBWebView/hyphen-data/120.0.6050.0/hyph-be.hyb D bin/Release/HorizonData/EBWebView/hyphen-data/120.0.6050.0/hyph-bg.hyb D bin/Release/HorizonData/EBWebView/hyphen-data/120.0.6050.0/hyph-bn.hyb D bin/Release/HorizonData/EBWebView/hyphen-data/120.0.6050.0/hyph-cs.hyb D bin/Release/HorizonData/EBWebView/hyphen-data/120.0.6050.0/hyph-cu.hyb D bin/Release/HorizonData/EBWebView/hyphen-data/120.0.6050.0/hyph-cy.hyb D bin/Release/HorizonData/EBWebView/hyphen-data/120.0.6050.0/hyph-da.hyb D bin/Release/HorizonData/EBWebView/hyphen-data/120.0.6050.0/hyph-de-1901.hyb D bin/Release/HorizonData/EBWebView/hyphen-data/120.0.6050.0/hyph-de-1996.hyb D bin/Release/HorizonData/EBWebView/hyphen-data/120.0.6050.0/hyph-de-ch-1901.hyb D bin/Release/HorizonData/EBWebView/hyphen-data/120.0.6050.0/hyph-el.hyb D bin/Release/HorizonData/EBWebView/hyphen-data/120.0.6050.0/hyph-en-gb.hyb D bin/Release/HorizonData/EBWebView/hyphen-data/120.0.6050.0/hyph-en-us.hyb D bin/Release/HorizonData/EBWebView/hyphen-data/120.0.6050.0/hyph-es.hyb D bin/Release/HorizonData/EBWebView/hyphen-data/120.0.6050.0/hyph-et.hyb D bin/Release/HorizonData/EBWebView/hyphen-data/120.0.6050.0/hyph-eu.hyb D bin/Release/HorizonData/EBWebView/hyphen-data/120.0.6050.0/hyph-fr.hyb D bin/Release/HorizonData/EBWebView/hyphen-data/120.0.6050.0/hyph-ga.hyb D bin/Release/HorizonData/EBWebView/hyphen-data/120.0.6050.0/hyph-gl.hyb D bin/Release/HorizonData/EBWebView/hyphen-data/120.0.6050.0/hyph-gu.hyb D bin/Release/HorizonData/EBWebView/hyphen-data/120.0.6050.0/hyph-hi.hyb D bin/Release/HorizonData/EBWebView/hyphen-data/120.0.6050.0/hyph-hr.hyb D bin/Release/HorizonData/EBWebView/hyphen-data/120.0.6050.0/hyph-hu.hyb D bin/Release/HorizonData/EBWebView/hyphen-data/120.0.6050.0/hyph-hy.hyb D bin/Release/HorizonData/EBWebView/hyphen-data/120.0.6050.0/hyph-it.hyb D bin/Release/HorizonData/EBWebView/hyphen-data/120.0.6050.0/hyph-ka.hyb D bin/Release/HorizonData/EBWebView/hyphen-data/120.0.6050.0/hyph-kn.hyb D bin/Release/HorizonData/EBWebView/hyphen-data/120.0.6050.0/hyph-la.hyb D bin/Release/HorizonData/EBWebView/hyphen-data/120.0.6050.0/hyph-lt.hyb D bin/Release/HorizonData/EBWebView/hyphen-data/120.0.6050.0/hyph-lv.hyb D bin/Release/HorizonData/EBWebView/hyphen-data/120.0.6050.0/hyph-ml.hyb D bin/Release/HorizonData/EBWebView/hyphen-data/120.0.6050.0/hyph-mn-cyrl.hyb D bin/Release/HorizonData/EBWebView/hyphen-data/120.0.6050.0/hyph-mr.hyb D bin/Release/HorizonData/EBWebView/hyphen-data/120.0.6050.0/hyph-mul-ethi.hyb D bin/Release/HorizonData/EBWebView/hyphen-data/120.0.6050.0/hyph-nb.hyb D bin/Release/HorizonData/EBWebView/hyphen-data/120.0.6050.0/hyph-nl.hyb D bin/Release/HorizonData/EBWebView/hyphen-data/120.0.6050.0/hyph-nn.hyb D bin/Release/HorizonData/EBWebView/hyphen-data/120.0.6050.0/hyph-or.hyb D bin/Release/HorizonData/EBWebView/hyphen-data/120.0.6050.0/hyph-pa.hyb D bin/Release/HorizonData/EBWebView/hyphen-data/120.0.6050.0/hyph-pt.hyb D bin/Release/HorizonData/EBWebView/hyphen-data/120.0.6050.0/hyph-ru.hyb D bin/Release/HorizonData/EBWebView/hyphen-data/120.0.6050.0/hyph-sk.hyb D bin/Release/HorizonData/EBWebView/hyphen-data/120.0.6050.0/hyph-sl.hyb D bin/Release/HorizonData/EBWebView/hyphen-data/120.0.6050.0/hyph-sq.hyb D bin/Release/HorizonData/EBWebView/hyphen-data/120.0.6050.0/hyph-sv.hyb D bin/Release/HorizonData/EBWebView/hyphen-data/120.0.6050.0/hyph-ta.hyb D bin/Release/HorizonData/EBWebView/hyphen-data/120.0.6050.0/hyph-te.hyb D bin/Release/HorizonData/EBWebView/hyphen-data/120.0.6050.0/hyph-tk.hyb D bin/Release/HorizonData/EBWebView/hyphen-data/120.0.6050.0/hyph-uk.hyb D bin/Release/HorizonData/EBWebView/hyphen-data/120.0.6050.0/hyph-und-ethi.hyb D bin/Release/HorizonData/EBWebView/hyphen-data/120.0.6050.0/manifest.json D bin/Release/HorizonData/FaviconCache/1mov.lol.png D bin/Release/HorizonData/FaviconCache/accounts.google.com.png D bin/Release/HorizonData/FaviconCache/alohafind.com.png D bin/Release/HorizonData/FaviconCache/chromewebstore.google.com.png D bin/Release/HorizonData/FaviconCache/claude.ai.png D bin/Release/HorizonData/FaviconCache/claude.com.png D bin/Release/HorizonData/FaviconCache/docs.google.com.png D bin/Release/HorizonData/FaviconCache/feedbackcol-nszemvwz.manus.space.png D bin/Release/HorizonData/FaviconCache/forum.ubden.com.tr.png D bin/Release/HorizonData/FaviconCache/gemini.google.com.png D bin/Release/HorizonData/FaviconCache/ghappstore-j93n3sq2.manus.space.png D bin/Release/HorizonData/FaviconCache/github.com.png D bin/Release/HorizonData/FaviconCache/hianimes.se.png D bin/Release/HorizonData/FaviconCache/mail.google.com.png D bin/Release/HorizonData/FaviconCache/manus.im.png D bin/Release/HorizonData/FaviconCache/manussend-8ladxhzk.manus.space.png D bin/Release/HorizonData/FaviconCache/mdl.fcst.tu-sofia.bg.png D bin/Release/HorizonData/FaviconCache/music.youtube.com.png D bin/Release/HorizonData/FaviconCache/myaccount.google.com.png D bin/Release/HorizonData/FaviconCache/notebooklm.google.com.png D bin/Release/HorizonData/FaviconCache/photos.google.com.png D bin/Release/HorizonData/FaviconCache/steamcommunity.com.png D bin/Release/HorizonData/FaviconCache/support.google.com.png D bin/Release/HorizonData/FaviconCache/thebyteseffect.com.png D bin/Release/HorizonData/FaviconCache/thepiratebay.party.png D bin/Release/HorizonData/FaviconCache/tu-sofia.bg.png D bin/Release/HorizonData/FaviconCache/v1.tldrthis.com.png D bin/Release/HorizonData/FaviconCache/web.telegram.org.png D bin/Release/HorizonData/FaviconCache/www.ageofempires.com.png D bin/Release/HorizonData/FaviconCache/www.anthropic.com.png D bin/Release/HorizonData/FaviconCache/www.crunchyroll.com.png D bin/Release/HorizonData/FaviconCache/www.emag.bg.png D bin/Release/HorizonData/FaviconCache/www.google.com.png D bin/Release/HorizonData/FaviconCache/www.microsoft.com.png D bin/Release/HorizonData/FaviconCache/www.pirateproxy-bay.com.png D bin/Release/HorizonData/FaviconCache/www.reddit.com.png D bin/Release/HorizonData/FaviconCache/www.sublimehq.com.png D bin/Release/HorizonData/FaviconCache/www.youtube.com.png D bin/Release/HorizonData/config.json D bin/Release/HorizonData/flux_sort_defaults.json D code_files/!START_Horizon_Browser.lnk D code_files/.gitignore D code_files/App.xaml D code_files/App.xaml.cs D code_files/Build_Release.bat D code_files/Build_Release_FAST.bat D code_files/Controls/BrowserView.xaml D code_files/Controls/BrowserView.xaml.cs D code_files/Controls/FluxSidebar.xaml D code_files/Controls/FluxSidebar.xaml.cs D code_files/Controls/Omnibox.xaml D code_files/Controls/Omnibox.xaml.cs D code_files/Controls/PdfOpenDialog.xaml D code_files/Controls/PdfOpenDialog.xaml.cs D code_files/Controls/VaultSidebar.xaml D code_files/Controls/VaultSidebar.xaml.cs D code_files/Core/ExtensionInstaller.cs D code_files/Core/StealthEnvironment.cs D code_files/Core/TabColorPaletteExtractor.cs D code_files/Horizon.Browser.csproj D code_files/Horizon.bat D code_files/Horizon_Bootstrapper.bat D code_files/Install_Horizon_Browser_beta.ifp D code_files/LICENSE D code_files/LICENSE.rtf D code_files/LICENSE.txt D code_files/MainWindow.AdvancedCalc.cs D code_files/MainWindow.Widgets.cs D code_files/MainWindow.xaml D code_files/MainWindow.xaml.cs D code_files/MainWindow.xaml.cs.bak D code_files/Output/Setup_Horizon_Browser_Beta.exe D code_files/PRIVACY_POLICY.md D code_files/README.md D code_files/Services/AccountSyncService.cs D code_files/Services/BackgroundKeepAliveService.cs D code_files/Services/BookmarksService.cs D code_files/Services/BrowserDetectionService.cs D code_files/Services/CacheJanitorService.cs D code_files/Services/ChromiumHarvester.cs D code_files/Services/ConfigService.cs D code_files/Services/ExtensionRecord.cs D code_files/Services/ExtensionService.cs D code_files/Services/FluxJanitorService.cs D code_files/Services/GithubUpdateService.cs D code_files/Services/HealthService.cs D code_files/Services/HistoryService.cs D code_files/Services/HomePageService.cs D code_files/Services/LogService.cs D code_files/Services/MediaDownloadService.cs D code_files/Services/SettingsService.cs D code_files/Services/TabSleepRulesService.cs D code_files/Services/ThemeService.cs D code_files/Services/VaultService.cs D code_files/Setup_Horizon_Browser_Alpha.ifp D code_files/Setup_Horizon_Browser_Beta.ifp D code_files/Setup_Horizon_Browser_Beta.iss D code_files/Themes/Horizon.xaml D code_files/Themes/Light.xaml D code_files/Themes/Redmond.xaml D code_files/Uninstall/uninstall.bat D code_files/Update_manager.bat D code_files/Update_manager_OLD.bat D code_files/ViewModels/TabViewModel.cs D code_files/Views/LoginRecoveryDialog.xaml D code_files/Views/LoginRecoveryDialog.xaml.cs D code_files/Views/MaintenanceWindow.xaml D code_files/Views/MaintenanceWindow.xaml.cs D code_files/Views/NotificationToast.xaml D code_files/Views/NotificationToast.xaml.cs D code_files/Views/SettingsWindow.xaml D code_files/Views/SettingsWindow.xaml.cs D code_files/Views/TabSwitcherWindow.xaml D code_files/Views/TabSwitcherWindow.xaml.cs D code_files/backup.bat D code_files/changelog.txt D code_files/cookies.json D code_files/deploy_branch.bat D code_files/dir D code_files/emergency_log_failure.txt D code_files/extra_files.txt D code_files/history.json D code_files/horizon.conf D code_files/install_auto.ps1 D code_files/logs/Setup_Bootstrapper.log D code_files/logs/horizon_update.log D code_files/logs/scan_debug_1776531966.log D code_files/logs/scan_debug_1776532031.log D code_files/logs/scan_debug_1776706586.log D code_files/logs/scan_debug_1776706631.log D code_files/logs/scan_debug_1782134229.log D code_files/logs/scan_debug_1782135107.log D code_files/logs/scan_debug_1782135140.log D code_files/logs/scan_debug_1782135373.log D code_files/maintenance_tool.bat D code_files/manage_build_files.bat D code_files/mapper_exclusions.txt D code_files/overlay.hta D code_files/path.txt D code_files/project_map_1782135374.txt D code_files/project_mapper.py D code_files/restore.bat D code_files/src/Gemini_Generated_Image_7395cs7395cs7395.ico D code_files/src/Gemini_Generated_Image_7395cs7395cs7395.png D code_files/src/icons/Gemini_Generated_Image_7395cs7395cs7395.ico D code_files/start_horizon.bat D code_files/start_mapper.bat D code_files/update.txt D code_files/update_orchestrator.bat D code_files/update_status.txt D code_files/version.txt A logs/push_to_github_20260921_163549.log A logs/push_to_github_20260921_165104.log A logs/push_to_github_20260921_165158.log A logs/scan_debug_1789998234.log D project_map_1782135374.txt D project_map_1784797406.txt A project_map_1789998235.txt M push_to_github.py M version.txt 
2026-09-21 16:53:39,488 [DEBUG] stderr: 
2026-09-21 16:53:40,615 [INFO] No commit message entered — using automated message:
2026-09-21 16:53:40,616 [INFO] ----------------------------------------
2026-09-21 16:53:40,616 [INFO] (this is automated commit message) 2026-09-21 16:53:40
2026-09-21 16:53:40,617 [INFO] 
2026-09-21 16:53:40,617 [INFO] Repository: https://github.com/MoRDekai1364/Horizon_Browser
2026-09-21 16:53:40,617 [INFO]   [new] logs/push_to_github_20260921_163549.log
2026-09-21 16:53:40,617 [INFO]   [new] logs/push_to_github_20260921_165104.log
2026-09-21 16:53:40,618 [INFO]   [new] logs/push_to_github_20260921_165158.log
2026-09-21 16:53:40,618 [INFO]   [new] logs/scan_debug_1789998234.log
2026-09-21 16:53:40,618 [INFO]   [new] project_map_1789998235.txt
2026-09-21 16:53:40,618 [INFO]   [modified] push_to_github.py
2026-09-21 16:53:40,619 [INFO]   [modified] version.txt
2026-09-21 16:53:40,619 [INFO]   [deleted] Install_Horizon_Browser_beta.ifp
2026-09-21 16:53:40,619 [INFO]   [deleted] Setup_Horizon_Browser_Alpha.ifp
2026-09-21 16:53:40,619 [INFO]   [deleted] Setup_Horizon_Browser_Beta.ifp
2026-09-21 16:53:40,619 [INFO]   [deleted] Setup_Horizon_Browser_Beta.iss
2026-09-21 16:53:40,619 [INFO]   [deleted] bin/Release/HorizonData/EBWebView/AutoLaunchProtocolsComponent/1.0.0.10/manifest.json
2026-09-21 16:53:40,620 [INFO]   [deleted] bin/Release/HorizonData/EBWebView/AutoLaunchProtocolsComponent/1.0.0.10/protocols.json
2026-09-21 16:53:40,620 [INFO]   [deleted] bin/Release/HorizonData/EBWebView/BrowserMetrics/BrowserMetrics-6A4FF9BB-FC8.pma
2026-09-21 16:53:40,620 [INFO]   [deleted] bin/Release/HorizonData/EBWebView/BrowserMetrics/BrowserMetrics-6A4FFA12-37C4.pma
2026-09-21 16:53:40,620 [INFO]   [deleted] bin/Release/HorizonData/EBWebView/BrowserMetrics/BrowserMetrics-6A4FFA30-42BC.pma
2026-09-21 16:53:40,620 [INFO]   [deleted] bin/Release/HorizonData/EBWebView/CertificateRevocation/6498.2025.9.4/crl-set
2026-09-21 16:53:40,620 [INFO]   [deleted] bin/Release/HorizonData/EBWebView/CertificateRevocation/6498.2025.9.4/manifest.json
2026-09-21 16:53:40,620 [INFO]   [deleted] bin/Release/HorizonData/EBWebView/Crashpad/metadata
2026-09-21 16:53:40,621 [INFO]   [deleted] bin/Release/HorizonData/EBWebView/Crashpad/settings.dat
2026-09-21 16:53:40,621 [INFO]   [deleted] bin/Release/HorizonData/EBWebView/Crashpad/temp/edge_shutdown_crash.txt
2026-09-21 16:53:40,621 [INFO]   [deleted] bin/Release/HorizonData/EBWebView/Crashpad/throttle_store.dat
2026-09-21 16:53:40,621 [INFO]   [deleted] bin/Release/HorizonData/EBWebView/Crashpad/watson_metadata
2026-09-21 16:53:40,622 [INFO]   [deleted] bin/Release/HorizonData/EBWebView/Default/AutofillAiModelCache/LOCK
2026-09-21 16:53:40,622 [INFO]   [deleted] bin/Release/HorizonData/EBWebView/Default/AutofillAiModelCache/LOG
2026-09-21 16:53:40,622 [INFO]   [deleted] bin/Release/HorizonData/EBWebView/Default/AutofillAiModelCache/LOG.old
2026-09-21 16:53:40,622 [INFO]   [deleted] bin/Release/HorizonData/EBWebView/Default/AutofillStrikeDatabase/LOCK
2026-09-21 16:53:40,622 [INFO]   [deleted] bin/Release/HorizonData/EBWebView/Default/AutofillStrikeDatabase/LOG
2026-09-21 16:53:40,622 [INFO]   [deleted] bin/Release/HorizonData/EBWebView/Default/AutofillStrikeDatabase/LOG.old
2026-09-21 16:53:40,622 [INFO]   [deleted] bin/Release/HorizonData/EBWebView/Default/BookmarkMergedSurfaceOrdering
2026-09-21 16:53:40,622 [INFO]   [deleted] bin/Release/HorizonData/EBWebView/Default/BrowsingTopicsSiteData
2026-09-21 16:53:40,623 [INFO]   [deleted] bin/Release/HorizonData/EBWebView/Default/BrowsingTopicsSiteData-journal
2026-09-21 16:53:40,623 [INFO]   [deleted] bin/Release/HorizonData/EBWebView/Default/BrowsingTopicsState
2026-09-21 16:53:40,623 [INFO]   [deleted] bin/Release/HorizonData/EBWebView/Default/BudgetDatabase/LOCK
2026-09-21 16:53:40,623 [INFO]   [deleted] bin/Release/HorizonData/EBWebView/Default/BudgetDatabase/LOG
2026-09-21 16:53:40,623 [INFO]   [deleted] bin/Release/HorizonData/EBWebView/Default/BudgetDatabase/LOG.old
2026-09-21 16:53:40,623 [INFO]   [deleted] bin/Release/HorizonData/EBWebView/Default/Cache/Cache_Data/data_0
2026-09-21 16:53:40,623 [INFO]   [deleted] bin/Release/HorizonData/EBWebView/Default/Cache/Cache_Data/data_1
2026-09-21 16:53:40,623 [INFO]   [deleted] bin/Release/HorizonData/EBWebView/Default/Cache/Cache_Data/data_2
2026-09-21 16:53:40,623 [INFO]   [deleted] bin/Release/HorizonData/EBWebView/Default/Cache/Cache_Data/data_3
2026-09-21 16:53:40,624 [INFO]   [deleted] bin/Release/HorizonData/EBWebView/Default/Cache/Cache_Data/f_000001
2026-09-21 16:53:40,624 [INFO]   [deleted] bin/Release/HorizonData/EBWebView/Default/Cache/Cache_Data/f_000002
2026-09-21 16:53:40,624 [INFO]   [deleted] bin/Release/HorizonData/EBWebView/Default/Cache/Cache_Data/f_000003
2026-09-21 16:53:40,624 [INFO]   [deleted] bin/Release/HorizonData/EBWebView/Default/Cache/Cache_Data/f_000004
2026-09-21 16:53:40,624 [INFO]   [deleted] bin/Release/HorizonData/EBWebView/Default/Cache/Cache_Data/f_000005
2026-09-21 16:53:40,624 [INFO]   [deleted] bin/Release/HorizonData/EBWebView/Default/Cache/Cache_Data/f_000006
2026-09-21 16:53:40,625 [INFO]   [deleted] bin/Release/HorizonData/EBWebView/Default/Cache/Cache_Data/f_000007
2026-09-21 16:53:40,625 [INFO]   [deleted] bin/Release/HorizonData/EBWebView/Default/Cache/Cache_Data/f_000008
2026-09-21 16:53:40,625 [INFO]   [deleted] bin/Release/HorizonData/EBWebView/Default/Cache/Cache_Data/f_000009
2026-09-21 16:53:40,625 [INFO]   [deleted] bin/Release/HorizonData/EBWebView/Default/Cache/Cache_Data/f_00000a
2026-09-21 16:53:40,625 [INFO]   [deleted] bin/Release/HorizonData/EBWebView/Default/Cache/Cache_Data/f_00000b
2026-09-21 16:53:40,625 [INFO]   [deleted] bin/Release/HorizonData/EBWebView/Default/Cache/Cache_Data/f_00000c
2026-09-21 16:53:40,626 [INFO]   [deleted] bin/Release/HorizonData/EBWebView/Default/Cache/Cache_Data/f_00000d
2026-09-21 16:53:40,626 [INFO]   [deleted] bin/Release/HorizonData/EBWebView/Default/Cache/Cache_Data/f_00000e
2026-09-21 16:53:40,626 [INFO]   [deleted] bin/Release/HorizonData/EBWebView/Default/Cache/Cache_Data/f_00000f
2026-09-21 16:53:40,626 [INFO]   [deleted] bin/Release/HorizonData/EBWebView/Default/Cache/Cache_Data/f_000010
2026-09-21 16:53:40,626 [INFO]   [deleted] bin/Release/HorizonData/EBWebView/Default/Cache/Cache_Data/f_000011
2026-09-21 16:53:40,626 [INFO]   [deleted] bin/Release/HorizonData/EBWebView/Default/Cache/Cache_Data/f_000012
2026-09-21 16:53:40,627 [INFO]   [deleted] bin/Release/HorizonData/EBWebView/Default/Cache/Cache_Data/f_000013
2026-09-21 16:53:40,627 [INFO]   [deleted] bin/Release/HorizonData/EBWebView/Default/Cache/Cache_Data/f_000015
2026-09-21 16:53:40,627 [INFO]   [deleted] bin/Release/HorizonData/EBWebView/Default/Cache/Cache_Data/f_000016
2026-09-21 16:53:40,627 [INFO]   [deleted] bin/Release/HorizonData/EBWebView/Default/Cache/Cache_Data/f_000017
2026-09-21 16:53:40,627 [INFO]   [deleted] bin/Release/HorizonData/EBWebView/Default/Cache/Cache_Data/f_000018
2026-09-21 16:53:40,627 [INFO]   [deleted] bin/Release/HorizonData/EBWebView/Default/Cache/Cache_Data/f_000019
2026-09-21 16:53:40,628 [INFO]   [deleted] bin/Release/HorizonData/EBWebView/Default/Cache/Cache_Data/f_00001b
2026-09-21 16:53:40,632 [INFO]   [deleted] bin/Release/HorizonData/EBWebView/Default/Cache/Cache_Data/f_00001c
2026-09-21 16:53:40,632 [INFO]   [deleted] bin/Release/HorizonData/EBWebView/Default/Cache/Cache_Data/f_00001d
2026-09-21 16:53:40,632 [INFO]   [deleted] bin/Release/HorizonData/EBWebView/Default/Cache/Cache_Data/f_00001e
2026-09-21 16:53:40,632 [INFO]   [deleted] bin/Release/HorizonData/EBWebView/Default/Cache/Cache_Data/f_00001f
2026-09-21 16:53:40,632 [INFO]   [deleted] bin/Release/HorizonData/EBWebView/Default/Cache/Cache_Data/f_000020
2026-09-21 16:53:40,633 [INFO]   [deleted] bin/Release/HorizonData/EBWebView/Default/Cache/Cache_Data/f_000021
2026-09-21 16:53:40,633 [INFO]   [deleted] bin/Release/HorizonData/EBWebView/Default/Cache/Cache_Data/f_000022
2026-09-21 16:53:40,633 [INFO]   [deleted] bin/Release/HorizonData/EBWebView/Default/Cache/Cache_Data/f_000023
2026-09-21 16:53:40,633 [INFO]   [deleted] bin/Release/HorizonData/EBWebView/Default/Cache/Cache_Data/f_000024
2026-09-21 16:53:40,633 [INFO]   [deleted] bin/Release/HorizonData/EBWebView/Default/Cache/Cache_Data/f_000025
2026-09-21 16:53:40,634 [INFO]   [deleted] bin/Release/HorizonData/EBWebView/Default/Cache/Cache_Data/f_000026
2026-09-21 16:53:40,634 [INFO]   [deleted] bin/Release/HorizonData/EBWebView/Default/Cache/Cache_Data/f_000027
2026-09-21 16:53:40,634 [INFO]   [deleted] bin/Release/HorizonData/EBWebView/Default/Cache/Cache_Data/f_000028
2026-09-21 16:53:40,634 [INFO]   [deleted] bin/Release/HorizonData/EBWebView/Default/Cache/Cache_Data/f_000029
2026-09-21 16:53:40,635 [INFO]   [deleted] bin/Release/HorizonData/EBWebView/Default/Cache/Cache_Data/f_00002a
2026-09-21 16:53:40,635 [INFO]   [deleted] bin/Release/HorizonData/EBWebView/Default/Cache/Cache_Data/f_00002b
2026-09-21 16:53:40,635 [INFO]   [deleted] bin/Release/HorizonData/EBWebView/Default/Cache/Cache_Data/f_00002c
2026-09-21 16:53:40,635 [INFO]   [deleted] bin/Release/HorizonData/EBWebView/Default/Cache/Cache_Data/f_00002d
2026-09-21 16:53:40,635 [INFO]   [deleted] bin/Release/HorizonData/EBWebView/Default/Cache/Cache_Data/f_00002e
2026-09-21 16:53:40,635 [INFO]   [deleted] bin/Release/HorizonData/EBWebView/Default/Cache/Cache_Data/f_00002f
2026-09-21 16:53:40,636 [INFO]   [deleted] bin/Release/HorizonData/EBWebView/Default/Cache/Cache_Data/f_000030
2026-09-21 16:53:40,636 [INFO]   [deleted] bin/Release/HorizonData/EBWebView/Default/Cache/Cache_Data/f_000031
2026-09-21 16:53:40,636 [INFO]   [deleted] bin/Release/HorizonData/EBWebView/Default/Cache/Cache_Data/f_000032
2026-09-21 16:53:40,636 [INFO]   [deleted] bin/Release/HorizonData/EBWebView/Default/Cache/Cache_Data/f_000033
2026-09-21 16:53:40,636 [INFO]   [deleted] bin/Release/HorizonData/EBWebView/Default/Cache/Cache_Data/f_000034
2026-09-21 16:53:40,636 [INFO]   [deleted] bin/Release/HorizonData/EBWebView/Default/Cache/Cache_Data/f_000035
2026-09-21 16:53:40,636 [INFO]   [deleted] bin/Release/HorizonData/EBWebView/Default/Cache/Cache_Data/f_000036
2026-09-21 16:53:40,637 [INFO]   [deleted] bin/Release/HorizonData/EBWebView/Default/Cache/Cache_Data/f_000037
2026-09-21 16:53:40,637 [INFO]   [deleted] bin/Release/HorizonData/EBWebView/Default/Cache/Cache_Data/f_000038
2026-09-21 16:53:40,637 [INFO]   [deleted] bin/Release/HorizonData/EBWebView/Default/Cache/Cache_Data/f_000039
2026-09-21 16:53:40,637 [INFO]   [deleted] bin/Release/HorizonData/EBWebView/Default/Cache/Cache_Data/f_00003a
2026-09-21 16:53:40,637 [INFO]   [deleted] bin/Release/HorizonData/EBWebView/Default/Cache/Cache_Data/f_00003b
2026-09-21 16:53:40,638 [INFO]   [deleted] bin/Release/HorizonData/EBWebView/Default/Cache/Cache_Data/f_00003c
2026-09-21 16:53:40,638 [INFO]   [deleted] bin/Release/HorizonData/EBWebView/Default/Cache/Cache_Data/f_00003d
2026-09-21 16:53:40,638 [INFO]   [deleted] bin/Release/HorizonData/EBWebView/Default/Cache/Cache_Data/f_00003e
2026-09-21 16:53:40,638 [INFO]   [deleted] bin/Release/HorizonData/EBWebView/Default/Cache/Cache_Data/f_00003f
2026-09-21 16:53:40,639 [INFO]   [deleted] bin/Release/HorizonData/EBWebView/Default/Cache/Cache_Data/f_000040
2026-09-21 16:53:40,639 [INFO]   [deleted] bin/Release/HorizonData/EBWebView/Default/Cache/Cache_Data/f_000041
2026-09-21 16:53:40,639 [INFO]   [deleted] bin/Release/HorizonData/EBWebView/Default/Cache/Cache_Data/f_000042
2026-09-21 16:53:40,639 [INFO]   [deleted] bin/Release/HorizonData/EBWebView/Default/Cache/Cache_Data/f_000043
2026-09-21 16:53:40,639 [INFO]   [deleted] bin/Release/HorizonData/EBWebView/Default/Cache/Cache_Data/f_000044
2026-09-21 16:53:40,639 [INFO]   [deleted] bin/Release/HorizonData/EBWebView/Default/Cache/Cache_Data/f_000045
2026-09-21 16:53:40,639 [INFO]   [deleted] bin/Release/HorizonData/EBWebView/Default/Cache/Cache_Data/f_000046
2026-09-21 16:53:40,639 [INFO]   [deleted] bin/Release/HorizonData/EBWebView/Default/Cache/Cache_Data/f_000047
2026-09-21 16:53:40,640 [INFO]   [deleted] bin/Release/HorizonData/EBWebView/Default/Cache/Cache_Data/f_000048
2026-09-21 16:53:40,640 [INFO]   [deleted] bin/Release/HorizonData/EBWebView/Default/Cache/Cache_Data/f_000049
2026-09-21 16:53:40,640 [INFO]   [deleted] bin/Release/HorizonData/EBWebView/Default/Cache/Cache_Data/f_00004a
2026-09-21 16:53:40,640 [INFO]   [deleted] bin/Release/HorizonData/EBWebView/Default/Cache/Cache_Data/f_00004b
2026-09-21 16:53:40,640 [INFO]   [deleted] bin/Release/HorizonData/EBWebView/Default/Cache/Cache_Data/f_00004c
2026-09-21 16:53:40,640 [INFO]   [deleted] bin/Release/HorizonData/EBWebView/Default/Cache/Cache_Data/f_00004d
2026-09-21 16:53:40,640 [INFO]   [deleted] bin/Release/HorizonData/EBWebView/Default/Cache/Cache_Data/f_00004e
2026-09-21 16:53:40,640 [INFO]   [deleted] bin/Release/HorizonData/EBWebView/Default/Cache/Cache_Data/f_00004f
2026-09-21 16:53:40,640 [INFO]   [deleted] bin/Release/HorizonData/EBWebView/Default/Cache/Cache_Data/f_000050
2026-09-21 16:53:40,641 [INFO]   [deleted] bin/Release/HorizonData/EBWebView/Default/Cache/Cache_Data/f_000051
2026-09-21 16:53:40,641 [INFO]   [deleted] bin/Release/HorizonData/EBWebView/Default/Cache/Cache_Data/f_000052
2026-09-21 16:53:40,641 [INFO]   [deleted] bin/Release/HorizonData/EBWebView/Default/Cache/Cache_Data/f_000053
2026-09-21 16:53:40,641 [INFO]   [deleted] bin/Release/HorizonData/EBWebView/Default/Cache/Cache_Data/f_000054
2026-09-21 16:53:40,641 [INFO]   [deleted] bin/Release/HorizonData/EBWebView/Default/Cache/Cache_Data/f_000055
2026-09-21 16:53:40,641 [INFO]   [deleted] bin/Release/HorizonData/EBWebView/Default/Cache/Cache_Data/f_000056
2026-09-21 16:53:40,641 [INFO]   [deleted] bin/Release/HorizonData/EBWebView/Default/Cache/Cache_Data/index
2026-09-21 16:53:40,641 [INFO]   [deleted] bin/Release/HorizonData/EBWebView/Default/Cache/No_Vary_Search/journal.baj
2026-09-21 16:53:40,641 [INFO]   [deleted] bin/Release/HorizonData/EBWebView/Default/Cache/No_Vary_Search/snapshot.baf
2026-09-21 16:53:40,642 [INFO]   [deleted] bin/Release/HorizonData/EBWebView/Default/ClientCertificates/LOCK
2026-09-21 16:53:40,642 [INFO]   [deleted] bin/Release/HorizonData/EBWebView/Default/ClientCertificates/LOG
2026-09-21 16:53:40,642 [INFO]   [deleted] bin/Release/HorizonData/EBWebView/Default/ClientCertificates/LOG.old
2026-09-21 16:53:40,642 [INFO]   [deleted] bin/Release/HorizonData/EBWebView/Default/Code Cache/js/0076dbc2687a75c8_0
2026-09-21 16:53:40,642 [INFO]   [deleted] bin/Release/HorizonData/EBWebView/Default/Code Cache/js/02df4d919d1db631_0
2026-09-21 16:53:40,642 [INFO]   [deleted] bin/Release/HorizonData/EBWebView/Default/Code Cache/js/030deb08ea7f5704_0
2026-09-21 16:53:40,643 [INFO]   [deleted] bin/Release/HorizonData/EBWebView/Default/Code Cache/js/039b9efa13a61bad_0
2026-09-21 16:53:40,643 [INFO]   [deleted] bin/Release/HorizonData/EBWebView/Default/Code Cache/js/03ab767b40f8cfee_0
2026-09-21 16:53:40,643 [INFO]   [deleted] bin/Release/HorizonData/EBWebView/Default/Code Cache/js/043af1923a883e16_0
2026-09-21 16:53:40,643 [INFO]   [deleted] bin/Release/HorizonData/EBWebView/Default/Code Cache/js/04496e09a82d7be4_0
2026-09-21 16:53:40,643 [INFO]   [deleted] bin/Release/HorizonData/EBWebView/Default/Code Cache/js/04b821652310fb13_0
2026-09-21 16:53:40,643 [INFO]   [deleted] bin/Release/HorizonData/EBWebView/Default/Code Cache/js/05b26522fd606645_0
2026-09-21 16:53:40,644 [INFO]   [deleted] bin/Release/HorizonData/EBWebView/Default/Code Cache/js/071d0789528838a9_0
2026-09-21 16:53:40,644 [INFO]   [deleted] bin/Release/HorizonData/EBWebView/Default/Code Cache/js/086ced5af2bd8220_0
2026-09-21 16:53:40,644 [INFO]   [deleted] bin/Release/HorizonData/EBWebView/Default/Code Cache/js/0a4c526d5d310100_0
2026-09-21 16:53:40,644 [INFO]   [deleted] bin/Release/HorizonData/EBWebView/Default/Code Cache/js/0aaaf6edb73e546a_0
2026-09-21 16:53:40,644 [INFO]   [deleted] bin/Release/HorizonData/EBWebView/Default/Code Cache/js/0afc682fb9dad7c2_0
2026-09-21 16:53:40,645 [INFO]   [deleted] bin/Release/HorizonData/EBWebView/Default/Code Cache/js/0b06db1a6bf880c2_0
2026-09-21 16:53:40,645 [INFO]   [deleted] bin/Release/HorizonData/EBWebView/Default/Code Cache/js/0b3a0da62588e0f5_0
2026-09-21 16:53:40,645 [INFO]   [deleted] bin/Release/HorizonData/EBWebView/Default/Code Cache/js/0c015efe6e649523_0
2026-09-21 16:53:40,645 [INFO]   [deleted] bin/Release/HorizonData/EBWebView/Default/Code Cache/js/0f7a89f46f65133f_0
2026-09-21 16:53:40,645 [INFO]   [deleted] bin/Release/HorizonData/EBWebView/Default/Code Cache/js/0f7e5eeea93299c9_0
2026-09-21 16:53:40,645 [INFO]   [deleted] bin/Release/HorizonData/EBWebView/Default/Code Cache/js/103adf3520105e0f_0
2026-09-21 16:53:40,645 [INFO]   [deleted] bin/Release/HorizonData/EBWebView/Default/Code Cache/js/11328cb64a5d60eb_0
2026-09-21 16:53:40,646 [INFO]   [deleted] bin/Release/HorizonData/EBWebView/Default/Code Cache/js/113d72327aacc717_0
2026-09-21 16:53:40,646 [INFO]   [deleted] bin/Release/HorizonData/EBWebView/Default/Code Cache/js/1154210b0c0831c9_0
2026-09-21 16:53:40,646 [INFO]   [deleted] bin/Release/HorizonData/EBWebView/Default/Code Cache/js/1253ddc0847524d9_0
2026-09-21 16:53:40,646 [INFO]   [deleted] bin/Release/HorizonData/EBWebView/Default/Code Cache/js/13b86ba548c0a839_0
2026-09-21 16:53:40,646 [INFO]   [deleted] bin/Release/HorizonData/EBWebView/Default/Code Cache/js/142a6170a0e9d869_0
2026-09-21 16:53:40,646 [INFO]   [deleted] bin/Release/HorizonData/EBWebView/Default/Code Cache/js/1607200edb381bca_0
2026-09-21 16:53:40,647 [INFO]   [deleted] bin/Release/HorizonData/EBWebView/Default/Code Cache/js/166f248488e8e434_0
2026-09-21 16:53:40,647 [INFO]   [deleted] bin/Release/HorizonData/EBWebView/Default/Code Cache/js/191897f97e361b8f_0
2026-09-21 16:53:40,647 [INFO]   [deleted] bin/Release/HorizonData/EBWebView/Default/Code Cache/js/195e2fd790676a21_0
2026-09-21 16:53:40,647 [INFO]   [deleted] bin/Release/HorizonData/EBWebView/Default/Code Cache/js/198e8104f7f87921_0
2026-09-21 16:53:40,647 [INFO]   [deleted] bin/Release/HorizonData/EBWebView/Default/Code Cache/js/1bcd9e7257b3b57d_0
2026-09-21 16:53:40,647 [INFO]   [deleted] bin/Release/HorizonData/EBWebView/Default/Code Cache/js/1be905117ed82795_0
2026-09-21 16:53:40,647 [INFO]   [deleted] bin/Release/HorizonData/EBWebView/Default/Code Cache/js/1bf5e7db2cc86bc8_0
2026-09-21 16:53:40,648 [INFO]   [deleted] bin/Release/HorizonData/EBWebView/Default/Code Cache/js/1c93a3582c65c4d3_0
2026-09-21 16:53:40,648 [INFO]   [deleted] bin/Release/HorizonData/EBWebView/Default/Code Cache/js/1cc55164091f7d02_0
2026-09-21 16:53:40,648 [INFO]   [deleted] bin/Release/HorizonData/EBWebView/Default/Code Cache/js/1cdfac3e3497e90e_0
2026-09-21 16:53:40,648 [INFO]   [deleted] bin/Release/HorizonData/EBWebView/Default/Code Cache/js/1d25890505165c28_0
2026-09-21 16:53:40,648 [INFO]   [deleted] bin/Release/HorizonData/EBWebView/Default/Code Cache/js/1e533551742eeaf0_0
2026-09-21 16:53:40,649 [INFO]   [deleted] bin/Release/HorizonData/EBWebView/Default/Code Cache/js/1f722db16f1e9c51_0
2026-09-21 16:53:40,649 [INFO]   [deleted] bin/Release/HorizonData/EBWebView/Default/Code Cache/js/1f780d5738f54f36_0
2026-09-21 16:53:40,649 [INFO]   [deleted] bin/Release/HorizonData/EBWebView/Default/Code Cache/js/1f7cf8395b07ebcd_0
2026-09-21 16:53:40,649 [INFO]   [deleted] bin/Release/HorizonData/EBWebView/Default/Code Cache/js/1facba9eab55149f_0
2026-09-21 16:53:40,649 [INFO]   [deleted] bin/Release/HorizonData/EBWebView/Default/Code Cache/js/210c8b22d39f09d7_0
2026-09-21 16:53:40,649 [INFO]   [deleted] bin/Release/HorizonData/EBWebView/Default/Code Cache/js/213c9d2da2b585c1_0
2026-09-21 16:53:40,649 [INFO]   [deleted] bin/Release/HorizonData/EBWebView/Default/Code Cache/js/219ba47e4f3fd15f_0
2026-09-21 16:53:40,649 [INFO]   [deleted] bin/Release/HorizonData/EBWebView/Default/Code Cache/js/21aa031a3d2c0479_0
2026-09-21 16:53:40,650 [INFO]   [deleted] bin/Release/HorizonData/EBWebView/Default/Code Cache/js/22f3ce7a7d7a6aac_0
2026-09-21 16:53:40,650 [INFO]   [deleted] bin/Release/HorizonData/EBWebView/Default/Code Cache/js/23e0af9c53491d3f_0
2026-09-21 16:53:40,650 [INFO]   [deleted] bin/Release/HorizonData/EBWebView/Default/Code Cache/js/23ff0c8c70c7689f_0
2026-09-21 16:53:40,650 [INFO]   [deleted] bin/Release/HorizonData/EBWebView/Default/Code Cache/js/26c4287798fa812c_0
2026-09-21 16:53:40,650 [INFO]   [deleted] bin/Release/HorizonData/EBWebView/Default/Code Cache/js/285bf0c6b2a0869b_0
2026-09-21 16:53:40,650 [INFO]   [deleted] bin/Release/HorizonData/EBWebView/Default/Code Cache/js/285e4739357c6106_0
2026-09-21 16:53:40,650 [INFO]   [deleted] bin/Release/HorizonData/EBWebView/Default/Code Cache/js/29305d07e19521a6_0
2026-09-21 16:53:40,650 [INFO]   [deleted] bin/Release/HorizonData/EBWebView/Default/Code Cache/js/295728fafc7c1ebe_0
2026-09-21 16:53:40,650 [INFO]   [deleted] bin/Release/HorizonData/EBWebView/Default/Code Cache/js/29f6e8ab8ec87e6c_0
2026-09-21 16:53:40,650 [INFO]   [deleted] bin/Release/HorizonData/EBWebView/Default/Code Cache/js/2a61469126e13338_0
2026-09-21 16:53:40,651 [INFO]   [deleted] bin/Release/HorizonData/EBWebView/Default/Code Cache/js/2aaeea5e819db95a_0
2026-09-21 16:53:40,651 [INFO]   [deleted] bin/Release/HorizonData/EBWebView/Default/Code Cache/js/2b3ca73aed475f2b_0
2026-09-21 16:53:40,651 [INFO]   [deleted] bin/Release/HorizonData/EBWebView/Default/Code Cache/js/2b5d95bda3bae015_0
2026-09-21 16:53:40,651 [INFO]   [deleted] bin/Release/HorizonData/EBWebView/Default/Code Cache/js/2ba4a999fd4f886b_0
2026-09-21 16:53:40,651 [INFO]   [deleted] bin/Release/HorizonData/EBWebView/Default/Code Cache/js/2c3897a6197a9767_0
2026-09-21 16:53:40,651 [INFO]   [deleted] bin/Release/HorizonData/EBWebView/Default/Code Cache/js/2c410b04f0114046_0
2026-09-21 16:53:40,651 [INFO]   [deleted] bin/Release/HorizonData/EBWebView/Default/Code Cache/js/2dc54355c897759f_0
2026-09-21 16:53:40,651 [INFO]   [deleted] bin/Release/HorizonData/EBWebView/Default/Code Cache/js/2e98f626d1f446d8_0
2026-09-21 16:53:40,651 [INFO]   [deleted] bin/Release/HorizonData/EBWebView/Default/Code Cache/js/2fea4219311926b6_0
2026-09-21 16:53:40,651 [INFO]   [deleted] bin/Release/HorizonData/EBWebView/Default/Code Cache/js/301522068fae0a51_0
2026-09-21 16:53:40,652 [INFO]   [deleted] bin/Release/HorizonData/EBWebView/Default/Code Cache/js/30259e9f37aaf988_0
2026-09-21 16:53:40,652 [INFO]   [deleted] bin/Release/HorizonData/EBWebView/Default/Code Cache/js/31836ad4b5df3363_0
2026-09-21 16:53:40,652 [INFO]   [deleted] bin/Release/HorizonData/EBWebView/Default/Code Cache/js/32ac42b2888b846b_0
2026-09-21 16:53:40,652 [INFO]   [deleted] bin/Release/HorizonData/EBWebView/Default/Code Cache/js/32f350141aa87917_0
2026-09-21 16:53:40,652 [INFO]   [deleted] bin/Release/HorizonData/EBWebView/Default/Code Cache/js/336a68eaaf209f48_0
2026-09-21 16:53:40,652 [INFO]   [deleted] bin/Release/HorizonData/EBWebView/Default/Code Cache/js/34ac8a9c0965f5ad_0
2026-09-21 16:53:40,652 [INFO]   [deleted] bin/Release/HorizonData/EBWebView/Default/Code Cache/js/35a5f42315e20c02_0
2026-09-21 16:53:40,652 [INFO]   [deleted] bin/Release/HorizonData/EBWebView/Default/Code Cache/js/3724a0324c3b6e26_0
2026-09-21 16:53:40,652 [INFO]   [deleted] bin/Release/HorizonData/EBWebView/Default/Code Cache/js/3776c937168b5b52_0
2026-09-21 16:53:40,652 [INFO]   [deleted] bin/Release/HorizonData/EBWebView/Default/Code Cache/js/383a869199a8575d_0
2026-09-21 16:53:40,653 [INFO]   [deleted] bin/Release/HorizonData/EBWebView/Default/Code Cache/js/38419f8e309412eb_0
2026-09-21 16:53:40,653 [INFO]   [deleted] bin/Release/HorizonData/EBWebView/Default/Code Cache/js/39cd07b5fed350c5_0
2026-09-21 16:53:40,653 [INFO]   [deleted] bin/Release/HorizonData/EBWebView/Default/Code Cache/js/3c45437c70bb8ea2_0
2026-09-21 16:53:40,653 [INFO]   [deleted] bin/Release/HorizonData/EBWebView/Default/Code Cache/js/3d67dae5c887164b_0
2026-09-21 16:53:40,653 [INFO]   [deleted] bin/Release/HorizonData/EBWebView/Default/Code Cache/js/3d6bd5bd9da96636_0
2026-09-21 16:53:40,653 [INFO]   [deleted] bin/Release/HorizonData/EBWebView/Default/Code Cache/js/3d7b3300c41a76c0_0
2026-09-21 16:53:40,653 [INFO]   [deleted] bin/Release/HorizonData/EBWebView/Default/Code Cache/js/3eada1f109a8e7c6_0
2026-09-21 16:53:40,653 [INFO]   [deleted] bin/Release/HorizonData/EBWebView/Default/Code Cache/js/3f746c470dfb4415_0
2026-09-21 16:53:40,653 [INFO]   [deleted] bin/Release/HorizonData/EBWebView/Default/Code Cache/js/42d00762017c12e0_0
2026-09-21 16:53:40,653 [INFO]   [deleted] bin/Release/HorizonData/EBWebView/Default/Code Cache/js/43358fd863f969b1_0
2026-09-21 16:53:40,654 [INFO]   [deleted] bin/Release/HorizonData/EBWebView/Default/Code Cache/js/441c2476218dfa97_0
2026-09-21 16:53:40,654 [INFO]   [deleted] bin/Release/HorizonData/EBWebView/Default/Code Cache/js/4431bab738f28701_0
2026-09-21 16:53:40,654 [INFO]   [deleted] bin/Release/HorizonData/EBWebView/Default/Code Cache/js/4513aa6c19670f03_0
2026-09-21 16:53:40,654 [INFO]   [deleted] bin/Release/HorizonData/EBWebView/Default/Code Cache/js/459a3a51c2e0cc5f_0
2026-09-21 16:53:40,655 [INFO]   [deleted] bin/Release/HorizonData/EBWebView/Default/Code Cache/js/45a0d6b4698d6793_0
2026-09-21 16:53:40,655 [INFO]   [deleted] bin/Release/HorizonData/EBWebView/Default/Code Cache/js/45ec19afc0c3926c_0
2026-09-21 16:53:40,655 [INFO]   [deleted] bin/Release/HorizonData/EBWebView/Default/Code Cache/js/45f2a4e8b68183f1_0
2026-09-21 16:53:40,655 [INFO]   [deleted] bin/Release/HorizonData/EBWebView/Default/Code Cache/js/461394aad51d27a5_0
2026-09-21 16:53:40,655 [INFO]   [deleted] bin/Release/HorizonData/EBWebView/Default/Code Cache/js/46f0f9bcc6381ca4_0
2026-09-21 16:53:40,655 [INFO]   [deleted] bin/Release/HorizonData/EBWebView/Default/Code Cache/js/476e925384e274ca_0
2026-09-21 16:53:40,655 [INFO]   [deleted] bin/Release/HorizonData/EBWebView/Default/Code Cache/js/47b2c8679819c7f8_0
2026-09-21 16:53:40,656 [INFO]   [deleted] bin/Release/HorizonData/EBWebView/Default/Code Cache/js/48e780b63f42de42_0
2026-09-21 16:53:40,656 [INFO]   [deleted] bin/Release/HorizonData/EBWebView/Default/Code Cache/js/49e3bf709fa8fdf6_0
2026-09-21 16:53:40,656 [INFO]   [deleted] bin/Release/HorizonData/EBWebView/Default/Code Cache/js/4a900104f5908b5f_0
2026-09-21 16:53:40,656 [INFO]   [deleted] bin/Release/HorizonData/EBWebView/Default/Code Cache/js/4b290833534e9090_0
2026-09-21 16:53:40,656 [INFO]   [deleted] bin/Release/HorizonData/EBWebView/Default/Code Cache/js/4b72b65b98aee73e_0
2026-09-21 16:53:40,656 [INFO]   [deleted] bin/Release/HorizonData/EBWebView/Default/Code Cache/js/4b8e7f0dd7ad3829_0
2026-09-21 16:53:40,656 [INFO]   [deleted] bin/Release/HorizonData/EBWebView/Default/Code Cache/js/4c5ca62179efe410_0
2026-09-21 16:53:40,656 [INFO]   [deleted] bin/Release/HorizonData/EBWebView/Default/Code Cache/js/4d5ca12299fb0b42_0
2026-09-21 16:53:40,657 [INFO]   [deleted] bin/Release/HorizonData/EBWebView/Default/Code Cache/js/4fdb2fec396ea760_0
2026-09-21 16:53:40,657 [INFO]   [deleted] bin/Release/HorizonData/EBWebView/Default/Code Cache/js/50a4945d49f08526_0
2026-09-21 16:53:40,657 [INFO]   [deleted] bin/Release/HorizonData/EBWebView/Default/Code Cache/js/53da2c5efbf7fa87_0
2026-09-21 16:53:40,657 [INFO]   [deleted] bin/Release/HorizonData/EBWebView/Default/Code Cache/js/553fd832d277d371_0
2026-09-21 16:53:40,657 [INFO]   [deleted] bin/Release/HorizonData/EBWebView/Default/Code Cache/js/557181f3109f2b5b_0
2026-09-21 16:53:40,657 [INFO]   [deleted] bin/Release/HorizonData/EBWebView/Default/Code Cache/js/55a0c9678498ccce_0
2026-09-21 16:53:40,657 [INFO]   [deleted] bin/Release/HorizonData/EBWebView/Default/Code Cache/js/55c19d41fa6293f5_0
2026-09-21 16:53:40,657 [INFO]   [deleted] bin/Release/HorizonData/EBWebView/Default/Code Cache/js/5657fedf7d486af5_0
2026-09-21 16:53:40,658 [INFO]   [deleted] bin/Release/HorizonData/EBWebView/Default/Code Cache/js/5889931439d1647c_0
2026-09-21 16:53:40,658 [INFO]   [deleted] bin/Release/HorizonData/EBWebView/Default/Code Cache/js/58922cf0bc5f42a9_0
2026-09-21 16:53:40,658 [INFO]   [deleted] bin/Release/HorizonData/EBWebView/Default/Code Cache/js/591a6fd1e26522dd_0
2026-09-21 16:53:40,658 [INFO]   [deleted] bin/Release/HorizonData/EBWebView/Default/Code Cache/js/595fca4bc905ae3f_0
2026-09-21 16:53:40,659 [INFO]   [deleted] bin/Release/HorizonData/EBWebView/Default/Code Cache/js/5bd1b3ba5b1083d5_0
2026-09-21 16:53:40,659 [INFO]   [deleted] bin/Release/HorizonData/EBWebView/Default/Code Cache/js/5bf0bdc3107aca3b_0
2026-09-21 16:53:40,659 [INFO]   [deleted] bin/Release/HorizonData/EBWebView/Default/Code Cache/js/5cede4bc155eab21_0
2026-09-21 16:53:40,659 [INFO]   [deleted] bin/Release/HorizonData/EBWebView/Default/Code Cache/js/5edb9c275f992577_0
2026-09-21 16:53:40,659 [INFO]   [deleted] bin/Release/HorizonData/EBWebView/Default/Code Cache/js/60c4372e5f885bf0_0
2026-09-21 16:53:40,660 [INFO]   [deleted] bin/Release/HorizonData/EBWebView/Default/Code Cache/js/60d8544d757b2679_0
2026-09-21 16:53:40,660 [INFO]   [deleted] bin/Release/HorizonData/EBWebView/Default/Code Cache/js/615dcdf40e3f867f_0
2026-09-21 16:53:40,660 [INFO]   [deleted] bin/Release/HorizonData/EBWebView/Default/Code Cache/js/6234441e9058402d_0
2026-09-21 16:53:40,660 [INFO]   [deleted] bin/Release/HorizonData/EBWebView/Default/Code Cache/js/62ebafc69ab63d3d_0
2026-09-21 16:53:40,660 [INFO]   [deleted] bin/Release/HorizonData/EBWebView/Default/Code Cache/js/64c0010e0b003e65_0
2026-09-21 16:53:40,660 [INFO]   [deleted] bin/Release/HorizonData/EBWebView/Default/Code Cache/js/66416b18424601b2_0
2026-09-21 16:53:40,661 [INFO]   [deleted] bin/Release/HorizonData/EBWebView/Default/Code Cache/js/67e4b73732f3ae16_0
2026-09-21 16:53:40,661 [INFO]   [deleted] bin/Release/HorizonData/EBWebView/Default/Code Cache/js/6815baa5322591c2_0
2026-09-21 16:53:40,661 [INFO]   [deleted] bin/Release/HorizonData/EBWebView/Default/Code Cache/js/69d74f99fd05b8f5_0
2026-09-21 16:53:40,661 [INFO]   [deleted] bin/Release/HorizonData/EBWebView/Default/Code Cache/js/6a29e1c45e953b04_0
2026-09-21 16:53:40,661 [INFO]   [deleted] bin/Release/HorizonData/EBWebView/Default/Code Cache/js/6a5f2f74491b0b10_0
2026-09-21 16:53:40,661 [INFO]   [deleted] bin/Release/HorizonData/EBWebView/Default/Code Cache/js/6a69cef7b05e2116_0
2026-09-21 16:53:40,661 [INFO]   [deleted] bin/Release/HorizonData/EBWebView/Default/Code Cache/js/6b905d6a03391e9b_0
2026-09-21 16:53:40,662 [INFO]   [deleted] bin/Release/HorizonData/EBWebView/Default/Code Cache/js/6c3763529eb6c42f_0
2026-09-21 16:53:40,662 [INFO]   [deleted] bin/Release/HorizonData/EBWebView/Default/Code Cache/js/6cc2c20d6d2d01d4_0
2026-09-21 16:53:40,662 [INFO]   [deleted] bin/Release/HorizonData/EBWebView/Default/Code Cache/js/6d83600370122c88_0
2026-09-21 16:53:40,662 [INFO]   [deleted] bin/Release/HorizonData/EBWebView/Default/Code Cache/js/6e2c3008b5beade3_0
2026-09-21 16:53:40,662 [INFO]   [deleted] bin/Release/HorizonData/EBWebView/Default/Code Cache/js/700dc727cb9bcc1e_0
2026-09-21 16:53:40,662 [INFO]   [deleted] bin/Release/HorizonData/EBWebView/Default/Code Cache/js/706fac09a8efc57d_0
2026-09-21 16:53:40,663 [INFO]   [deleted] bin/Release/HorizonData/EBWebView/Default/Code Cache/js/729e06121263e699_0
2026-09-21 16:53:40,663 [INFO]   [deleted] bin/Release/HorizonData/EBWebView/Default/Code Cache/js/73598283727f3d0c_0
2026-09-21 16:53:40,663 [INFO]   [deleted] bin/Release/HorizonData/EBWebView/Default/Code Cache/js/73d2efb9cf9769e7_0
2026-09-21 16:53:40,663 [INFO]   [deleted] bin/Release/HorizonData/EBWebView/Default/Code Cache/js/73d953c33c8cd15c_0
2026-09-21 16:53:40,663 [INFO]   [deleted] bin/Release/HorizonData/EBWebView/Default/Code Cache/js/750e718928cb9cc1_0
2026-09-21 16:53:40,664 [INFO]   [deleted] bin/Release/HorizonData/EBWebView/Default/Code Cache/js/75a67d19412e31c6_0
2026-09-21 16:53:40,664 [INFO]   [deleted] bin/Release/HorizonData/EBWebView/Default/Code Cache/js/75ce2afff720c5bc_0
2026-09-21 16:53:40,664 [INFO]   [deleted] bin/Release/HorizonData/EBWebView/Default/Code Cache/js/75f9d714a9a0530d_0
2026-09-21 16:53:40,664 [INFO]   [deleted] bin/Release/HorizonData/EBWebView/Default/Code Cache/js/76fe2c38f69e6c3e_0
2026-09-21 16:53:40,665 [INFO]   [deleted] bin/Release/HorizonData/EBWebView/Default/Code Cache/js/7733fbf967c4657e_0
2026-09-21 16:53:40,665 [INFO]   [deleted] bin/Release/HorizonData/EBWebView/Default/Code Cache/js/7770572c4d5a85c6_0
2026-09-21 16:53:40,665 [INFO]   [deleted] bin/Release/HorizonData/EBWebView/Default/Code Cache/js/7796935dc90f4611_0
2026-09-21 16:53:40,665 [INFO]   [deleted] bin/Release/HorizonData/EBWebView/Default/Code Cache/js/77b0b838786966f3_0
2026-09-21 16:53:40,665 [INFO]   [deleted] bin/Release/HorizonData/EBWebView/Default/Code Cache/js/77fd57b40e5f0945_0
2026-09-21 16:53:40,666 [INFO]   [deleted] bin/Release/HorizonData/EBWebView/Default/Code Cache/js/7830bb3c6aebc8d2_0
2026-09-21 16:53:40,666 [INFO]   [deleted] bin/Release/HorizonData/EBWebView/Default/Code Cache/js/7aa2a78c6711ee05_0
2026-09-21 16:53:40,666 [INFO]   [deleted] bin/Release/HorizonData/EBWebView/Default/Code Cache/js/7b45860dc27c51d2_0
2026-09-21 16:53:40,666 [INFO]   [deleted] bin/Release/HorizonData/EBWebView/Default/Code Cache/js/7c10f56e3e1c96b7_0
2026-09-21 16:53:40,666 [INFO]   [deleted] bin/Release/HorizonData/EBWebView/Default/Code Cache/js/7c49ae0efcea2fba_0
2026-09-21 16:53:40,667 [INFO]   [deleted] bin/Release/HorizonData/EBWebView/Default/Code Cache/js/7c4eca39ac31d3bf_0
2026-09-21 16:53:40,667 [INFO]   [deleted] bin/Release/HorizonData/EBWebView/Default/Code Cache/js/7cb42cd2778ad146_0
2026-09-21 16:53:40,667 [INFO]   [deleted] bin/Release/HorizonData/EBWebView/Default/Code Cache/js/7cee592cd11ccb85_0
2026-09-21 16:53:40,667 [INFO]   [deleted] bin/Release/HorizonData/EBWebView/Default/Code Cache/js/7e13452bd0baf78d_0
2026-09-21 16:53:40,667 [INFO]   [deleted] bin/Release/HorizonData/EBWebView/Default/Code Cache/js/7e77d93031b026df_0
2026-09-21 16:53:40,667 [INFO]   [deleted] bin/Release/HorizonData/EBWebView/Default/Code Cache/js/7ea7b5787d024c41_0
2026-09-21 16:53:40,668 [INFO]   [deleted] bin/Release/HorizonData/EBWebView/Default/Code Cache/js/7f4b4fe6877a5fa5_0
2026-09-21 16:53:40,668 [INFO]   [deleted] bin/Release/HorizonData/EBWebView/Default/Code Cache/js/80ae89df8ae7d4cb_0
2026-09-21 16:53:40,668 [INFO]   [deleted] bin/Release/HorizonData/EBWebView/Default/Code Cache/js/80c97569d2ef4727_0
2026-09-21 16:53:40,668 [INFO]   [deleted] bin/Release/HorizonData/EBWebView/Default/Code Cache/js/80ca0c4d0abbee4c_0
2026-09-21 16:53:40,668 [INFO]   [deleted] bin/Release/HorizonData/EBWebView/Default/Code Cache/js/8142d87dc62a8289_0
2026-09-21 16:53:40,668 [INFO]   [deleted] bin/Release/HorizonData/EBWebView/Default/Code Cache/js/81d5d441795a90ac_0
2026-09-21 16:53:40,669 [INFO]   [deleted] bin/Release/HorizonData/EBWebView/Default/Code Cache/js/81e62ae930589f44_0
2026-09-21 16:53:40,669 [INFO]   [deleted] bin/Release/HorizonData/EBWebView/Default/Code Cache/js/82315b06200d0f51_0
2026-09-21 16:53:40,669 [INFO]   [deleted] bin/Release/HorizonData/EBWebView/Default/Code Cache/js/8257e29537493481_0
2026-09-21 16:53:40,669 [INFO]   [deleted] bin/Release/HorizonData/EBWebView/Default/Code Cache/js/8309577bd3dfe91b_0
2026-09-21 16:53:40,669 [INFO]   [deleted] bin/Release/HorizonData/EBWebView/Default/Code Cache/js/83923ba863ef0328_0
2026-09-21 16:53:40,669 [INFO]   [deleted] bin/Release/HorizonData/EBWebView/Default/Code Cache/js/83dffb8c3174fef0_0
2026-09-21 16:53:40,670 [INFO]   [deleted] bin/Release/HorizonData/EBWebView/Default/Code Cache/js/85c0d128ae6d1da1_0
2026-09-21 16:53:40,670 [INFO]   [deleted] bin/Release/HorizonData/EBWebView/Default/Code Cache/js/86597e01f9217b47_0
2026-09-21 16:53:40,670 [INFO]   [deleted] bin/Release/HorizonData/EBWebView/Default/Code Cache/js/86a9dc20f88e211e_0
2026-09-21 16:53:40,671 [INFO]   [deleted] bin/Release/HorizonData/EBWebView/Default/Code Cache/js/8818a0082ce9f723_0
2026-09-21 16:53:40,671 [INFO]   [deleted] bin/Release/HorizonData/EBWebView/Default/Code Cache/js/88640dfb72b4d0b9_0
2026-09-21 16:53:40,671 [INFO]   [deleted] bin/Release/HorizonData/EBWebView/Default/Code Cache/js/8871a9ca939a2705_0
2026-09-21 16:53:40,671 [INFO]   [deleted] bin/Release/HorizonData/EBWebView/Default/Code Cache/js/89028526bc380681_0
2026-09-21 16:53:40,671 [INFO]   [deleted] bin/Release/HorizonData/EBWebView/Default/Code Cache/js/891dbe7f9c49cc7c_0
2026-09-21 16:53:40,671 [INFO]   [deleted] bin/Release/HorizonData/EBWebView/Default/Code Cache/js/8ae409e2dffaf445_0
2026-09-21 16:53:40,672 [INFO]   [deleted] bin/Release/HorizonData/EBWebView/Default/Code Cache/js/8b49d98d02614a25_0
2026-09-21 16:53:40,672 [INFO]   [deleted] bin/Release/HorizonData/EBWebView/Default/Code Cache/js/8b4a252cbf815bea_0
2026-09-21 16:53:40,672 [INFO]   [deleted] bin/Release/HorizonData/EBWebView/Default/Code Cache/js/8b87103f8561cdd7_0
2026-09-21 16:53:40,672 [INFO]   [deleted] bin/Release/HorizonData/EBWebView/Default/Code Cache/js/8bb0e185a0529c66_0
2026-09-21 16:53:40,672 [INFO]   [deleted] bin/Release/HorizonData/EBWebView/Default/Code Cache/js/8bbac0335be35a83_0
2026-09-21 16:53:40,672 [INFO]   [deleted] bin/Release/HorizonData/EBWebView/Default/Code Cache/js/8c6c37db201f7faf_0
2026-09-21 16:53:40,672 [INFO]   [deleted] bin/Release/HorizonData/EBWebView/Default/Code Cache/js/8d5ca1e661f2e6c5_0
2026-09-21 16:53:40,672 [INFO]   [deleted] bin/Release/HorizonData/EBWebView/Default/Code Cache/js/8dc5dfa83e38f1d4_0
2026-09-21 16:53:40,672 [INFO]   [deleted] bin/Release/HorizonData/EBWebView/Default/Code Cache/js/8dd013a50b6f7494_0
2026-09-21 16:53:40,673 [INFO]   [deleted] bin/Release/HorizonData/EBWebView/Default/Code Cache/js/8ddfab8cb1cec30d_0
2026-09-21 16:53:40,673 [INFO]   [deleted] bin/Release/HorizonData/EBWebView/Default/Code Cache/js/902ea3f71f655b6a_0
2026-09-21 16:53:40,673 [INFO]   [deleted] bin/Release/HorizonData/EBWebView/Default/Code Cache/js/909a42f141014997_0
2026-09-21 16:53:40,673 [INFO]   [deleted] bin/Release/HorizonData/EBWebView/Default/Code Cache/js/90d83890ae1d4820_0
2026-09-21 16:53:40,673 [INFO]   [deleted] bin/Release/HorizonData/EBWebView/Default/Code Cache/js/910198d377dddd36_0
2026-09-21 16:53:40,673 [INFO]   [deleted] bin/Release/HorizonData/EBWebView/Default/Code Cache/js/920c07db3f1a34c2_0
2026-09-21 16:53:40,673 [INFO]   [deleted] bin/Release/HorizonData/EBWebView/Default/Code Cache/js/928b3f1e19244afc_0
2026-09-21 16:53:40,673 [INFO]   [deleted] bin/Release/HorizonData/EBWebView/Default/Code Cache/js/92a4b5f9b32da0b3_0
2026-09-21 16:53:40,673 [INFO]   [deleted] bin/Release/HorizonData/EBWebView/Default/Code Cache/js/92b03997d45af18a_0
2026-09-21 16:53:40,673 [INFO]   [deleted] bin/Release/HorizonData/EBWebView/Default/Code Cache/js/92d6be4f5a100850_0
2026-09-21 16:53:40,674 [INFO]   [deleted] bin/Release/HorizonData/EBWebView/Default/Code Cache/js/9318887779393cc9_0
2026-09-21 16:53:40,674 [INFO]   [deleted] bin/Release/HorizonData/EBWebView/Default/Code Cache/js/941c2c2acfe13589_0
2026-09-21 16:53:40,674 [INFO]   [deleted] bin/Release/HorizonData/EBWebView/Default/Code Cache/js/95776333dfe668be_0
2026-09-21 16:53:40,674 [INFO]   [deleted] bin/Release/HorizonData/EBWebView/Default/Code Cache/js/97d01c453ca4dd4c_0
2026-09-21 16:53:40,674 [INFO]   [deleted] bin/Release/HorizonData/EBWebView/Default/Code Cache/js/97d02b97ea766e65_0
2026-09-21 16:53:40,675 [INFO]   [deleted] bin/Release/HorizonData/EBWebView/Default/Code Cache/js/9870b729e146b9f8_0
2026-09-21 16:53:40,675 [INFO]   [deleted] bin/Release/HorizonData/EBWebView/Default/Code Cache/js/98def3e77158b3d2_0
2026-09-21 16:53:40,675 [INFO]   [deleted] bin/Release/HorizonData/EBWebView/Default/Code Cache/js/98f29b078d991853_0
2026-09-21 16:53:40,675 [INFO]   [deleted] bin/Release/HorizonData/EBWebView/Default/Code Cache/js/990191b661d360f6_0
2026-09-21 16:53:40,675 [INFO]   [deleted] bin/Release/HorizonData/EBWebView/Default/Code Cache/js/9949003591f367df_0
2026-09-21 16:53:40,675 [INFO]   [deleted] bin/Release/HorizonData/EBWebView/Default/Code Cache/js/99b5610a24549a44_0
2026-09-21 16:53:40,675 [INFO]   [deleted] bin/Release/HorizonData/EBWebView/Default/Code Cache/js/9a24a8a48e855424_0
2026-09-21 16:53:40,676 [INFO]   [deleted] bin/Release/HorizonData/EBWebView/Default/Code Cache/js/9a9f26166dafbcff_0
2026-09-21 16:53:40,676 [INFO]   [deleted] bin/Release/HorizonData/EBWebView/Default/Code Cache/js/9b35b4179943f4f9_0
2026-09-21 16:53:40,676 [INFO]   [deleted] bin/Release/HorizonData/EBWebView/Default/Code Cache/js/9c601942de9e1307_0
2026-09-21 16:53:40,676 [INFO]   [deleted] bin/Release/HorizonData/EBWebView/Default/Code Cache/js/9dbf418880b89464_0
2026-09-21 16:53:40,676 [INFO]   [deleted] bin/Release/HorizonData/EBWebView/Default/Code Cache/js/9e07b06e8139ebbf_0
2026-09-21 16:53:40,676 [INFO]   [deleted] bin/Release/HorizonData/EBWebView/Default/Code Cache/js/9ec8aab95fff3370_0
2026-09-21 16:53:40,676 [INFO]   [deleted] bin/Release/HorizonData/EBWebView/Default/Code Cache/js/a01c0310ff320564_0
2026-09-21 16:53:40,677 [INFO]   [deleted] bin/Release/HorizonData/EBWebView/Default/Code Cache/js/a031e9f83427b6de_0
2026-09-21 16:53:40,677 [INFO]   [deleted] bin/Release/HorizonData/EBWebView/Default/Code Cache/js/a0bbe7530078111c_0
2026-09-21 16:53:40,677 [INFO]   [deleted] bin/Release/HorizonData/EBWebView/Default/Code Cache/js/a0ce1fb5ae763c47_0
2026-09-21 16:53:40,677 [INFO]   [deleted] bin/Release/HorizonData/EBWebView/Default/Code Cache/js/a0d854db23c4986e_0
2026-09-21 16:53:40,677 [INFO]   [deleted] bin/Release/HorizonData/EBWebView/Default/Code Cache/js/a1b4afd9cecbde61_0
2026-09-21 16:53:40,678 [INFO]   [deleted] bin/Release/HorizonData/EBWebView/Default/Code Cache/js/a1fa137b64fa4022_0
2026-09-21 16:53:40,678 [INFO]   [deleted] bin/Release/HorizonData/EBWebView/Default/Code Cache/js/a2e2d3ccdd40b565_0
2026-09-21 16:53:40,678 [INFO]   [deleted] bin/Release/HorizonData/EBWebView/Default/Code Cache/js/a47b0ea0a8a017fb_0
2026-09-21 16:53:40,678 [INFO]   [deleted] bin/Release/HorizonData/EBWebView/Default/Code Cache/js/a5a1aadf172914fe_0
2026-09-21 16:53:40,678 [INFO]   [deleted] bin/Release/HorizonData/EBWebView/Default/Code Cache/js/a5b8b39f63fde1bc_0
2026-09-21 16:53:40,678 [INFO]   [deleted] bin/Release/HorizonData/EBWebView/Default/Code Cache/js/a5fa9be99cd4d0af_0
2026-09-21 16:53:40,679 [INFO]   [deleted] bin/Release/HorizonData/EBWebView/Default/Code Cache/js/a6094d2874ab90de_0
2026-09-21 16:53:40,679 [INFO]   [deleted] bin/Release/HorizonData/EBWebView/Default/Code Cache/js/a62a4215b9346676_0
2026-09-21 16:53:40,679 [INFO]   [deleted] bin/Release/HorizonData/EBWebView/Default/Code Cache/js/a63a1197625004b3_0
2026-09-21 16:53:40,679 [INFO]   [deleted] bin/Release/HorizonData/EBWebView/Default/Code Cache/js/a810a0483ae40b23_0
2026-09-21 16:53:40,679 [INFO]   [deleted] bin/Release/HorizonData/EBWebView/Default/Code Cache/js/a8593ea97381b208_0
2026-09-21 16:53:40,680 [INFO]   [deleted] bin/Release/HorizonData/EBWebView/Default/Code Cache/js/a897015626d44c6b_0
2026-09-21 16:53:40,680 [INFO]   [deleted] bin/Release/HorizonData/EBWebView/Default/Code Cache/js/a8ad890aa570e093_0
2026-09-21 16:53:40,680 [INFO]   [deleted] bin/Release/HorizonData/EBWebView/Default/Code Cache/js/a99efcdec779dcdc_0
2026-09-21 16:53:40,680 [INFO]   [deleted] bin/Release/HorizonData/EBWebView/Default/Code Cache/js/aa6a1e8ce1426809_0
2026-09-21 16:53:40,680 [INFO]   [deleted] bin/Release/HorizonData/EBWebView/Default/Code Cache/js/aa9611a54af6bf36_0
2026-09-21 16:53:40,680 [INFO]   [deleted] bin/Release/HorizonData/EBWebView/Default/Code Cache/js/aafc135857612845_0
2026-09-21 16:53:40,680 [INFO]   [deleted] bin/Release/HorizonData/EBWebView/Default/Code Cache/js/ad2057eeb7705349_0
2026-09-21 16:53:40,681 [INFO]   [deleted] bin/Release/HorizonData/EBWebView/Default/Code Cache/js/ad31ef1ddebe25ec_0
2026-09-21 16:53:40,681 [INFO]   [deleted] bin/Release/HorizonData/EBWebView/Default/Code Cache/js/af08c8dfb60dc291_0
2026-09-21 16:53:40,681 [INFO]   [deleted] bin/Release/HorizonData/EBWebView/Default/Code Cache/js/b199925a04e1874e_0
2026-09-21 16:53:40,681 [INFO]   [deleted] bin/Release/HorizonData/EBWebView/Default/Code Cache/js/b1a93205baf980e8_0
2026-09-21 16:53:40,681 [INFO]   [deleted] bin/Release/HorizonData/EBWebView/Default/Code Cache/js/b1b0bc2357e152d8_0
2026-09-21 16:53:40,682 [INFO]   [deleted] bin/Release/HorizonData/EBWebView/Default/Code Cache/js/b2ad4ddd51204622_0
2026-09-21 16:53:40,682 [INFO]   [deleted] bin/Release/HorizonData/EBWebView/Default/Code Cache/js/b3f1056d02277b2e_0
2026-09-21 16:53:40,682 [INFO]   [deleted] bin/Release/HorizonData/EBWebView/Default/Code Cache/js/b6ca6ce343510893_0
2026-09-21 16:53:40,682 [INFO]   [deleted] bin/Release/HorizonData/EBWebView/Default/Code Cache/js/b6ebe0c7f8673633_0
2026-09-21 16:53:40,682 [INFO]   [deleted] bin/Release/HorizonData/EBWebView/Default/Code Cache/js/b75aece08654fcae_0
2026-09-21 16:53:40,682 [INFO]   [deleted] bin/Release/HorizonData/EBWebView/Default/Code Cache/js/b9cd5c9e189b7c91_0
2026-09-21 16:53:40,683 [INFO]   [deleted] bin/Release/HorizonData/EBWebView/Default/Code Cache/js/bb3e10180f60d452_0
2026-09-21 16:53:40,683 [INFO]   [deleted] bin/Release/HorizonData/EBWebView/Default/Code Cache/js/bb73546961cd6df8_0
2026-09-21 16:53:40,683 [INFO]   [deleted] bin/Release/HorizonData/EBWebView/Default/Code Cache/js/bbf72f37478d5754_0
2026-09-21 16:53:40,683 [INFO]   [deleted] bin/Release/HorizonData/EBWebView/Default/Code Cache/js/bd9a8ebd92bd0fb1_0
2026-09-21 16:53:40,683 [INFO]   [deleted] bin/Release/HorizonData/EBWebView/Default/Code Cache/js/bdaea414e9ce4e38_0
2026-09-21 16:53:40,683 [INFO]   [deleted] bin/Release/HorizonData/EBWebView/Default/Code Cache/js/be1546fea8ad5017_0
2026-09-21 16:53:40,684 [INFO]   [deleted] bin/Release/HorizonData/EBWebView/Default/Code Cache/js/bf073348812cd546_0
2026-09-21 16:53:40,684 [INFO]   [deleted] bin/Release/HorizonData/EBWebView/Default/Code Cache/js/bf3fabda45d6efc8_0
2026-09-21 16:53:40,684 [INFO]   [deleted] bin/Release/HorizonData/EBWebView/Default/Code Cache/js/c00dfea51d750af9_0
2026-09-21 16:53:40,684 [INFO]   [deleted] bin/Release/HorizonData/EBWebView/Default/Code Cache/js/c00f79b571e53a90_0
2026-09-21 16:53:40,684 [INFO]   [deleted] bin/Release/HorizonData/EBWebView/Default/Code Cache/js/c1e16c33e0d24977_0
2026-09-21 16:53:40,684 [INFO]   [deleted] bin/Release/HorizonData/EBWebView/Default/Code Cache/js/c20d71ecd0100ee8_0
2026-09-21 16:53:40,685 [INFO]   [deleted] bin/Release/HorizonData/EBWebView/Default/Code Cache/js/c2c2b3cc9051baa5_0
2026-09-21 16:53:40,685 [INFO]   [deleted] bin/Release/HorizonData/EBWebView/Default/Code Cache/js/c2f21af09aba525a_0
2026-09-21 16:53:40,685 [INFO]   [deleted] bin/Release/HorizonData/EBWebView/Default/Code Cache/js/c3f4f238755411ed_0
2026-09-21 16:53:40,685 [INFO]   [deleted] bin/Release/HorizonData/EBWebView/Default/Code Cache/js/c6b9313c8e6e51ca_0
2026-09-21 16:53:40,685 [INFO]   [deleted] bin/Release/HorizonData/EBWebView/Default/Code Cache/js/c6b94ec6df951cf6_0
2026-09-21 16:53:40,686 [INFO]   [deleted] bin/Release/HorizonData/EBWebView/Default/Code Cache/js/c6fd9b6fd7676322_0
2026-09-21 16:53:40,686 [INFO]   [deleted] bin/Release/HorizonData/EBWebView/Default/Code Cache/js/c7041477f118ee1a_0
2026-09-21 16:53:40,686 [INFO]   [deleted] bin/Release/HorizonData/EBWebView/Default/Code Cache/js/c7d30abc0e0ff55a_0
2026-09-21 16:53:40,686 [INFO]   [deleted] bin/Release/HorizonData/EBWebView/Default/Code Cache/js/c8e48afcc9f9dfb4_0
2026-09-21 16:53:40,686 [INFO]   [deleted] bin/Release/HorizonData/EBWebView/Default/Code Cache/js/c9d9dc059f1676a5_0
2026-09-21 16:53:40,687 [INFO]   [deleted] bin/Release/HorizonData/EBWebView/Default/Code Cache/js/cafc2e78c867be91_0
2026-09-21 16:53:40,687 [INFO]   [deleted] bin/Release/HorizonData/EBWebView/Default/Code Cache/js/cb3a90e9370cef07_0
2026-09-21 16:53:40,687 [INFO]   [deleted] bin/Release/HorizonData/EBWebView/Default/Code Cache/js/cccc43e45a5a6960_0
2026-09-21 16:53:40,687 [INFO]   [deleted] bin/Release/HorizonData/EBWebView/Default/Code Cache/js/cd82ba944fad5118_0
2026-09-21 16:53:40,687 [INFO]   [deleted] bin/Release/HorizonData/EBWebView/Default/Code Cache/js/cd9ec71b49f10925_0
2026-09-21 16:53:40,687 [INFO]   [deleted] bin/Release/HorizonData/EBWebView/Default/Code Cache/js/cdee42929affea09_0
2026-09-21 16:53:40,688 [INFO]   [deleted] bin/Release/HorizonData/EBWebView/Default/Code Cache/js/cdf731a6130495c9_0
2026-09-21 16:53:40,688 [INFO]   [deleted] bin/Release/HorizonData/EBWebView/Default/Code Cache/js/cf6d3e7947913a8c_0
2026-09-21 16:53:40,688 [INFO]   [deleted] bin/Release/HorizonData/EBWebView/Default/Code Cache/js/d08c288fcb831196_0
2026-09-21 16:53:40,688 [INFO]   [deleted] bin/Release/HorizonData/EBWebView/Default/Code Cache/js/d09a7b26ca5c5b1c_0
2026-09-21 16:53:40,689 [INFO]   [deleted] bin/Release/HorizonData/EBWebView/Default/Code Cache/js/d1000b77b936bbf5_0
2026-09-21 16:53:40,689 [INFO]   [deleted] bin/Release/HorizonData/EBWebView/Default/Code Cache/js/d3ab5bc620082724_0
2026-09-21 16:53:40,689 [INFO]   [deleted] bin/Release/HorizonData/EBWebView/Default/Code Cache/js/d53537e9a3e5472d_0
2026-09-21 16:53:40,689 [INFO]   [deleted] bin/Release/HorizonData/EBWebView/Default/Code Cache/js/d6f878a7f569f6be_0
2026-09-21 16:53:40,689 [INFO]   [deleted] bin/Release/HorizonData/EBWebView/Default/Code Cache/js/d6ffd5adef6f9780_0
2026-09-21 16:53:40,690 [INFO]   [deleted] bin/Release/HorizonData/EBWebView/Default/Code Cache/js/d738afecb311bf8f_0
2026-09-21 16:53:40,690 [INFO]   [deleted] bin/Release/HorizonData/EBWebView/Default/Code Cache/js/d8f08168df5e633f_0
2026-09-21 16:53:40,690 [INFO]   [deleted] bin/Release/HorizonData/EBWebView/Default/Code Cache/js/d92a2ba554ae9430_0
2026-09-21 16:53:40,690 [INFO]   [deleted] bin/Release/HorizonData/EBWebView/Default/Code Cache/js/d9f5c1dc-f8fe-443c-b79f-73949db5d5a6.tmp
2026-09-21 16:53:40,690 [INFO]   [deleted] bin/Release/HorizonData/EBWebView/Default/Code Cache/js/da34dff0bcb62624_0
2026-09-21 16:53:40,690 [INFO]   [deleted] bin/Release/HorizonData/EBWebView/Default/Code Cache/js/da474bbe5702481d_0
2026-09-21 16:53:40,690 [INFO]   [deleted] bin/Release/HorizonData/EBWebView/Default/Code Cache/js/db1823a3ff744d88_0
2026-09-21 16:53:40,690 [INFO]   [deleted] bin/Release/HorizonData/EBWebView/Default/Code Cache/js/dbc149b98865d134_0
2026-09-21 16:53:40,691 [INFO]   [deleted] bin/Release/HorizonData/EBWebView/Default/Code Cache/js/dcac0418fc975285_0
2026-09-21 16:53:40,691 [INFO]   [deleted] bin/Release/HorizonData/EBWebView/Default/Code Cache/js/dccd224e92bddd24_0
2026-09-21 16:53:40,691 [INFO]   [deleted] bin/Release/HorizonData/EBWebView/Default/Code Cache/js/de8ae10e19b4b086_0
2026-09-21 16:53:40,691 [INFO]   [deleted] bin/Release/HorizonData/EBWebView/Default/Code Cache/js/dea1fd92bb8cbf0a_0
2026-09-21 16:53:40,692 [INFO]   [deleted] bin/Release/HorizonData/EBWebView/Default/Code Cache/js/df2b36ffadcebb01_0
2026-09-21 16:53:40,692 [INFO]   [deleted] bin/Release/HorizonData/EBWebView/Default/Code Cache/js/df479de699269e3f_0
2026-09-21 16:53:40,692 [INFO]   [deleted] bin/Release/HorizonData/EBWebView/Default/Code Cache/js/dfca766ddb094e3a_0
2026-09-21 16:53:40,692 [INFO]   [deleted] bin/Release/HorizonData/EBWebView/Default/Code Cache/js/e0159b47c49a23d4_0
2026-09-21 16:53:40,692 [INFO]   [deleted] bin/Release/HorizonData/EBWebView/Default/Code Cache/js/e08a342f11c2b4d8_0
2026-09-21 16:53:40,692 [INFO]   [deleted] bin/Release/HorizonData/EBWebView/Default/Code Cache/js/e0bc52dcdce2e336_0
2026-09-21 16:53:40,693 [INFO]   [deleted] bin/Release/HorizonData/EBWebView/Default/Code Cache/js/e0e529bef6db25dd_0
2026-09-21 16:53:40,693 [INFO]   [deleted] bin/Release/HorizonData/EBWebView/Default/Code Cache/js/e13a798433bc05b6_0
2026-09-21 16:53:40,693 [INFO]   [deleted] bin/Release/HorizonData/EBWebView/Default/Code Cache/js/e14f7e9dd99336ce_0
2026-09-21 16:53:40,693 [INFO]   [deleted] bin/Release/HorizonData/EBWebView/Default/Code Cache/js/e3a309c676de0a5f_0
2026-09-21 16:53:40,693 [INFO]   [deleted] bin/Release/HorizonData/EBWebView/Default/Code Cache/js/e44ad3cd0b07a517_0
2026-09-21 16:53:40,693 [INFO]   [deleted] bin/Release/HorizonData/EBWebView/Default/Code Cache/js/e4ea1ef674a32d6d_0
2026-09-21 16:53:40,694 [INFO]   [deleted] bin/Release/HorizonData/EBWebView/Default/Code Cache/js/e524cbfdb4b02c32_0
2026-09-21 16:53:40,694 [INFO]   [deleted] bin/Release/HorizonData/EBWebView/Default/Code Cache/js/e5b36b100c26d200_0
2026-09-21 16:53:40,694 [INFO]   [deleted] bin/Release/HorizonData/EBWebView/Default/Code Cache/js/e5be169dd5b813f9_0
2026-09-21 16:53:40,695 [INFO]   [deleted] bin/Release/HorizonData/EBWebView/Default/Code Cache/js/e5c4a9f90aa0f87d_0
2026-09-21 16:53:40,695 [INFO]   [deleted] bin/Release/HorizonData/EBWebView/Default/Code Cache/js/e6afdfc6cc57adcf_0
2026-09-21 16:53:40,695 [INFO]   [deleted] bin/Release/HorizonData/EBWebView/Default/Code Cache/js/e8879a23b76234d5_0
2026-09-21 16:53:40,695 [INFO]   [deleted] bin/Release/HorizonData/EBWebView/Default/Code Cache/js/e9aa19718374ecc0_0
2026-09-21 16:53:40,695 [INFO]   [deleted] bin/Release/HorizonData/EBWebView/Default/Code Cache/js/ea8ba2135e947898_0
2026-09-21 16:53:40,695 [INFO]   [deleted] bin/Release/HorizonData/EBWebView/Default/Code Cache/js/eb090d2e8b6bc7c5_0
2026-09-21 16:53:40,695 [INFO]   [deleted] bin/Release/HorizonData/EBWebView/Default/Code Cache/js/eb8018a57d356e91_0
2026-09-21 16:53:40,696 [INFO]   [deleted] bin/Release/HorizonData/EBWebView/Default/Code Cache/js/ec85c2beb82685fe_0
2026-09-21 16:53:40,696 [INFO]   [deleted] bin/Release/HorizonData/EBWebView/Default/Code Cache/js/ed1ebccfd7b61ac2_0
2026-09-21 16:53:40,696 [INFO]   [deleted] bin/Release/HorizonData/EBWebView/Default/Code Cache/js/ee6dcd6c07f6470f_0
2026-09-21 16:53:40,696 [INFO]   [deleted] bin/Release/HorizonData/EBWebView/Default/Code Cache/js/ef6ddc210bae5091_0
2026-09-21 16:53:40,696 [INFO]   [deleted] bin/Release/HorizonData/EBWebView/Default/Code Cache/js/f14904204e0cae9d_0
2026-09-21 16:53:40,696 [INFO]   [deleted] bin/Release/HorizonData/EBWebView/Default/Code Cache/js/f1c61a15fbba8b68_0
2026-09-21 16:53:40,696 [INFO]   [deleted] bin/Release/HorizonData/EBWebView/Default/Code Cache/js/f22c278db29812f9_0
2026-09-21 16:53:40,697 [INFO]   [deleted] bin/Release/HorizonData/EBWebView/Default/Code Cache/js/f4bd7335de5c2cd2_0
2026-09-21 16:53:40,697 [INFO]   [deleted] bin/Release/HorizonData/EBWebView/Default/Code Cache/js/f5153fdf53256f8a_0
2026-09-21 16:53:40,697 [INFO]   [deleted] bin/Release/HorizonData/EBWebView/Default/Code Cache/js/f5a74d39c574e5fa_0
2026-09-21 16:53:40,697 [INFO]   [deleted] bin/Release/HorizonData/EBWebView/Default/Code Cache/js/f5c1d8a8db8c707b_0
2026-09-21 16:53:40,697 [INFO]   [deleted] bin/Release/HorizonData/EBWebView/Default/Code Cache/js/f6090645e91e43db_0
2026-09-21 16:53:40,697 [INFO]   [deleted] bin/Release/HorizonData/EBWebView/Default/Code Cache/js/f6fffb55bc115345_0
2026-09-21 16:53:40,698 [INFO]   [deleted] bin/Release/HorizonData/EBWebView/Default/Code Cache/js/f7beda5bc3d27201_0
2026-09-21 16:53:40,698 [INFO]   [deleted] bin/Release/HorizonData/EBWebView/Default/Code Cache/js/f82bd8f0441ee5e2_0
2026-09-21 16:53:40,698 [INFO]   [deleted] bin/Release/HorizonData/EBWebView/Default/Code Cache/js/f83a24f1134e8f91_0
2026-09-21 16:53:40,698 [INFO]   [deleted] bin/Release/HorizonData/EBWebView/Default/Code Cache/js/fa266473efc65535_0
2026-09-21 16:53:40,699 [INFO]   [deleted] bin/Release/HorizonData/EBWebView/Default/Code Cache/js/fbacac4251ebeb2d_0
2026-09-21 16:53:40,699 [INFO]   [deleted] bin/Release/HorizonData/EBWebView/Default/Code Cache/js/fbf45bdf3ff832a6_0
2026-09-21 16:53:40,699 [INFO]   [deleted] bin/Release/HorizonData/EBWebView/Default/Code Cache/js/fc94cf1d21304a77_0
2026-09-21 16:53:40,699 [INFO]   [deleted] bin/Release/HorizonData/EBWebView/Default/Code Cache/js/fcaca363c24dca05_0
2026-09-21 16:53:40,700 [INFO]   [deleted] bin/Release/HorizonData/EBWebView/Default/Code Cache/js/fcf0bfaba1bf0c04_0
2026-09-21 16:53:40,700 [INFO]   [deleted] bin/Release/HorizonData/EBWebView/Default/Code Cache/js/fdca45ffb0a3309f_0
2026-09-21 16:53:40,700 [INFO]   [deleted] bin/Release/HorizonData/EBWebView/Default/Code Cache/js/fe4af8ef2c8b8dc4_0
2026-09-21 16:53:40,700 [INFO]   [deleted] bin/Release/HorizonData/EBWebView/Default/Code Cache/js/fe7929590c218f10_0
2026-09-21 16:53:40,701 [INFO]   [deleted] bin/Release/HorizonData/EBWebView/Default/Code Cache/js/ff12c2fda33299fb_0
2026-09-21 16:53:40,701 [INFO]   [deleted] bin/Release/HorizonData/EBWebView/Default/Code Cache/js/index
2026-09-21 16:53:40,701 [INFO]   [deleted] bin/Release/HorizonData/EBWebView/Default/Code Cache/js/index-dir/the-real-index
2026-09-21 16:53:40,701 [INFO]   [deleted] bin/Release/HorizonData/EBWebView/Default/Code Cache/wasm/index
2026-09-21 16:53:40,701 [INFO]   [deleted] bin/Release/HorizonData/EBWebView/Default/Code Cache/wasm/index-dir/the-real-index
2026-09-21 16:53:40,701 [INFO]   [deleted] bin/Release/HorizonData/EBWebView/Default/DIPS
2026-09-21 16:53:40,701 [INFO]   [deleted] bin/Release/HorizonData/EBWebView/Default/DashTrackerDatabase
2026-09-21 16:53:40,702 [INFO]   [deleted] bin/Release/HorizonData/EBWebView/Default/DashTrackerDatabase-journal
2026-09-21 16:53:40,702 [INFO]   [deleted] bin/Release/HorizonData/EBWebView/Default/DawnGraphiteCache/data_0
2026-09-21 16:53:40,702 [INFO]   [deleted] bin/Release/HorizonData/EBWebView/Default/DawnGraphiteCache/data_1
2026-09-21 16:53:40,702 [INFO]   [deleted] bin/Release/HorizonData/EBWebView/Default/DawnGraphiteCache/data_2
2026-09-21 16:53:40,703 [INFO]   [deleted] bin/Release/HorizonData/EBWebView/Default/DawnGraphiteCache/data_3
2026-09-21 16:53:40,703 [INFO]   [deleted] bin/Release/HorizonData/EBWebView/Default/DawnGraphiteCache/index
2026-09-21 16:53:40,703 [INFO]   [deleted] bin/Release/HorizonData/EBWebView/Default/DawnWebGPUCache/data_0
2026-09-21 16:53:40,703 [INFO]   [deleted] bin/Release/HorizonData/EBWebView/Default/DawnWebGPUCache/data_1
2026-09-21 16:53:40,703 [INFO]   [deleted] bin/Release/HorizonData/EBWebView/Default/DawnWebGPUCache/data_2
2026-09-21 16:53:40,703 [INFO]   [deleted] bin/Release/HorizonData/EBWebView/Default/DawnWebGPUCache/data_3
2026-09-21 16:53:40,704 [INFO]   [deleted] bin/Release/HorizonData/EBWebView/Default/DawnWebGPUCache/index
2026-09-21 16:53:40,704 [INFO]   [deleted] bin/Release/HorizonData/EBWebView/Default/EdgeJourneys/EdgeJourneys.db
2026-09-21 16:53:40,704 [INFO]   [deleted] bin/Release/HorizonData/EBWebView/Default/EdgeSessions/SessionRestoreLog
2026-09-21 16:53:40,704 [INFO]   [deleted] bin/Release/HorizonData/EBWebView/Default/Extension Rules/000003.log
2026-09-21 16:53:40,704 [INFO]   [deleted] bin/Release/HorizonData/EBWebView/Default/Extension Rules/CURRENT
2026-09-21 16:53:40,705 [INFO]   [deleted] bin/Release/HorizonData/EBWebView/Default/Extension Rules/LOCK
2026-09-21 16:53:40,705 [INFO]   [deleted] bin/Release/HorizonData/EBWebView/Default/Extension Rules/LOG
2026-09-21 16:53:40,705 [INFO]   [deleted] bin/Release/HorizonData/EBWebView/Default/Extension Rules/LOG.old
2026-09-21 16:53:40,705 [INFO]   [deleted] bin/Release/HorizonData/EBWebView/Default/Extension Rules/MANIFEST-000001
2026-09-21 16:53:40,705 [INFO]   [deleted] bin/Release/HorizonData/EBWebView/Default/Extension Scripts/000003.log
2026-09-21 16:53:40,705 [INFO]   [deleted] bin/Release/HorizonData/EBWebView/Default/Extension Scripts/CURRENT
2026-09-21 16:53:40,706 [INFO]   [deleted] bin/Release/HorizonData/EBWebView/Default/Extension Scripts/LOCK
2026-09-21 16:53:40,706 [INFO]   [deleted] bin/Release/HorizonData/EBWebView/Default/Extension Scripts/LOG
2026-09-21 16:53:40,706 [INFO]   [deleted] bin/Release/HorizonData/EBWebView/Default/Extension Scripts/LOG.old
2026-09-21 16:53:40,706 [INFO]   [deleted] bin/Release/HorizonData/EBWebView/Default/Extension Scripts/MANIFEST-000001
2026-09-21 16:53:40,706 [INFO]   [deleted] bin/Release/HorizonData/EBWebView/Default/Extension State/000003.log
2026-09-21 16:53:40,706 [INFO]   [deleted] bin/Release/HorizonData/EBWebView/Default/Extension State/CURRENT
2026-09-21 16:53:40,706 [INFO]   [deleted] bin/Release/HorizonData/EBWebView/Default/Extension State/LOCK
2026-09-21 16:53:40,706 [INFO]   [deleted] bin/Release/HorizonData/EBWebView/Default/Extension State/LOG
2026-09-21 16:53:40,707 [INFO]   [deleted] bin/Release/HorizonData/EBWebView/Default/Extension State/LOG.old
2026-09-21 16:53:40,707 [INFO]   [deleted] bin/Release/HorizonData/EBWebView/Default/Extension State/MANIFEST-000001
2026-09-21 16:53:40,707 [INFO]   [deleted] bin/Release/HorizonData/EBWebView/Default/ExtensionActivityComp
2026-09-21 16:53:40,707 [INFO]   [deleted] bin/Release/HorizonData/EBWebView/Default/ExtensionActivityEdge
2026-09-21 16:53:40,707 [INFO]   [deleted] bin/Release/HorizonData/EBWebView/Default/ExtensionActivityEdge-journal
2026-09-21 16:53:40,707 [INFO]   [deleted] bin/Release/HorizonData/EBWebView/Default/Favicons
2026-09-21 16:53:40,707 [INFO]   [deleted] bin/Release/HorizonData/EBWebView/Default/Favicons-journal
2026-09-21 16:53:40,707 [INFO]   [deleted] bin/Release/HorizonData/EBWebView/Default/Feature Engagement Tracker/AvailabilityDB/LOCK
2026-09-21 16:53:40,707 [INFO]   [deleted] bin/Release/HorizonData/EBWebView/Default/Feature Engagement Tracker/AvailabilityDB/LOG
2026-09-21 16:53:40,708 [INFO]   [deleted] bin/Release/HorizonData/EBWebView/Default/Feature Engagement Tracker/AvailabilityDB/LOG.old
2026-09-21 16:53:40,708 [INFO]   [deleted] bin/Release/HorizonData/EBWebView/Default/Feature Engagement Tracker/EventDB/LOCK
2026-09-21 16:53:40,708 [INFO]   [deleted] bin/Release/HorizonData/EBWebView/Default/Feature Engagement Tracker/EventDB/LOG
2026-09-21 16:53:40,708 [INFO]   [deleted] bin/Release/HorizonData/EBWebView/Default/Feature Engagement Tracker/EventDB/LOG.old
2026-09-21 16:53:40,708 [INFO]   [deleted] bin/Release/HorizonData/EBWebView/Default/GPUCache/data_0
2026-09-21 16:53:40,708 [INFO]   [deleted] bin/Release/HorizonData/EBWebView/Default/GPUCache/data_1
2026-09-21 16:53:40,709 [INFO]   [deleted] bin/Release/HorizonData/EBWebView/Default/GPUCache/data_2
2026-09-21 16:53:40,709 [INFO]   [deleted] bin/Release/HorizonData/EBWebView/Default/GPUCache/data_3
2026-09-21 16:53:40,709 [INFO]   [deleted] bin/Release/HorizonData/EBWebView/Default/GPUCache/index
2026-09-21 16:53:40,709 [INFO]   [deleted] bin/Release/HorizonData/EBWebView/Default/History
2026-09-21 16:53:40,710 [INFO]   [deleted] bin/Release/HorizonData/EBWebView/Default/History-journal
2026-09-21 16:53:40,710 [INFO]   [deleted] bin/Release/HorizonData/EBWebView/Default/IndexedDB/chrome-extension_cknpchhamkghepdgmebdeeiklbmhajjb_0.indexeddb.leveldb/000003.log
2026-09-21 16:53:40,710 [INFO]   [deleted] bin/Release/HorizonData/EBWebView/Default/IndexedDB/chrome-extension_cknpchhamkghepdgmebdeeiklbmhajjb_0.indexeddb.leveldb/CURRENT
2026-09-21 16:53:40,710 [INFO]   [deleted] bin/Release/HorizonData/EBWebView/Default/IndexedDB/chrome-extension_cknpchhamkghepdgmebdeeiklbmhajjb_0.indexeddb.leveldb/LOCK
2026-09-21 16:53:40,710 [INFO]   [deleted] bin/Release/HorizonData/EBWebView/Default/IndexedDB/chrome-extension_cknpchhamkghepdgmebdeeiklbmhajjb_0.indexeddb.leveldb/LOG
2026-09-21 16:53:40,710 [INFO]   [deleted] bin/Release/HorizonData/EBWebView/Default/IndexedDB/chrome-extension_cknpchhamkghepdgmebdeeiklbmhajjb_0.indexeddb.leveldb/LOG.old
2026-09-21 16:53:40,711 [INFO]   [deleted] bin/Release/HorizonData/EBWebView/Default/IndexedDB/chrome-extension_cknpchhamkghepdgmebdeeiklbmhajjb_0.indexeddb.leveldb/MANIFEST-000001
2026-09-21 16:53:40,711 [INFO]   [deleted] bin/Release/HorizonData/EBWebView/Default/IndexedDB/chrome-extension_gjbcdalockdbdpjilfijigifebblleeo_0.indexeddb.blob/2/00/4
2026-09-21 16:53:40,711 [INFO]   [deleted] bin/Release/HorizonData/EBWebView/Default/IndexedDB/chrome-extension_gjbcdalockdbdpjilfijigifebblleeo_0.indexeddb.blob/2/00/5
2026-09-21 16:53:40,711 [INFO]   [deleted] bin/Release/HorizonData/EBWebView/Default/IndexedDB/chrome-extension_gjbcdalockdbdpjilfijigifebblleeo_0.indexeddb.blob/2/00/c
2026-09-21 16:53:40,711 [INFO]   [deleted] bin/Release/HorizonData/EBWebView/Default/IndexedDB/chrome-extension_gjbcdalockdbdpjilfijigifebblleeo_0.indexeddb.blob/2/00/d
2026-09-21 16:53:40,711 [INFO]   [deleted] bin/Release/HorizonData/EBWebView/Default/IndexedDB/chrome-extension_gjbcdalockdbdpjilfijigifebblleeo_0.indexeddb.leveldb/000036.ldb
2026-09-21 16:53:40,712 [INFO]   [deleted] bin/Release/HorizonData/EBWebView/Default/IndexedDB/chrome-extension_gjbcdalockdbdpjilfijigifebblleeo_0.indexeddb.leveldb/000037.log
2026-09-21 16:53:40,712 [INFO]   [deleted] bin/Release/HorizonData/EBWebView/Default/IndexedDB/chrome-extension_gjbcdalockdbdpjilfijigifebblleeo_0.indexeddb.leveldb/000039.ldb
2026-09-21 16:53:40,712 [INFO]   [deleted] bin/Release/HorizonData/EBWebView/Default/IndexedDB/chrome-extension_gjbcdalockdbdpjilfijigifebblleeo_0.indexeddb.leveldb/CURRENT
2026-09-21 16:53:40,712 [INFO]   [deleted] bin/Release/HorizonData/EBWebView/Default/IndexedDB/chrome-extension_gjbcdalockdbdpjilfijigifebblleeo_0.indexeddb.leveldb/LOCK
2026-09-21 16:53:40,713 [INFO]   [deleted] bin/Release/HorizonData/EBWebView/Default/IndexedDB/chrome-extension_gjbcdalockdbdpjilfijigifebblleeo_0.indexeddb.leveldb/LOG
2026-09-21 16:53:40,713 [INFO]   [deleted] bin/Release/HorizonData/EBWebView/Default/IndexedDB/chrome-extension_gjbcdalockdbdpjilfijigifebblleeo_0.indexeddb.leveldb/LOG.old
2026-09-21 16:53:40,713 [INFO]   [deleted] bin/Release/HorizonData/EBWebView/Default/IndexedDB/chrome-extension_gjbcdalockdbdpjilfijigifebblleeo_0.indexeddb.leveldb/MANIFEST-000001
2026-09-21 16:53:40,713 [INFO]   [deleted] bin/Release/HorizonData/EBWebView/Default/IndexedDB/chrome-extension_idompkcebcckjachidfhndpicmhicmjf_0.indexeddb.leveldb/000003.log
2026-09-21 16:53:40,714 [INFO]   [deleted] bin/Release/HorizonData/EBWebView/Default/IndexedDB/chrome-extension_idompkcebcckjachidfhndpicmhicmjf_0.indexeddb.leveldb/CURRENT
2026-09-21 16:53:40,714 [INFO]   [deleted] bin/Release/HorizonData/EBWebView/Default/IndexedDB/chrome-extension_idompkcebcckjachidfhndpicmhicmjf_0.indexeddb.leveldb/LOCK
2026-09-21 16:53:40,714 [INFO]   [deleted] bin/Release/HorizonData/EBWebView/Default/IndexedDB/chrome-extension_idompkcebcckjachidfhndpicmhicmjf_0.indexeddb.leveldb/LOG
2026-09-21 16:53:40,714 [INFO]   [deleted] bin/Release/HorizonData/EBWebView/Default/IndexedDB/chrome-extension_idompkcebcckjachidfhndpicmhicmjf_0.indexeddb.leveldb/MANIFEST-000001
2026-09-21 16:53:40,714 [INFO]   [deleted] bin/Release/HorizonData/EBWebView/Default/IndexedDB/chrome-extension_micabgbmbfjdcifaljgbioeiflcemnmo_0.indexeddb.leveldb/000003.log
2026-09-21 16:53:40,715 [INFO]   [deleted] bin/Release/HorizonData/EBWebView/Default/IndexedDB/chrome-extension_micabgbmbfjdcifaljgbioeiflcemnmo_0.indexeddb.leveldb/CURRENT
2026-09-21 16:53:40,715 [INFO]   [deleted] bin/Release/HorizonData/EBWebView/Default/IndexedDB/chrome-extension_micabgbmbfjdcifaljgbioeiflcemnmo_0.indexeddb.leveldb/LOCK
2026-09-21 16:53:40,715 [INFO]   [deleted] bin/Release/HorizonData/EBWebView/Default/IndexedDB/chrome-extension_micabgbmbfjdcifaljgbioeiflcemnmo_0.indexeddb.leveldb/LOG
2026-09-21 16:53:40,715 [INFO]   [deleted] bin/Release/HorizonData/EBWebView/Default/IndexedDB/chrome-extension_micabgbmbfjdcifaljgbioeiflcemnmo_0.indexeddb.leveldb/LOG.old
2026-09-21 16:53:40,715 [INFO]   [deleted] bin/Release/HorizonData/EBWebView/Default/IndexedDB/chrome-extension_micabgbmbfjdcifaljgbioeiflcemnmo_0.indexeddb.leveldb/MANIFEST-000001
2026-09-21 16:53:40,716 [INFO]   [deleted] bin/Release/HorizonData/EBWebView/Default/IndexedDB/https_music.youtube.com_0.indexeddb.leveldb/000003.log
2026-09-21 16:53:40,716 [INFO]   [deleted] bin/Release/HorizonData/EBWebView/Default/IndexedDB/https_music.youtube.com_0.indexeddb.leveldb/CURRENT
2026-09-21 16:53:40,716 [INFO]   [deleted] bin/Release/HorizonData/EBWebView/Default/IndexedDB/https_music.youtube.com_0.indexeddb.leveldb/LOCK
2026-09-21 16:53:40,716 [INFO]   [deleted] bin/Release/HorizonData/EBWebView/Default/IndexedDB/https_music.youtube.com_0.indexeddb.leveldb/LOG
2026-09-21 16:53:40,716 [INFO]   [deleted] bin/Release/HorizonData/EBWebView/Default/IndexedDB/https_music.youtube.com_0.indexeddb.leveldb/MANIFEST-000001
2026-09-21 16:53:40,717 [INFO]   [deleted] bin/Release/HorizonData/EBWebView/Default/IndexedDB/https_thebyteseffect.com_0.indexeddb.leveldb/000003.log
2026-09-21 16:53:40,717 [INFO]   [deleted] bin/Release/HorizonData/EBWebView/Default/IndexedDB/https_thebyteseffect.com_0.indexeddb.leveldb/CURRENT
2026-09-21 16:53:40,717 [INFO]   [deleted] bin/Release/HorizonData/EBWebView/Default/IndexedDB/https_thebyteseffect.com_0.indexeddb.leveldb/LOCK
2026-09-21 16:53:40,717 [INFO]   [deleted] bin/Release/HorizonData/EBWebView/Default/IndexedDB/https_thebyteseffect.com_0.indexeddb.leveldb/LOG
2026-09-21 16:53:40,717 [INFO]   [deleted] bin/Release/HorizonData/EBWebView/Default/IndexedDB/https_thebyteseffect.com_0.indexeddb.leveldb/MANIFEST-000001
2026-09-21 16:53:40,718 [INFO]   [deleted] bin/Release/HorizonData/EBWebView/Default/LOCK
2026-09-21 16:53:40,718 [INFO]   [deleted] bin/Release/HorizonData/EBWebView/Default/LOG
2026-09-21 16:53:40,718 [INFO]   [deleted] bin/Release/HorizonData/EBWebView/Default/LOG.old
2026-09-21 16:53:40,718 [INFO]   [deleted] bin/Release/HorizonData/EBWebView/Default/Local Extension Settings/cknpchhamkghepdgmebdeeiklbmhajjb/000003.log
2026-09-21 16:53:40,718 [INFO]   [deleted] bin/Release/HorizonData/EBWebView/Default/Local Extension Settings/cknpchhamkghepdgmebdeeiklbmhajjb/CURRENT
2026-09-21 16:53:40,719 [INFO]   [deleted] bin/Release/HorizonData/EBWebView/Default/Local Extension Settings/cknpchhamkghepdgmebdeeiklbmhajjb/LOCK
2026-09-21 16:53:40,719 [INFO]   [deleted] bin/Release/HorizonData/EBWebView/Default/Local Extension Settings/cknpchhamkghepdgmebdeeiklbmhajjb/LOG
2026-09-21 16:53:40,719 [INFO]   [deleted] bin/Release/HorizonData/EBWebView/Default/Local Extension Settings/cknpchhamkghepdgmebdeeiklbmhajjb/LOG.old
2026-09-21 16:53:40,719 [INFO]   [deleted] bin/Release/HorizonData/EBWebView/Default/Local Extension Settings/cknpchhamkghepdgmebdeeiklbmhajjb/MANIFEST-000001
2026-09-21 16:53:40,719 [INFO]   [deleted] bin/Release/HorizonData/EBWebView/Default/Local Extension Settings/enpiaeoobofcpedppdnooadnbaldkjih/000003.log
2026-09-21 16:53:40,720 [INFO]   [deleted] bin/Release/HorizonData/EBWebView/Default/Local Extension Settings/enpiaeoobofcpedppdnooadnbaldkjih/CURRENT
2026-09-21 16:53:40,720 [INFO]   [deleted] bin/Release/HorizonData/EBWebView/Default/Local Extension Settings/enpiaeoobofcpedppdnooadnbaldkjih/LOCK
2026-09-21 16:53:40,720 [INFO]   [deleted] bin/Release/HorizonData/EBWebView/Default/Local Extension Settings/enpiaeoobofcpedppdnooadnbaldkjih/LOG
2026-09-21 16:53:40,720 [INFO]   [deleted] bin/Release/HorizonData/EBWebView/Default/Local Extension Settings/enpiaeoobofcpedppdnooadnbaldkjih/LOG.old
2026-09-21 16:53:40,721 [INFO]   [deleted] bin/Release/HorizonData/EBWebView/Default/Local Extension Settings/enpiaeoobofcpedppdnooadnbaldkjih/MANIFEST-000001
2026-09-21 16:53:40,721 [INFO]   [deleted] bin/Release/HorizonData/EBWebView/Default/Local Extension Settings/fennofgmefeblbegldihhmpehdehoflg/000003.log
2026-09-21 16:53:40,721 [INFO]   [deleted] bin/Release/HorizonData/EBWebView/Default/Local Extension Settings/fennofgmefeblbegldihhmpehdehoflg/CURRENT
2026-09-21 16:53:40,721 [INFO]   [deleted] bin/Release/HorizonData/EBWebView/Default/Local Extension Settings/fennofgmefeblbegldihhmpehdehoflg/LOCK
2026-09-21 16:53:40,721 [INFO]   [deleted] bin/Release/HorizonData/EBWebView/Default/Local Extension Settings/fennofgmefeblbegldihhmpehdehoflg/LOG
2026-09-21 16:53:40,721 [INFO]   [deleted] bin/Release/HorizonData/EBWebView/Default/Local Extension Settings/fennofgmefeblbegldihhmpehdehoflg/LOG.old
2026-09-21 16:53:40,721 [INFO]   [deleted] bin/Release/HorizonData/EBWebView/Default/Local Extension Settings/fennofgmefeblbegldihhmpehdehoflg/MANIFEST-000001
2026-09-21 16:53:40,722 [INFO]   [deleted] bin/Release/HorizonData/EBWebView/Default/Local Extension Settings/fjfcaoomjhlpbniopilcfbpefalbhpba/000003.log
2026-09-21 16:53:40,722 [INFO]   [deleted] bin/Release/HorizonData/EBWebView/Default/Local Extension Settings/fjfcaoomjhlpbniopilcfbpefalbhpba/CURRENT
2026-09-21 16:53:40,722 [INFO]   [deleted] bin/Release/HorizonData/EBWebView/Default/Local Extension Settings/fjfcaoomjhlpbniopilcfbpefalbhpba/LOCK
2026-09-21 16:53:40,722 [INFO]   [deleted] bin/Release/HorizonData/EBWebView/Default/Local Extension Settings/fjfcaoomjhlpbniopilcfbpefalbhpba/LOG
2026-09-21 16:53:40,722 [INFO]   [deleted] bin/Release/HorizonData/EBWebView/Default/Local Extension Settings/fjfcaoomjhlpbniopilcfbpefalbhpba/LOG.old
2026-09-21 16:53:40,722 [INFO]   [deleted] bin/Release/HorizonData/EBWebView/Default/Local Extension Settings/fjfcaoomjhlpbniopilcfbpefalbhpba/MANIFEST-000001
2026-09-21 16:53:40,722 [INFO]   [deleted] bin/Release/HorizonData/EBWebView/Default/Local Extension Settings/gjbcdalockdbdpjilfijigifebblleeo/000005.ldb
2026-09-21 16:53:40,722 [INFO]   [deleted] bin/Release/HorizonData/EBWebView/Default/Local Extension Settings/gjbcdalockdbdpjilfijigifebblleeo/000016.ldb
2026-09-21 16:53:40,723 [INFO]   [deleted] bin/Release/HorizonData/EBWebView/Default/Local Extension Settings/gjbcdalockdbdpjilfijigifebblleeo/000018.log
2026-09-21 16:53:40,723 [INFO]   [deleted] bin/Release/HorizonData/EBWebView/Default/Local Extension Settings/gjbcdalockdbdpjilfijigifebblleeo/000019.ldb
2026-09-21 16:53:40,723 [INFO]   [deleted] bin/Release/HorizonData/EBWebView/Default/Local Extension Settings/gjbcdalockdbdpjilfijigifebblleeo/CURRENT
2026-09-21 16:53:40,723 [INFO]   [deleted] bin/Release/HorizonData/EBWebView/Default/Local Extension Settings/gjbcdalockdbdpjilfijigifebblleeo/LOCK
2026-09-21 16:53:40,723 [INFO]   [deleted] bin/Release/HorizonData/EBWebView/Default/Local Extension Settings/gjbcdalockdbdpjilfijigifebblleeo/LOG
2026-09-21 16:53:40,723 [INFO]   [deleted] bin/Release/HorizonData/EBWebView/Default/Local Extension Settings/gjbcdalockdbdpjilfijigifebblleeo/LOG.old
2026-09-21 16:53:40,723 [INFO]   [deleted] bin/Release/HorizonData/EBWebView/Default/Local Extension Settings/gjbcdalockdbdpjilfijigifebblleeo/MANIFEST-000001
2026-09-21 16:53:40,723 [INFO]   [deleted] bin/Release/HorizonData/EBWebView/Default/Local Extension Settings/llafjhmkffdlhpiojoipllmmedhckpgh/000003.log
2026-09-21 16:53:40,724 [INFO]   [deleted] bin/Release/HorizonData/EBWebView/Default/Local Extension Settings/llafjhmkffdlhpiojoipllmmedhckpgh/CURRENT
2026-09-21 16:53:40,724 [INFO]   [deleted] bin/Release/HorizonData/EBWebView/Default/Local Extension Settings/llafjhmkffdlhpiojoipllmmedhckpgh/LOCK
2026-09-21 16:53:40,724 [INFO]   [deleted] bin/Release/HorizonData/EBWebView/Default/Local Extension Settings/llafjhmkffdlhpiojoipllmmedhckpgh/LOG
2026-09-21 16:53:40,724 [INFO]   [deleted] bin/Release/HorizonData/EBWebView/Default/Local Extension Settings/llafjhmkffdlhpiojoipllmmedhckpgh/LOG.old
2026-09-21 16:53:40,724 [INFO]   [deleted] bin/Release/HorizonData/EBWebView/Default/Local Extension Settings/llafjhmkffdlhpiojoipllmmedhckpgh/MANIFEST-000001
2026-09-21 16:53:40,724 [INFO]   [deleted] bin/Release/HorizonData/EBWebView/Default/Local Extension Settings/mahdomgfmegkjcelplonolabemigokdm/000003.log
2026-09-21 16:53:40,725 [INFO]   [deleted] bin/Release/HorizonData/EBWebView/Default/Local Extension Settings/mahdomgfmegkjcelplonolabemigokdm/CURRENT
2026-09-21 16:53:40,725 [INFO]   [deleted] bin/Release/HorizonData/EBWebView/Default/Local Extension Settings/mahdomgfmegkjcelplonolabemigokdm/LOCK
2026-09-21 16:53:40,725 [INFO]   [deleted] bin/Release/HorizonData/EBWebView/Default/Local Extension Settings/mahdomgfmegkjcelplonolabemigokdm/LOG
2026-09-21 16:53:40,725 [INFO]   [deleted] bin/Release/HorizonData/EBWebView/Default/Local Extension Settings/mahdomgfmegkjcelplonolabemigokdm/LOG.old
2026-09-21 16:53:40,725 [INFO]   [deleted] bin/Release/HorizonData/EBWebView/Default/Local Extension Settings/mahdomgfmegkjcelplonolabemigokdm/MANIFEST-000001
2026-09-21 16:53:40,725 [INFO]   [deleted] bin/Release/HorizonData/EBWebView/Default/Local Extension Settings/micabgbmbfjdcifaljgbioeiflcemnmo/000003.log
2026-09-21 16:53:40,725 [INFO]   [deleted] bin/Release/HorizonData/EBWebView/Default/Local Extension Settings/micabgbmbfjdcifaljgbioeiflcemnmo/CURRENT
2026-09-21 16:53:40,726 [INFO]   [deleted] bin/Release/HorizonData/EBWebView/Default/Local Extension Settings/micabgbmbfjdcifaljgbioeiflcemnmo/LOCK
2026-09-21 16:53:40,726 [INFO]   [deleted] bin/Release/HorizonData/EBWebView/Default/Local Extension Settings/micabgbmbfjdcifaljgbioeiflcemnmo/LOG
2026-09-21 16:53:40,726 [INFO]   [deleted] bin/Release/HorizonData/EBWebView/Default/Local Extension Settings/micabgbmbfjdcifaljgbioeiflcemnmo/LOG.old
2026-09-21 16:53:40,726 [INFO]   [deleted] bin/Release/HorizonData/EBWebView/Default/Local Extension Settings/micabgbmbfjdcifaljgbioeiflcemnmo/MANIFEST-000001
2026-09-21 16:53:40,726 [INFO]   [deleted] bin/Release/HorizonData/EBWebView/Default/Local Extension Settings/pnbopgbekiomlhlfodahgbchgghkkkie/000003.log
2026-09-21 16:53:40,727 [INFO]   [deleted] bin/Release/HorizonData/EBWebView/Default/Local Extension Settings/pnbopgbekiomlhlfodahgbchgghkkkie/CURRENT
2026-09-21 16:53:40,727 [INFO]   [deleted] bin/Release/HorizonData/EBWebView/Default/Local Extension Settings/pnbopgbekiomlhlfodahgbchgghkkkie/LOCK
2026-09-21 16:53:40,727 [INFO]   [deleted] bin/Release/HorizonData/EBWebView/Default/Local Extension Settings/pnbopgbekiomlhlfodahgbchgghkkkie/LOG
2026-09-21 16:53:40,727 [INFO]   [deleted] bin/Release/HorizonData/EBWebView/Default/Local Extension Settings/pnbopgbekiomlhlfodahgbchgghkkkie/LOG.old
2026-09-21 16:53:40,727 [INFO]   [deleted] bin/Release/HorizonData/EBWebView/Default/Local Extension Settings/pnbopgbekiomlhlfodahgbchgghkkkie/MANIFEST-000001
2026-09-21 16:53:40,728 [INFO]   [deleted] bin/Release/HorizonData/EBWebView/Default/Local Storage/leveldb/000003.log
2026-09-21 16:53:40,728 [INFO]   [deleted] bin/Release/HorizonData/EBWebView/Default/Local Storage/leveldb/CURRENT
2026-09-21 16:53:40,728 [INFO]   [deleted] bin/Release/HorizonData/EBWebView/Default/Local Storage/leveldb/LOCK
2026-09-21 16:53:40,728 [INFO]   [deleted] bin/Release/HorizonData/EBWebView/Default/Local Storage/leveldb/LOG
2026-09-21 16:53:40,728 [INFO]   [deleted] bin/Release/HorizonData/EBWebView/Default/Local Storage/leveldb/LOG.old
2026-09-21 16:53:40,728 [INFO]   [deleted] bin/Release/HorizonData/EBWebView/Default/Local Storage/leveldb/MANIFEST-000001
2026-09-21 16:53:40,729 [INFO]   [deleted] bin/Release/HorizonData/EBWebView/Default/Login Data
2026-09-21 16:53:40,729 [INFO]   [deleted] bin/Release/HorizonData/EBWebView/Default/Login Data For Account
2026-09-21 16:53:40,729 [INFO]   [deleted] bin/Release/HorizonData/EBWebView/Default/Login Data For Account-journal
2026-09-21 16:53:40,729 [INFO]   [deleted] bin/Release/HorizonData/EBWebView/Default/Login Data-journal
2026-09-21 16:53:40,729 [INFO]   [deleted] bin/Release/HorizonData/EBWebView/Default/MediaDeviceSalts
2026-09-21 16:53:40,730 [INFO]   [deleted] bin/Release/HorizonData/EBWebView/Default/MediaDeviceSalts-journal
2026-09-21 16:53:40,730 [INFO]   [deleted] bin/Release/HorizonData/EBWebView/Default/Network Action Predictor
2026-09-21 16:53:40,730 [INFO]   [deleted] bin/Release/HorizonData/EBWebView/Default/Network Action Predictor-journal
2026-09-21 16:53:40,730 [INFO]   [deleted] bin/Release/HorizonData/EBWebView/Default/Network/Cookies
2026-09-21 16:53:40,731 [INFO]   [deleted] bin/Release/HorizonData/EBWebView/Default/Network/Cookies-journal
2026-09-21 16:53:40,731 [INFO]   [deleted] bin/Release/HorizonData/EBWebView/Default/Network/Device Bound Sessions
2026-09-21 16:53:40,731 [INFO]   [deleted] bin/Release/HorizonData/EBWebView/Default/Network/Device Bound Sessions-journal
2026-09-21 16:53:40,731 [INFO]   [deleted] bin/Release/HorizonData/EBWebView/Default/Network/Network Persistent State
2026-09-21 16:53:40,731 [INFO]   [deleted] bin/Release/HorizonData/EBWebView/Default/Network/NetworkDataMigrated
2026-09-21 16:53:40,731 [INFO]   [deleted] bin/Release/HorizonData/EBWebView/Default/Network/Reporting and NEL
2026-09-21 16:53:40,731 [INFO]   [deleted] bin/Release/HorizonData/EBWebView/Default/Network/Reporting and NEL-journal
2026-09-21 16:53:40,732 [INFO]   [deleted] bin/Release/HorizonData/EBWebView/Default/Network/SCT Auditing Pending Reports
2026-09-21 16:53:40,732 [INFO]   [deleted] bin/Release/HorizonData/EBWebView/Default/Network/Sdch Dictionaries
2026-09-21 16:53:40,732 [INFO]   [deleted] bin/Release/HorizonData/EBWebView/Default/Network/TransportSecurity
2026-09-21 16:53:40,732 [INFO]   [deleted] bin/Release/HorizonData/EBWebView/Default/Network/Trust Tokens
2026-09-21 16:53:40,733 [INFO]   [deleted] bin/Release/HorizonData/EBWebView/Default/Network/Trust Tokens-journal
2026-09-21 16:53:40,733 [INFO]   [deleted] bin/Release/HorizonData/EBWebView/Default/Password_Diagnostics/PMLog_13422023247647094
2026-09-21 16:53:40,733 [INFO]   [deleted] bin/Release/HorizonData/EBWebView/Default/PersistentOriginTrials/LOCK
2026-09-21 16:53:40,733 [INFO]   [deleted] bin/Release/HorizonData/EBWebView/Default/PersistentOriginTrials/LOG
2026-09-21 16:53:40,734 [INFO]   [deleted] bin/Release/HorizonData/EBWebView/Default/PersistentOriginTrials/LOG.old
2026-09-21 16:53:40,734 [INFO]   [deleted] bin/Release/HorizonData/EBWebView/Default/Platform Notifications/000003.log
2026-09-21 16:53:40,734 [INFO]   [deleted] bin/Release/HorizonData/EBWebView/Default/Platform Notifications/CURRENT
2026-09-21 16:53:40,734 [INFO]   [deleted] bin/Release/HorizonData/EBWebView/Default/Platform Notifications/LOCK
2026-09-21 16:53:40,734 [INFO]   [deleted] bin/Release/HorizonData/EBWebView/Default/Platform Notifications/LOG
2026-09-21 16:53:40,735 [INFO]   [deleted] bin/Release/HorizonData/EBWebView/Default/Platform Notifications/LOG.old
2026-09-21 16:53:40,735 [INFO]   [deleted] bin/Release/HorizonData/EBWebView/Default/Platform Notifications/MANIFEST-000001
2026-09-21 16:53:40,735 [INFO]   [deleted] bin/Release/HorizonData/EBWebView/Default/Preferences
2026-09-21 16:53:40,735 [INFO]   [deleted] bin/Release/HorizonData/EBWebView/Default/README
2026-09-21 16:53:40,735 [INFO]   [deleted] bin/Release/HorizonData/EBWebView/Default/Safe Browsing Network/NetworkDataMigrated
2026-09-21 16:53:40,736 [INFO]   [deleted] bin/Release/HorizonData/EBWebView/Default/Safe Browsing Network/Safe Browsing Cookies
2026-09-21 16:53:40,736 [INFO]   [deleted] bin/Release/HorizonData/EBWebView/Default/Safe Browsing Network/Safe Browsing Cookies-journal
2026-09-21 16:53:40,736 [INFO]   [deleted] bin/Release/HorizonData/EBWebView/Default/Secure Preferences
2026-09-21 16:53:40,736 [INFO]   [deleted] bin/Release/HorizonData/EBWebView/Default/ServerCertificate
2026-09-21 16:53:40,736 [INFO]   [deleted] bin/Release/HorizonData/EBWebView/Default/ServerCertificate-journal
2026-09-21 16:53:40,736 [INFO]   [deleted] bin/Release/HorizonData/EBWebView/Default/Service Worker/CacheStorage/1e538fbb9a411578d5bec848a4a4b012e8b26441/e61324ad-efcf-4993-a147-dbfbc543c56d/03723ec5564e7819_0
2026-09-21 16:53:40,737 [INFO]   [deleted] bin/Release/HorizonData/EBWebView/Default/Service Worker/CacheStorage/1e538fbb9a411578d5bec848a4a4b012e8b26441/e61324ad-efcf-4993-a147-dbfbc543c56d/091349bb42039481_0
2026-09-21 16:53:40,737 [INFO]   [deleted] bin/Release/HorizonData/EBWebView/Default/Service Worker/CacheStorage/1e538fbb9a411578d5bec848a4a4b012e8b26441/e61324ad-efcf-4993-a147-dbfbc543c56d/0b3bd81b114681fa_0
2026-09-21 16:53:40,737 [INFO]   [deleted] bin/Release/HorizonData/EBWebView/Default/Service Worker/CacheStorage/1e538fbb9a411578d5bec848a4a4b012e8b26441/e61324ad-efcf-4993-a147-dbfbc543c56d/0e68ef3e3bc686b2_0
2026-09-21 16:53:40,738 [INFO]   [deleted] bin/Release/HorizonData/EBWebView/Default/Service Worker/CacheStorage/1e538fbb9a411578d5bec848a4a4b012e8b26441/e61324ad-efcf-4993-a147-dbfbc543c56d/0efdd86b5e92caeb_0
2026-09-21 16:53:40,738 [INFO]   [deleted] bin/Release/HorizonData/EBWebView/Default/Service Worker/CacheStorage/1e538fbb9a411578d5bec848a4a4b012e8b26441/e61324ad-efcf-4993-a147-dbfbc543c56d/11948aeda14cd8cd_0
2026-09-21 16:53:40,738 [INFO]   [deleted] bin/Release/HorizonData/EBWebView/Default/Service Worker/CacheStorage/1e538fbb9a411578d5bec848a4a4b012e8b26441/e61324ad-efcf-4993-a147-dbfbc543c56d/152af16e821e5e53_0
2026-09-21 16:53:40,738 [INFO]   [deleted] bin/Release/HorizonData/EBWebView/Default/Service Worker/CacheStorage/1e538fbb9a411578d5bec848a4a4b012e8b26441/e61324ad-efcf-4993-a147-dbfbc543c56d/1862774b103cb550_0
2026-09-21 16:53:40,738 [INFO]   [deleted] bin/Release/HorizonData/EBWebView/Default/Service Worker/CacheStorage/1e538fbb9a411578d5bec848a4a4b012e8b26441/e61324ad-efcf-4993-a147-dbfbc543c56d/1ada7ade10cca105_0
2026-09-21 16:53:40,738 [INFO]   [deleted] bin/Release/HorizonData/EBWebView/Default/Service Worker/CacheStorage/1e538fbb9a411578d5bec848a4a4b012e8b26441/e61324ad-efcf-4993-a147-dbfbc543c56d/1d17e378da8f28e8_0
2026-09-21 16:53:40,738 [INFO]   [deleted] bin/Release/HorizonData/EBWebView/Default/Service Worker/CacheStorage/1e538fbb9a411578d5bec848a4a4b012e8b26441/e61324ad-efcf-4993-a147-dbfbc543c56d/22063dd5403b833c_0
2026-09-21 16:53:40,738 [INFO]   [deleted] bin/Release/HorizonData/EBWebView/Default/Service Worker/CacheStorage/1e538fbb9a411578d5bec848a4a4b012e8b26441/e61324ad-efcf-4993-a147-dbfbc543c56d/273c4b250c7bc824_0
2026-09-21 16:53:40,739 [INFO]   [deleted] bin/Release/HorizonData/EBWebView/Default/Service Worker/CacheStorage/1e538fbb9a411578d5bec848a4a4b012e8b26441/e61324ad-efcf-4993-a147-dbfbc543c56d/2e2413a06637b0ec_0
2026-09-21 16:53:40,739 [INFO]   [deleted] bin/Release/HorizonData/EBWebView/Default/Service Worker/CacheStorage/1e538fbb9a411578d5bec848a4a4b012e8b26441/e61324ad-efcf-4993-a147-dbfbc543c56d/3107558eea9ba321_0
2026-09-21 16:53:40,739 [INFO]   [deleted] bin/Release/HorizonData/EBWebView/Default/Service Worker/CacheStorage/1e538fbb9a411578d5bec848a4a4b012e8b26441/e61324ad-efcf-4993-a147-dbfbc543c56d/321911defb2f8cbc_0
2026-09-21 16:53:40,739 [INFO]   [deleted] bin/Release/HorizonData/EBWebView/Default/Service Worker/CacheStorage/1e538fbb9a411578d5bec848a4a4b012e8b26441/e61324ad-efcf-4993-a147-dbfbc543c56d/32690e9511f86989_0
2026-09-21 16:53:40,739 [INFO]   [deleted] bin/Release/HorizonData/EBWebView/Default/Service Worker/CacheStorage/1e538fbb9a411578d5bec848a4a4b012e8b26441/e61324ad-efcf-4993-a147-dbfbc543c56d/340d60e931bd37f7_0
2026-09-21 16:53:40,739 [INFO]   [deleted] bin/Release/HorizonData/EBWebView/Default/Service Worker/CacheStorage/1e538fbb9a411578d5bec848a4a4b012e8b26441/e61324ad-efcf-4993-a147-dbfbc543c56d/375db0c2ac836167_0
2026-09-21 16:53:40,739 [INFO]   [deleted] bin/Release/HorizonData/EBWebView/Default/Service Worker/CacheStorage/1e538fbb9a411578d5bec848a4a4b012e8b26441/e61324ad-efcf-4993-a147-dbfbc543c56d/383152c2a19b4e8f_0
2026-09-21 16:53:40,740 [INFO]   [deleted] bin/Release/HorizonData/EBWebView/Default/Service Worker/CacheStorage/1e538fbb9a411578d5bec848a4a4b012e8b26441/e61324ad-efcf-4993-a147-dbfbc543c56d/385bf01b84b6743c_0
2026-09-21 16:53:40,740 [INFO]   [deleted] bin/Release/HorizonData/EBWebView/Default/Service Worker/CacheStorage/1e538fbb9a411578d5bec848a4a4b012e8b26441/e61324ad-efcf-4993-a147-dbfbc543c56d/3d7948fc42349e78_0
2026-09-21 16:53:40,740 [INFO]   [deleted] bin/Release/HorizonData/EBWebView/Default/Service Worker/CacheStorage/1e538fbb9a411578d5bec848a4a4b012e8b26441/e61324ad-efcf-4993-a147-dbfbc543c56d/44fdad3a201128f8_0
2026-09-21 16:53:40,740 [INFO]   [deleted] bin/Release/HorizonData/EBWebView/Default/Service Worker/CacheStorage/1e538fbb9a411578d5bec848a4a4b012e8b26441/e61324ad-efcf-4993-a147-dbfbc543c56d/48ad33b5e6597f4d_0
2026-09-21 16:53:40,740 [INFO]   [deleted] bin/Release/HorizonData/EBWebView/Default/Service Worker/CacheStorage/1e538fbb9a411578d5bec848a4a4b012e8b26441/e61324ad-efcf-4993-a147-dbfbc543c56d/4b32244f47a52aa1_0
2026-09-21 16:53:40,740 [INFO]   [deleted] bin/Release/HorizonData/EBWebView/Default/Service Worker/CacheStorage/1e538fbb9a411578d5bec848a4a4b012e8b26441/e61324ad-efcf-4993-a147-dbfbc543c56d/4c4800b635ae2098_0
2026-09-21 16:53:40,740 [INFO]   [deleted] bin/Release/HorizonData/EBWebView/Default/Service Worker/CacheStorage/1e538fbb9a411578d5bec848a4a4b012e8b26441/e61324ad-efcf-4993-a147-dbfbc543c56d/4f926102e9d4c072_0
2026-09-21 16:53:40,740 [INFO]   [deleted] bin/Release/HorizonData/EBWebView/Default/Service Worker/CacheStorage/1e538fbb9a411578d5bec848a4a4b012e8b26441/e61324ad-efcf-4993-a147-dbfbc543c56d/5437f3efe07e0177_0
2026-09-21 16:53:40,741 [INFO]   [deleted] bin/Release/HorizonData/EBWebView/Default/Service Worker/CacheStorage/1e538fbb9a411578d5bec848a4a4b012e8b26441/e61324ad-efcf-4993-a147-dbfbc543c56d/577dbf0b91a4fd20_0
2026-09-21 16:53:40,741 [INFO]   [deleted] bin/Release/HorizonData/EBWebView/Default/Service Worker/CacheStorage/1e538fbb9a411578d5bec848a4a4b012e8b26441/e61324ad-efcf-4993-a147-dbfbc543c56d/5a89e5ba27a9709b_0
2026-09-21 16:53:40,741 [INFO]   [deleted] bin/Release/HorizonData/EBWebView/Default/Service Worker/CacheStorage/1e538fbb9a411578d5bec848a4a4b012e8b26441/e61324ad-efcf-4993-a147-dbfbc543c56d/5f35d08eae8058b3_0
2026-09-21 16:53:40,741 [INFO]   [deleted] bin/Release/HorizonData/EBWebView/Default/Service Worker/CacheStorage/1e538fbb9a411578d5bec848a4a4b012e8b26441/e61324ad-efcf-4993-a147-dbfbc543c56d/6b3d1b313bb275db_0
2026-09-21 16:53:40,742 [INFO]   [deleted] bin/Release/HorizonData/EBWebView/Default/Service Worker/CacheStorage/1e538fbb9a411578d5bec848a4a4b012e8b26441/e61324ad-efcf-4993-a147-dbfbc543c56d/6b991611054a2e9f_0
2026-09-21 16:53:40,742 [INFO]   [deleted] bin/Release/HorizonData/EBWebView/Default/Service Worker/CacheStorage/1e538fbb9a411578d5bec848a4a4b012e8b26441/e61324ad-efcf-4993-a147-dbfbc543c56d/704d1465ad2857ca_0
2026-09-21 16:53:40,742 [INFO]   [deleted] bin/Release/HorizonData/EBWebView/Default/Service Worker/CacheStorage/1e538fbb9a411578d5bec848a4a4b012e8b26441/e61324ad-efcf-4993-a147-dbfbc543c56d/72d06060f92aae74_0
2026-09-21 16:53:40,742 [INFO]   [deleted] bin/Release/HorizonData/EBWebView/Default/Service Worker/CacheStorage/1e538fbb9a411578d5bec848a4a4b012e8b26441/e61324ad-efcf-4993-a147-dbfbc543c56d/7866b425ec30631b_0
2026-09-21 16:53:40,742 [INFO]   [deleted] bin/Release/HorizonData/EBWebView/Default/Service Worker/CacheStorage/1e538fbb9a411578d5bec848a4a4b012e8b26441/e61324ad-efcf-4993-a147-dbfbc543c56d/82ef43183c18dbcf_0
2026-09-21 16:53:40,742 [INFO]   [deleted] bin/Release/HorizonData/EBWebView/Default/Service Worker/CacheStorage/1e538fbb9a411578d5bec848a4a4b012e8b26441/e61324ad-efcf-4993-a147-dbfbc543c56d/8383e54a78e96fc0_0
2026-09-21 16:53:40,742 [INFO]   [deleted] bin/Release/HorizonData/EBWebView/Default/Service Worker/CacheStorage/1e538fbb9a411578d5bec848a4a4b012e8b26441/e61324ad-efcf-4993-a147-dbfbc543c56d/864e3d21e753f81a_0
2026-09-21 16:53:40,743 [INFO]   [deleted] bin/Release/HorizonData/EBWebView/Default/Service Worker/CacheStorage/1e538fbb9a411578d5bec848a4a4b012e8b26441/e61324ad-efcf-4993-a147-dbfbc543c56d/8730e4942a92839c_0
2026-09-21 16:53:40,743 [INFO]   [deleted] bin/Release/HorizonData/EBWebView/Default/Service Worker/CacheStorage/1e538fbb9a411578d5bec848a4a4b012e8b26441/e61324ad-efcf-4993-a147-dbfbc543c56d/88c1d03bb90903c8_0
2026-09-21 16:53:40,743 [INFO]   [deleted] bin/Release/HorizonData/EBWebView/Default/Service Worker/CacheStorage/1e538fbb9a411578d5bec848a4a4b012e8b26441/e61324ad-efcf-4993-a147-dbfbc543c56d/8ba930f6d3763aad_0
2026-09-21 16:53:40,743 [INFO]   [deleted] bin/Release/HorizonData/EBWebView/Default/Service Worker/CacheStorage/1e538fbb9a411578d5bec848a4a4b012e8b26441/e61324ad-efcf-4993-a147-dbfbc543c56d/95db89fc6a02f451_0
2026-09-21 16:53:40,743 [INFO]   [deleted] bin/Release/HorizonData/EBWebView/Default/Service Worker/CacheStorage/1e538fbb9a411578d5bec848a4a4b012e8b26441/e61324ad-efcf-4993-a147-dbfbc543c56d/96723b9b77fbe36f_0
2026-09-21 16:53:40,744 [INFO]   [deleted] bin/Release/HorizonData/EBWebView/Default/Service Worker/CacheStorage/1e538fbb9a411578d5bec848a4a4b012e8b26441/e61324ad-efcf-4993-a147-dbfbc543c56d/97de5abfe883dbcf_0
2026-09-21 16:53:40,744 [INFO]   [deleted] bin/Release/HorizonData/EBWebView/Default/Service Worker/CacheStorage/1e538fbb9a411578d5bec848a4a4b012e8b26441/e61324ad-efcf-4993-a147-dbfbc543c56d/98064632364724f2_0
2026-09-21 16:53:40,744 [INFO]   [deleted] bin/Release/HorizonData/EBWebView/Default/Service Worker/CacheStorage/1e538fbb9a411578d5bec848a4a4b012e8b26441/e61324ad-efcf-4993-a147-dbfbc543c56d/9e92cd97c19c8248_0
2026-09-21 16:53:40,744 [INFO]   [deleted] bin/Release/HorizonData/EBWebView/Default/Service Worker/CacheStorage/1e538fbb9a411578d5bec848a4a4b012e8b26441/e61324ad-efcf-4993-a147-dbfbc543c56d/a85adbefb300ab4e_0
2026-09-21 16:53:40,744 [INFO]   [deleted] bin/Release/HorizonData/EBWebView/Default/Service Worker/CacheStorage/1e538fbb9a411578d5bec848a4a4b012e8b26441/e61324ad-efcf-4993-a147-dbfbc543c56d/ac93d1cd50506b33_0
2026-09-21 16:53:40,744 [INFO]   [deleted] bin/Release/HorizonData/EBWebView/Default/Service Worker/CacheStorage/1e538fbb9a411578d5bec848a4a4b012e8b26441/e61324ad-efcf-4993-a147-dbfbc543c56d/afbf989a8c95bf2e_0
2026-09-21 16:53:40,744 [INFO]   [deleted] bin/Release/HorizonData/EBWebView/Default/Service Worker/CacheStorage/1e538fbb9a411578d5bec848a4a4b012e8b26441/e61324ad-efcf-4993-a147-dbfbc543c56d/b2141b088ee5e98c_0
2026-09-21 16:53:40,745 [INFO]   [deleted] bin/Release/HorizonData/EBWebView/Default/Service Worker/CacheStorage/1e538fbb9a411578d5bec848a4a4b012e8b26441/e61324ad-efcf-4993-a147-dbfbc543c56d/b3f87b55d8dbfa47_0
2026-09-21 16:53:40,745 [INFO]   [deleted] bin/Release/HorizonData/EBWebView/Default/Service Worker/CacheStorage/1e538fbb9a411578d5bec848a4a4b012e8b26441/e61324ad-efcf-4993-a147-dbfbc543c56d/b571bf0ba8facec6_0
2026-09-21 16:53:40,745 [INFO]   [deleted] bin/Release/HorizonData/EBWebView/Default/Service Worker/CacheStorage/1e538fbb9a411578d5bec848a4a4b012e8b26441/e61324ad-efcf-4993-a147-dbfbc543c56d/b5f29d0312456036_0
2026-09-21 16:53:40,745 [INFO]   [deleted] bin/Release/HorizonData/EBWebView/Default/Service Worker/CacheStorage/1e538fbb9a411578d5bec848a4a4b012e8b26441/e61324ad-efcf-4993-a147-dbfbc543c56d/b6edcb759d6cadbf_0
2026-09-21 16:53:40,745 [INFO]   [deleted] bin/Release/HorizonData/EBWebView/Default/Service Worker/CacheStorage/1e538fbb9a411578d5bec848a4a4b012e8b26441/e61324ad-efcf-4993-a147-dbfbc543c56d/b7f636932c67bab4_0
2026-09-21 16:53:40,746 [INFO]   [deleted] bin/Release/HorizonData/EBWebView/Default/Service Worker/CacheStorage/1e538fbb9a411578d5bec848a4a4b012e8b26441/e61324ad-efcf-4993-a147-dbfbc543c56d/b8bb1a549c6dcc10_0
2026-09-21 16:53:40,746 [INFO]   [deleted] bin/Release/HorizonData/EBWebView/Default/Service Worker/CacheStorage/1e538fbb9a411578d5bec848a4a4b012e8b26441/e61324ad-efcf-4993-a147-dbfbc543c56d/b924469dce8b9a89_0
2026-09-21 16:53:40,746 [INFO]   [deleted] bin/Release/HorizonData/EBWebView/Default/Service Worker/CacheStorage/1e538fbb9a411578d5bec848a4a4b012e8b26441/e61324ad-efcf-4993-a147-dbfbc543c56d/ba2b0906a4df382c_0
2026-09-21 16:53:40,746 [INFO]   [deleted] bin/Release/HorizonData/EBWebView/Default/Service Worker/CacheStorage/1e538fbb9a411578d5bec848a4a4b012e8b26441/e61324ad-efcf-4993-a147-dbfbc543c56d/bcefea0b5feaa3e6_0
2026-09-21 16:53:40,746 [INFO]   [deleted] bin/Release/HorizonData/EBWebView/Default/Service Worker/CacheStorage/1e538fbb9a411578d5bec848a4a4b012e8b26441/e61324ad-efcf-4993-a147-dbfbc543c56d/be581dea90cddde7_0
2026-09-21 16:53:40,747 [INFO]   [deleted] bin/Release/HorizonData/EBWebView/Default/Service Worker/CacheStorage/1e538fbb9a411578d5bec848a4a4b012e8b26441/e61324ad-efcf-4993-a147-dbfbc543c56d/c8b473e0f9374235_0
2026-09-21 16:53:40,747 [INFO]   [deleted] bin/Release/HorizonData/EBWebView/Default/Service Worker/CacheStorage/1e538fbb9a411578d5bec848a4a4b012e8b26441/e61324ad-efcf-4993-a147-dbfbc543c56d/ca4b8e6b4b207a9b_0
2026-09-21 16:53:40,747 [INFO]   [deleted] bin/Release/HorizonData/EBWebView/Default/Service Worker/CacheStorage/1e538fbb9a411578d5bec848a4a4b012e8b26441/e61324ad-efcf-4993-a147-dbfbc543c56d/ca5a67fda3466f4d_0
2026-09-21 16:53:40,747 [INFO]   [deleted] bin/Release/HorizonData/EBWebView/Default/Service Worker/CacheStorage/1e538fbb9a411578d5bec848a4a4b012e8b26441/e61324ad-efcf-4993-a147-dbfbc543c56d/cc04a8364b7fbf4b_0
2026-09-21 16:53:40,748 [INFO]   [deleted] bin/Release/HorizonData/EBWebView/Default/Service Worker/CacheStorage/1e538fbb9a411578d5bec848a4a4b012e8b26441/e61324ad-efcf-4993-a147-dbfbc543c56d/cd85acb1c0e5f8f6_0
2026-09-21 16:53:40,748 [INFO]   [deleted] bin/Release/HorizonData/EBWebView/Default/Service Worker/CacheStorage/1e538fbb9a411578d5bec848a4a4b012e8b26441/e61324ad-efcf-4993-a147-dbfbc543c56d/cde968a267e2506f_0
2026-09-21 16:53:40,748 [INFO]   [deleted] bin/Release/HorizonData/EBWebView/Default/Service Worker/CacheStorage/1e538fbb9a411578d5bec848a4a4b012e8b26441/e61324ad-efcf-4993-a147-dbfbc543c56d/ce5fdc792b67fd6e_0
2026-09-21 16:53:40,748 [INFO]   [deleted] bin/Release/HorizonData/EBWebView/Default/Service Worker/CacheStorage/1e538fbb9a411578d5bec848a4a4b012e8b26441/e61324ad-efcf-4993-a147-dbfbc543c56d/d026a83c98b68c4a_0
2026-09-21 16:53:40,748 [INFO]   [deleted] bin/Release/HorizonData/EBWebView/Default/Service Worker/CacheStorage/1e538fbb9a411578d5bec848a4a4b012e8b26441/e61324ad-efcf-4993-a147-dbfbc543c56d/d094aec584cc1c06_0
2026-09-21 16:53:40,749 [INFO]   [deleted] bin/Release/HorizonData/EBWebView/Default/Service Worker/CacheStorage/1e538fbb9a411578d5bec848a4a4b012e8b26441/e61324ad-efcf-4993-a147-dbfbc543c56d/d57fe2c6b1537486_0
2026-09-21 16:53:40,749 [INFO]   [deleted] bin/Release/HorizonData/EBWebView/Default/Service Worker/CacheStorage/1e538fbb9a411578d5bec848a4a4b012e8b26441/e61324ad-efcf-4993-a147-dbfbc543c56d/d9509606979f3a92_0
2026-09-21 16:53:40,749 [INFO]   [deleted] bin/Release/HorizonData/EBWebView/Default/Service Worker/CacheStorage/1e538fbb9a411578d5bec848a4a4b012e8b26441/e61324ad-efcf-4993-a147-dbfbc543c56d/da6db244aef24adb_0
2026-09-21 16:53:40,749 [INFO]   [deleted] bin/Release/HorizonData/EBWebView/Default/Service Worker/CacheStorage/1e538fbb9a411578d5bec848a4a4b012e8b26441/e61324ad-efcf-4993-a147-dbfbc543c56d/dc1f0d705c07825e_0
2026-09-21 16:53:40,749 [INFO]   [deleted] bin/Release/HorizonData/EBWebView/Default/Service Worker/CacheStorage/1e538fbb9a411578d5bec848a4a4b012e8b26441/e61324ad-efcf-4993-a147-dbfbc543c56d/df0cb294d29fc0fe_0
2026-09-21 16:53:40,750 [INFO]   [deleted] bin/Release/HorizonData/EBWebView/Default/Service Worker/CacheStorage/1e538fbb9a411578d5bec848a4a4b012e8b26441/e61324ad-efcf-4993-a147-dbfbc543c56d/e49665df81d4c591_0
2026-09-21 16:53:40,750 [INFO]   [deleted] bin/Release/HorizonData/EBWebView/Default/Service Worker/CacheStorage/1e538fbb9a411578d5bec848a4a4b012e8b26441/e61324ad-efcf-4993-a147-dbfbc543c56d/e53200cb6d914edd_0
2026-09-21 16:53:40,750 [INFO]   [deleted] bin/Release/HorizonData/EBWebView/Default/Service Worker/CacheStorage/1e538fbb9a411578d5bec848a4a4b012e8b26441/e61324ad-efcf-4993-a147-dbfbc543c56d/e7639dc21c04a524_0
2026-09-21 16:53:40,750 [INFO]   [deleted] bin/Release/HorizonData/EBWebView/Default/Service Worker/CacheStorage/1e538fbb9a411578d5bec848a4a4b012e8b26441/e61324ad-efcf-4993-a147-dbfbc543c56d/e8f209bb953d0431_0
2026-09-21 16:53:40,750 [INFO]   [deleted] bin/Release/HorizonData/EBWebView/Default/Service Worker/CacheStorage/1e538fbb9a411578d5bec848a4a4b012e8b26441/e61324ad-efcf-4993-a147-dbfbc543c56d/eaffc3a9ed933df4_0
2026-09-21 16:53:40,751 [INFO]   [deleted] bin/Release/HorizonData/EBWebView/Default/Service Worker/CacheStorage/1e538fbb9a411578d5bec848a4a4b012e8b26441/e61324ad-efcf-4993-a147-dbfbc543c56d/edc224e63f046684_0
2026-09-21 16:53:40,751 [INFO]   [deleted] bin/Release/HorizonData/EBWebView/Default/Service Worker/CacheStorage/1e538fbb9a411578d5bec848a4a4b012e8b26441/e61324ad-efcf-4993-a147-dbfbc543c56d/f0192a7f283c74b2_0
2026-09-21 16:53:40,751 [INFO]   [deleted] bin/Release/HorizonData/EBWebView/Default/Service Worker/CacheStorage/1e538fbb9a411578d5bec848a4a4b012e8b26441/e61324ad-efcf-4993-a147-dbfbc543c56d/fccc7c9e7e8c80f8_0
2026-09-21 16:53:40,751 [INFO]   [deleted] bin/Release/HorizonData/EBWebView/Default/Service Worker/CacheStorage/1e538fbb9a411578d5bec848a4a4b012e8b26441/e61324ad-efcf-4993-a147-dbfbc543c56d/fdd89d27c13f85e5_0
2026-09-21 16:53:40,751 [INFO]   [deleted] bin/Release/HorizonData/EBWebView/Default/Service Worker/CacheStorage/1e538fbb9a411578d5bec848a4a4b012e8b26441/e61324ad-efcf-4993-a147-dbfbc543c56d/fff368752d794b37_0
2026-09-21 16:53:40,752 [INFO]   [deleted] bin/Release/HorizonData/EBWebView/Default/Service Worker/CacheStorage/1e538fbb9a411578d5bec848a4a4b012e8b26441/e61324ad-efcf-4993-a147-dbfbc543c56d/index
2026-09-21 16:53:40,752 [INFO]   [deleted] bin/Release/HorizonData/EBWebView/Default/Service Worker/CacheStorage/1e538fbb9a411578d5bec848a4a4b012e8b26441/e61324ad-efcf-4993-a147-dbfbc543c56d/index-dir/the-real-index
2026-09-21 16:53:40,752 [INFO]   [deleted] bin/Release/HorizonData/EBWebView/Default/Service Worker/CacheStorage/1e538fbb9a411578d5bec848a4a4b012e8b26441/index.txt
2026-09-21 16:53:40,752 [INFO]   [deleted] bin/Release/HorizonData/EBWebView/Default/Service Worker/Database/000003.log
2026-09-21 16:53:40,753 [INFO]   [deleted] bin/Release/HorizonData/EBWebView/Default/Service Worker/Database/CURRENT
2026-09-21 16:53:40,753 [INFO]   [deleted] bin/Release/HorizonData/EBWebView/Default/Service Worker/Database/LOCK
2026-09-21 16:53:40,753 [INFO]   [deleted] bin/Release/HorizonData/EBWebView/Default/Service Worker/Database/LOG
2026-09-21 16:53:40,753 [INFO]   [deleted] bin/Release/HorizonData/EBWebView/Default/Service Worker/Database/LOG.old
2026-09-21 16:53:40,753 [INFO]   [deleted] bin/Release/HorizonData/EBWebView/Default/Service Worker/Database/MANIFEST-000001
2026-09-21 16:53:40,753 [INFO]   [deleted] bin/Release/HorizonData/EBWebView/Default/Service Worker/ScriptCache/009c63609679d1cf_0
2026-09-21 16:53:40,754 [INFO]   [deleted] bin/Release/HorizonData/EBWebView/Default/Service Worker/ScriptCache/013888a1cda32b90_0
2026-09-21 16:53:40,754 [INFO]   [deleted] bin/Release/HorizonData/EBWebView/Default/Service Worker/ScriptCache/013888a1cda32b90_1
2026-09-21 16:53:40,754 [INFO]   [deleted] bin/Release/HorizonData/EBWebView/Default/Service Worker/ScriptCache/08bdbf206a472600_0
2026-09-21 16:53:40,754 [INFO]   [deleted] bin/Release/HorizonData/EBWebView/Default/Service Worker/ScriptCache/09008b1d0549f7ab_0
2026-09-21 16:53:40,754 [INFO]   [deleted] bin/Release/HorizonData/EBWebView/Default/Service Worker/ScriptCache/09dd09a6623d77a1_0
2026-09-21 16:53:40,754 [INFO]   [deleted] bin/Release/HorizonData/EBWebView/Default/Service Worker/ScriptCache/0b792330520baa9a_0
2026-09-21 16:53:40,755 [INFO]   [deleted] bin/Release/HorizonData/EBWebView/Default/Service Worker/ScriptCache/0b8d03323a5a6e07_0
2026-09-21 16:53:40,755 [INFO]   [deleted] bin/Release/HorizonData/EBWebView/Default/Service Worker/ScriptCache/0cac6d3631916f8d_0
2026-09-21 16:53:40,755 [INFO]   [deleted] bin/Release/HorizonData/EBWebView/Default/Service Worker/ScriptCache/1055481490f58805_0
2026-09-21 16:53:40,755 [INFO]   [deleted] bin/Release/HorizonData/EBWebView/Default/Service Worker/ScriptCache/117d142383163ca9_0
2026-09-21 16:53:40,755 [INFO]   [deleted] bin/Release/HorizonData/EBWebView/Default/Service Worker/ScriptCache/12d2b185ec62111a_0
2026-09-21 16:53:40,755 [INFO]   [deleted] bin/Release/HorizonData/EBWebView/Default/Service Worker/ScriptCache/130d5ab08abb09a6_0
2026-09-21 16:53:40,756 [INFO]   [deleted] bin/Release/HorizonData/EBWebView/Default/Service Worker/ScriptCache/14e7e9252ca2e7b6_0
2026-09-21 16:53:40,756 [INFO]   [deleted] bin/Release/HorizonData/EBWebView/Default/Service Worker/ScriptCache/1a168afddb7eaf90_0
2026-09-21 16:53:40,756 [INFO]   [deleted] bin/Release/HorizonData/EBWebView/Default/Service Worker/ScriptCache/1a44a79864a22847_0
2026-09-21 16:53:40,756 [INFO]   [deleted] bin/Release/HorizonData/EBWebView/Default/Service Worker/ScriptCache/1f4fc4ac2489c6b0_0
2026-09-21 16:53:40,756 [INFO]   [deleted] bin/Release/HorizonData/EBWebView/Default/Service Worker/ScriptCache/24100a74bb7d3820_0
2026-09-21 16:53:40,757 [INFO]   [deleted] bin/Release/HorizonData/EBWebView/Default/Service Worker/ScriptCache/25aaa8074a29cf86_0
2026-09-21 16:53:40,757 [INFO]   [deleted] bin/Release/HorizonData/EBWebView/Default/Service Worker/ScriptCache/26d1f970a09a4ca8_0
2026-09-21 16:53:40,757 [INFO]   [deleted] bin/Release/HorizonData/EBWebView/Default/Service Worker/ScriptCache/27622751cc830f3e_0
2026-09-21 16:53:40,757 [INFO]   [deleted] bin/Release/HorizonData/EBWebView/Default/Service Worker/ScriptCache/297ecea5cebb5dfe_0
2026-09-21 16:53:40,757 [INFO]   [deleted] bin/Release/HorizonData/EBWebView/Default/Service Worker/ScriptCache/297ecea5cebb5dfe_1
2026-09-21 16:53:40,758 [INFO]   [deleted] bin/Release/HorizonData/EBWebView/Default/Service Worker/ScriptCache/2cc80dabc69f58b6_0
2026-09-21 16:53:40,758 [INFO]   [deleted] bin/Release/HorizonData/EBWebView/Default/Service Worker/ScriptCache/2cc80dabc69f58b6_1
2026-09-21 16:53:40,758 [INFO]   [deleted] bin/Release/HorizonData/EBWebView/Default/Service Worker/ScriptCache/2cfef0e5a0f2936d_0
2026-09-21 16:53:40,758 [INFO]   [deleted] bin/Release/HorizonData/EBWebView/Default/Service Worker/ScriptCache/2d5e07bc3c67635e_0
2026-09-21 16:53:40,758 [INFO]   [deleted] bin/Release/HorizonData/EBWebView/Default/Service Worker/ScriptCache/32eae9c186dc8089_0
2026-09-21 16:53:40,758 [INFO]   [deleted] bin/Release/HorizonData/EBWebView/Default/Service Worker/ScriptCache/38992e00d1274191_0
2026-09-21 16:53:40,759 [INFO]   [deleted] bin/Release/HorizonData/EBWebView/Default/Service Worker/ScriptCache/40a21a6a5c2d889c_0
2026-09-21 16:53:40,759 [INFO]   [deleted] bin/Release/HorizonData/EBWebView/Default/Service Worker/ScriptCache/418e80f99e974dbe_0
2026-09-21 16:53:40,759 [INFO]   [deleted] bin/Release/HorizonData/EBWebView/Default/Service Worker/ScriptCache/449d86748cd51507_0
2026-09-21 16:53:40,759 [INFO]   [deleted] bin/Release/HorizonData/EBWebView/Default/Service Worker/ScriptCache/4698ecea4d4dad56_0
2026-09-21 16:53:40,759 [INFO]   [deleted] bin/Release/HorizonData/EBWebView/Default/Service Worker/ScriptCache/4698ecea4d4dad56_1
2026-09-21 16:53:40,759 [INFO]   [deleted] bin/Release/HorizonData/EBWebView/Default/Service Worker/ScriptCache/46a4b4aebfdaa48d_0
2026-09-21 16:53:40,759 [INFO]   [deleted] bin/Release/HorizonData/EBWebView/Default/Service Worker/ScriptCache/4cb013792b196a35_0
2026-09-21 16:53:40,760 [INFO]   [deleted] bin/Release/HorizonData/EBWebView/Default/Service Worker/ScriptCache/4cb013792b196a35_1
2026-09-21 16:53:40,760 [INFO]   [deleted] bin/Release/HorizonData/EBWebView/Default/Service Worker/ScriptCache/5037c89965fa5fae_0
2026-09-21 16:53:40,760 [INFO]   [deleted] bin/Release/HorizonData/EBWebView/Default/Service Worker/ScriptCache/50b5da359e6f22d0_0
2026-09-21 16:53:40,760 [INFO]   [deleted] bin/Release/HorizonData/EBWebView/Default/Service Worker/ScriptCache/5179d7e668773011_0
2026-09-21 16:53:40,760 [INFO]   [deleted] bin/Release/HorizonData/EBWebView/Default/Service Worker/ScriptCache/5779b052d5b25145_0
2026-09-21 16:53:40,761 [INFO]   [deleted] bin/Release/HorizonData/EBWebView/Default/Service Worker/ScriptCache/5d771a05a5f45d29_0
2026-09-21 16:53:40,761 [INFO]   [deleted] bin/Release/HorizonData/EBWebView/Default/Service Worker/ScriptCache/602a34051cfc2eed_0
2026-09-21 16:53:40,761 [INFO]   [deleted] bin/Release/HorizonData/EBWebView/Default/Service Worker/ScriptCache/63be69ca5d5015c4_0
2026-09-21 16:53:40,761 [INFO]   [deleted] bin/Release/HorizonData/EBWebView/Default/Service Worker/ScriptCache/679e0b7317f2041b_0
2026-09-21 16:53:40,761 [INFO]   [deleted] bin/Release/HorizonData/EBWebView/Default/Service Worker/ScriptCache/67a473248953641b_0
2026-09-21 16:53:40,762 [INFO]   [deleted] bin/Release/HorizonData/EBWebView/Default/Service Worker/ScriptCache/67a473248953641b_1
2026-09-21 16:53:40,762 [INFO]   [deleted] bin/Release/HorizonData/EBWebView/Default/Service Worker/ScriptCache/6cb56d63a90f990d_0
2026-09-21 16:53:40,762 [INFO]   [deleted] bin/Release/HorizonData/EBWebView/Default/Service Worker/ScriptCache/6e08a40cf80d1181_0
2026-09-21 16:53:40,762 [INFO]   [deleted] bin/Release/HorizonData/EBWebView/Default/Service Worker/ScriptCache/738bb294f89e1335_0
2026-09-21 16:53:40,762 [INFO]   [deleted] bin/Release/HorizonData/EBWebView/Default/Service Worker/ScriptCache/796b7562219390f0_0
2026-09-21 16:53:40,763 [INFO]   [deleted] bin/Release/HorizonData/EBWebView/Default/Service Worker/ScriptCache/79a60028be9c3010_0
2026-09-21 16:53:40,763 [INFO]   [deleted] bin/Release/HorizonData/EBWebView/Default/Service Worker/ScriptCache/79b5c737f7ab9642_0
2026-09-21 16:53:40,763 [INFO]   [deleted] bin/Release/HorizonData/EBWebView/Default/Service Worker/ScriptCache/7b5fb5b1483213a5_0
2026-09-21 16:53:40,763 [INFO]   [deleted] bin/Release/HorizonData/EBWebView/Default/Service Worker/ScriptCache/7c4cc75bcf4907c3_0
2026-09-21 16:53:40,763 [INFO]   [deleted] bin/Release/HorizonData/EBWebView/Default/Service Worker/ScriptCache/7d1277d0a0eef700_0
2026-09-21 16:53:40,763 [INFO]   [deleted] bin/Release/HorizonData/EBWebView/Default/Service Worker/ScriptCache/7de293882cd2065e_0
2026-09-21 16:53:40,764 [INFO]   [deleted] bin/Release/HorizonData/EBWebView/Default/Service Worker/ScriptCache/808f4ae21f10416c_0
2026-09-21 16:53:40,764 [INFO]   [deleted] bin/Release/HorizonData/EBWebView/Default/Service Worker/ScriptCache/820472a405c1a189_0
2026-09-21 16:53:40,764 [INFO]   [deleted] bin/Release/HorizonData/EBWebView/Default/Service Worker/ScriptCache/8258e27027d54dcb_0
2026-09-21 16:53:40,764 [INFO]   [deleted] bin/Release/HorizonData/EBWebView/Default/Service Worker/ScriptCache/82ee882be6fc216e_0
2026-09-21 16:53:40,764 [INFO]   [deleted] bin/Release/HorizonData/EBWebView/Default/Service Worker/ScriptCache/88a4c2fd955a7097_0
2026-09-21 16:53:40,764 [INFO]   [deleted] bin/Release/HorizonData/EBWebView/Default/Service Worker/ScriptCache/8b860a2f86638734_0
2026-09-21 16:53:40,764 [INFO]   [deleted] bin/Release/HorizonData/EBWebView/Default/Service Worker/ScriptCache/8ddc3053957b7fab_0
2026-09-21 16:53:40,764 [INFO]   [deleted] bin/Release/HorizonData/EBWebView/Default/Service Worker/ScriptCache/8e72542801e3a525_0
2026-09-21 16:53:40,765 [INFO]   [deleted] bin/Release/HorizonData/EBWebView/Default/Service Worker/ScriptCache/914b7547906f398d_0
2026-09-21 16:53:40,765 [INFO]   [deleted] bin/Release/HorizonData/EBWebView/Default/Service Worker/ScriptCache/91b3ea2d941cb397_0
2026-09-21 16:53:40,765 [INFO]   [deleted] bin/Release/HorizonData/EBWebView/Default/Service Worker/ScriptCache/982e0f881292c681_0
2026-09-21 16:53:40,765 [INFO]   [deleted] bin/Release/HorizonData/EBWebView/Default/Service Worker/ScriptCache/99116d486f284af4_0
2026-09-21 16:53:40,765 [INFO]   [deleted] bin/Release/HorizonData/EBWebView/Default/Service Worker/ScriptCache/9a217e9c08916dcd_0
2026-09-21 16:53:40,765 [INFO]   [deleted] bin/Release/HorizonData/EBWebView/Default/Service Worker/ScriptCache/9b14912231f64755_0
2026-09-21 16:53:40,765 [INFO]   [deleted] bin/Release/HorizonData/EBWebView/Default/Service Worker/ScriptCache/9e67022e6bb14133_0
2026-09-21 16:53:40,766 [INFO]   [deleted] bin/Release/HorizonData/EBWebView/Default/Service Worker/ScriptCache/a0f8700973795685_0
2026-09-21 16:53:40,766 [INFO]   [deleted] bin/Release/HorizonData/EBWebView/Default/Service Worker/ScriptCache/a29d487f541600d2_0
2026-09-21 16:53:40,766 [INFO]   [deleted] bin/Release/HorizonData/EBWebView/Default/Service Worker/ScriptCache/a6da08e680c55a2a_0
2026-09-21 16:53:40,766 [INFO]   [deleted] bin/Release/HorizonData/EBWebView/Default/Service Worker/ScriptCache/a956f0ce96eb29c8_0
2026-09-21 16:53:40,766 [INFO]   [deleted] bin/Release/HorizonData/EBWebView/Default/Service Worker/ScriptCache/aa4414e246438143_0
2026-09-21 16:53:40,766 [INFO]   [deleted] bin/Release/HorizonData/EBWebView/Default/Service Worker/ScriptCache/ab95ebc511b469f3_0
2026-09-21 16:53:40,767 [INFO]   [deleted] bin/Release/HorizonData/EBWebView/Default/Service Worker/ScriptCache/b2812321dea9c42b_0
2026-09-21 16:53:40,767 [INFO]   [deleted] bin/Release/HorizonData/EBWebView/Default/Service Worker/ScriptCache/b6817b5f586801b0_0
2026-09-21 16:53:40,767 [INFO]   [deleted] bin/Release/HorizonData/EBWebView/Default/Service Worker/ScriptCache/b6c28cea6ed9dfc1_0
2026-09-21 16:53:40,767 [INFO]   [deleted] bin/Release/HorizonData/EBWebView/Default/Service Worker/ScriptCache/b6c28cea6ed9dfc1_1
2026-09-21 16:53:40,768 [INFO]   [deleted] bin/Release/HorizonData/EBWebView/Default/Service Worker/ScriptCache/b7616e79858efbff_0
2026-09-21 16:53:40,768 [INFO]   [deleted] bin/Release/HorizonData/EBWebView/Default/Service Worker/ScriptCache/b8a8a89bc8f66b3e_0
2026-09-21 16:53:40,768 [INFO]   [deleted] bin/Release/HorizonData/EBWebView/Default/Service Worker/ScriptCache/b8d7680f52f241b7_0
2026-09-21 16:53:40,768 [INFO]   [deleted] bin/Release/HorizonData/EBWebView/Default/Service Worker/ScriptCache/b9e0c4e95791e1f7_0
2026-09-21 16:53:40,769 [INFO]   [deleted] bin/Release/HorizonData/EBWebView/Default/Service Worker/ScriptCache/ba23d8ecda68de77_0
2026-09-21 16:53:40,769 [INFO]   [deleted] bin/Release/HorizonData/EBWebView/Default/Service Worker/ScriptCache/bc27a87fbf314a15_0
2026-09-21 16:53:40,769 [INFO]   [deleted] bin/Release/HorizonData/EBWebView/Default/Service Worker/ScriptCache/bf61ab29ad9780c2_0
2026-09-21 16:53:40,769 [INFO]   [deleted] bin/Release/HorizonData/EBWebView/Default/Service Worker/ScriptCache/c1faae48fbac0b64_0
2026-09-21 16:53:40,769 [INFO]   [deleted] bin/Release/HorizonData/EBWebView/Default/Service Worker/ScriptCache/c40b44d0ccb6b9f6_0
2026-09-21 16:53:40,769 [INFO]   [deleted] bin/Release/HorizonData/EBWebView/Default/Service Worker/ScriptCache/c417bfe2be7aa115_0
2026-09-21 16:53:40,769 [INFO]   [deleted] bin/Release/HorizonData/EBWebView/Default/Service Worker/ScriptCache/c720a327d255695f_0
2026-09-21 16:53:40,770 [INFO]   [deleted] bin/Release/HorizonData/EBWebView/Default/Service Worker/ScriptCache/c756b52bc59f5ac3_0
2026-09-21 16:53:40,770 [INFO]   [deleted] bin/Release/HorizonData/EBWebView/Default/Service Worker/ScriptCache/d14726c8af48f441_0
2026-09-21 16:53:40,770 [INFO]   [deleted] bin/Release/HorizonData/EBWebView/Default/Service Worker/ScriptCache/d449ff6c5b3062bc_0
2026-09-21 16:53:40,770 [INFO]   [deleted] bin/Release/HorizonData/EBWebView/Default/Service Worker/ScriptCache/d6b653ea64009786_0
2026-09-21 16:53:40,770 [INFO]   [deleted] bin/Release/HorizonData/EBWebView/Default/Service Worker/ScriptCache/dcbb9f52cf880e4a_0
2026-09-21 16:53:40,771 [INFO]   [deleted] bin/Release/HorizonData/EBWebView/Default/Service Worker/ScriptCache/dd1e345fe5dc5435_0
2026-09-21 16:53:40,771 [INFO]   [deleted] bin/Release/HorizonData/EBWebView/Default/Service Worker/ScriptCache/dd91b9ffd8efe2b6_0
2026-09-21 16:53:40,771 [INFO]   [deleted] bin/Release/HorizonData/EBWebView/Default/Service Worker/ScriptCache/dea936b84808bcef_0
2026-09-21 16:53:40,771 [INFO]   [deleted] bin/Release/HorizonData/EBWebView/Default/Service Worker/ScriptCache/e10db1fb7a0a4a8c_0
2026-09-21 16:53:40,771 [INFO]   [deleted] bin/Release/HorizonData/EBWebView/Default/Service Worker/ScriptCache/e27bfe875b62d81e_0
2026-09-21 16:53:40,772 [INFO]   [deleted] bin/Release/HorizonData/EBWebView/Default/Service Worker/ScriptCache/e384336e22fd2aef_0
2026-09-21 16:53:40,772 [INFO]   [deleted] bin/Release/HorizonData/EBWebView/Default/Service Worker/ScriptCache/e5ff62263ac8de7f_0
2026-09-21 16:53:40,772 [INFO]   [deleted] bin/Release/HorizonData/EBWebView/Default/Service Worker/ScriptCache/ed21dd5e2140ec01_0
2026-09-21 16:53:40,772 [INFO]   [deleted] bin/Release/HorizonData/EBWebView/Default/Service Worker/ScriptCache/ef6993cae43ae456_0
2026-09-21 16:53:40,772 [INFO]   [deleted] bin/Release/HorizonData/EBWebView/Default/Service Worker/ScriptCache/f131910baad453af_0
2026-09-21 16:53:40,772 [INFO]   [deleted] bin/Release/HorizonData/EBWebView/Default/Service Worker/ScriptCache/f1cdccba37924bda_0
2026-09-21 16:53:40,772 [INFO]   [deleted] bin/Release/HorizonData/EBWebView/Default/Service Worker/ScriptCache/f1cdccba37924bda_1
2026-09-21 16:53:40,773 [INFO]   [deleted] bin/Release/HorizonData/EBWebView/Default/Service Worker/ScriptCache/f287b7060e66da8a_0
2026-09-21 16:53:40,773 [INFO]   [deleted] bin/Release/HorizonData/EBWebView/Default/Service Worker/ScriptCache/f40501344c9c624c_0
2026-09-21 16:53:40,773 [INFO]   [deleted] bin/Release/HorizonData/EBWebView/Default/Service Worker/ScriptCache/f5dcf3f81cf9b463_0
2026-09-21 16:53:40,773 [INFO]   [deleted] bin/Release/HorizonData/EBWebView/Default/Service Worker/ScriptCache/fa813c9ad67834ac_0
2026-09-21 16:53:40,773 [INFO]   [deleted] bin/Release/HorizonData/EBWebView/Default/Service Worker/ScriptCache/fa813c9ad67834ac_1
2026-09-21 16:53:40,773 [INFO]   [deleted] bin/Release/HorizonData/EBWebView/Default/Service Worker/ScriptCache/ff57688b9ff2d49e_0
2026-09-21 16:53:40,774 [INFO]   [deleted] bin/Release/HorizonData/EBWebView/Default/Service Worker/ScriptCache/ff7379f37843d0a0_0
2026-09-21 16:53:40,774 [INFO]   [deleted] bin/Release/HorizonData/EBWebView/Default/Service Worker/ScriptCache/index
2026-09-21 16:53:40,774 [INFO]   [deleted] bin/Release/HorizonData/EBWebView/Default/Service Worker/ScriptCache/index-dir/the-real-index
2026-09-21 16:53:40,774 [INFO]   [deleted] bin/Release/HorizonData/EBWebView/Default/Session Storage/000003.log
2026-09-21 16:53:40,774 [INFO]   [deleted] bin/Release/HorizonData/EBWebView/Default/Session Storage/CURRENT
2026-09-21 16:53:40,775 [INFO]   [deleted] bin/Release/HorizonData/EBWebView/Default/Session Storage/LOCK
2026-09-21 16:53:40,775 [INFO]   [deleted] bin/Release/HorizonData/EBWebView/Default/Session Storage/LOG
2026-09-21 16:53:40,775 [INFO]   [deleted] bin/Release/HorizonData/EBWebView/Default/Session Storage/MANIFEST-000001
2026-09-21 16:53:40,775 [INFO]   [deleted] bin/Release/HorizonData/EBWebView/Default/Sessions/Session_13419757923248150
2026-09-21 16:53:40,775 [INFO]   [deleted] bin/Release/HorizonData/EBWebView/Default/Shared Dictionary/cache/index
2026-09-21 16:53:40,776 [INFO]   [deleted] bin/Release/HorizonData/EBWebView/Default/Shared Dictionary/cache/index-dir/the-real-index
2026-09-21 16:53:40,776 [INFO]   [deleted] bin/Release/HorizonData/EBWebView/Default/Shared Dictionary/db
2026-09-21 16:53:40,776 [INFO]   [deleted] bin/Release/HorizonData/EBWebView/Default/Shared Dictionary/db-journal
2026-09-21 16:53:40,776 [INFO]   [deleted] bin/Release/HorizonData/EBWebView/Default/SharedStorage
2026-09-21 16:53:40,776 [INFO]   [deleted] bin/Release/HorizonData/EBWebView/Default/Shortcuts
2026-09-21 16:53:40,776 [INFO]   [deleted] bin/Release/HorizonData/EBWebView/Default/Shortcuts-journal
2026-09-21 16:53:40,777 [INFO]   [deleted] bin/Release/HorizonData/EBWebView/Default/Site Characteristics Database/000003.log
2026-09-21 16:53:40,777 [INFO]   [deleted] bin/Release/HorizonData/EBWebView/Default/Site Characteristics Database/CURRENT
2026-09-21 16:53:40,777 [INFO]   [deleted] bin/Release/HorizonData/EBWebView/Default/Site Characteristics Database/LOCK
2026-09-21 16:53:40,777 [INFO]   [deleted] bin/Release/HorizonData/EBWebView/Default/Site Characteristics Database/LOG
2026-09-21 16:53:40,777 [INFO]   [deleted] bin/Release/HorizonData/EBWebView/Default/Site Characteristics Database/LOG.old
2026-09-21 16:53:40,778 [INFO]   [deleted] bin/Release/HorizonData/EBWebView/Default/Site Characteristics Database/MANIFEST-000001
2026-09-21 16:53:40,778 [INFO]   [deleted] bin/Release/HorizonData/EBWebView/Default/Sync Data/LevelDB/000003.log
2026-09-21 16:53:40,778 [INFO]   [deleted] bin/Release/HorizonData/EBWebView/Default/Sync Data/LevelDB/CURRENT
2026-09-21 16:53:40,778 [INFO]   [deleted] bin/Release/HorizonData/EBWebView/Default/Sync Data/LevelDB/LOCK
2026-09-21 16:53:40,779 [INFO]   [deleted] bin/Release/HorizonData/EBWebView/Default/Sync Data/LevelDB/LOG
2026-09-21 16:53:40,779 [INFO]   [deleted] bin/Release/HorizonData/EBWebView/Default/Sync Data/LevelDB/LOG.old
2026-09-21 16:53:40,779 [INFO]   [deleted] bin/Release/HorizonData/EBWebView/Default/Sync Data/LevelDB/MANIFEST-000001
2026-09-21 16:53:40,779 [INFO]   [deleted] bin/Release/HorizonData/EBWebView/Default/Sync Extension Settings/bjchemafiampldmkfmpigfoakogialkl/000003.log
2026-09-21 16:53:40,779 [INFO]   [deleted] bin/Release/HorizonData/EBWebView/Default/Sync Extension Settings/bjchemafiampldmkfmpigfoakogialkl/CURRENT
2026-09-21 16:53:40,779 [INFO]   [deleted] bin/Release/HorizonData/EBWebView/Default/Sync Extension Settings/bjchemafiampldmkfmpigfoakogialkl/LOCK
2026-09-21 16:53:40,779 [INFO]   [deleted] bin/Release/HorizonData/EBWebView/Default/Sync Extension Settings/bjchemafiampldmkfmpigfoakogialkl/LOG
2026-09-21 16:53:40,780 [INFO]   [deleted] bin/Release/HorizonData/EBWebView/Default/Sync Extension Settings/bjchemafiampldmkfmpigfoakogialkl/MANIFEST-000001
2026-09-21 16:53:40,780 [INFO]   [deleted] bin/Release/HorizonData/EBWebView/Default/Sync Extension Settings/enpiaeoobofcpedppdnooadnbaldkjih/000003.log
2026-09-21 16:53:40,780 [INFO]   [deleted] bin/Release/HorizonData/EBWebView/Default/Sync Extension Settings/enpiaeoobofcpedppdnooadnbaldkjih/CURRENT
2026-09-21 16:53:40,780 [INFO]   [deleted] bin/Release/HorizonData/EBWebView/Default/Sync Extension Settings/enpiaeoobofcpedppdnooadnbaldkjih/LOCK
2026-09-21 16:53:40,780 [INFO]   [deleted] bin/Release/HorizonData/EBWebView/Default/Sync Extension Settings/enpiaeoobofcpedppdnooadnbaldkjih/LOG
2026-09-21 16:53:40,780 [INFO]   [deleted] bin/Release/HorizonData/EBWebView/Default/Sync Extension Settings/enpiaeoobofcpedppdnooadnbaldkjih/LOG.old
2026-09-21 16:53:40,780 [INFO]   [deleted] bin/Release/HorizonData/EBWebView/Default/Sync Extension Settings/enpiaeoobofcpedppdnooadnbaldkjih/MANIFEST-000001
2026-09-21 16:53:40,780 [INFO]   [deleted] bin/Release/HorizonData/EBWebView/Default/Sync Extension Settings/fennofgmefeblbegldihhmpehdehoflg/000003.log
2026-09-21 16:53:40,781 [INFO]   [deleted] bin/Release/HorizonData/EBWebView/Default/Sync Extension Settings/fennofgmefeblbegldihhmpehdehoflg/CURRENT
2026-09-21 16:53:40,781 [INFO]   [deleted] bin/Release/HorizonData/EBWebView/Default/Sync Extension Settings/fennofgmefeblbegldihhmpehdehoflg/LOCK
2026-09-21 16:53:40,781 [INFO]   [deleted] bin/Release/HorizonData/EBWebView/Default/Sync Extension Settings/fennofgmefeblbegldihhmpehdehoflg/LOG
2026-09-21 16:53:40,781 [INFO]   [deleted] bin/Release/HorizonData/EBWebView/Default/Sync Extension Settings/fennofgmefeblbegldihhmpehdehoflg/LOG.old
2026-09-21 16:53:40,781 [INFO]   [deleted] bin/Release/HorizonData/EBWebView/Default/Sync Extension Settings/fennofgmefeblbegldihhmpehdehoflg/MANIFEST-000001
2026-09-21 16:53:40,781 [INFO]   [deleted] bin/Release/HorizonData/EBWebView/Default/Sync Extension Settings/llafjhmkffdlhpiojoipllmmedhckpgh/000003.log
2026-09-21 16:53:40,781 [INFO]   [deleted] bin/Release/HorizonData/EBWebView/Default/Sync Extension Settings/llafjhmkffdlhpiojoipllmmedhckpgh/CURRENT
2026-09-21 16:53:40,781 [INFO]   [deleted] bin/Release/HorizonData/EBWebView/Default/Sync Extension Settings/llafjhmkffdlhpiojoipllmmedhckpgh/LOCK
2026-09-21 16:53:40,782 [INFO]   [deleted] bin/Release/HorizonData/EBWebView/Default/Sync Extension Settings/llafjhmkffdlhpiojoipllmmedhckpgh/LOG
2026-09-21 16:53:40,782 [INFO]   [deleted] bin/Release/HorizonData/EBWebView/Default/Sync Extension Settings/llafjhmkffdlhpiojoipllmmedhckpgh/LOG.old
2026-09-21 16:53:40,782 [INFO]   [deleted] bin/Release/HorizonData/EBWebView/Default/Sync Extension Settings/llafjhmkffdlhpiojoipllmmedhckpgh/MANIFEST-000001
2026-09-21 16:53:40,782 [INFO]   [deleted] bin/Release/HorizonData/EBWebView/Default/Top Sites
2026-09-21 16:53:40,782 [INFO]   [deleted] bin/Release/HorizonData/EBWebView/Default/Top Sites-journal
2026-09-21 16:53:40,782 [INFO]   [deleted] bin/Release/HorizonData/EBWebView/Default/VideoDecodeStats/LOCK
2026-09-21 16:53:40,782 [INFO]   [deleted] bin/Release/HorizonData/EBWebView/Default/VideoDecodeStats/LOG
2026-09-21 16:53:40,783 [INFO]   [deleted] bin/Release/HorizonData/EBWebView/Default/Vpn Tokens
2026-09-21 16:53:40,783 [INFO]   [deleted] bin/Release/HorizonData/EBWebView/Default/Vpn Tokens-journal
2026-09-21 16:53:40,783 [INFO]   [deleted] bin/Release/HorizonData/EBWebView/Default/Web Data
2026-09-21 16:53:40,783 [INFO]   [deleted] bin/Release/HorizonData/EBWebView/Default/Web Data-journal
2026-09-21 16:53:40,783 [INFO]   [deleted] bin/Release/HorizonData/EBWebView/Default/WebStorage/QuotaManager
2026-09-21 16:53:40,784 [INFO]   [deleted] bin/Release/HorizonData/EBWebView/Default/WebStorage/QuotaManager-journal
2026-09-21 16:53:40,784 [INFO]   [deleted] bin/Release/HorizonData/EBWebView/Default/commerce_subscription_db/LOCK
2026-09-21 16:53:40,784 [INFO]   [deleted] bin/Release/HorizonData/EBWebView/Default/commerce_subscription_db/LOG
2026-09-21 16:53:40,784 [INFO]   [deleted] bin/Release/HorizonData/EBWebView/Default/commerce_subscription_db/LOG.old
2026-09-21 16:53:40,785 [INFO]   [deleted] bin/Release/HorizonData/EBWebView/Default/discount_infos_db/LOCK
2026-09-21 16:53:40,785 [INFO]   [deleted] bin/Release/HorizonData/EBWebView/Default/discount_infos_db/LOG
2026-09-21 16:53:40,785 [INFO]   [deleted] bin/Release/HorizonData/EBWebView/Default/discount_infos_db/LOG.old
2026-09-21 16:53:40,785 [INFO]   [deleted] bin/Release/HorizonData/EBWebView/Default/discounts_db/LOCK
2026-09-21 16:53:40,785 [INFO]   [deleted] bin/Release/HorizonData/EBWebView/Default/discounts_db/LOG
2026-09-21 16:53:40,785 [INFO]   [deleted] bin/Release/HorizonData/EBWebView/Default/discounts_db/LOG.old
2026-09-21 16:53:40,786 [INFO]   [deleted] bin/Release/HorizonData/EBWebView/Default/favorites_diagnostic.log
2026-09-21 16:53:40,786 [INFO]   [deleted] bin/Release/HorizonData/EBWebView/Default/heavy_ad_intervention_opt_out.db
2026-09-21 16:53:40,786 [INFO]   [deleted] bin/Release/HorizonData/EBWebView/Default/heavy_ad_intervention_opt_out.db-journal
2026-09-21 16:53:40,786 [INFO]   [deleted] bin/Release/HorizonData/EBWebView/Default/optimization_guide_hint_cache_store/LOCK
2026-09-21 16:53:40,786 [INFO]   [deleted] bin/Release/HorizonData/EBWebView/Default/optimization_guide_hint_cache_store/LOG
2026-09-21 16:53:40,786 [INFO]   [deleted] bin/Release/HorizonData/EBWebView/Default/optimization_guide_hint_cache_store/LOG.old
2026-09-21 16:53:40,786 [INFO]   [deleted] bin/Release/HorizonData/EBWebView/Default/parcel_tracking_db/LOCK
2026-09-21 16:53:40,786 [INFO]   [deleted] bin/Release/HorizonData/EBWebView/Default/parcel_tracking_db/LOG
2026-09-21 16:53:40,787 [INFO]   [deleted] bin/Release/HorizonData/EBWebView/Default/parcel_tracking_db/LOG.old
2026-09-21 16:53:40,787 [INFO]   [deleted] bin/Release/HorizonData/EBWebView/Default/shared_proto_db/000003.log
2026-09-21 16:53:40,787 [INFO]   [deleted] bin/Release/HorizonData/EBWebView/Default/shared_proto_db/CURRENT
2026-09-21 16:53:40,787 [INFO]   [deleted] bin/Release/HorizonData/EBWebView/Default/shared_proto_db/LOCK
2026-09-21 16:53:40,787 [INFO]   [deleted] bin/Release/HorizonData/EBWebView/Default/shared_proto_db/LOG
2026-09-21 16:53:40,787 [INFO]   [deleted] bin/Release/HorizonData/EBWebView/Default/shared_proto_db/LOG.old
2026-09-21 16:53:40,788 [INFO]   [deleted] bin/Release/HorizonData/EBWebView/Default/shared_proto_db/MANIFEST-000001
2026-09-21 16:53:40,788 [INFO]   [deleted] bin/Release/HorizonData/EBWebView/Default/shared_proto_db/metadata/000003.log
2026-09-21 16:53:40,788 [INFO]   [deleted] bin/Release/HorizonData/EBWebView/Default/shared_proto_db/metadata/CURRENT
2026-09-21 16:53:40,788 [INFO]   [deleted] bin/Release/HorizonData/EBWebView/Default/shared_proto_db/metadata/LOCK
2026-09-21 16:53:40,789 [INFO]   [deleted] bin/Release/HorizonData/EBWebView/Default/shared_proto_db/metadata/LOG
2026-09-21 16:53:40,789 [INFO]   [deleted] bin/Release/HorizonData/EBWebView/Default/shared_proto_db/metadata/LOG.old
2026-09-21 16:53:40,789 [INFO]   [deleted] bin/Release/HorizonData/EBWebView/Default/shared_proto_db/metadata/MANIFEST-000001
2026-09-21 16:53:40,789 [INFO]   [deleted] bin/Release/HorizonData/EBWebView/GPUPersistentCache/DawnGraphiteCache/MNIWWJ6LYBXKQS7RZ2KZNUZ3QHFNW4K3/cache.db
2026-09-21 16:53:40,789 [INFO]   [deleted] bin/Release/HorizonData/EBWebView/GPUPersistentCache/DawnGraphiteCache/MNIWWJ6LYBXKQS7RZ2KZNUZ3QHFNW4K3/cache.db-wal
2026-09-21 16:53:40,790 [INFO]   [deleted] bin/Release/HorizonData/EBWebView/GPUPersistentCache/DawnGraphiteCache/MNIWWJ6LYBXKQS7RZ2KZNUZ3QHFNW4K3/cache.journal
2026-09-21 16:53:40,790 [INFO]   [deleted] bin/Release/HorizonData/EBWebView/GrShaderCache/data_0
2026-09-21 16:53:40,790 [INFO]   [deleted] bin/Release/HorizonData/EBWebView/GrShaderCache/data_1
2026-09-21 16:53:40,790 [INFO]   [deleted] bin/Release/HorizonData/EBWebView/GrShaderCache/data_2
2026-09-21 16:53:40,791 [INFO]   [deleted] bin/Release/HorizonData/EBWebView/GrShaderCache/data_3
2026-09-21 16:53:40,791 [INFO]   [deleted] bin/Release/HorizonData/EBWebView/GrShaderCache/f_000001
2026-09-21 16:53:40,791 [INFO]   [deleted] bin/Release/HorizonData/EBWebView/GrShaderCache/f_000002
2026-09-21 16:53:40,791 [INFO]   [deleted] bin/Release/HorizonData/EBWebView/GrShaderCache/f_000003
2026-09-21 16:53:40,791 [INFO]   [deleted] bin/Release/HorizonData/EBWebView/GrShaderCache/f_000004
2026-09-21 16:53:40,792 [INFO]   [deleted] bin/Release/HorizonData/EBWebView/GrShaderCache/f_000005
2026-09-21 16:53:40,792 [INFO]   [deleted] bin/Release/HorizonData/EBWebView/GrShaderCache/f_000006
2026-09-21 16:53:40,792 [INFO]   [deleted] bin/Release/HorizonData/EBWebView/GrShaderCache/index
2026-09-21 16:53:40,792 [INFO]   [deleted] bin/Release/HorizonData/EBWebView/GraphiteDawnCache/data_0
2026-09-21 16:53:40,792 [INFO]   [deleted] bin/Release/HorizonData/EBWebView/GraphiteDawnCache/data_1
2026-09-21 16:53:40,792 [INFO]   [deleted] bin/Release/HorizonData/EBWebView/GraphiteDawnCache/data_2
2026-09-21 16:53:40,792 [INFO]   [deleted] bin/Release/HorizonData/EBWebView/GraphiteDawnCache/data_3
2026-09-21 16:53:40,793 [INFO]   [deleted] bin/Release/HorizonData/EBWebView/GraphiteDawnCache/index
2026-09-21 16:53:40,793 [INFO]   [deleted] bin/Release/HorizonData/EBWebView/Last Version
2026-09-21 16:53:40,793 [INFO]   [deleted] bin/Release/HorizonData/EBWebView/Local State
2026-09-21 16:53:40,793 [INFO]   [deleted] bin/Release/HorizonData/EBWebView/OriginTrials/0.0.1.7/manifest.json
2026-09-21 16:53:40,793 [INFO]   [deleted] bin/Release/HorizonData/EBWebView/PKIMetadata/46.0.0.0/crs.pb
2026-09-21 16:53:40,793 [INFO]   [deleted] bin/Release/HorizonData/EBWebView/PKIMetadata/46.0.0.0/ct_config.pb
2026-09-21 16:53:40,793 [INFO]   [deleted] bin/Release/HorizonData/EBWebView/PKIMetadata/46.0.0.0/kp_pinslist.pb
2026-09-21 16:53:40,793 [INFO]   [deleted] bin/Release/HorizonData/EBWebView/PKIMetadata/46.0.0.0/manifest.json
2026-09-21 16:53:40,794 [INFO]   [deleted] bin/Release/HorizonData/EBWebView/ShaderCache/data_0
2026-09-21 16:53:40,794 [INFO]   [deleted] bin/Release/HorizonData/EBWebView/ShaderCache/data_1
2026-09-21 16:53:40,794 [INFO]   [deleted] bin/Release/HorizonData/EBWebView/ShaderCache/data_2
2026-09-21 16:53:40,794 [INFO]   [deleted] bin/Release/HorizonData/EBWebView/ShaderCache/data_3
2026-09-21 16:53:40,794 [INFO]   [deleted] bin/Release/HorizonData/EBWebView/ShaderCache/index
2026-09-21 16:53:40,794 [INFO]   [deleted] bin/Release/HorizonData/EBWebView/Speech Recognition/1.15.0.1/Microsoft.CognitiveServices.Speech.core.dll
2026-09-21 16:53:40,795 [INFO]   [deleted] bin/Release/HorizonData/EBWebView/Speech Recognition/1.15.0.1/manifest.json
2026-09-21 16:53:40,795 [INFO]   [deleted] bin/Release/HorizonData/EBWebView/Subresource Filter/Indexed Rules/37/10.34.0.84/LICENSE
2026-09-21 16:53:40,795 [INFO]   [deleted] bin/Release/HorizonData/EBWebView/Subresource Filter/Indexed Rules/37/10.34.0.84/Ruleset Data
2026-09-21 16:53:40,795 [INFO]   [deleted] bin/Release/HorizonData/EBWebView/Subresource Filter/Unindexed Rules/10.34.0.84/Filtering Rules
2026-09-21 16:53:40,795 [INFO]   [deleted] bin/Release/HorizonData/EBWebView/Subresource Filter/Unindexed Rules/10.34.0.84/Filtering Rules-AA
2026-09-21 16:53:40,795 [INFO]   [deleted] bin/Release/HorizonData/EBWebView/Subresource Filter/Unindexed Rules/10.34.0.84/Filtering Rules-CA
2026-09-21 16:53:40,796 [INFO]   [deleted] bin/Release/HorizonData/EBWebView/Subresource Filter/Unindexed Rules/10.34.0.84/LICENSE
2026-09-21 16:53:40,796 [INFO]   [deleted] bin/Release/HorizonData/EBWebView/Subresource Filter/Unindexed Rules/10.34.0.84/Part-DE
2026-09-21 16:53:40,796 [INFO]   [deleted] bin/Release/HorizonData/EBWebView/Subresource Filter/Unindexed Rules/10.34.0.84/Part-ES
2026-09-21 16:53:40,796 [INFO]   [deleted] bin/Release/HorizonData/EBWebView/Subresource Filter/Unindexed Rules/10.34.0.84/Part-FR
2026-09-21 16:53:40,796 [INFO]   [deleted] bin/Release/HorizonData/EBWebView/Subresource Filter/Unindexed Rules/10.34.0.84/Part-IT
2026-09-21 16:53:40,796 [INFO]   [deleted] bin/Release/HorizonData/EBWebView/Subresource Filter/Unindexed Rules/10.34.0.84/Part-NL
2026-09-21 16:53:40,796 [INFO]   [deleted] bin/Release/HorizonData/EBWebView/Subresource Filter/Unindexed Rules/10.34.0.84/Part-RU
2026-09-21 16:53:40,796 [INFO]   [deleted] bin/Release/HorizonData/EBWebView/Subresource Filter/Unindexed Rules/10.34.0.84/Part-ZH
2026-09-21 16:53:40,797 [INFO]   [deleted] bin/Release/HorizonData/EBWebView/Subresource Filter/Unindexed Rules/10.34.0.84/adblock_snippet.js
2026-09-21 16:53:40,797 [INFO]   [deleted] bin/Release/HorizonData/EBWebView/Subresource Filter/Unindexed Rules/10.34.0.84/manifest.json
2026-09-21 16:53:40,797 [INFO]   [deleted] bin/Release/HorizonData/EBWebView/TrustTokenKeyCommitments/2026.3.23.1/LICENSE
2026-09-21 16:53:40,797 [INFO]   [deleted] bin/Release/HorizonData/EBWebView/TrustTokenKeyCommitments/2026.3.23.1/_metadata/verified_contents.json
2026-09-21 16:53:40,797 [INFO]   [deleted] bin/Release/HorizonData/EBWebView/TrustTokenKeyCommitments/2026.3.23.1/keys.json
2026-09-21 16:53:40,797 [INFO]   [deleted] bin/Release/HorizonData/EBWebView/TrustTokenKeyCommitments/2026.3.23.1/manifest.json
2026-09-21 16:53:40,797 [INFO]   [deleted] bin/Release/HorizonData/EBWebView/Variations
2026-09-21 16:53:40,798 [INFO]   [deleted] bin/Release/HorizonData/EBWebView/component_crx_cache/bec8ead1da3c9600fe66bbcc0e7a9bed9a184c1be821b4d23570c6b7af7f0410
2026-09-21 16:53:40,798 [INFO]   [deleted] bin/Release/HorizonData/EBWebView/component_crx_cache/metadata.json
2026-09-21 16:53:40,798 [INFO]   [deleted] bin/Release/HorizonData/EBWebView/extensions_crx_cache/metadata.json
2026-09-21 16:53:40,798 [INFO]   [deleted] bin/Release/HorizonData/EBWebView/hyphen-data/120.0.6050.0/_metadata/verified_contents.json
2026-09-21 16:53:40,798 [INFO]   [deleted] bin/Release/HorizonData/EBWebView/hyphen-data/120.0.6050.0/hyph-af.hyb
2026-09-21 16:53:40,798 [INFO]   [deleted] bin/Release/HorizonData/EBWebView/hyphen-data/120.0.6050.0/hyph-as.hyb
2026-09-21 16:53:40,798 [INFO]   [deleted] bin/Release/HorizonData/EBWebView/hyphen-data/120.0.6050.0/hyph-be.hyb
2026-09-21 16:53:40,799 [INFO]   [deleted] bin/Release/HorizonData/EBWebView/hyphen-data/120.0.6050.0/hyph-bg.hyb
2026-09-21 16:53:40,799 [INFO]   [deleted] bin/Release/HorizonData/EBWebView/hyphen-data/120.0.6050.0/hyph-bn.hyb
2026-09-21 16:53:40,799 [INFO]   [deleted] bin/Release/HorizonData/EBWebView/hyphen-data/120.0.6050.0/hyph-cs.hyb
2026-09-21 16:53:40,800 [INFO]   [deleted] bin/Release/HorizonData/EBWebView/hyphen-data/120.0.6050.0/hyph-cu.hyb
2026-09-21 16:53:40,800 [INFO]   [deleted] bin/Release/HorizonData/EBWebView/hyphen-data/120.0.6050.0/hyph-cy.hyb
2026-09-21 16:53:40,800 [INFO]   [deleted] bin/Release/HorizonData/EBWebView/hyphen-data/120.0.6050.0/hyph-da.hyb
2026-09-21 16:53:40,800 [INFO]   [deleted] bin/Release/HorizonData/EBWebView/hyphen-data/120.0.6050.0/hyph-de-1901.hyb
2026-09-21 16:53:40,800 [INFO]   [deleted] bin/Release/HorizonData/EBWebView/hyphen-data/120.0.6050.0/hyph-de-1996.hyb
2026-09-21 16:53:40,801 [INFO]   [deleted] bin/Release/HorizonData/EBWebView/hyphen-data/120.0.6050.0/hyph-de-ch-1901.hyb
2026-09-21 16:53:40,801 [INFO]   [deleted] bin/Release/HorizonData/EBWebView/hyphen-data/120.0.6050.0/hyph-el.hyb
2026-09-21 16:53:40,801 [INFO]   [deleted] bin/Release/HorizonData/EBWebView/hyphen-data/120.0.6050.0/hyph-en-gb.hyb
2026-09-21 16:53:40,801 [INFO]   [deleted] bin/Release/HorizonData/EBWebView/hyphen-data/120.0.6050.0/hyph-en-us.hyb
2026-09-21 16:53:40,801 [INFO]   [deleted] bin/Release/HorizonData/EBWebView/hyphen-data/120.0.6050.0/hyph-es.hyb
2026-09-21 16:53:40,802 [INFO]   [deleted] bin/Release/HorizonData/EBWebView/hyphen-data/120.0.6050.0/hyph-et.hyb
2026-09-21 16:53:40,802 [INFO]   [deleted] bin/Release/HorizonData/EBWebView/hyphen-data/120.0.6050.0/hyph-eu.hyb
2026-09-21 16:53:40,802 [INFO]   [deleted] bin/Release/HorizonData/EBWebView/hyphen-data/120.0.6050.0/hyph-fr.hyb
2026-09-21 16:53:40,802 [INFO]   [deleted] bin/Release/HorizonData/EBWebView/hyphen-data/120.0.6050.0/hyph-ga.hyb
2026-09-21 16:53:40,802 [INFO]   [deleted] bin/Release/HorizonData/EBWebView/hyphen-data/120.0.6050.0/hyph-gl.hyb
2026-09-21 16:53:40,803 [INFO]   [deleted] bin/Release/HorizonData/EBWebView/hyphen-data/120.0.6050.0/hyph-gu.hyb
2026-09-21 16:53:40,803 [INFO]   [deleted] bin/Release/HorizonData/EBWebView/hyphen-data/120.0.6050.0/hyph-hi.hyb
2026-09-21 16:53:40,803 [INFO]   [deleted] bin/Release/HorizonData/EBWebView/hyphen-data/120.0.6050.0/hyph-hr.hyb
2026-09-21 16:53:40,803 [INFO]   [deleted] bin/Release/HorizonData/EBWebView/hyphen-data/120.0.6050.0/hyph-hu.hyb
2026-09-21 16:53:40,803 [INFO]   [deleted] bin/Release/HorizonData/EBWebView/hyphen-data/120.0.6050.0/hyph-hy.hyb
2026-09-21 16:53:40,803 [INFO]   [deleted] bin/Release/HorizonData/EBWebView/hyphen-data/120.0.6050.0/hyph-it.hyb
2026-09-21 16:53:40,804 [INFO]   [deleted] bin/Release/HorizonData/EBWebView/hyphen-data/120.0.6050.0/hyph-ka.hyb
2026-09-21 16:53:40,804 [INFO]   [deleted] bin/Release/HorizonData/EBWebView/hyphen-data/120.0.6050.0/hyph-kn.hyb
2026-09-21 16:53:40,804 [INFO]   [deleted] bin/Release/HorizonData/EBWebView/hyphen-data/120.0.6050.0/hyph-la.hyb
2026-09-21 16:53:40,804 [INFO]   [deleted] bin/Release/HorizonData/EBWebView/hyphen-data/120.0.6050.0/hyph-lt.hyb
2026-09-21 16:53:40,805 [INFO]   [deleted] bin/Release/HorizonData/EBWebView/hyphen-data/120.0.6050.0/hyph-lv.hyb
2026-09-21 16:53:40,805 [INFO]   [deleted] bin/Release/HorizonData/EBWebView/hyphen-data/120.0.6050.0/hyph-ml.hyb
2026-09-21 16:53:40,805 [INFO]   [deleted] bin/Release/HorizonData/EBWebView/hyphen-data/120.0.6050.0/hyph-mn-cyrl.hyb
2026-09-21 16:53:40,805 [INFO]   [deleted] bin/Release/HorizonData/EBWebView/hyphen-data/120.0.6050.0/hyph-mr.hyb
2026-09-21 16:53:40,805 [INFO]   [deleted] bin/Release/HorizonData/EBWebView/hyphen-data/120.0.6050.0/hyph-mul-ethi.hyb
2026-09-21 16:53:40,806 [INFO]   [deleted] bin/Release/HorizonData/EBWebView/hyphen-data/120.0.6050.0/hyph-nb.hyb
2026-09-21 16:53:40,806 [INFO]   [deleted] bin/Release/HorizonData/EBWebView/hyphen-data/120.0.6050.0/hyph-nl.hyb
2026-09-21 16:53:40,806 [INFO]   [deleted] bin/Release/HorizonData/EBWebView/hyphen-data/120.0.6050.0/hyph-nn.hyb
2026-09-21 16:53:40,807 [INFO]   [deleted] bin/Release/HorizonData/EBWebView/hyphen-data/120.0.6050.0/hyph-or.hyb
2026-09-21 16:53:40,807 [INFO]   [deleted] bin/Release/HorizonData/EBWebView/hyphen-data/120.0.6050.0/hyph-pa.hyb
2026-09-21 16:53:40,807 [INFO]   [deleted] bin/Release/HorizonData/EBWebView/hyphen-data/120.0.6050.0/hyph-pt.hyb
2026-09-21 16:53:40,807 [INFO]   [deleted] bin/Release/HorizonData/EBWebView/hyphen-data/120.0.6050.0/hyph-ru.hyb
2026-09-21 16:53:40,808 [INFO]   [deleted] bin/Release/HorizonData/EBWebView/hyphen-data/120.0.6050.0/hyph-sk.hyb
2026-09-21 16:53:40,808 [INFO]   [deleted] bin/Release/HorizonData/EBWebView/hyphen-data/120.0.6050.0/hyph-sl.hyb
2026-09-21 16:53:40,808 [INFO]   [deleted] bin/Release/HorizonData/EBWebView/hyphen-data/120.0.6050.0/hyph-sq.hyb
2026-09-21 16:53:40,808 [INFO]   [deleted] bin/Release/HorizonData/EBWebView/hyphen-data/120.0.6050.0/hyph-sv.hyb
2026-09-21 16:53:40,809 [INFO]   [deleted] bin/Release/HorizonData/EBWebView/hyphen-data/120.0.6050.0/hyph-ta.hyb
2026-09-21 16:53:40,809 [INFO]   [deleted] bin/Release/HorizonData/EBWebView/hyphen-data/120.0.6050.0/hyph-te.hyb
2026-09-21 16:53:40,809 [INFO]   [deleted] bin/Release/HorizonData/EBWebView/hyphen-data/120.0.6050.0/hyph-tk.hyb
2026-09-21 16:53:40,809 [INFO]   [deleted] bin/Release/HorizonData/EBWebView/hyphen-data/120.0.6050.0/hyph-uk.hyb
2026-09-21 16:53:40,809 [INFO]   [deleted] bin/Release/HorizonData/EBWebView/hyphen-data/120.0.6050.0/hyph-und-ethi.hyb
2026-09-21 16:53:40,809 [INFO]   [deleted] bin/Release/HorizonData/EBWebView/hyphen-data/120.0.6050.0/manifest.json
2026-09-21 16:53:40,810 [INFO]   [deleted] bin/Release/HorizonData/FaviconCache/1mov.lol.png
2026-09-21 16:53:40,810 [INFO]   [deleted] bin/Release/HorizonData/FaviconCache/accounts.google.com.png
2026-09-21 16:53:40,810 [INFO]   [deleted] bin/Release/HorizonData/FaviconCache/alohafind.com.png
2026-09-21 16:53:40,810 [INFO]   [deleted] bin/Release/HorizonData/FaviconCache/chromewebstore.google.com.png
2026-09-21 16:53:40,810 [INFO]   [deleted] bin/Release/HorizonData/FaviconCache/claude.ai.png
2026-09-21 16:53:40,810 [INFO]   [deleted] bin/Release/HorizonData/FaviconCache/claude.com.png
2026-09-21 16:53:40,811 [INFO]   [deleted] bin/Release/HorizonData/FaviconCache/docs.google.com.png
2026-09-21 16:53:40,811 [INFO]   [deleted] bin/Release/HorizonData/FaviconCache/feedbackcol-nszemvwz.manus.space.png
2026-09-21 16:53:40,811 [INFO]   [deleted] bin/Release/HorizonData/FaviconCache/forum.ubden.com.tr.png
2026-09-21 16:53:40,811 [INFO]   [deleted] bin/Release/HorizonData/FaviconCache/gemini.google.com.png
2026-09-21 16:53:40,812 [INFO]   [deleted] bin/Release/HorizonData/FaviconCache/ghappstore-j93n3sq2.manus.space.png
2026-09-21 16:53:40,812 [INFO]   [deleted] bin/Release/HorizonData/FaviconCache/github.com.png
2026-09-21 16:53:40,812 [INFO]   [deleted] bin/Release/HorizonData/FaviconCache/hianimes.se.png
2026-09-21 16:53:40,812 [INFO]   [deleted] bin/Release/HorizonData/FaviconCache/mail.google.com.png
2026-09-21 16:53:40,812 [INFO]   [deleted] bin/Release/HorizonData/FaviconCache/manus.im.png
2026-09-21 16:53:40,812 [INFO]   [deleted] bin/Release/HorizonData/FaviconCache/manussend-8ladxhzk.manus.space.png
2026-09-21 16:53:40,813 [INFO]   [deleted] bin/Release/HorizonData/FaviconCache/mdl.fcst.tu-sofia.bg.png
2026-09-21 16:53:40,813 [INFO]   [deleted] bin/Release/HorizonData/FaviconCache/music.youtube.com.png
2026-09-21 16:53:40,813 [INFO]   [deleted] bin/Release/HorizonData/FaviconCache/myaccount.google.com.png
2026-09-21 16:53:40,813 [INFO]   [deleted] bin/Release/HorizonData/FaviconCache/notebooklm.google.com.png
2026-09-21 16:53:40,813 [INFO]   [deleted] bin/Release/HorizonData/FaviconCache/photos.google.com.png
2026-09-21 16:53:40,814 [INFO]   [deleted] bin/Release/HorizonData/FaviconCache/steamcommunity.com.png
2026-09-21 16:53:40,814 [INFO]   [deleted] bin/Release/HorizonData/FaviconCache/support.google.com.png
2026-09-21 16:53:40,814 [INFO]   [deleted] bin/Release/HorizonData/FaviconCache/thebyteseffect.com.png
2026-09-21 16:53:40,814 [INFO]   [deleted] bin/Release/HorizonData/FaviconCache/thepiratebay.party.png
2026-09-21 16:53:40,815 [INFO]   [deleted] bin/Release/HorizonData/FaviconCache/tu-sofia.bg.png
2026-09-21 16:53:40,815 [INFO]   [deleted] bin/Release/HorizonData/FaviconCache/v1.tldrthis.com.png
2026-09-21 16:53:40,815 [INFO]   [deleted] bin/Release/HorizonData/FaviconCache/web.telegram.org.png
2026-09-21 16:53:40,815 [INFO]   [deleted] bin/Release/HorizonData/FaviconCache/www.ageofempires.com.png
2026-09-21 16:53:40,816 [INFO]   [deleted] bin/Release/HorizonData/FaviconCache/www.anthropic.com.png
2026-09-21 16:53:40,816 [INFO]   [deleted] bin/Release/HorizonData/FaviconCache/www.crunchyroll.com.png
2026-09-21 16:53:40,816 [INFO]   [deleted] bin/Release/HorizonData/FaviconCache/www.emag.bg.png
2026-09-21 16:53:40,816 [INFO]   [deleted] bin/Release/HorizonData/FaviconCache/www.google.com.png
2026-09-21 16:53:40,816 [INFO]   [deleted] bin/Release/HorizonData/FaviconCache/www.microsoft.com.png
2026-09-21 16:53:40,816 [INFO]   [deleted] bin/Release/HorizonData/FaviconCache/www.pirateproxy-bay.com.png
2026-09-21 16:53:40,817 [INFO]   [deleted] bin/Release/HorizonData/FaviconCache/www.reddit.com.png
2026-09-21 16:53:40,817 [INFO]   [deleted] bin/Release/HorizonData/FaviconCache/www.sublimehq.com.png
2026-09-21 16:53:40,817 [INFO]   [deleted] bin/Release/HorizonData/FaviconCache/www.youtube.com.png
2026-09-21 16:53:40,817 [INFO]   [deleted] bin/Release/HorizonData/config.json
2026-09-21 16:53:40,818 [INFO]   [deleted] bin/Release/HorizonData/flux_sort_defaults.json
2026-09-21 16:53:40,818 [INFO]   [deleted] code_files/!START_Horizon_Browser.lnk
2026-09-21 16:53:40,818 [INFO]   [deleted] code_files/.gitignore
2026-09-21 16:53:40,818 [INFO]   [deleted] code_files/App.xaml
2026-09-21 16:53:40,818 [INFO]   [deleted] code_files/App.xaml.cs
2026-09-21 16:53:40,819 [INFO]   [deleted] code_files/Build_Release.bat
2026-09-21 16:53:40,819 [INFO]   [deleted] code_files/Build_Release_FAST.bat
2026-09-21 16:53:40,819 [INFO]   [deleted] code_files/Controls/BrowserView.xaml
2026-09-21 16:53:40,819 [INFO]   [deleted] code_files/Controls/BrowserView.xaml.cs
2026-09-21 16:53:40,819 [INFO]   [deleted] code_files/Controls/FluxSidebar.xaml
2026-09-21 16:53:40,820 [INFO]   [deleted] code_files/Controls/FluxSidebar.xaml.cs
2026-09-21 16:53:40,820 [INFO]   [deleted] code_files/Controls/Omnibox.xaml
2026-09-21 16:53:40,820 [INFO]   [deleted] code_files/Controls/Omnibox.xaml.cs
2026-09-21 16:53:40,820 [INFO]   [deleted] code_files/Controls/PdfOpenDialog.xaml
2026-09-21 16:53:40,820 [INFO]   [deleted] code_files/Controls/PdfOpenDialog.xaml.cs
2026-09-21 16:53:40,820 [INFO]   [deleted] code_files/Controls/VaultSidebar.xaml
2026-09-21 16:53:40,820 [INFO]   [deleted] code_files/Controls/VaultSidebar.xaml.cs
2026-09-21 16:53:40,821 [INFO]   [deleted] code_files/Core/ExtensionInstaller.cs
2026-09-21 16:53:40,821 [INFO]   [deleted] code_files/Core/StealthEnvironment.cs
2026-09-21 16:53:40,821 [INFO]   [deleted] code_files/Core/TabColorPaletteExtractor.cs
2026-09-21 16:53:40,822 [INFO]   [deleted] code_files/Horizon.Browser.csproj
2026-09-21 16:53:40,822 [INFO]   [deleted] code_files/Horizon.bat
2026-09-21 16:53:40,822 [INFO]   [deleted] code_files/Horizon_Bootstrapper.bat
2026-09-21 16:53:40,822 [INFO]   [deleted] code_files/Install_Horizon_Browser_beta.ifp
2026-09-21 16:53:40,822 [INFO]   [deleted] code_files/LICENSE
2026-09-21 16:53:40,822 [INFO]   [deleted] code_files/LICENSE.rtf
2026-09-21 16:53:40,822 [INFO]   [deleted] code_files/LICENSE.txt
2026-09-21 16:53:40,822 [INFO]   [deleted] code_files/MainWindow.AdvancedCalc.cs
2026-09-21 16:53:40,823 [INFO]   [deleted] code_files/MainWindow.Widgets.cs
2026-09-21 16:53:40,823 [INFO]   [deleted] code_files/MainWindow.xaml
2026-09-21 16:53:40,823 [INFO]   [deleted] code_files/MainWindow.xaml.cs
2026-09-21 16:53:40,823 [INFO]   [deleted] code_files/MainWindow.xaml.cs.bak
2026-09-21 16:53:40,823 [INFO]   [deleted] code_files/Output/Setup_Horizon_Browser_Beta.exe
2026-09-21 16:53:40,823 [INFO]   [deleted] code_files/PRIVACY_POLICY.md
2026-09-21 16:53:40,823 [INFO]   [deleted] code_files/README.md
2026-09-21 16:53:40,823 [INFO]   [deleted] code_files/Services/AccountSyncService.cs
2026-09-21 16:53:40,824 [INFO]   [deleted] code_files/Services/BackgroundKeepAliveService.cs
2026-09-21 16:53:40,824 [INFO]   [deleted] code_files/Services/BookmarksService.cs
2026-09-21 16:53:40,824 [INFO]   [deleted] code_files/Services/BrowserDetectionService.cs
2026-09-21 16:53:40,824 [INFO]   [deleted] code_files/Services/CacheJanitorService.cs
2026-09-21 16:53:40,824 [INFO]   [deleted] code_files/Services/ChromiumHarvester.cs
2026-09-21 16:53:40,824 [INFO]   [deleted] code_files/Services/ConfigService.cs
2026-09-21 16:53:40,825 [INFO]   [deleted] code_files/Services/ExtensionRecord.cs
2026-09-21 16:53:40,825 [INFO]   [deleted] code_files/Services/ExtensionService.cs
2026-09-21 16:53:40,825 [INFO]   [deleted] code_files/Services/FluxJanitorService.cs
2026-09-21 16:53:40,825 [INFO]   [deleted] code_files/Services/GithubUpdateService.cs
2026-09-21 16:53:40,825 [INFO]   [deleted] code_files/Services/HealthService.cs
2026-09-21 16:53:40,825 [INFO]   [deleted] code_files/Services/HistoryService.cs
2026-09-21 16:53:40,825 [INFO]   [deleted] code_files/Services/HomePageService.cs
2026-09-21 16:53:40,826 [INFO]   [deleted] code_files/Services/LogService.cs
2026-09-21 16:53:40,826 [INFO]   [deleted] code_files/Services/MediaDownloadService.cs
2026-09-21 16:53:40,826 [INFO]   [deleted] code_files/Services/SettingsService.cs
2026-09-21 16:53:40,827 [INFO]   [deleted] code_files/Services/TabSleepRulesService.cs
2026-09-21 16:53:40,827 [INFO]   [deleted] code_files/Services/ThemeService.cs
2026-09-21 16:53:40,827 [INFO]   [deleted] code_files/Services/VaultService.cs
2026-09-21 16:53:40,827 [INFO]   [deleted] code_files/Setup_Horizon_Browser_Alpha.ifp
2026-09-21 16:53:40,828 [INFO]   [deleted] code_files/Setup_Horizon_Browser_Beta.ifp
2026-09-21 16:53:40,828 [INFO]   [deleted] code_files/Setup_Horizon_Browser_Beta.iss
2026-09-21 16:53:40,828 [INFO]   [deleted] code_files/Themes/Horizon.xaml
2026-09-21 16:53:40,828 [INFO]   [deleted] code_files/Themes/Light.xaml
2026-09-21 16:53:40,829 [INFO]   [deleted] code_files/Themes/Redmond.xaml
2026-09-21 16:53:40,829 [INFO]   [deleted] code_files/Uninstall/uninstall.bat
2026-09-21 16:53:40,829 [INFO]   [deleted] code_files/Update_manager.bat
2026-09-21 16:53:40,829 [INFO]   [deleted] code_files/Update_manager_OLD.bat
2026-09-21 16:53:40,829 [INFO]   [deleted] code_files/ViewModels/TabViewModel.cs
2026-09-21 16:53:40,829 [INFO]   [deleted] code_files/Views/LoginRecoveryDialog.xaml
2026-09-21 16:53:40,830 [INFO]   [deleted] code_files/Views/LoginRecoveryDialog.xaml.cs
2026-09-21 16:53:40,830 [INFO]   [deleted] code_files/Views/MaintenanceWindow.xaml
2026-09-21 16:53:40,830 [INFO]   [deleted] code_files/Views/MaintenanceWindow.xaml.cs
2026-09-21 16:53:40,830 [INFO]   [deleted] code_files/Views/NotificationToast.xaml
2026-09-21 16:53:40,831 [INFO]   [deleted] code_files/Views/NotificationToast.xaml.cs
2026-09-21 16:53:40,831 [INFO]   [deleted] code_files/Views/SettingsWindow.xaml
2026-09-21 16:53:40,831 [INFO]   [deleted] code_files/Views/SettingsWindow.xaml.cs
2026-09-21 16:53:40,831 [INFO]   [deleted] code_files/Views/TabSwitcherWindow.xaml
2026-09-21 16:53:40,831 [INFO]   [deleted] code_files/Views/TabSwitcherWindow.xaml.cs
2026-09-21 16:53:40,831 [INFO]   [deleted] code_files/backup.bat
2026-09-21 16:53:40,832 [INFO]   [deleted] code_files/changelog.txt
2026-09-21 16:53:40,832 [INFO]   [deleted] code_files/cookies.json
2026-09-21 16:53:40,832 [INFO]   [deleted] code_files/deploy_branch.bat
2026-09-21 16:53:40,832 [INFO]   [deleted] code_files/dir
2026-09-21 16:53:40,832 [INFO]   [deleted] code_files/emergency_log_failure.txt
2026-09-21 16:53:40,832 [INFO]   [deleted] code_files/extra_files.txt
2026-09-21 16:53:40,833 [INFO]   [deleted] code_files/history.json
2026-09-21 16:53:40,833 [INFO]   [deleted] code_files/horizon.conf
2026-09-21 16:53:40,833 [INFO]   [deleted] code_files/install_auto.ps1
2026-09-21 16:53:40,833 [INFO]   [deleted] code_files/logs/Setup_Bootstrapper.log
2026-09-21 16:53:40,833 [INFO]   [deleted] code_files/logs/horizon_update.log
2026-09-21 16:53:40,833 [INFO]   [deleted] code_files/logs/scan_debug_1776531966.log
2026-09-21 16:53:40,834 [INFO]   [deleted] code_files/logs/scan_debug_1776532031.log
2026-09-21 16:53:40,834 [INFO]   [deleted] code_files/logs/scan_debug_1776706586.log
2026-09-21 16:53:40,834 [INFO]   [deleted] code_files/logs/scan_debug_1776706631.log
2026-09-21 16:53:40,834 [INFO]   [deleted] code_files/logs/scan_debug_1782134229.log
2026-09-21 16:53:40,834 [INFO]   [deleted] code_files/logs/scan_debug_1782135107.log
2026-09-21 16:53:40,834 [INFO]   [deleted] code_files/logs/scan_debug_1782135140.log
2026-09-21 16:53:40,834 [INFO]   [deleted] code_files/logs/scan_debug_1782135373.log
2026-09-21 16:53:40,835 [INFO]   [deleted] code_files/maintenance_tool.bat
2026-09-21 16:53:40,835 [INFO]   [deleted] code_files/manage_build_files.bat
2026-09-21 16:53:40,835 [INFO]   [deleted] code_files/mapper_exclusions.txt
2026-09-21 16:53:40,835 [INFO]   [deleted] code_files/overlay.hta
2026-09-21 16:53:40,835 [INFO]   [deleted] code_files/path.txt
2026-09-21 16:53:40,835 [INFO]   [deleted] code_files/project_map_1782135374.txt
2026-09-21 16:53:40,836 [INFO]   [deleted] code_files/project_mapper.py
2026-09-21 16:53:40,836 [INFO]   [deleted] code_files/restore.bat
2026-09-21 16:53:40,836 [INFO]   [deleted] code_files/src/Gemini_Generated_Image_7395cs7395cs7395.ico
2026-09-21 16:53:40,836 [INFO]   [deleted] code_files/src/Gemini_Generated_Image_7395cs7395cs7395.png
2026-09-21 16:53:40,836 [INFO]   [deleted] code_files/src/icons/Gemini_Generated_Image_7395cs7395cs7395.ico
2026-09-21 16:53:40,836 [INFO]   [deleted] code_files/start_horizon.bat
2026-09-21 16:53:40,836 [INFO]   [deleted] code_files/start_mapper.bat
2026-09-21 16:53:40,836 [INFO]   [deleted] code_files/update.txt
2026-09-21 16:53:40,836 [INFO]   [deleted] code_files/update_orchestrator.bat
2026-09-21 16:53:40,836 [INFO]   [deleted] code_files/update_status.txt
2026-09-21 16:53:40,836 [INFO]   [deleted] code_files/version.txt
2026-09-21 16:53:40,836 [INFO]   [deleted] project_map_1782135374.txt
2026-09-21 16:53:40,837 [INFO]   [deleted] project_map_1784797406.txt
2026-09-21 16:53:40,837 [INFO] ----------------------------------------
2026-09-21 16:53:40,837 [DEBUG] Running: git status --porcelain
2026-09-21 16:53:41,510 [DEBUG] stdout: D  Install_Horizon_Browser_beta.ifp
D  Setup_Horizon_Browser_Alpha.ifp
D  Setup_Horizon_Browser_Beta.ifp
D  Setup_Horizon_Browser_Beta.iss
D  bin/Release/HorizonData/EBWebView/AutoLaunchProtocolsComponent/1.0.0.10/manifest.json
D  bin/Release/HorizonData/EBWebView/AutoLaunchProtocolsComponent/1.0.0.10/protocols.json
D  bin/Release/HorizonData/EBWebView/BrowserMetrics/BrowserMetrics-6A4FF9BB-FC8.pma
D  bin/Release/HorizonData/EBWebView/BrowserMetrics/BrowserMetrics-6A4FFA12-37C4.pma
D  bin/Release/HorizonData/EBWebView/BrowserMetrics/BrowserMetrics-6A4FFA30-42BC.pma
D  bin/Release/HorizonData/EBWebView/CertificateRevocation/6498.2025.9.4/crl-set
D  bin/Release/HorizonData/EBWebView/CertificateRevocation/6498.2025.9.4/manifest.json
D  bin/Release/HorizonData/EBWebView/Crashpad/metadata
D  bin/Release/HorizonData/EBWebView/Crashpad/settings.dat
D  bin/Release/HorizonData/EBWebView/Crashpad/temp/edge_shutdown_crash.txt
D  bin/Release/HorizonData/EBWebView/Crashpad/throttle_store.dat
D  bin/Release/HorizonData/EBWebView/Crashpad/watson_metadata
D  bin/Release/HorizonData/EBWebView/Default/AutofillAiModelCache/LOCK
D  bin/Release/HorizonData/EBWebView/Default/AutofillAiModelCache/LOG
D  bin/Release/HorizonData/EBWebView/Default/AutofillAiModelCache/LOG.old
D  bin/Release/HorizonData/EBWebView/Default/AutofillStrikeDatabase/LOCK
D  bin/Release/HorizonData/EBWebView/Default/AutofillStrikeDatabase/LOG
D  bin/Release/HorizonData/EBWebView/Default/AutofillStrikeDatabase/LOG.old
D  bin/Release/HorizonData/EBWebView/Default/BookmarkMergedSurfaceOrdering
D  bin/Release/HorizonData/EBWebView/Default/BrowsingTopicsSiteData
D  bin/Release/HorizonData/EBWebView/Default/BrowsingTopicsSiteData-journal
D  bin/Release/HorizonData/EBWebView/Default/BrowsingTopicsState
D  bin/Release/HorizonData/EBWebView/Default/BudgetDatabase/LOCK
D  bin/Release/HorizonData/EBWebView/Default/BudgetDatabase/LOG
D  bin/Release/HorizonData/EBWebView/Default/BudgetDatabase/LOG.old
D  bin/Release/HorizonData/EBWebView/Default/Cache/Cache_Data/data_0
D  bin/Release/HorizonData/EBWebView/Default/Cache/Cache_Data/data_1
D  bin/Release/HorizonData/EBWebView/Default/Cache/Cache_Data/data_2
D  bin/Release/HorizonData/EBWebView/Default/Cache/Cache_Data/data_3
D  bin/Release/HorizonData/EBWebView/Default/Cache/Cache_Data/f_000001
D  bin/Release/HorizonData/EBWebView/Default/Cache/Cache_Data/f_000002
D  bin/Release/HorizonData/EBWebView/Default/Cache/Cache_Data/f_000003
D  bin/Release/HorizonData/EBWebView/Default/Cache/Cache_Data/f_000004
D  bin/Release/HorizonData/EBWebView/Default/Cache/Cache_Data/f_000005
D  bin/Release/HorizonData/EBWebView/Default/Cache/Cache_Data/f_000006
D  bin/Release/HorizonData/EBWebView/Default/Cache/Cache_Data/f_000007
D  bin/Release/HorizonData/EBWebView/Default/Cache/Cache_Data/f_000008
D  bin/Release/HorizonData/EBWebView/Default/Cache/Cache_Data/f_000009
D  bin/Release/HorizonData/EBWebView/Default/Cache/Cache_Data/f_00000a
D  bin/Release/HorizonData/EBWebView/Default/Cache/Cache_Data/f_00000b
D  bin/Release/HorizonData/EBWebView/Default/Cache/Cache_Data/f_00000c
D  bin/Release/HorizonData/EBWebView/Default/Cache/Cache_Data/f_00000d
D  bin/Release/HorizonData/EBWebView/Default/Cache/Cache_Data/f_00000e
D  bin/Release/HorizonData/EBWebView/Default/Cache/Cache_Data/f_00000f
D  bin/Release/HorizonData/EBWebView/Default/Cache/Cache_Data/f_000010
D  bin/Release/HorizonData/EBWebView/Default/Cache/Cache_Data/f_000011
D  bin/Release/HorizonData/EBWebView/Default/Cache/Cache_Data/f_000012
D  bin/Release/HorizonData/EBWebView/Default/Cache/Cache_Data/f_000013
D  bin/Release/HorizonData/EBWebView/Default/Cache/Cache_Data/f_000015
D  bin/Release/HorizonData/EBWebView/Default/Cache/Cache_Data/f_000016
D  bin/Release/HorizonData/EBWebView/Default/Cache/Cache_Data/f_000017
D  bin/Release/HorizonData/EBWebView/Default/Cache/Cache_Data/f_000018
D  bin/Release/HorizonData/EBWebView/Default/Cache/Cache_Data/f_000019
D  bin/Release/HorizonData/EBWebView/Default/Cache/Cache_Data/f_00001b
D  bin/Release/HorizonData/EBWebView/Default/Cache/Cache_Data/f_00001c
D  bin/Release/HorizonData/EBWebView/Default/Cache/Cache_Data/f_00001d
D  bin/Release/HorizonData/EBWebView/Default/Cache/Cache_Data/f_00001e
D  bin/Release/HorizonData/EBWebView/Default/Cache/Cache_Data/f_00001f
D  bin/Release/HorizonData/EBWebView/Default/Cache/Cache_Data/f_000020
D  bin/Release/HorizonData/EBWebView/Default/Cache/Cache_Data/f_000021
D  bin/Release/HorizonData/EBWebView/Default/Cache/Cache_Data/f_000022
D  bin/Release/HorizonData/EBWebView/Default/Cache/Cache_Data/f_000023
D  bin/Release/HorizonData/EBWebView/Default/Cache/Cache_Data/f_000024
D  bin/Release/HorizonData/EBWebView/Default/Cache/Cache_Data/f_000025
D  bin/Release/HorizonData/EBWebView/Default/Cache/Cache_Data/f_000026
D  bin/Release/HorizonData/EBWebView/Default/Cache/Cache_Data/f_000027
D  bin/Release/HorizonData/EBWebView/Default/Cache/Cache_Data/f_000028
D  bin/Release/HorizonData/EBWebView/Default/Cache/Cache_Data/f_000029
D  bin/Release/HorizonData/EBWebView/Default/Cache/Cache_Data/f_00002a
D  bin/Release/HorizonData/EBWebView/Default/Cache/Cache_Data/f_00002b
D  bin/Release/HorizonData/EBWebView/Default/Cache/Cache_Data/f_00002c
D  bin/Release/HorizonData/EBWebView/Default/Cache/Cache_Data/f_00002d
D  bin/Release/HorizonData/EBWebView/Default/Cache/Cache_Data/f_00002e
D  bin/Release/HorizonData/EBWebView/Default/Cache/Cache_Data/f_00002f
D  bin/Release/HorizonData/EBWebView/Default/Cache/Cache_Data/f_000030
D  bin/Release/HorizonData/EBWebView/Default/Cache/Cache_Data/f_000031
D  bin/Release/HorizonData/EBWebView/Default/Cache/Cache_Data/f_000032
D  bin/Release/HorizonData/EBWebView/Default/Cache/Cache_Data/f_000033
D  bin/Release/HorizonData/EBWebView/Default/Cache/Cache_Data/f_000034
D  bin/Release/HorizonData/EBWebView/Default/Cache/Cache_Data/f_000035
D  bin/Release/HorizonData/EBWebView/Default/Cache/Cache_Data/f_000036
D  bin/Release/HorizonData/EBWebView/Default/Cache/Cache_Data/f_000037
D  bin/Release/HorizonData/EBWebView/Default/Cache/Cache_Data/f_000038
D  bin/Release/HorizonData/EBWebView/Default/Cache/Cache_Data/f_000039
D  bin/Release/HorizonData/EBWebView/Default/Cache/Cache_Data/f_00003a
D  bin/Release/HorizonData/EBWebView/Default/Cache/Cache_Data/f_00003b
D  bin/Release/HorizonData/EBWebView/Default/Cache/Cache_Data/f_00003c
D  bin/Release/HorizonData/EBWebView/Default/Cache/Cache_Data/f_00003d
D  bin/Release/HorizonData/EBWebView/Default/Cache/Cache_Data/f_00003e
D  bin/Release/HorizonData/EBWebView/Default/Cache/Cache_Data/f_00003f
D  bin/Release/HorizonData/EBWebView/Default/Cache/Cache_Data/f_000040
D  bin/Release/HorizonData/EBWebView/Default/Cache/Cache_Data/f_000041
D  bin/Release/HorizonData/EBWebView/Default/Cache/Cache_Data/f_000042
D  bin/Release/HorizonData/EBWebView/Default/Cache/Cache_Data/f_000043
D  bin/Release/HorizonData/EBWebView/Default/Cache/Cache_Data/f_000044
D  bin/Release/HorizonData/EBWebView/Default/Cache/Cache_Data/f_000045
D  bin/Release/HorizonData/EBWebView/Default/Cache/Cache_Data/f_000046
D  bin/Release/HorizonData/EBWebView/Default/Cache/Cache_Data/f_000047
D  bin/Release/HorizonData/EBWebView/Default/Cache/Cache_Data/f_000048
D  bin/Release/HorizonData/EBWebView/Default/Cache/Cache_Data/f_000049
D  bin/Release/HorizonData/EBWebView/Default/Cache/Cache_Data/f_00004a
D  bin/Release/HorizonData/EBWebView/Default/Cache/Cache_Data/f_00004b
D  bin/Release/HorizonData/EBWebView/Default/Cache/Cache_Data/f_00004c
D  bin/Release/HorizonData/EBWebView/Default/Cache/Cache_Data/f_00004d
D  bin/Release/HorizonData/EBWebView/Default/Cache/Cache_Data/f_00004e
D  bin/Release/HorizonData/EBWebView/Default/Cache/Cache_Data/f_00004f
D  bin/Release/HorizonData/EBWebView/Default/Cache/Cache_Data/f_000050
D  bin/Release/HorizonData/EBWebView/Default/Cache/Cache_Data/f_000051
D  bin/Release/HorizonData/EBWebView/Default/Cache/Cache_Data/f_000052
D  bin/Release/HorizonData/EBWebView/Default/Cache/Cache_Data/f_000053
D  bin/Release/HorizonData/EBWebView/Default/Cache/Cache_Data/f_000054
D  bin/Release/HorizonData/EBWebView/Default/Cache/Cache_Data/f_000055
D  bin/Release/HorizonData/EBWebView/Default/Cache/Cache_Data/f_000056
D  bin/Release/HorizonData/EBWebView/Default/Cache/Cache_Data/index
D  bin/Release/HorizonData/EBWebView/Default/Cache/No_Vary_Search/journal.baj
D  bin/Release/HorizonData/EBWebView/Default/Cache/No_Vary_Search/snapshot.baf
D  bin/Release/HorizonData/EBWebView/Default/ClientCertificates/LOCK
D  bin/Release/HorizonData/EBWebView/Default/ClientCertificates/LOG
D  bin/Release/HorizonData/EBWebView/Default/ClientCertificates/LOG.old
D  "bin/Release/HorizonData/EBWebView/Default/Code Cache/js/0076dbc2687a75c8_0"
D  "bin/Release/HorizonData/EBWebView/Default/Code Cache/js/02df4d919d1db631_0"
D  "bin/Release/HorizonData/EBWebView/Default/Code Cache/js/030deb08ea7f5704_0"
D  "bin/Release/HorizonData/EBWebView/Default/Code Cache/js/039b9efa13a61bad_0"
D  "bin/Release/HorizonData/EBWebView/Default/Code Cache/js/03ab767b40f8cfee_0"
D  "bin/Release/HorizonData/EBWebView/Default/Code Cache/js/043af1923a883e16_0"
D  "bin/Release/HorizonData/EBWebView/Default/Code Cache/js/04496e09a82d7be4_0"
D  "bin/Release/HorizonData/EBWebView/Default/Code Cache/js/04b821652310fb13_0"
D  "bin/Release/HorizonData/EBWebView/Default/Code Cache/js/05b26522fd606645_0"
D  "bin/Release/HorizonData/EBWebView/Default/Code Cache/js/071d0789528838a9_0"
D  "bin/Release/HorizonData/EBWebView/Default/Code Cache/js/086ced5af2bd8220_0"
D  "bin/Release/HorizonData/EBWebView/Default/Code Cache/js/0a4c526d5d310100_0"
D  "bin/Release/HorizonData/EBWebView/Default/Code Cache/js/0aaaf6edb73e546a_0"
D  "bin/Release/HorizonData/EBWebView/Default/Code Cache/js/0afc682fb9dad7c2_0"
D  "bin/Release/HorizonData/EBWebView/Default/Code Cache/js/0b06db1a6bf880c2_0"
D  "bin/Release/HorizonData/EBWebView/Default/Code Cache/js/0b3a0da62588e0f5_0"
D  "bin/Release/HorizonData/EBWebView/Default/Code Cache/js/0c015efe6e649523_0"
D  "bin/Release/HorizonData/EBWebView/Default/Code Cache/js/0f7a89f46f65133f_0"
D  "bin/Release/HorizonData/EBWebView/Default/Code Cache/js/0f7e5eeea93299c9_0"
D  "bin/Release/HorizonData/EBWebView/Default/Code Cache/js/103adf3520105e0f_0"
D  "bin/Release/HorizonData/EBWebView/Default/Code Cache/js/11328cb64a5d60eb_0"
D  "bin/Release/HorizonData/EBWebView/Default/Code Cache/js/113d72327aacc717_0"
D  "bin/Release/HorizonData/EBWebView/Default/Code Cache/js/1154210b0c0831c9_0"
D  "bin/Release/HorizonData/EBWebView/Default/Code Cache/js/1253ddc0847524d9_0"
D  "bin/Release/HorizonData/EBWebView/Default/Code Cache/js/13b86ba548c0a839_0"
D  "bin/Release/HorizonData/EBWebView/Default/Code Cache/js/142a6170a0e9d869_0"
D  "bin/Release/HorizonData/EBWebView/Default/Code Cache/js/1607200edb381bca_0"
D  "bin/Release/HorizonData/EBWebView/Default/Code Cache/js/166f248488e8e434_0"
D  "bin/Release/HorizonData/EBWebView/Default/Code Cache/js/191897f97e361b8f_0"
D  "bin/Release/HorizonData/EBWebView/Default/Code Cache/js/195e2fd790676a21_0"
D  "bin/Release/HorizonData/EBWebView/Default/Code Cache/js/198e8104f7f87921_0"
D  "bin/Release/HorizonData/EBWebView/Default/Code Cache/js/1bcd9e7257b3b57d_0"
D  "bin/Release/HorizonData/EBWebView/Default/Code Cache/js/1be905117ed82795_0"
D  "bin/Release/HorizonData/EBWebView/Default/Code Cache/js/1bf5e7db2cc86bc8_0"
D  "bin/Release/HorizonData/EBWebView/Default/Code Cache/js/1c93a3582c65c4d3_0"
D  "bin/Release/HorizonData/EBWebView/Default/Code Cache/js/1cc55164091f7d02_0"
D  "bin/Release/HorizonData/EBWebView/Default/Code Cache/js/1cdfac3e3497e90e_0"
D  "bin/Release/HorizonData/EBWebView/Default/Code Cache/js/1d25890505165c28_0"
D  "bin/Release/HorizonData/EBWebView/Default/Code Cache/js/1e533551742eeaf0_0"
D  "bin/Release/HorizonData/EBWebView/Default/Code Cache/js/1f722db16f1e9c51_0"
D  "bin/Release/HorizonData/EBWebView/Default/Code Cache/js/1f780d5738f54f36_0"
D  "bin/Release/HorizonData/EBWebView/Default/Code Cache/js/1f7cf8395b07ebcd_0"
D  "bin/Release/HorizonData/EBWebView/Default/Code Cache/js/1facba9eab55149f_0"
D  "bin/Release/HorizonData/EBWebView/Default/Code Cache/js/210c8b22d39f09d7_0"
D  "bin/Release/HorizonData/EBWebView/Default/Code Cache/js/213c9d2da2b585c1_0"
D  "bin/Release/HorizonData/EBWebView/Default/Code Cache/js/219ba47e4f3fd15f_0"
D  "bin/Release/HorizonData/EBWebView/Default/Code Cache/js/21aa031a3d2c0479_0"
D  "bin/Release/HorizonData/EBWebView/Default/Code Cache/js/22f3ce7a7d7a6aac_0"
D  "bin/Release/HorizonData/EBWebView/Default/Code Cache/js/23e0af9c53491d3f_0"
D  "bin/Release/HorizonData/EBWebView/Default/Code Cache/js/23ff0c8c70c7689f_0"
D  "bin/Release/HorizonData/EBWebView/Default/Code Cache/js/26c4287798fa812c_0"
D  "bin/Release/HorizonData/EBWebView/Default/Code Cache/js/285bf0c6b2a0869b_0"
D  "bin/Release/HorizonData/EBWebView/Default/Code Cache/js/285e4739357c6106_0"
D  "bin/Release/HorizonData/EBWebView/Default/Code Cache/js/29305d07e19521a6_0"
D  "bin/Release/HorizonData/EBWebView/Default/Code Cache/js/295728fafc7c1ebe_0"
D  "bin/Release/HorizonData/EBWebView/Default/Code Cache/js/29f6e8ab8ec87e6c_0"
D  "bin/Release/HorizonData/EBWebView/Default/Code Cache/js/2a61469126e13338_0"
D  "bin/Release/HorizonData/EBWebView/Default/Code Cache/js/2aaeea5e819db95a_0"
D  "bin/Release/HorizonData/EBWebView/Default/Code Cache/js/2b3ca73aed475f2b_0"
D  "bin/Release/HorizonData/EBWebView/Default/Code Cache/js/2b5d95bda3bae015_0"
D  "bin/Release/HorizonData/EBWebView/Default/Code Cache/js/2ba4a999fd4f886b_0"
D  "bin/Release/HorizonData/EBWebView/Default/Code Cache/js/2c3897a6197a9767_0"
D  "bin/Release/HorizonData/EBWebView/Default/Code Cache/js/2c410b04f0114046_0"
D  "bin/Release/HorizonData/EBWebView/Default/Code Cache/js/2dc54355c897759f_0"
D  "bin/Release/HorizonData/EBWebView/Default/Code Cache/js/2e98f626d1f446d8_0"
D  "bin/Release/HorizonData/EBWebView/Default/Code Cache/js/2fea4219311926b6_0"
D  "bin/Release/HorizonData/EBWebView/Default/Code Cache/js/301522068fae0a51_0"
D  "bin/Release/HorizonData/EBWebView/Default/Code Cache/js/30259e9f37aaf988_0"
D  "bin/Release/HorizonData/EBWebView/Default/Code Cache/js/31836ad4b5df3363_0"
D  "bin/Release/HorizonData/EBWebView/Default/Code Cache/js/32ac42b2888b846b_0"
D  "bin/Release/HorizonData/EBWebView/Default/Code Cache/js/32f350141aa87917_0"
D  "bin/Release/HorizonData/EBWebView/Default/Code Cache/js/336a68eaaf209f48_0"
D  "bin/Release/HorizonData/EBWebView/Default/Code Cache/js/34ac8a9c0965f5ad_0"
D  "bin/Release/HorizonData/EBWebView/Default/Code Cache/js/35a5f42315e20c02_0"
D  "bin/Release/HorizonData/EBWebView/Default/Code Cache/js/3724a0324c3b6e26_0"
D  "bin/Release/HorizonData/EBWebView/Default/Code Cache/js/3776c937168b5b52_0"
D  "bin/Release/HorizonData/EBWebView/Default/Code Cache/js/383a869199a8575d_0"
D  "bin/Release/HorizonData/EBWebView/Default/Code Cache/js/38419f8e309412eb_0"
D  "bin/Release/HorizonData/EBWebView/Default/Code Cache/js/39cd07b5fed350c5_0"
D  "bin/Release/HorizonData/EBWebView/Default/Code Cache/js/3c45437c70bb8ea2_0"
D  "bin/Release/HorizonData/EBWebView/Default/Code Cache/js/3d67dae5c887164b_0"
D  "bin/Release/HorizonData/EBWebView/Default/Code Cache/js/3d6bd5bd9da96636_0"
D  "bin/Release/HorizonData/EBWebView/Default/Code Cache/js/3d7b3300c41a76c0_0"
D  "bin/Release/HorizonData/EBWebView/Default/Code Cache/js/3eada1f109a8e7c6_0"
D  "bin/Release/HorizonData/EBWebView/Default/Code Cache/js/3f746c470dfb4415_0"
D  "bin/Release/HorizonData/EBWebView/Default/Code Cache/js/42d00762017c12e0_0"
D  "bin/Release/HorizonData/EBWebView/Default/Code Cache/js/43358fd863f969b1_0"
D  "bin/Release/HorizonData/EBWebView/Default/Code Cache/js/441c2476218dfa97_0"
D  "bin/Release/HorizonData/EBWebView/Default/Code Cache/js/4431bab738f28701_0"
D  "bin/Release/HorizonData/EBWebView/Default/Code Cache/js/4513aa6c19670f03_0"
D  "bin/Release/HorizonData/EBWebView/Default/Code Cache/js/459a3a51c2e0cc5f_0"
D  "bin/Release/HorizonData/EBWebView/Default/Code Cache/js/45a0d6b4698d6793_0"
D  "bin/Release/HorizonData/EBWebView/Default/Code Cache/js/45ec19afc0c3926c_0"
D  "bin/Release/HorizonData/EBWebView/Default/Code Cache/js/45f2a4e8b68183f1_0"
D  "bin/Release/HorizonData/EBWebView/Default/Code Cache/js/461394aad51d27a5_0"
D  "bin/Release/HorizonData/EBWebView/Default/Code Cache/js/46f0f9bcc6381ca4_0"
D  "bin/Release/HorizonData/EBWebView/Default/Code Cache/js/476e925384e274ca_0"
D  "bin/Release/HorizonData/EBWebView/Default/Code Cache/js/47b2c8679819c7f8_0"
D  "bin/Release/HorizonData/EBWebView/Default/Code Cache/js/48e780b63f42de42_0"
D  "bin/Release/HorizonData/EBWebView/Default/Code Cache/js/49e3bf709fa8fdf6_0"
D  "bin/Release/HorizonData/EBWebView/Default/Code Cache/js/4a900104f5908b5f_0"
D  "bin/Release/HorizonData/EBWebView/Default/Code Cache/js/4b290833534e9090_0"
D  "bin/Release/HorizonData/EBWebView/Default/Code Cache/js/4b72b65b98aee73e_0"
D  "bin/Release/HorizonData/EBWebView/Default/Code Cache/js/4b8e7f0dd7ad3829_0"
D  "bin/Release/HorizonData/EBWebView/Default/Code Cache/js/4c5ca62179efe410_0"
D  "bin/Release/HorizonData/EBWebView/Default/Code Cache/js/4d5ca12299fb0b42_0"
D  "bin/Release/HorizonData/EBWebView/Default/Code Cache/js/4fdb2fec396ea760_0"
D  "bin/Release/HorizonData/EBWebView/Default/Code Cache/js/50a4945d49f08526_0"
D  "bin/Release/HorizonData/EBWebView/Default/Code Cache/js/53da2c5efbf7fa87_0"
D  "bin/Release/HorizonData/EBWebView/Default/Code Cache/js/553fd832d277d371_0"
D  "bin/Release/HorizonData/EBWebView/Default/Code Cache/js/557181f3109f2b5b_0"
D  "bin/Release/HorizonData/EBWebView/Default/Code Cache/js/55a0c9678498ccce_0"
D  "bin/Release/HorizonData/EBWebView/Default/Code Cache/js/55c19d41fa6293f5_0"
D  "bin/Release/HorizonData/EBWebView/Default/Code Cache/js/5657fedf7d486af5_0"
D  "bin/Release/HorizonData/EBWebView/Default/Code Cache/js/5889931439d1647c_0"
D  "bin/Release/HorizonData/EBWebView/Default/Code Cache/js/58922cf0bc5f42a9_0"
D  "bin/Release/HorizonData/EBWebView/Default/Code Cache/js/591a6fd1e26522dd_0"
D  "bin/Release/HorizonData/EBWebView/Default/Code Cache/js/595fca4bc905ae3f_0"
D  "bin/Release/HorizonData/EBWebView/Default/Code Cache/js/5bd1b3ba5b1083d5_0"
D  "bin/Release/HorizonData/EBWebView/Default/Code Cache/js/5bf0bdc3107aca3b_0"
D  "bin/Release/HorizonData/EBWebView/Default/Code Cache/js/5cede4bc155eab21_0"
D  "bin/Release/HorizonData/EBWebView/Default/Code Cache/js/5edb9c275f992577_0"
D  "bin/Release/HorizonData/EBWebView/Default/Code Cache/js/60c4372e5f885bf0_0"
D  "bin/Release/HorizonData/EBWebView/Default/Code Cache/js/60d8544d757b2679_0"
D  "bin/Release/HorizonData/EBWebView/Default/Code Cache/js/615dcdf40e3f867f_0"
D  "bin/Release/HorizonData/EBWebView/Default/Code Cache/js/6234441e9058402d_0"
D  "bin/Release/HorizonData/EBWebView/Default/Code Cache/js/62ebafc69ab63d3d_0"
D  "bin/Release/HorizonData/EBWebView/Default/Code Cache/js/64c0010e0b003e65_0"
D  "bin/Release/HorizonData/EBWebView/Default/Code Cache/js/66416b18424601b2_0"
D  "bin/Release/HorizonData/EBWebView/Default/Code Cache/js/67e4b73732f3ae16_0"
D  "bin/Release/HorizonData/EBWebView/Default/Code Cache/js/6815baa5322591c2_0"
D  "bin/Release/HorizonData/EBWebView/Default/Code Cache/js/69d74f99fd05b8f5_0"
D  "bin/Release/HorizonData/EBWebView/Default/Code Cache/js/6a29e1c45e953b04_0"
D  "bin/Release/HorizonData/EBWebView/Default/Code Cache/js/6a5f2f74491b0b10_0"
D  "bin/Release/HorizonData/EBWebView/Default/Code Cache/js/6a69cef7b05e2116_0"
D  "bin/Release/HorizonData/EBWebView/Default/Code Cache/js/6b905d6a03391e9b_0"
D  "bin/Release/HorizonData/EBWebView/Default/Code Cache/js/6c3763529eb6c42f_0"
D  "bin/Release/HorizonData/EBWebView/Default/Code Cache/js/6cc2c20d6d2d01d4_0"
D  "bin/Release/HorizonData/EBWebView/Default/Code Cache/js/6d83600370122c88_0"
D  "bin/Release/HorizonData/EBWebView/Default/Code Cache/js/6e2c3008b5beade3_0"
D  "bin/Release/HorizonData/EBWebView/Default/Code Cache/js/700dc727cb9bcc1e_0"
D  "bin/Release/HorizonData/EBWebView/Default/Code Cache/js/706fac09a8efc57d_0"
D  "bin/Release/HorizonData/EBWebView/Default/Code Cache/js/729e06121263e699_0"
D  "bin/Release/HorizonData/EBWebView/Default/Code Cache/js/73598283727f3d0c_0"
D  "bin/Release/HorizonData/EBWebView/Default/Code Cache/js/73d2efb9cf9769e7_0"
D  "bin/Release/HorizonData/EBWebView/Default/Code Cache/js/73d953c33c8cd15c_0"
D  "bin/Release/HorizonData/EBWebView/Default/Code Cache/js/750e718928cb9cc1_0"
D  "bin/Release/HorizonData/EBWebView/Default/Code Cache/js/75a67d19412e31c6_0"
D  "bin/Release/HorizonData/EBWebView/Default/Code Cache/js/75ce2afff720c5bc_0"
D  "bin/Release/HorizonData/EBWebView/Default/Code Cache/js/75f9d714a9a0530d_0"
D  "bin/Release/HorizonData/EBWebView/Default/Code Cache/js/76fe2c38f69e6c3e_0"
D  "bin/Release/HorizonData/EBWebView/Default/Code Cache/js/7733fbf967c4657e_0"
D  "bin/Release/HorizonData/EBWebView/Default/Code Cache/js/7770572c4d5a85c6_0"
D  "bin/Release/HorizonData/EBWebView/Default/Code Cache/js/7796935dc90f4611_0"
D  "bin/Release/HorizonData/EBWebView/Default/Code Cache/js/77b0b838786966f3_0"
D  "bin/Release/HorizonData/EBWebView/Default/Code Cache/js/77fd57b40e5f0945_0"
D  "bin/Release/HorizonData/EBWebView/Default/Code Cache/js/7830bb3c6aebc8d2_0"
D  "bin/Release/HorizonData/EBWebView/Default/Code Cache/js/7aa2a78c6711ee05_0"
D  "bin/Release/HorizonData/EBWebView/Default/Code Cache/js/7b45860dc27c51d2_0"
D  "bin/Release/HorizonData/EBWebView/Default/Code Cache/js/7c10f56e3e1c96b7_0"
D  "bin/Release/HorizonData/EBWebView/Default/Code Cache/js/7c49ae0efcea2fba_0"
D  "bin/Release/HorizonData/EBWebView/Default/Code Cache/js/7c4eca39ac31d3bf_0"
D  "bin/Release/HorizonData/EBWebView/Default/Code Cache/js/7cb42cd2778ad146_0"
D  "bin/Release/HorizonData/EBWebView/Default/Code Cache/js/7cee592cd11ccb85_0"
D  "bin/Release/HorizonData/EBWebView/Default/Code Cache/js/7e13452bd0baf78d_0"
D  "bin/Release/HorizonData/EBWebView/Default/Code Cache/js/7e77d93031b026df_0"
D  "bin/Release/HorizonData/EBWebView/Default/Code Cache/js/7ea7b5787d024c41_0"
D  "bin/Release/HorizonData/EBWebView/Default/Code Cache/js/7f4b4fe6877a5fa5_0"
D  "bin/Release/HorizonData/EBWebView/Default/Code Cache/js/80ae89df8ae7d4cb_0"
D  "bin/Release/HorizonData/EBWebView/Default/Code Cache/js/80c97569d2ef4727_0"
D  "bin/Release/HorizonData/EBWebView/Default/Code Cache/js/80ca0c4d0abbee4c_0"
D  "bin/Release/HorizonData/EBWebView/Default/Code Cache/js/8142d87dc62a8289_0"
D  "bin/Release/HorizonData/EBWebView/Default/Code Cache/js/81d5d441795a90ac_0"
D  "bin/Release/HorizonData/EBWebView/Default/Code Cache/js/81e62ae930589f44_0"
D  "bin/Release/HorizonData/EBWebView/Default/Code Cache/js/82315b06200d0f51_0"
D  "bin/Release/HorizonData/EBWebView/Default/Code Cache/js/8257e29537493481_0"
D  "bin/Release/HorizonData/EBWebView/Default/Code Cache/js/8309577bd3dfe91b_0"
D  "bin/Release/HorizonData/EBWebView/Default/Code Cache/js/83923ba863ef0328_0"
D  "bin/Release/HorizonData/EBWebView/Default/Code Cache/js/83dffb8c3174fef0_0"
D  "bin/Release/HorizonData/EBWebView/Default/Code Cache/js/85c0d128ae6d1da1_0"
D  "bin/Release/HorizonData/EBWebView/Default/Code Cache/js/86597e01f9217b47_0"
D  "bin/Release/HorizonData/EBWebView/Default/Code Cache/js/86a9dc20f88e211e_0"
D  "bin/Release/HorizonData/EBWebView/Default/Code Cache/js/8818a0082ce9f723_0"
D  "bin/Release/HorizonData/EBWebView/Default/Code Cache/js/88640dfb72b4d0b9_0"
D  "bin/Release/HorizonData/EBWebView/Default/Code Cache/js/8871a9ca939a2705_0"
D  "bin/Release/HorizonData/EBWebView/Default/Code Cache/js/89028526bc380681_0"
D  "bin/Release/HorizonData/EBWebView/Default/Code Cache/js/891dbe7f9c49cc7c_0"
D  "bin/Release/HorizonData/EBWebView/Default/Code Cache/js/8ae409e2dffaf445_0"
D  "bin/Release/HorizonData/EBWebView/Default/Code Cache/js/8b49d98d02614a25_0"
D  "bin/Release/HorizonData/EBWebView/Default/Code Cache/js/8b4a252cbf815bea_0"
D  "bin/Release/HorizonData/EBWebView/Default/Code Cache/js/8b87103f8561cdd7_0"
D  "bin/Release/HorizonData/EBWebView/Default/Code Cache/js/8bb0e185a0529c66_0"
D  "bin/Release/HorizonData/EBWebView/Default/Code Cache/js/8bbac0335be35a83_0"
D  "bin/Release/HorizonData/EBWebView/Default/Code Cache/js/8c6c37db201f7faf_0"
D  "bin/Release/HorizonData/EBWebView/Default/Code Cache/js/8d5ca1e661f2e6c5_0"
D  "bin/Release/HorizonData/EBWebView/Default/Code Cache/js/8dc5dfa83e38f1d4_0"
D  "bin/Release/HorizonData/EBWebView/Default/Code Cache/js/8dd013a50b6f7494_0"
D  "bin/Release/HorizonData/EBWebView/Default/Code Cache/js/8ddfab8cb1cec30d_0"
D  "bin/Release/HorizonData/EBWebView/Default/Code Cache/js/902ea3f71f655b6a_0"
D  "bin/Release/HorizonData/EBWebView/Default/Code Cache/js/909a42f141014997_0"
D  "bin/Release/HorizonData/EBWebView/Default/Code Cache/js/90d83890ae1d4820_0"
D  "bin/Release/HorizonData/EBWebView/Default/Code Cache/js/910198d377dddd36_0"
D  "bin/Release/HorizonData/EBWebView/Default/Code Cache/js/920c07db3f1a34c2_0"
D  "bin/Release/HorizonData/EBWebView/Default/Code Cache/js/928b3f1e19244afc_0"
D  "bin/Release/HorizonData/EBWebView/Default/Code Cache/js/92a4b5f9b32da0b3_0"
D  "bin/Release/HorizonData/EBWebView/Default/Code Cache/js/92b03997d45af18a_0"
D  "bin/Release/HorizonData/EBWebView/Default/Code Cache/js/92d6be4f5a100850_0"
D  "bin/Release/HorizonData/EBWebView/Default/Code Cache/js/9318887779393cc9_0"
D  "bin/Release/HorizonData/EBWebView/Default/Code Cache/js/941c2c2acfe13589_0"
D  "bin/Release/HorizonData/EBWebView/Default/Code Cache/js/95776333dfe668be_0"
D  "bin/Release/HorizonData/EBWebView/Default/Code Cache/js/97d01c453ca4dd4c_0"
D  "bin/Release/HorizonData/EBWebView/Default/Code Cache/js/97d02b97ea766e65_0"
D  "bin/Release/HorizonData/EBWebView/Default/Code Cache/js/9870b729e146b9f8_0"
D  "bin/Release/HorizonData/EBWebView/Default/Code Cache/js/98def3e77158b3d2_0"
D  "bin/Release/HorizonData/EBWebView/Default/Code Cache/js/98f29b078d991853_0"
D  "bin/Release/HorizonData/EBWebView/Default/Code Cache/js/990191b661d360f6_0"
D  "bin/Release/HorizonData/EBWebView/Default/Code Cache/js/9949003591f367df_0"
D  "bin/Release/HorizonData/EBWebView/Default/Code Cache/js/99b5610a24549a44_0"
D  "bin/Release/HorizonData/EBWebView/Default/Code Cache/js/9a24a8a48e855424_0"
D  "bin/Release/HorizonData/EBWebView/Default/Code Cache/js/9a9f26166dafbcff_0"
D  "bin/Release/HorizonData/EBWebView/Default/Code Cache/js/9b35b4179943f4f9_0"
D  "bin/Release/HorizonData/EBWebView/Default/Code Cache/js/9c601942de9e1307_0"
D  "bin/Release/HorizonData/EBWebView/Default/Code Cache/js/9dbf418880b89464_0"
D  "bin/Release/HorizonData/EBWebView/Default/Code Cache/js/9e07b06e8139ebbf_0"
D  "bin/Release/HorizonData/EBWebView/Default/Code Cache/js/9ec8aab95fff3370_0"
D  "bin/Release/HorizonData/EBWebView/Default/Code Cache/js/a01c0310ff320564_0"
D  "bin/Release/HorizonData/EBWebView/Default/Code Cache/js/a031e9f83427b6de_0"
D  "bin/Release/HorizonData/EBWebView/Default/Code Cache/js/a0bbe7530078111c_0"
D  "bin/Release/HorizonData/EBWebView/Default/Code Cache/js/a0ce1fb5ae763c47_0"
D  "bin/Release/HorizonData/EBWebView/Default/Code Cache/js/a0d854db23c4986e_0"
D  "bin/Release/HorizonData/EBWebView/Default/Code Cache/js/a1b4afd9cecbde61_0"
D  "bin/Release/HorizonData/EBWebView/Default/Code Cache/js/a1fa137b64fa4022_0"
D  "bin/Release/HorizonData/EBWebView/Default/Code Cache/js/a2e2d3ccdd40b565_0"
D  "bin/Release/HorizonData/EBWebView/Default/Code Cache/js/a47b0ea0a8a017fb_0"
D  "bin/Release/HorizonData/EBWebView/Default/Code Cache/js/a5a1aadf172914fe_0"
D  "bin/Release/HorizonData/EBWebView/Default/Code Cache/js/a5b8b39f63fde1bc_0"
D  "bin/Release/HorizonData/EBWebView/Default/Code Cache/js/a5fa9be99cd4d0af_0"
D  "bin/Release/HorizonData/EBWebView/Default/Code Cache/js/a6094d2874ab90de_0"
D  "bin/Release/HorizonData/EBWebView/Default/Code Cache/js/a62a4215b9346676_0"
D  "bin/Release/HorizonData/EBWebView/Default/Code Cache/js/a63a1197625004b3_0"
D  "bin/Release/HorizonData/EBWebView/Default/Code Cache/js/a810a0483ae40b23_0"
D  "bin/Release/HorizonData/EBWebView/Default/Code Cache/js/a8593ea97381b208_0"
D  "bin/Release/HorizonData/EBWebView/Default/Code Cache/js/a897015626d44c6b_0"
D  "bin/Release/HorizonData/EBWebView/Default/Code Cache/js/a8ad890aa570e093_0"
D  "bin/Release/HorizonData/EBWebView/Default/Code Cache/js/a99efcdec779dcdc_0"
D  "bin/Release/HorizonData/EBWebView/Default/Code Cache/js/aa6a1e8ce1426809_0"
D  "bin/Release/HorizonData/EBWebView/Default/Code Cache/js/aa9611a54af6bf36_0"
D  "bin/Release/HorizonData/EBWebView/Default/Code Cache/js/aafc135857612845_0"
D  "bin/Release/HorizonData/EBWebView/Default/Code Cache/js/ad2057eeb7705349_0"
D  "bin/Release/HorizonData/EBWebView/Default/Code Cache/js/ad31ef1ddebe25ec_0"
D  "bin/Release/HorizonData/EBWebView/Default/Code Cache/js/af08c8dfb60dc291_0"
D  "bin/Release/HorizonData/EBWebView/Default/Code Cache/js/b199925a04e1874e_0"
D  "bin/Release/HorizonData/EBWebView/Default/Code Cache/js/b1a93205baf980e8_0"
D  "bin/Release/HorizonData/EBWebView/Default/Code Cache/js/b1b0bc2357e152d8_0"
D  "bin/Release/HorizonData/EBWebView/Default/Code Cache/js/b2ad4ddd51204622_0"
D  "bin/Release/HorizonData/EBWebView/Default/Code Cache/js/b3f1056d02277b2e_0"
D  "bin/Release/HorizonData/EBWebView/Default/Code Cache/js/b6ca6ce343510893_0"
D  "bin/Release/HorizonData/EBWebView/Default/Code Cache/js/b6ebe0c7f8673633_0"
D  "bin/Release/HorizonData/EBWebView/Default/Code Cache/js/b75aece08654fcae_0"
D  "bin/Release/HorizonData/EBWebView/Default/Code Cache/js/b9cd5c9e189b7c91_0"
D  "bin/Release/HorizonData/EBWebView/Default/Code Cache/js/bb3e10180f60d452_0"
D  "bin/Release/HorizonData/EBWebView/Default/Code Cache/js/bb73546961cd6df8_0"
D  "bin/Release/HorizonData/EBWebView/Default/Code Cache/js/bbf72f37478d5754_0"
D  "bin/Release/HorizonData/EBWebView/Default/Code Cache/js/bd9a8ebd92bd0fb1_0"
D  "bin/Release/HorizonData/EBWebView/Default/Code Cache/js/bdaea414e9ce4e38_0"
D  "bin/Release/HorizonData/EBWebView/Default/Code Cache/js/be1546fea8ad5017_0"
D  "bin/Release/HorizonData/EBWebView/Default/Code Cache/js/bf073348812cd546_0"
D  "bin/Release/HorizonData/EBWebView/Default/Code Cache/js/bf3fabda45d6efc8_0"
D  "bin/Release/HorizonData/EBWebView/Default/Code Cache/js/c00dfea51d750af9_0"
D  "bin/Release/HorizonData/EBWebView/Default/Code Cache/js/c00f79b571e53a90_0"
D  "bin/Release/HorizonData/EBWebView/Default/Code Cache/js/c1e16c33e0d24977_0"
D  "bin/Release/HorizonData/EBWebView/Default/Code Cache/js/c20d71ecd0100ee8_0"
D  "bin/Release/HorizonData/EBWebView/Default/Code Cache/js/c2c2b3cc9051baa5_0"
D  "bin/Release/HorizonData/EBWebView/Default/Code Cache/js/c2f21af09aba525a_0"
D  "bin/Release/HorizonData/EBWebView/Default/Code Cache/js/c3f4f238755411ed_0"
D  "bin/Release/HorizonData/EBWebView/Default/Code Cache/js/c6b9313c8e6e51ca_0"
D  "bin/Release/HorizonData/EBWebView/Default/Code Cache/js/c6b94ec6df951cf6_0"
D  "bin/Release/HorizonData/EBWebView/Default/Code Cache/js/c6fd9b6fd7676322_0"
D  "bin/Release/HorizonData/EBWebView/Default/Code Cache/js/c7041477f118ee1a_0"
D  "bin/Release/HorizonData/EBWebView/Default/Code Cache/js/c7d30abc0e0ff55a_0"
D  "bin/Release/HorizonData/EBWebView/Default/Code Cache/js/c8e48afcc9f9dfb4_0"
D  "bin/Release/HorizonData/EBWebView/Default/Code Cache/js/c9d9dc059f1676a5_0"
D  "bin/Release/HorizonData/EBWebView/Default/Code Cache/js/cafc2e78c867be91_0"
D  "bin/Release/HorizonData/EBWebView/Default/Code Cache/js/cb3a90e9370cef07_0"
D  "bin/Release/HorizonData/EBWebView/Default/Code Cache/js/cccc43e45a5a6960_0"
D  "bin/Release/HorizonData/EBWebView/Default/Code Cache/js/cd82ba944fad5118_0"
D  "bin/Release/HorizonData/EBWebView/Default/Code Cache/js/cd9ec71b49f10925_0"
D  "bin/Release/HorizonData/EBWebView/Default/Code Cache/js/cdee42929affea09_0"
D  "bin/Release/HorizonData/EBWebView/Default/Code Cache/js/cdf731a6130495c9_0"
D  "bin/Release/HorizonData/EBWebView/Default/Code Cache/js/cf6d3e7947913a8c_0"
D  "bin/Release/HorizonData/EBWebView/Default/Code Cache/js/d08c288fcb831196_0"
D  "bin/Release/HorizonData/EBWebView/Default/Code Cache/js/d09a7b26ca5c5b1c_0"
D  "bin/Release/HorizonData/EBWebView/Default/Code Cache/js/d1000b77b936bbf5_0"
D  "bin/Release/HorizonData/EBWebView/Default/Code Cache/js/d3ab5bc620082724_0"
D  "bin/Release/HorizonData/EBWebView/Default/Code Cache/js/d53537e9a3e5472d_0"
D  "bin/Release/HorizonData/EBWebView/Default/Code Cache/js/d6f878a7f569f6be_0"
D  "bin/Release/HorizonData/EBWebView/Default/Code Cache/js/d6ffd5adef6f9780_0"
D  "bin/Release/HorizonData/EBWebView/Default/Code Cache/js/d738afecb311bf8f_0"
D  "bin/Release/HorizonData/EBWebView/Default/Code Cache/js/d8f08168df5e633f_0"
D  "bin/Release/HorizonData/EBWebView/Default/Code Cache/js/d92a2ba554ae9430_0"
D  "bin/Release/HorizonData/EBWebView/Default/Code Cache/js/d9f5c1dc-f8fe-443c-b79f-73949db5d5a6.tmp"
D  "bin/Release/HorizonData/EBWebView/Default/Code Cache/js/da34dff0bcb62624_0"
D  "bin/Release/HorizonData/EBWebView/Default/Code Cache/js/da474bbe5702481d_0"
D  "bin/Release/HorizonData/EBWebView/Default/Code Cache/js/db1823a3ff744d88_0"
D  "bin/Release/HorizonData/EBWebView/Default/Code Cache/js/dbc149b98865d134_0"
D  "bin/Release/HorizonData/EBWebView/Default/Code Cache/js/dcac0418fc975285_0"
D  "bin/Release/HorizonData/EBWebView/Default/Code Cache/js/dccd224e92bddd24_0"
D  "bin/Release/HorizonData/EBWebView/Default/Code Cache/js/de8ae10e19b4b086_0"
D  "bin/Release/HorizonData/EBWebView/Default/Code Cache/js/dea1fd92bb8cbf0a_0"
D  "bin/Release/HorizonData/EBWebView/Default/Code Cache/js/df2b36ffadcebb01_0"
D  "bin/Release/HorizonData/EBWebView/Default/Code Cache/js/df479de699269e3f_0"
D  "bin/Release/HorizonData/EBWebView/Default/Code Cache/js/dfca766ddb094e3a_0"
D  "bin/Release/HorizonData/EBWebView/Default/Code Cache/js/e0159b47c49a23d4_0"
D  "bin/Release/HorizonData/EBWebView/Default/Code Cache/js/e08a342f11c2b4d8_0"
D  "bin/Release/HorizonData/EBWebView/Default/Code Cache/js/e0bc52dcdce2e336_0"
D  "bin/Release/HorizonData/EBWebView/Default/Code Cache/js/e0e529bef6db25dd_0"
D  "bin/Release/HorizonData/EBWebView/Default/Code Cache/js/e13a798433bc05b6_0"
D  "bin/Release/HorizonData/EBWebView/Default/Code Cache/js/e14f7e9dd99336ce_0"
D  "bin/Release/HorizonData/EBWebView/Default/Code Cache/js/e3a309c676de0a5f_0"
D  "bin/Release/HorizonData/EBWebView/Default/Code Cache/js/e44ad3cd0b07a517_0"
D  "bin/Release/HorizonData/EBWebView/Default/Code Cache/js/e4ea1ef674a32d6d_0"
D  "bin/Release/HorizonData/EBWebView/Default/Code Cache/js/e524cbfdb4b02c32_0"
D  "bin/Release/HorizonData/EBWebView/Default/Code Cache/js/e5b36b100c26d200_0"
D  "bin/Release/HorizonData/EBWebView/Default/Code Cache/js/e5be169dd5b813f9_0"
D  "bin/Release/HorizonData/EBWebView/Default/Code Cache/js/e5c4a9f90aa0f87d_0"
D  "bin/Release/HorizonData/EBWebView/Default/Code Cache/js/e6afdfc6cc57adcf_0"
D  "bin/Release/HorizonData/EBWebView/Default/Code Cache/js/e8879a23b76234d5_0"
D  "bin/Release/HorizonData/EBWebView/Default/Code Cache/js/e9aa19718374ecc0_0"
D  "bin/Release/HorizonData/EBWebView/Default/Code Cache/js/ea8ba2135e947898_0"
D  "bin/Release/HorizonData/EBWebView/Default/Code Cache/js/eb090d2e8b6bc7c5_0"
D  "bin/Release/HorizonData/EBWebView/Default/Code Cache/js/eb8018a57d356e91_0"
D  "bin/Release/HorizonData/EBWebView/Default/Code Cache/js/ec85c2beb82685fe_0"
D  "bin/Release/HorizonData/EBWebView/Default/Code Cache/js/ed1ebccfd7b61ac2_0"
D  "bin/Release/HorizonData/EBWebView/Default/Code Cache/js/ee6dcd6c07f6470f_0"
D  "bin/Release/HorizonData/EBWebView/Default/Code Cache/js/ef6ddc210bae5091_0"
D  "bin/Release/HorizonData/EBWebView/Default/Code Cache/js/f14904204e0cae9d_0"
D  "bin/Release/HorizonData/EBWebView/Default/Code Cache/js/f1c61a15fbba8b68_0"
D  "bin/Release/HorizonData/EBWebView/Default/Code Cache/js/f22c278db29812f9_0"
D  "bin/Release/HorizonData/EBWebView/Default/Code Cache/js/f4bd7335de5c2cd2_0"
D  "bin/Release/HorizonData/EBWebView/Default/Code Cache/js/f5153fdf53256f8a_0"
D  "bin/Release/HorizonData/EBWebView/Default/Code Cache/js/f5a74d39c574e5fa_0"
D  "bin/Release/HorizonData/EBWebView/Default/Code Cache/js/f5c1d8a8db8c707b_0"
D  "bin/Release/HorizonData/EBWebView/Default/Code Cache/js/f6090645e91e43db_0"
D  "bin/Release/HorizonData/EBWebView/Default/Code Cache/js/f6fffb55bc115345_0"
D  "bin/Release/HorizonData/EBWebView/Default/Code Cache/js/f7beda5bc3d27201_0"
D  "bin/Release/HorizonData/EBWebView/Default/Code Cache/js/f82bd8f0441ee5e2_0"
D  "bin/Release/HorizonData/EBWebView/Default/Code Cache/js/f83a24f1134e8f91_0"
D  "bin/Release/HorizonData/EBWebView/Default/Code Cache/js/fa266473efc65535_0"
D  "bin/Release/HorizonData/EBWebView/Default/Code Cache/js/fbacac4251ebeb2d_0"
D  "bin/Release/HorizonData/EBWebView/Default/Code Cache/js/fbf45bdf3ff832a6_0"
D  "bin/Release/HorizonData/EBWebView/Default/Code Cache/js/fc94cf1d21304a77_0"
D  "bin/Release/HorizonData/EBWebView/Default/Code Cache/js/fcaca363c24dca05_0"
D  "bin/Release/HorizonData/EBWebView/Default/Code Cache/js/fcf0bfaba1bf0c04_0"
D  "bin/Release/HorizonData/EBWebView/Default/Code Cache/js/fdca45ffb0a3309f_0"
D  "bin/Release/HorizonData/EBWebView/Default/Code Cache/js/fe4af8ef2c8b8dc4_0"
D  "bin/Release/HorizonData/EBWebView/Default/Code Cache/js/fe7929590c218f10_0"
D  "bin/Release/HorizonData/EBWebView/Default/Code Cache/js/ff12c2fda33299fb_0"
D  "bin/Release/HorizonData/EBWebView/Default/Code Cache/js/index"
D  "bin/Release/HorizonData/EBWebView/Default/Code Cache/js/index-dir/the-real-index"
D  "bin/Release/HorizonData/EBWebView/Default/Code Cache/wasm/index"
D  "bin/Release/HorizonData/EBWebView/Default/Code Cache/wasm/index-dir/the-real-index"
D  bin/Release/HorizonData/EBWebView/Default/DIPS
D  bin/Release/HorizonData/EBWebView/Default/DashTrackerDatabase
D  bin/Release/HorizonData/EBWebView/Default/DashTrackerDatabase-journal
D  bin/Release/HorizonData/EBWebView/Default/DawnGraphiteCache/data_0
D  bin/Release/HorizonData/EBWebView/Default/DawnGraphiteCache/data_1
D  bin/Release/HorizonData/EBWebView/Default/DawnGraphiteCache/data_2
D  bin/Release/HorizonData/EBWebView/Default/DawnGraphiteCache/data_3
D  bin/Release/HorizonData/EBWebView/Default/DawnGraphiteCache/index
D  bin/Release/HorizonData/EBWebView/Default/DawnWebGPUCache/data_0
D  bin/Release/HorizonData/EBWebView/Default/DawnWebGPUCache/data_1
D  bin/Release/HorizonData/EBWebView/Default/DawnWebGPUCache/data_2
D  bin/Release/HorizonData/EBWebView/Default/DawnWebGPUCache/data_3
D  bin/Release/HorizonData/EBWebView/Default/DawnWebGPUCache/index
D  bin/Release/HorizonData/EBWebView/Default/EdgeJourneys/EdgeJourneys.db
D  bin/Release/HorizonData/EBWebView/Default/EdgeSessions/SessionRestoreLog
D  "bin/Release/HorizonData/EBWebView/Default/Extension Rules/000003.log"
D  "bin/Release/HorizonData/EBWebView/Default/Extension Rules/CURRENT"
D  "bin/Release/HorizonData/EBWebView/Default/Extension Rules/LOCK"
D  "bin/Release/HorizonData/EBWebView/Default/Extension Rules/LOG"
D  "bin/Release/HorizonData/EBWebView/Default/Extension Rules/LOG.old"
D  "bin/Release/HorizonData/EBWebView/Default/Extension Rules/MANIFEST-000001"
D  "bin/Release/HorizonData/EBWebView/Default/Extension Scripts/000003.log"
D  "bin/Release/HorizonData/EBWebView/Default/Extension Scripts/CURRENT"
D  "bin/Release/HorizonData/EBWebView/Default/Extension Scripts/LOCK"
D  "bin/Release/HorizonData/EBWebView/Default/Extension Scripts/LOG"
D  "bin/Release/HorizonData/EBWebView/Default/Extension Scripts/LOG.old"
D  "bin/Release/HorizonData/EBWebView/Default/Extension Scripts/MANIFEST-000001"
D  "bin/Release/HorizonData/EBWebView/Default/Extension State/000003.log"
D  "bin/Release/HorizonData/EBWebView/Default/Extension State/CURRENT"
D  "bin/Release/HorizonData/EBWebView/Default/Extension State/LOCK"
D  "bin/Release/HorizonData/EBWebView/Default/Extension State/LOG"
D  "bin/Release/HorizonData/EBWebView/Default/Extension State/LOG.old"
D  "bin/Release/HorizonData/EBWebView/Default/Extension State/MANIFEST-000001"
D  bin/Release/HorizonData/EBWebView/Default/ExtensionActivityComp
D  bin/Release/HorizonData/EBWebView/Default/ExtensionActivityEdge
D  bin/Release/HorizonData/EBWebView/Default/ExtensionActivityEdge-journal
D  bin/Release/HorizonData/EBWebView/Default/Favicons
D  bin/Release/HorizonData/EBWebView/Default/Favicons-journal
D  "bin/Release/HorizonData/EBWebView/Default/Feature Engagement Tracker/AvailabilityDB/LOCK"
D  "bin/Release/HorizonData/EBWebView/Default/Feature Engagement Tracker/AvailabilityDB/LOG"
D  "bin/Release/HorizonData/EBWebView/Default/Feature Engagement Tracker/AvailabilityDB/LOG.old"
D  "bin/Release/HorizonData/EBWebView/Default/Feature Engagement Tracker/EventDB/LOCK"
D  "bin/Release/HorizonData/EBWebView/Default/Feature Engagement Tracker/EventDB/LOG"
D  "bin/Release/HorizonData/EBWebView/Default/Feature Engagement Tracker/EventDB/LOG.old"
D  bin/Release/HorizonData/EBWebView/Default/GPUCache/data_0
D  bin/Release/HorizonData/EBWebView/Default/GPUCache/data_1
D  bin/Release/HorizonData/EBWebView/Default/GPUCache/data_2
D  bin/Release/HorizonData/EBWebView/Default/GPUCache/data_3
D  bin/Release/HorizonData/EBWebView/Default/GPUCache/index
D  bin/Release/HorizonData/EBWebView/Default/History
D  bin/Release/HorizonData/EBWebView/Default/History-journal
D  bin/Release/HorizonData/EBWebView/Default/IndexedDB/chrome-extension_cknpchhamkghepdgmebdeeiklbmhajjb_0.indexeddb.leveldb/000003.log
D  bin/Release/HorizonData/EBWebView/Default/IndexedDB/chrome-extension_cknpchhamkghepdgmebdeeiklbmhajjb_0.indexeddb.leveldb/CURRENT
D  bin/Release/HorizonData/EBWebView/Default/IndexedDB/chrome-extension_cknpchhamkghepdgmebdeeiklbmhajjb_0.indexeddb.leveldb/LOCK
D  bin/Release/HorizonData/EBWebView/Default/IndexedDB/chrome-extension_cknpchhamkghepdgmebdeeiklbmhajjb_0.indexeddb.leveldb/LOG
D  bin/Release/HorizonData/EBWebView/Default/IndexedDB/chrome-extension_cknpchhamkghepdgmebdeeiklbmhajjb_0.indexeddb.leveldb/LOG.old
D  bin/Release/HorizonData/EBWebView/Default/IndexedDB/chrome-extension_cknpchhamkghepdgmebdeeiklbmhajjb_0.indexeddb.leveldb/MANIFEST-000001
D  bin/Release/HorizonData/EBWebView/Default/IndexedDB/chrome-extension_gjbcdalockdbdpjilfijigifebblleeo_0.indexeddb.blob/2/00/4
D  bin/Release/HorizonData/EBWebView/Default/IndexedDB/chrome-extension_gjbcdalockdbdpjilfijigifebblleeo_0.indexeddb.blob/2/00/5
D  bin/Release/HorizonData/EBWebView/Default/IndexedDB/chrome-extension_gjbcdalockdbdpjilfijigifebblleeo_0.indexeddb.blob/2/00/c
D  bin/Release/HorizonData/EBWebView/Default/IndexedDB/chrome-extension_gjbcdalockdbdpjilfijigifebblleeo_0.indexeddb.blob/2/00/d
D  bin/Release/HorizonData/EBWebView/Default/IndexedDB/chrome-extension_gjbcdalockdbdpjilfijigifebblleeo_0.indexeddb.leveldb/000036.ldb
D  bin/Release/HorizonData/EBWebView/Default/IndexedDB/chrome-extension_gjbcdalockdbdpjilfijigifebblleeo_0.indexeddb.leveldb/000037.log
D  bin/Release/HorizonData/EBWebView/Default/IndexedDB/chrome-extension_gjbcdalockdbdpjilfijigifebblleeo_0.indexeddb.leveldb/000039.ldb
D  bin/Release/HorizonData/EBWebView/Default/IndexedDB/chrome-extension_gjbcdalockdbdpjilfijigifebblleeo_0.indexeddb.leveldb/CURRENT
D  bin/Release/HorizonData/EBWebView/Default/IndexedDB/chrome-extension_gjbcdalockdbdpjilfijigifebblleeo_0.indexeddb.leveldb/LOCK
D  bin/Release/HorizonData/EBWebView/Default/IndexedDB/chrome-extension_gjbcdalockdbdpjilfijigifebblleeo_0.indexeddb.leveldb/LOG
D  bin/Release/HorizonData/EBWebView/Default/IndexedDB/chrome-extension_gjbcdalockdbdpjilfijigifebblleeo_0.indexeddb.leveldb/LOG.old
D  bin/Release/HorizonData/EBWebView/Default/IndexedDB/chrome-extension_gjbcdalockdbdpjilfijigifebblleeo_0.indexeddb.leveldb/MANIFEST-000001
D  bin/Release/HorizonData/EBWebView/Default/IndexedDB/chrome-extension_idompkcebcckjachidfhndpicmhicmjf_0.indexeddb.leveldb/000003.log
D  bin/Release/HorizonData/EBWebView/Default/IndexedDB/chrome-extension_idompkcebcckjachidfhndpicmhicmjf_0.indexeddb.leveldb/CURRENT
D  bin/Release/HorizonData/EBWebView/Default/IndexedDB/chrome-extension_idompkcebcckjachidfhndpicmhicmjf_0.indexeddb.leveldb/LOCK
D  bin/Release/HorizonData/EBWebView/Default/IndexedDB/chrome-extension_idompkcebcckjachidfhndpicmhicmjf_0.indexeddb.leveldb/LOG
D  bin/Release/HorizonData/EBWebView/Default/IndexedDB/chrome-extension_idompkcebcckjachidfhndpicmhicmjf_0.indexeddb.leveldb/MANIFEST-000001
D  bin/Release/HorizonData/EBWebView/Default/IndexedDB/chrome-extension_micabgbmbfjdcifaljgbioeiflcemnmo_0.indexeddb.leveldb/000003.log
D  bin/Release/HorizonData/EBWebView/Default/IndexedDB/chrome-extension_micabgbmbfjdcifaljgbioeiflcemnmo_0.indexeddb.leveldb/CURRENT
D  bin/Release/HorizonData/EBWebView/Default/IndexedDB/chrome-extension_micabgbmbfjdcifaljgbioeiflcemnmo_0.indexeddb.leveldb/LOCK
D  bin/Release/HorizonData/EBWebView/Default/IndexedDB/chrome-extension_micabgbmbfjdcifaljgbioeiflcemnmo_0.indexeddb.leveldb/LOG
D  bin/Release/HorizonData/EBWebView/Default/IndexedDB/chrome-extension_micabgbmbfjdcifaljgbioeiflcemnmo_0.indexeddb.leveldb/LOG.old
D  bin/Release/HorizonData/EBWebView/Default/IndexedDB/chrome-extension_micabgbmbfjdcifaljgbioeiflcemnmo_0.indexeddb.leveldb/MANIFEST-000001
D  bin/Release/HorizonData/EBWebView/Default/IndexedDB/https_music.youtube.com_0.indexeddb.leveldb/000003.log
D  bin/Release/HorizonData/EBWebView/Default/IndexedDB/https_music.youtube.com_0.indexeddb.leveldb/CURRENT
D  bin/Release/HorizonData/EBWebView/Default/IndexedDB/https_music.youtube.com_0.indexeddb.leveldb/LOCK
D  bin/Release/HorizonData/EBWebView/Default/IndexedDB/https_music.youtube.com_0.indexeddb.leveldb/LOG
D  bin/Release/HorizonData/EBWebView/Default/IndexedDB/https_music.youtube.com_0.indexeddb.leveldb/MANIFEST-000001
D  bin/Release/HorizonData/EBWebView/Default/IndexedDB/https_thebyteseffect.com_0.indexeddb.leveldb/000003.log
D  bin/Release/HorizonData/EBWebView/Default/IndexedDB/https_thebyteseffect.com_0.indexeddb.leveldb/CURRENT
D  bin/Release/HorizonData/EBWebView/Default/IndexedDB/https_thebyteseffect.com_0.indexeddb.leveldb/LOCK
D  bin/Release/HorizonData/EBWebView/Default/IndexedDB/https_thebyteseffect.com_0.indexeddb.leveldb/LOG
D  bin/Release/HorizonData/EBWebView/Default/IndexedDB/https_thebyteseffect.com_0.indexeddb.leveldb/MANIFEST-000001
D  bin/Release/HorizonData/EBWebView/Default/LOCK
D  bin/Release/HorizonData/EBWebView/Default/LOG
D  bin/Release/HorizonData/EBWebView/Default/LOG.old
D  "bin/Release/HorizonData/EBWebView/Default/Local Extension Settings/cknpchhamkghepdgmebdeeiklbmhajjb/000003.log"
D  "bin/Release/HorizonData/EBWebView/Default/Local Extension Settings/cknpchhamkghepdgmebdeeiklbmhajjb/CURRENT"
D  "bin/Release/HorizonData/EBWebView/Default/Local Extension Settings/cknpchhamkghepdgmebdeeiklbmhajjb/LOCK"
D  "bin/Release/HorizonData/EBWebView/Default/Local Extension Settings/cknpchhamkghepdgmebdeeiklbmhajjb/LOG"
D  "bin/Release/HorizonData/EBWebView/Default/Local Extension Settings/cknpchhamkghepdgmebdeeiklbmhajjb/LOG.old"
D  "bin/Release/HorizonData/EBWebView/Default/Local Extension Settings/cknpchhamkghepdgmebdeeiklbmhajjb/MANIFEST-000001"
D  "bin/Release/HorizonData/EBWebView/Default/Local Extension Settings/enpiaeoobofcpedppdnooadnbaldkjih/000003.log"
D  "bin/Release/HorizonData/EBWebView/Default/Local Extension Settings/enpiaeoobofcpedppdnooadnbaldkjih/CURRENT"
D  "bin/Release/HorizonData/EBWebView/Default/Local Extension Settings/enpiaeoobofcpedppdnooadnbaldkjih/LOCK"
D  "bin/Release/HorizonData/EBWebView/Default/Local Extension Settings/enpiaeoobofcpedppdnooadnbaldkjih/LOG"
D  "bin/Release/HorizonData/EBWebView/Default/Local Extension Settings/enpiaeoobofcpedppdnooadnbaldkjih/LOG.old"
D  "bin/Release/HorizonData/EBWebView/Default/Local Extension Settings/enpiaeoobofcpedppdnooadnbaldkjih/MANIFEST-000001"
D  "bin/Release/HorizonData/EBWebView/Default/Local Extension Settings/fennofgmefeblbegldihhmpehdehoflg/000003.log"
D  "bin/Release/HorizonData/EBWebView/Default/Local Extension Settings/fennofgmefeblbegldihhmpehdehoflg/CURRENT"
D  "bin/Release/HorizonData/EBWebView/Default/Local Extension Settings/fennofgmefeblbegldihhmpehdehoflg/LOCK"
D  "bin/Release/HorizonData/EBWebView/Default/Local Extension Settings/fennofgmefeblbegldihhmpehdehoflg/LOG"
D  "bin/Release/HorizonData/EBWebView/Default/Local Extension Settings/fennofgmefeblbegldihhmpehdehoflg/LOG.old"
D  "bin/Release/HorizonData/EBWebView/Default/Local Extension Settings/fennofgmefeblbegldihhmpehdehoflg/MANIFEST-000001"
D  "bin/Release/HorizonData/EBWebView/Default/Local Extension Settings/fjfcaoomjhlpbniopilcfbpefalbhpba/000003.log"
D  "bin/Release/HorizonData/EBWebView/Default/Local Extension Settings/fjfcaoomjhlpbniopilcfbpefalbhpba/CURRENT"
D  "bin/Release/HorizonData/EBWebView/Default/Local Extension Settings/fjfcaoomjhlpbniopilcfbpefalbhpba/LOCK"
D  "bin/Release/HorizonData/EBWebView/Default/Local Extension Settings/fjfcaoomjhlpbniopilcfbpefalbhpba/LOG"
D  "bin/Release/HorizonData/EBWebView/Default/Local Extension Settings/fjfcaoomjhlpbniopilcfbpefalbhpba/LOG.old"
D  "bin/Release/HorizonData/EBWebView/Default/Local Extension Settings/fjfcaoomjhlpbniopilcfbpefalbhpba/MANIFEST-000001"
D  "bin/Release/HorizonData/EBWebView/Default/Local Extension Settings/gjbcdalockdbdpjilfijigifebblleeo/000005.ldb"
D  "bin/Release/HorizonData/EBWebView/Default/Local Extension Settings/gjbcdalockdbdpjilfijigifebblleeo/000016.ldb"
D  "bin/Release/HorizonData/EBWebView/Default/Local Extension Settings/gjbcdalockdbdpjilfijigifebblleeo/000018.log"
D  "bin/Release/HorizonData/EBWebView/Default/Local Extension Settings/gjbcdalockdbdpjilfijigifebblleeo/000019.ldb"
D  "bin/Release/HorizonData/EBWebView/Default/Local Extension Settings/gjbcdalockdbdpjilfijigifebblleeo/CURRENT"
D  "bin/Release/HorizonData/EBWebView/Default/Local Extension Settings/gjbcdalockdbdpjilfijigifebblleeo/LOCK"
D  "bin/Release/HorizonData/EBWebView/Default/Local Extension Settings/gjbcdalockdbdpjilfijigifebblleeo/LOG"
D  "bin/Release/HorizonData/EBWebView/Default/Local Extension Settings/gjbcdalockdbdpjilfijigifebblleeo/LOG.old"
D  "bin/Release/HorizonData/EBWebView/Default/Local Extension Settings/gjbcdalockdbdpjilfijigifebblleeo/MANIFEST-000001"
D  "bin/Release/HorizonData/EBWebView/Default/Local Extension Settings/llafjhmkffdlhpiojoipllmmedhckpgh/000003.log"
D  "bin/Release/HorizonData/EBWebView/Default/Local Extension Settings/llafjhmkffdlhpiojoipllmmedhckpgh/CURRENT"
D  "bin/Release/HorizonData/EBWebView/Default/Local Extension Settings/llafjhmkffdlhpiojoipllmmedhckpgh/LOCK"
D  "bin/Release/HorizonData/EBWebView/Default/Local Extension Settings/llafjhmkffdlhpiojoipllmmedhckpgh/LOG"
D  "bin/Release/HorizonData/EBWebView/Default/Local Extension Settings/llafjhmkffdlhpiojoipllmmedhckpgh/LOG.old"
D  "bin/Release/HorizonData/EBWebView/Default/Local Extension Settings/llafjhmkffdlhpiojoipllmmedhckpgh/MANIFEST-000001"
D  "bin/Release/HorizonData/EBWebView/Default/Local Extension Settings/mahdomgfmegkjcelplonolabemigokdm/000003.log"
D  "bin/Release/HorizonData/EBWebView/Default/Local Extension Settings/mahdomgfmegkjcelplonolabemigokdm/CURRENT"
D  "bin/Release/HorizonData/EBWebView/Default/Local Extension Settings/mahdomgfmegkjcelplonolabemigokdm/LOCK"
D  "bin/Release/HorizonData/EBWebView/Default/Local Extension Settings/mahdomgfmegkjcelplonolabemigokdm/LOG"
D  "bin/Release/HorizonData/EBWebView/Default/Local Extension Settings/mahdomgfmegkjcelplonolabemigokdm/LOG.old"
D  "bin/Release/HorizonData/EBWebView/Default/Local Extension Settings/mahdomgfmegkjcelplonolabemigokdm/MANIFEST-000001"
D  "bin/Release/HorizonData/EBWebView/Default/Local Extension Settings/micabgbmbfjdcifaljgbioeiflcemnmo/000003.log"
D  "bin/Release/HorizonData/EBWebView/Default/Local Extension Settings/micabgbmbfjdcifaljgbioeiflcemnmo/CURRENT"
D  "bin/Release/HorizonData/EBWebView/Default/Local Extension Settings/micabgbmbfjdcifaljgbioeiflcemnmo/LOCK"
D  "bin/Release/HorizonData/EBWebView/Default/Local Extension Settings/micabgbmbfjdcifaljgbioeiflcemnmo/LOG"
D  "bin/Release/HorizonData/EBWebView/Default/Local Extension Settings/micabgbmbfjdcifaljgbioeiflcemnmo/LOG.old"
D  "bin/Release/HorizonData/EBWebView/Default/Local Extension Settings/micabgbmbfjdcifaljgbioeiflcemnmo/MANIFEST-000001"
D  "bin/Release/HorizonData/EBWebView/Default/Local Extension Settings/pnbopgbekiomlhlfodahgbchgghkkkie/000003.log"
D  "bin/Release/HorizonData/EBWebView/Default/Local Extension Settings/pnbopgbekiomlhlfodahgbchgghkkkie/CURRENT"
D  "bin/Release/HorizonData/EBWebView/Default/Local Extension Settings/pnbopgbekiomlhlfodahgbchgghkkkie/LOCK"
D  "bin/Release/HorizonData/EBWebView/Default/Local Extension Settings/pnbopgbekiomlhlfodahgbchgghkkkie/LOG"
D  "bin/Release/HorizonData/EBWebView/Default/Local Extension Settings/pnbopgbekiomlhlfodahgbchgghkkkie/LOG.old"
D  "bin/Release/HorizonData/EBWebView/Default/Local Extension Settings/pnbopgbekiomlhlfodahgbchgghkkkie/MANIFEST-000001"
D  "bin/Release/HorizonData/EBWebView/Default/Local Storage/leveldb/000003.log"
D  "bin/Release/HorizonData/EBWebView/Default/Local Storage/leveldb/CURRENT"
D  "bin/Release/HorizonData/EBWebView/Default/Local Storage/leveldb/LOCK"
D  "bin/Release/HorizonData/EBWebView/Default/Local Storage/leveldb/LOG"
D  "bin/Release/HorizonData/EBWebView/Default/Local Storage/leveldb/LOG.old"
D  "bin/Release/HorizonData/EBWebView/Default/Local Storage/leveldb/MANIFEST-000001"
D  "bin/Release/HorizonData/EBWebView/Default/Login Data"
D  "bin/Release/HorizonData/EBWebView/Default/Login Data For Account"
D  "bin/Release/HorizonData/EBWebView/Default/Login Data For Account-journal"
D  "bin/Release/HorizonData/EBWebView/Default/Login Data-journal"
D  bin/Release/HorizonData/EBWebView/Default/MediaDeviceSalts
D  bin/Release/HorizonData/EBWebView/Default/MediaDeviceSalts-journal
D  "bin/Release/HorizonData/EBWebView/Default/Network Action Predictor"
D  "bin/Release/HorizonData/EBWebView/Default/Network Action Predictor-journal"
D  bin/Release/HorizonData/EBWebView/Default/Network/Cookies
D  bin/Release/HorizonData/EBWebView/Default/Network/Cookies-journal
D  "bin/Release/HorizonData/EBWebView/Default/Network/Device Bound Sessions"
D  "bin/Release/HorizonData/EBWebView/Default/Network/Device Bound Sessions-journal"
D  "bin/Release/HorizonData/EBWebView/Default/Network/Network Persistent State"
D  bin/Release/HorizonData/EBWebView/Default/Network/NetworkDataMigrated
D  "bin/Release/HorizonData/EBWebView/Default/Network/Reporting and NEL"
D  "bin/Release/HorizonData/EBWebView/Default/Network/Reporting and NEL-journal"
D  "bin/Release/HorizonData/EBWebView/Default/Network/SCT Auditing Pending Reports"
D  "bin/Release/HorizonData/EBWebView/Default/Network/Sdch Dictionaries"
D  bin/Release/HorizonData/EBWebView/Default/Network/TransportSecurity
D  "bin/Release/HorizonData/EBWebView/Default/Network/Trust Tokens"
D  "bin/Release/HorizonData/EBWebView/Default/Network/Trust Tokens-journal"
D  bin/Release/HorizonData/EBWebView/Default/Password_Diagnostics/PMLog_13422023247647094
D  bin/Release/HorizonData/EBWebView/Default/PersistentOriginTrials/LOCK
D  bin/Release/HorizonData/EBWebView/Default/PersistentOriginTrials/LOG
D  bin/Release/HorizonData/EBWebView/Default/PersistentOriginTrials/LOG.old
D  "bin/Release/HorizonData/EBWebView/Default/Platform Notifications/000003.log"
D  "bin/Release/HorizonData/EBWebView/Default/Platform Notifications/CURRENT"
D  "bin/Release/HorizonData/EBWebView/Default/Platform Notifications/LOCK"
D  "bin/Release/HorizonData/EBWebView/Default/Platform Notifications/LOG"
D  "bin/Release/HorizonData/EBWebView/Default/Platform Notifications/LOG.old"
D  "bin/Release/HorizonData/EBWebView/Default/Platform Notifications/MANIFEST-000001"
D  bin/Release/HorizonData/EBWebView/Default/Preferences
D  bin/Release/HorizonData/EBWebView/Default/README
D  "bin/Release/HorizonData/EBWebView/Default/Safe Browsing Network/NetworkDataMigrated"
D  "bin/Release/HorizonData/EBWebView/Default/Safe Browsing Network/Safe Browsing Cookies"
D  "bin/Release/HorizonData/EBWebView/Default/Safe Browsing Network/Safe Browsing Cookies-journal"
D  "bin/Release/HorizonData/EBWebView/Default/Secure Preferences"
D  bin/Release/HorizonData/EBWebView/Default/ServerCertificate
D  bin/Release/HorizonData/EBWebView/Default/ServerCertificate-journal
D  "bin/Release/HorizonData/EBWebView/Default/Service Worker/CacheStorage/1e538fbb9a411578d5bec848a4a4b012e8b26441/e61324ad-efcf-4993-a147-dbfbc543c56d/03723ec5564e7819_0"
D  "bin/Release/HorizonData/EBWebView/Default/Service Worker/CacheStorage/1e538fbb9a411578d5bec848a4a4b012e8b26441/e61324ad-efcf-4993-a147-dbfbc543c56d/091349bb42039481_0"
D  "bin/Release/HorizonData/EBWebView/Default/Service Worker/CacheStorage/1e538fbb9a411578d5bec848a4a4b012e8b26441/e61324ad-efcf-4993-a147-dbfbc543c56d/0b3bd81b114681fa_0"
D  "bin/Release/HorizonData/EBWebView/Default/Service Worker/CacheStorage/1e538fbb9a411578d5bec848a4a4b012e8b26441/e61324ad-efcf-4993-a147-dbfbc543c56d/0e68ef3e3bc686b2_0"
D  "bin/Release/HorizonData/EBWebView/Default/Service Worker/CacheStorage/1e538fbb9a411578d5bec848a4a4b012e8b26441/e61324ad-efcf-4993-a147-dbfbc543c56d/0efdd86b5e92caeb_0"
D  "bin/Release/HorizonData/EBWebView/Default/Service Worker/CacheStorage/1e538fbb9a411578d5bec848a4a4b012e8b26441/e61324ad-efcf-4993-a147-dbfbc543c56d/11948aeda14cd8cd_0"
D  "bin/Release/HorizonData/EBWebView/Default/Service Worker/CacheStorage/1e538fbb9a411578d5bec848a4a4b012e8b26441/e61324ad-efcf-4993-a147-dbfbc543c56d/152af16e821e5e53_0"
D  "bin/Release/HorizonData/EBWebView/Default/Service Worker/CacheStorage/1e538fbb9a411578d5bec848a4a4b012e8b26441/e61324ad-efcf-4993-a147-dbfbc543c56d/1862774b103cb550_0"
D  "bin/Release/HorizonData/EBWebView/Default/Service Worker/CacheStorage/1e538fbb9a411578d5bec848a4a4b012e8b26441/e61324ad-efcf-4993-a147-dbfbc543c56d/1ada7ade10cca105_0"
D  "bin/Release/HorizonData/EBWebView/Default/Service Worker/CacheStorage/1e538fbb9a411578d5bec848a4a4b012e8b26441/e61324ad-efcf-4993-a147-dbfbc543c56d/1d17e378da8f28e8_0"
D  "bin/Release/HorizonData/EBWebView/Default/Service Worker/CacheStorage/1e538fbb9a411578d5bec848a4a4b012e8b26441/e61324ad-efcf-4993-a147-dbfbc543c56d/22063dd5403b833c_0"
D  "bin/Release/HorizonData/EBWebView/Default/Service Worker/CacheStorage/1e538fbb9a411578d5bec848a4a4b012e8b26441/e61324ad-efcf-4993-a147-dbfbc543c56d/273c4b250c7bc824_0"
D  "bin/Release/HorizonData/EBWebView/Default/Service Worker/CacheStorage/1e538fbb9a411578d5bec848a4a4b012e8b26441/e61324ad-efcf-4993-a147-dbfbc543c56d/2e2413a06637b0ec_0"
D  "bin/Release/HorizonData/EBWebView/Default/Service Worker/CacheStorage/1e538fbb9a411578d5bec848a4a4b012e8b26441/e61324ad-efcf-4993-a147-dbfbc543c56d/3107558eea9ba321_0"
D  "bin/Release/HorizonData/EBWebView/Default/Service Worker/CacheStorage/1e538fbb9a411578d5bec848a4a4b012e8b26441/e61324ad-efcf-4993-a147-dbfbc543c56d/321911defb2f8cbc_0"
D  "bin/Release/HorizonData/EBWebView/Default/Service Worker/CacheStorage/1e538fbb9a411578d5bec848a4a4b012e8b26441/e61324ad-efcf-4993-a147-dbfbc543c56d/32690e9511f86989_0"
D  "bin/Release/HorizonData/EBWebView/Default/Service Worker/CacheStorage/1e538fbb9a411578d5bec848a4a4b012e8b26441/e61324ad-efcf-4993-a147-dbfbc543c56d/340d60e931bd37f7_0"
D  "bin/Release/HorizonData/EBWebView/Default/Service Worker/CacheStorage/1e538fbb9a411578d5bec848a4a4b012e8b26441/e61324ad-efcf-4993-a147-dbfbc543c56d/375db0c2ac836167_0"
D  "bin/Release/HorizonData/EBWebView/Default/Service Worker/CacheStorage/1e538fbb9a411578d5bec848a4a4b012e8b26441/e61324ad-efcf-4993-a147-dbfbc543c56d/383152c2a19b4e8f_0"
D  "bin/Release/HorizonData/EBWebView/Default/Service Worker/CacheStorage/1e538fbb9a411578d5bec848a4a4b012e8b26441/e61324ad-efcf-4993-a147-dbfbc543c56d/385bf01b84b6743c_0"
D  "bin/Release/HorizonData/EBWebView/Default/Service Worker/CacheStorage/1e538fbb9a411578d5bec848a4a4b012e8b26441/e61324ad-efcf-4993-a147-dbfbc543c56d/3d7948fc42349e78_0"
D  "bin/Release/HorizonData/EBWebView/Default/Service Worker/CacheStorage/1e538fbb9a411578d5bec848a4a4b012e8b26441/e61324ad-efcf-4993-a147-dbfbc543c56d/44fdad3a201128f8_0"
D  "bin/Release/HorizonData/EBWebView/Default/Service Worker/CacheStorage/1e538fbb9a411578d5bec848a4a4b012e8b26441/e61324ad-efcf-4993-a147-dbfbc543c56d/48ad33b5e6597f4d_0"
D  "bin/Release/HorizonData/EBWebView/Default/Service Worker/CacheStorage/1e538fbb9a411578d5bec848a4a4b012e8b26441/e61324ad-efcf-4993-a147-dbfbc543c56d/4b32244f47a52aa1_0"
D  "bin/Release/HorizonData/EBWebView/Default/Service Worker/CacheStorage/1e538fbb9a411578d5bec848a4a4b012e8b26441/e61324ad-efcf-4993-a147-dbfbc543c56d/4c4800b635ae2098_0"
D  "bin/Release/HorizonData/EBWebView/Default/Service Worker/CacheStorage/1e538fbb9a411578d5bec848a4a4b012e8b26441/e61324ad-efcf-4993-a147-dbfbc543c56d/4f926102e9d4c072_0"
D  "bin/Release/HorizonData/EBWebView/Default/Service Worker/CacheStorage/1e538fbb9a411578d5bec848a4a4b012e8b26441/e61324ad-efcf-4993-a147-dbfbc543c56d/5437f3efe07e0177_0"
D  "bin/Release/HorizonData/EBWebView/Default/Service Worker/CacheStorage/1e538fbb9a411578d5bec848a4a4b012e8b26441/e61324ad-efcf-4993-a147-dbfbc543c56d/577dbf0b91a4fd20_0"
D  "bin/Release/HorizonData/EBWebView/Default/Service Worker/CacheStorage/1e538fbb9a411578d5bec848a4a4b012e8b26441/e61324ad-efcf-4993-a147-dbfbc543c56d/5a89e5ba27a9709b_0"
D  "bin/Release/HorizonData/EBWebView/Default/Service Worker/CacheStorage/1e538fbb9a411578d5bec848a4a4b012e8b26441/e61324ad-efcf-4993-a147-dbfbc543c56d/5f35d08eae8058b3_0"
D  "bin/Release/HorizonData/EBWebView/Default/Service Worker/CacheStorage/1e538fbb9a411578d5bec848a4a4b012e8b26441/e61324ad-efcf-4993-a147-dbfbc543c56d/6b3d1b313bb275db_0"
D  "bin/Release/HorizonData/EBWebView/Default/Service Worker/CacheStorage/1e538fbb9a411578d5bec848a4a4b012e8b26441/e61324ad-efcf-4993-a147-dbfbc543c56d/6b991611054a2e9f_0"
D  "bin/Release/HorizonData/EBWebView/Default/Service Worker/CacheStorage/1e538fbb9a411578d5bec848a4a4b012e8b26441/e61324ad-efcf-4993-a147-dbfbc543c56d/704d1465ad2857ca_0"
D  "bin/Release/HorizonData/EBWebView/Default/Service Worker/CacheStorage/1e538fbb9a411578d5bec848a4a4b012e8b26441/e61324ad-efcf-4993-a147-dbfbc543c56d/72d06060f92aae74_0"
D  "bin/Release/HorizonData/EBWebView/Default/Service Worker/CacheStorage/1e538fbb9a411578d5bec848a4a4b012e8b26441/e61324ad-efcf-4993-a147-dbfbc543c56d/7866b425ec30631b_0"
D  "bin/Release/HorizonData/EBWebView/Default/Service Worker/CacheStorage/1e538fbb9a411578d5bec848a4a4b012e8b26441/e61324ad-efcf-4993-a147-dbfbc543c56d/82ef43183c18dbcf_0"
D  "bin/Release/HorizonData/EBWebView/Default/Service Worker/CacheStorage/1e538fbb9a411578d5bec848a4a4b012e8b26441/e61324ad-efcf-4993-a147-dbfbc543c56d/8383e54a78e96fc0_0"
D  "bin/Release/HorizonData/EBWebView/Default/Service Worker/CacheStorage/1e538fbb9a411578d5bec848a4a4b012e8b26441/e61324ad-efcf-4993-a147-dbfbc543c56d/864e3d21e753f81a_0"
D  "bin/Release/HorizonData/EBWebView/Default/Service Worker/CacheStorage/1e538fbb9a411578d5bec848a4a4b012e8b26441/e61324ad-efcf-4993-a147-dbfbc543c56d/8730e4942a92839c_0"
D  "bin/Release/HorizonData/EBWebView/Default/Service Worker/CacheStorage/1e538fbb9a411578d5bec848a4a4b012e8b26441/e61324ad-efcf-4993-a147-dbfbc543c56d/88c1d03bb90903c8_0"
D  "bin/Release/HorizonData/EBWebView/Default/Service Worker/CacheStorage/1e538fbb9a411578d5bec848a4a4b012e8b26441/e61324ad-efcf-4993-a147-dbfbc543c56d/8ba930f6d3763aad_0"
D  "bin/Release/HorizonData/EBWebView/Default/Service Worker/CacheStorage/1e538fbb9a411578d5bec848a4a4b012e8b26441/e61324ad-efcf-4993-a147-dbfbc543c56d/95db89fc6a02f451_0"
D  "bin/Release/HorizonData/EBWebView/Default/Service Worker/CacheStorage/1e538fbb9a411578d5bec848a4a4b012e8b26441/e61324ad-efcf-4993-a147-dbfbc543c56d/96723b9b77fbe36f_0"
D  "bin/Release/HorizonData/EBWebView/Default/Service Worker/CacheStorage/1e538fbb9a411578d5bec848a4a4b012e8b26441/e61324ad-efcf-4993-a147-dbfbc543c56d/97de5abfe883dbcf_0"
D  "bin/Release/HorizonData/EBWebView/Default/Service Worker/CacheStorage/1e538fbb9a411578d5bec848a4a4b012e8b26441/e61324ad-efcf-4993-a147-dbfbc543c56d/98064632364724f2_0"
D  "bin/Release/HorizonData/EBWebView/Default/Service Worker/CacheStorage/1e538fbb9a411578d5bec848a4a4b012e8b26441/e61324ad-efcf-4993-a147-dbfbc543c56d/9e92cd97c19c8248_0"
D  "bin/Release/HorizonData/EBWebView/Default/Service Worker/CacheStorage/1e538fbb9a411578d5bec848a4a4b012e8b26441/e61324ad-efcf-4993-a147-dbfbc543c56d/a85adbefb300ab4e_0"
D  "bin/Release/HorizonData/EBWebView/Default/Service Worker/CacheStorage/1e538fbb9a411578d5bec848a4a4b012e8b26441/e61324ad-efcf-4993-a147-dbfbc543c56d/ac93d1cd50506b33_0"
D  "bin/Release/HorizonData/EBWebView/Default/Service Worker/CacheStorage/1e538fbb9a411578d5bec848a4a4b012e8b26441/e61324ad-efcf-4993-a147-dbfbc543c56d/afbf989a8c95bf2e_0"
D  "bin/Release/HorizonData/EBWebView/Default/Service Worker/CacheStorage/1e538fbb9a411578d5bec848a4a4b012e8b26441/e61324ad-efcf-4993-a147-dbfbc543c56d/b2141b088ee5e98c_0"
D  "bin/Release/HorizonData/EBWebView/Default/Service Worker/CacheStorage/1e538fbb9a411578d5bec848a4a4b012e8b26441/e61324ad-efcf-4993-a147-dbfbc543c56d/b3f87b55d8dbfa47_0"
D  "bin/Release/HorizonData/EBWebView/Default/Service Worker/CacheStorage/1e538fbb9a411578d5bec848a4a4b012e8b26441/e61324ad-efcf-4993-a147-dbfbc543c56d/b571bf0ba8facec6_0"
D  "bin/Release/HorizonData/EBWebView/Default/Service Worker/CacheStorage/1e538fbb9a411578d5bec848a4a4b012e8b26441/e61324ad-efcf-4993-a147-dbfbc543c56d/b5f29d0312456036_0"
D  "bin/Release/HorizonData/EBWebView/Default/Service Worker/CacheStorage/1e538fbb9a411578d5bec848a4a4b012e8b26441/e61324ad-efcf-4993-a147-dbfbc543c56d/b6edcb759d6cadbf_0"
D  "bin/Release/HorizonData/EBWebView/Default/Service Worker/CacheStorage/1e538fbb9a411578d5bec848a4a4b012e8b26441/e61324ad-efcf-4993-a147-dbfbc543c56d/b7f636932c67bab4_0"
D  "bin/Release/HorizonData/EBWebView/Default/Service Worker/CacheStorage/1e538fbb9a411578d5bec848a4a4b012e8b26441/e61324ad-efcf-4993-a147-dbfbc543c56d/b8bb1a549c6dcc10_0"
D  "bin/Release/HorizonData/EBWebView/Default/Service Worker/CacheStorage/1e538fbb9a411578d5bec848a4a4b012e8b26441/e61324ad-efcf-4993-a147-dbfbc543c56d/b924469dce8b9a89_0"
D  "bin/Release/HorizonData/EBWebView/Default/Service Worker/CacheStorage/1e538fbb9a411578d5bec848a4a4b012e8b26441/e61324ad-efcf-4993-a147-dbfbc543c56d/ba2b0906a4df382c_0"
D  "bin/Release/HorizonData/EBWebView/Default/Service Worker/CacheStorage/1e538fbb9a411578d5bec848a4a4b012e8b26441/e61324ad-efcf-4993-a147-dbfbc543c56d/bcefea0b5feaa3e6_0"
D  "bin/Release/HorizonData/EBWebView/Default/Service Worker/CacheStorage/1e538fbb9a411578d5bec848a4a4b012e8b26441/e61324ad-efcf-4993-a147-dbfbc543c56d/be581dea90cddde7_0"
D  "bin/Release/HorizonData/EBWebView/Default/Service Worker/CacheStorage/1e538fbb9a411578d5bec848a4a4b012e8b26441/e61324ad-efcf-4993-a147-dbfbc543c56d/c8b473e0f9374235_0"
D  "bin/Release/HorizonData/EBWebView/Default/Service Worker/CacheStorage/1e538fbb9a411578d5bec848a4a4b012e8b26441/e61324ad-efcf-4993-a147-dbfbc543c56d/ca4b8e6b4b207a9b_0"
D  "bin/Release/HorizonData/EBWebView/Default/Service Worker/CacheStorage/1e538fbb9a411578d5bec848a4a4b012e8b26441/e61324ad-efcf-4993-a147-dbfbc543c56d/ca5a67fda3466f4d_0"
D  "bin/Release/HorizonData/EBWebView/Default/Service Worker/CacheStorage/1e538fbb9a411578d5bec848a4a4b012e8b26441/e61324ad-efcf-4993-a147-dbfbc543c56d/cc04a8364b7fbf4b_0"
D  "bin/Release/HorizonData/EBWebView/Default/Service Worker/CacheStorage/1e538fbb9a411578d5bec848a4a4b012e8b26441/e61324ad-efcf-4993-a147-dbfbc543c56d/cd85acb1c0e5f8f6_0"
D  "bin/Release/HorizonData/EBWebView/Default/Service Worker/CacheStorage/1e538fbb9a411578d5bec848a4a4b012e8b26441/e61324ad-efcf-4993-a147-dbfbc543c56d/cde968a267e2506f_0"
D  "bin/Release/HorizonData/EBWebView/Default/Service Worker/CacheStorage/1e538fbb9a411578d5bec848a4a4b012e8b26441/e61324ad-efcf-4993-a147-dbfbc543c56d/ce5fdc792b67fd6e_0"
D  "bin/Release/HorizonData/EBWebView/Default/Service Worker/CacheStorage/1e538fbb9a411578d5bec848a4a4b012e8b26441/e61324ad-efcf-4993-a147-dbfbc543c56d/d026a83c98b68c4a_0"
D  "bin/Release/HorizonData/EBWebView/Default/Service Worker/CacheStorage/1e538fbb9a411578d5bec848a4a4b012e8b26441/e61324ad-efcf-4993-a147-dbfbc543c56d/d094aec584cc1c06_0"
D  "bin/Release/HorizonData/EBWebView/Default/Service Worker/CacheStorage/1e538fbb9a411578d5bec848a4a4b012e8b26441/e61324ad-efcf-4993-a147-dbfbc543c56d/d57fe2c6b1537486_0"
D  "bin/Release/HorizonData/EBWebView/Default/Service Worker/CacheStorage/1e538fbb9a411578d5bec848a4a4b012e8b26441/e61324ad-efcf-4993-a147-dbfbc543c56d/d9509606979f3a92_0"
D  "bin/Release/HorizonData/EBWebView/Default/Service Worker/CacheStorage/1e538fbb9a411578d5bec848a4a4b012e8b26441/e61324ad-efcf-4993-a147-dbfbc543c56d/da6db244aef24adb_0"
D  "bin/Release/HorizonData/EBWebView/Default/Service Worker/CacheStorage/1e538fbb9a411578d5bec848a4a4b012e8b26441/e61324ad-efcf-4993-a147-dbfbc543c56d/dc1f0d705c07825e_0"
D  "bin/Release/HorizonData/EBWebView/Default/Service Worker/CacheStorage/1e538fbb9a411578d5bec848a4a4b012e8b26441/e61324ad-efcf-4993-a147-dbfbc543c56d/df0cb294d29fc0fe_0"
D  "bin/Release/HorizonData/EBWebView/Default/Service Worker/CacheStorage/1e538fbb9a411578d5bec848a4a4b012e8b26441/e61324ad-efcf-4993-a147-dbfbc543c56d/e49665df81d4c591_0"
D  "bin/Release/HorizonData/EBWebView/Default/Service Worker/CacheStorage/1e538fbb9a411578d5bec848a4a4b012e8b26441/e61324ad-efcf-4993-a147-dbfbc543c56d/e53200cb6d914edd_0"
D  "bin/Release/HorizonData/EBWebView/Default/Service Worker/CacheStorage/1e538fbb9a411578d5bec848a4a4b012e8b26441/e61324ad-efcf-4993-a147-dbfbc543c56d/e7639dc21c04a524_0"
D  "bin/Release/HorizonData/EBWebView/Default/Service Worker/CacheStorage/1e538fbb9a411578d5bec848a4a4b012e8b26441/e61324ad-efcf-4993-a147-dbfbc543c56d/e8f209bb953d0431_0"
D  "bin/Release/HorizonData/EBWebView/Default/Service Worker/CacheStorage/1e538fbb9a411578d5bec848a4a4b012e8b26441/e61324ad-efcf-4993-a147-dbfbc543c56d/eaffc3a9ed933df4_0"
D  "bin/Release/HorizonData/EBWebView/Default/Service Worker/CacheStorage/1e538fbb9a411578d5bec848a4a4b012e8b26441/e61324ad-efcf-4993-a147-dbfbc543c56d/edc224e63f046684_0"
D  "bin/Release/HorizonData/EBWebView/Default/Service Worker/CacheStorage/1e538fbb9a411578d5bec848a4a4b012e8b26441/e61324ad-efcf-4993-a147-dbfbc543c56d/f0192a7f283c74b2_0"
D  "bin/Release/HorizonData/EBWebView/Default/Service Worker/CacheStorage/1e538fbb9a411578d5bec848a4a4b012e8b26441/e61324ad-efcf-4993-a147-dbfbc543c56d/fccc7c9e7e8c80f8_0"
D  "bin/Release/HorizonData/EBWebView/Default/Service Worker/CacheStorage/1e538fbb9a411578d5bec848a4a4b012e8b26441/e61324ad-efcf-4993-a147-dbfbc543c56d/fdd89d27c13f85e5_0"
D  "bin/Release/HorizonData/EBWebView/Default/Service Worker/CacheStorage/1e538fbb9a411578d5bec848a4a4b012e8b26441/e61324ad-efcf-4993-a147-dbfbc543c56d/fff368752d794b37_0"
D  "bin/Release/HorizonData/EBWebView/Default/Service Worker/CacheStorage/1e538fbb9a411578d5bec848a4a4b012e8b26441/e61324ad-efcf-4993-a147-dbfbc543c56d/index"
D  "bin/Release/HorizonData/EBWebView/Default/Service Worker/CacheStorage/1e538fbb9a411578d5bec848a4a4b012e8b26441/e61324ad-efcf-4993-a147-dbfbc543c56d/index-dir/the-real-index"
D  "bin/Release/HorizonData/EBWebView/Default/Service Worker/CacheStorage/1e538fbb9a411578d5bec848a4a4b012e8b26441/index.txt"
D  "bin/Release/HorizonData/EBWebView/Default/Service Worker/Database/000003.log"
D  "bin/Release/HorizonData/EBWebView/Default/Service Worker/Database/CURRENT"
D  "bin/Release/HorizonData/EBWebView/Default/Service Worker/Database/LOCK"
D  "bin/Release/HorizonData/EBWebView/Default/Service Worker/Database/LOG"
D  "bin/Release/HorizonData/EBWebView/Default/Service Worker/Database/LOG.old"
D  "bin/Release/HorizonData/EBWebView/Default/Service Worker/Database/MANIFEST-000001"
D  "bin/Release/HorizonData/EBWebView/Default/Service Worker/ScriptCache/009c63609679d1cf_0"
D  "bin/Release/HorizonData/EBWebView/Default/Service Worker/ScriptCache/013888a1cda32b90_0"
D  "bin/Release/HorizonData/EBWebView/Default/Service Worker/ScriptCache/013888a1cda32b90_1"
D  "bin/Release/HorizonData/EBWebView/Default/Service Worker/ScriptCache/08bdbf206a472600_0"
D  "bin/Release/HorizonData/EBWebView/Default/Service Worker/ScriptCache/09008b1d0549f7ab_0"
D  "bin/Release/HorizonData/EBWebView/Default/Service Worker/ScriptCache/09dd09a6623d77a1_0"
D  "bin/Release/HorizonData/EBWebView/Default/Service Worker/ScriptCache/0b792330520baa9a_0"
D  "bin/Release/HorizonData/EBWebView/Default/Service Worker/ScriptCache/0b8d03323a5a6e07_0"
D  "bin/Release/HorizonData/EBWebView/Default/Service Worker/ScriptCache/0cac6d3631916f8d_0"
D  "bin/Release/HorizonData/EBWebView/Default/Service Worker/ScriptCache/1055481490f58805_0"
D  "bin/Release/HorizonData/EBWebView/Default/Service Worker/ScriptCache/117d142383163ca9_0"
D  "bin/Release/HorizonData/EBWebView/Default/Service Worker/ScriptCache/12d2b185ec62111a_0"
D  "bin/Release/HorizonData/EBWebView/Default/Service Worker/ScriptCache/130d5ab08abb09a6_0"
D  "bin/Release/HorizonData/EBWebView/Default/Service Worker/ScriptCache/14e7e9252ca2e7b6_0"
D  "bin/Release/HorizonData/EBWebView/Default/Service Worker/ScriptCache/1a168afddb7eaf90_0"
D  "bin/Release/HorizonData/EBWebView/Default/Service Worker/ScriptCache/1a44a79864a22847_0"
D  "bin/Release/HorizonData/EBWebView/Default/Service Worker/ScriptCache/1f4fc4ac2489c6b0_0"
D  "bin/Release/HorizonData/EBWebView/Default/Service Worker/ScriptCache/24100a74bb7d3820_0"
D  "bin/Release/HorizonData/EBWebView/Default/Service Worker/ScriptCache/25aaa8074a29cf86_0"
D  "bin/Release/HorizonData/EBWebView/Default/Service Worker/ScriptCache/26d1f970a09a4ca8_0"
D  "bin/Release/HorizonData/EBWebView/Default/Service Worker/ScriptCache/27622751cc830f3e_0"
D  "bin/Release/HorizonData/EBWebView/Default/Service Worker/ScriptCache/297ecea5cebb5dfe_0"
D  "bin/Release/HorizonData/EBWebView/Default/Service Worker/ScriptCache/297ecea5cebb5dfe_1"
D  "bin/Release/HorizonData/EBWebView/Default/Service Worker/ScriptCache/2cc80dabc69f58b6_0"
D  "bin/Release/HorizonData/EBWebView/Default/Service Worker/ScriptCache/2cc80dabc69f58b6_1"
D  "bin/Release/HorizonData/EBWebView/Default/Service Worker/ScriptCache/2cfef0e5a0f2936d_0"
D  "bin/Release/HorizonData/EBWebView/Default/Service Worker/ScriptCache/2d5e07bc3c67635e_0"
D  "bin/Release/HorizonData/EBWebView/Default/Service Worker/ScriptCache/32eae9c186dc8089_0"
D  "bin/Release/HorizonData/EBWebView/Default/Service Worker/ScriptCache/38992e00d1274191_0"
D  "bin/Release/HorizonData/EBWebView/Default/Service Worker/ScriptCache/40a21a6a5c2d889c_0"
D  "bin/Release/HorizonData/EBWebView/Default/Service Worker/ScriptCache/418e80f99e974dbe_0"
D  "bin/Release/HorizonData/EBWebView/Default/Service Worker/ScriptCache/449d86748cd51507_0"
D  "bin/Release/HorizonData/EBWebView/Default/Service Worker/ScriptCache/4698ecea4d4dad56_0"
D  "bin/Release/HorizonData/EBWebView/Default/Service Worker/ScriptCache/4698ecea4d4dad56_1"
D  "bin/Release/HorizonData/EBWebView/Default/Service Worker/ScriptCache/46a4b4aebfdaa48d_0"
D  "bin/Release/HorizonData/EBWebView/Default/Service Worker/ScriptCache/4cb013792b196a35_0"
D  "bin/Release/HorizonData/EBWebView/Default/Service Worker/ScriptCache/4cb013792b196a35_1"
D  "bin/Release/HorizonData/EBWebView/Default/Service Worker/ScriptCache/5037c89965fa5fae_0"
D  "bin/Release/HorizonData/EBWebView/Default/Service Worker/ScriptCache/50b5da359e6f22d0_0"
D  "bin/Release/HorizonData/EBWebView/Default/Service Worker/ScriptCache/5179d7e668773011_0"
D  "bin/Release/HorizonData/EBWebView/Default/Service Worker/ScriptCache/5779b052d5b25145_0"
D  "bin/Release/HorizonData/EBWebView/Default/Service Worker/ScriptCache/5d771a05a5f45d29_0"
D  "bin/Release/HorizonData/EBWebView/Default/Service Worker/ScriptCache/602a34051cfc2eed_0"
D  "bin/Release/HorizonData/EBWebView/Default/Service Worker/ScriptCache/63be69ca5d5015c4_0"
D  "bin/Release/HorizonData/EBWebView/Default/Service Worker/ScriptCache/679e0b7317f2041b_0"
D  "bin/Release/HorizonData/EBWebView/Default/Service Worker/ScriptCache/67a473248953641b_0"
D  "bin/Release/HorizonData/EBWebView/Default/Service Worker/ScriptCache/67a473248953641b_1"
D  "bin/Release/HorizonData/EBWebView/Default/Service Worker/ScriptCache/6cb56d63a90f990d_0"
D  "bin/Release/HorizonData/EBWebView/Default/Service Worker/ScriptCache/6e08a40cf80d1181_0"
D  "bin/Release/HorizonData/EBWebView/Default/Service Worker/ScriptCache/738bb294f89e1335_0"
D  "bin/Release/HorizonData/EBWebView/Default/Service Worker/ScriptCache/796b7562219390f0_0"
D  "bin/Release/HorizonData/EBWebView/Default/Service Worker/ScriptCache/79a60028be9c3010_0"
D  "bin/Release/HorizonData/EBWebView/Default/Service Worker/ScriptCache/79b5c737f7ab9642_0"
D  "bin/Release/HorizonData/EBWebView/Default/Service Worker/ScriptCache/7b5fb5b1483213a5_0"
D  "bin/Release/HorizonData/EBWebView/Default/Service Worker/ScriptCache/7c4cc75bcf4907c3_0"
D  "bin/Release/HorizonData/EBWebView/Default/Service Worker/ScriptCache/7d1277d0a0eef700_0"
D  "bin/Release/HorizonData/EBWebView/Default/Service Worker/ScriptCache/7de293882cd2065e_0"
D  "bin/Release/HorizonData/EBWebView/Default/Service Worker/ScriptCache/808f4ae21f10416c_0"
D  "bin/Release/HorizonData/EBWebView/Default/Service Worker/ScriptCache/820472a405c1a189_0"
D  "bin/Release/HorizonData/EBWebView/Default/Service Worker/ScriptCache/8258e27027d54dcb_0"
D  "bin/Release/HorizonData/EBWebView/Default/Service Worker/ScriptCache/82ee882be6fc216e_0"
D  "bin/Release/HorizonData/EBWebView/Default/Service Worker/ScriptCache/88a4c2fd955a7097_0"
D  "bin/Release/HorizonData/EBWebView/Default/Service Worker/ScriptCache/8b860a2f86638734_0"
D  "bin/Release/HorizonData/EBWebView/Default/Service Worker/ScriptCache/8ddc3053957b7fab_0"
D  "bin/Release/HorizonData/EBWebView/Default/Service Worker/ScriptCache/8e72542801e3a525_0"
D  "bin/Release/HorizonData/EBWebView/Default/Service Worker/ScriptCache/914b7547906f398d_0"
D  "bin/Release/HorizonData/EBWebView/Default/Service Worker/ScriptCache/91b3ea2d941cb397_0"
D  "bin/Release/HorizonData/EBWebView/Default/Service Worker/ScriptCache/982e0f881292c681_0"
D  "bin/Release/HorizonData/EBWebView/Default/Service Worker/ScriptCache/99116d486f284af4_0"
D  "bin/Release/HorizonData/EBWebView/Default/Service Worker/ScriptCache/9a217e9c08916dcd_0"
D  "bin/Release/HorizonData/EBWebView/Default/Service Worker/ScriptCache/9b14912231f64755_0"
D  "bin/Release/HorizonData/EBWebView/Default/Service Worker/ScriptCache/9e67022e6bb14133_0"
D  "bin/Release/HorizonData/EBWebView/Default/Service Worker/ScriptCache/a0f8700973795685_0"
D  "bin/Release/HorizonData/EBWebView/Default/Service Worker/ScriptCache/a29d487f541600d2_0"
D  "bin/Release/HorizonData/EBWebView/Default/Service Worker/ScriptCache/a6da08e680c55a2a_0"
D  "bin/Release/HorizonData/EBWebView/Default/Service Worker/ScriptCache/a956f0ce96eb29c8_0"
D  "bin/Release/HorizonData/EBWebView/Default/Service Worker/ScriptCache/aa4414e246438143_0"
D  "bin/Release/HorizonData/EBWebView/Default/Service Worker/ScriptCache/ab95ebc511b469f3_0"
D  "bin/Release/HorizonData/EBWebView/Default/Service Worker/ScriptCache/b2812321dea9c42b_0"
D  "bin/Release/HorizonData/EBWebView/Default/Service Worker/ScriptCache/b6817b5f586801b0_0"
D  "bin/Release/HorizonData/EBWebView/Default/Service Worker/ScriptCache/b6c28cea6ed9dfc1_0"
D  "bin/Release/HorizonData/EBWebView/Default/Service Worker/ScriptCache/b6c28cea6ed9dfc1_1"
D  "bin/Release/HorizonData/EBWebView/Default/Service Worker/ScriptCache/b7616e79858efbff_0"
D  "bin/Release/HorizonData/EBWebView/Default/Service Worker/ScriptCache/b8a8a89bc8f66b3e_0"
D  "bin/Release/HorizonData/EBWebView/Default/Service Worker/ScriptCache/b8d7680f52f241b7_0"
D  "bin/Release/HorizonData/EBWebView/Default/Service Worker/ScriptCache/b9e0c4e95791e1f7_0"
D  "bin/Release/HorizonData/EBWebView/Default/Service Worker/ScriptCache/ba23d8ecda68de77_0"
D  "bin/Release/HorizonData/EBWebView/Default/Service Worker/ScriptCache/bc27a87fbf314a15_0"
D  "bin/Release/HorizonData/EBWebView/Default/Service Worker/ScriptCache/bf61ab29ad9780c2_0"
D  "bin/Release/HorizonData/EBWebView/Default/Service Worker/ScriptCache/c1faae48fbac0b64_0"
D  "bin/Release/HorizonData/EBWebView/Default/Service Worker/ScriptCache/c40b44d0ccb6b9f6_0"
D  "bin/Release/HorizonData/EBWebView/Default/Service Worker/ScriptCache/c417bfe2be7aa115_0"
D  "bin/Release/HorizonData/EBWebView/Default/Service Worker/ScriptCache/c720a327d255695f_0"
D  "bin/Release/HorizonData/EBWebView/Default/Service Worker/ScriptCache/c756b52bc59f5ac3_0"
D  "bin/Release/HorizonData/EBWebView/Default/Service Worker/ScriptCache/d14726c8af48f441_0"
D  "bin/Release/HorizonData/EBWebView/Default/Service Worker/ScriptCache/d449ff6c5b3062bc_0"
D  "bin/Release/HorizonData/EBWebView/Default/Service Worker/ScriptCache/d6b653ea64009786_0"
D  "bin/Release/HorizonData/EBWebView/Default/Service Worker/ScriptCache/dcbb9f52cf880e4a_0"
D  "bin/Release/HorizonData/EBWebView/Default/Service Worker/ScriptCache/dd1e345fe5dc5435_0"
D  "bin/Release/HorizonData/EBWebView/Default/Service Worker/ScriptCache/dd91b9ffd8efe2b6_0"
D  "bin/Release/HorizonData/EBWebView/Default/Service Worker/ScriptCache/dea936b84808bcef_0"
D  "bin/Release/HorizonData/EBWebView/Default/Service Worker/ScriptCache/e10db1fb7a0a4a8c_0"
D  "bin/Release/HorizonData/EBWebView/Default/Service Worker/ScriptCache/e27bfe875b62d81e_0"
D  "bin/Release/HorizonData/EBWebView/Default/Service Worker/ScriptCache/e384336e22fd2aef_0"
D  "bin/Release/HorizonData/EBWebView/Default/Service Worker/ScriptCache/e5ff62263ac8de7f_0"
D  "bin/Release/HorizonData/EBWebView/Default/Service Worker/ScriptCache/ed21dd5e2140ec01_0"
D  "bin/Release/HorizonData/EBWebView/Default/Service Worker/ScriptCache/ef6993cae43ae456_0"
D  "bin/Release/HorizonData/EBWebView/Default/Service Worker/ScriptCache/f131910baad453af_0"
D  "bin/Release/HorizonData/EBWebView/Default/Service Worker/ScriptCache/f1cdccba37924bda_0"
D  "bin/Release/HorizonData/EBWebView/Default/Service Worker/ScriptCache/f1cdccba37924bda_1"
D  "bin/Release/HorizonData/EBWebView/Default/Service Worker/ScriptCache/f287b7060e66da8a_0"
D  "bin/Release/HorizonData/EBWebView/Default/Service Worker/ScriptCache/f40501344c9c624c_0"
D  "bin/Release/HorizonData/EBWebView/Default/Service Worker/ScriptCache/f5dcf3f81cf9b463_0"
D  "bin/Release/HorizonData/EBWebView/Default/Service Worker/ScriptCache/fa813c9ad67834ac_0"
D  "bin/Release/HorizonData/EBWebView/Default/Service Worker/ScriptCache/fa813c9ad67834ac_1"
D  "bin/Release/HorizonData/EBWebView/Default/Service Worker/ScriptCache/ff57688b9ff2d49e_0"
D  "bin/Release/HorizonData/EBWebView/Default/Service Worker/ScriptCache/ff7379f37843d0a0_0"
D  "bin/Release/HorizonData/EBWebView/Default/Service Worker/ScriptCache/index"
D  "bin/Release/HorizonData/EBWebView/Default/Service Worker/ScriptCache/index-dir/the-real-index"
D  "bin/Release/HorizonData/EBWebView/Default/Session Storage/000003.log"
D  "bin/Release/HorizonData/EBWebView/Default/Session Storage/CURRENT"
D  "bin/Release/HorizonData/EBWebView/Default/Session Storage/LOCK"
D  "bin/Release/HorizonData/EBWebView/Default/Session Storage/LOG"
D  "bin/Release/HorizonData/EBWebView/Default/Session Storage/MANIFEST-000001"
D  bin/Release/HorizonData/EBWebView/Default/Sessions/Session_13419757923248150
D  "bin/Release/HorizonData/EBWebView/Default/Shared Dictionary/cache/index"
D  "bin/Release/HorizonData/EBWebView/Default/Shared Dictionary/cache/index-dir/the-real-index"
D  "bin/Release/HorizonData/EBWebView/Default/Shared Dictionary/db"
D  "bin/Release/HorizonData/EBWebView/Default/Shared Dictionary/db-journal"
D  bin/Release/HorizonData/EBWebView/Default/SharedStorage
D  bin/Release/HorizonData/EBWebView/Default/Shortcuts
D  bin/Release/HorizonData/EBWebView/Default/Shortcuts-journal
D  "bin/Release/HorizonData/EBWebView/Default/Site Characteristics Database/000003.log"
D  "bin/Release/HorizonData/EBWebView/Default/Site Characteristics Database/CURRENT"
D  "bin/Release/HorizonData/EBWebView/Default/Site Characteristics Database/LOCK"
D  "bin/Release/HorizonData/EBWebView/Default/Site Characteristics Database/LOG"
D  "bin/Release/HorizonData/EBWebView/Default/Site Characteristics Database/LOG.old"
D  "bin/Release/HorizonData/EBWebView/Default/Site Characteristics Database/MANIFEST-000001"
D  "bin/Release/HorizonData/EBWebView/Default/Sync Data/LevelDB/000003.log"
D  "bin/Release/HorizonData/EBWebView/Default/Sync Data/LevelDB/CURRENT"
D  "bin/Release/HorizonData/EBWebView/Default/Sync Data/LevelDB/LOCK"
D  "bin/Release/HorizonData/EBWebView/Default/Sync Data/LevelDB/LOG"
D  "bin/Release/HorizonData/EBWebView/Default/Sync Data/LevelDB/LOG.old"
D  "bin/Release/HorizonData/EBWebView/Default/Sync Data/LevelDB/MANIFEST-000001"
D  "bin/Release/HorizonData/EBWebView/Default/Sync Extension Settings/bjchemafiampldmkfmpigfoakogialkl/000003.log"
D  "bin/Release/HorizonData/EBWebView/Default/Sync Extension Settings/bjchemafiampldmkfmpigfoakogialkl/CURRENT"
D  "bin/Release/HorizonData/EBWebView/Default/Sync Extension Settings/bjchemafiampldmkfmpigfoakogialkl/LOCK"
D  "bin/Release/HorizonData/EBWebView/Default/Sync Extension Settings/bjchemafiampldmkfmpigfoakogialkl/LOG"
D  "bin/Release/HorizonData/EBWebView/Default/Sync Extension Settings/bjchemafiampldmkfmpigfoakogialkl/MANIFEST-000001"
D  "bin/Release/HorizonData/EBWebView/Default/Sync Extension Settings/enpiaeoobofcpedppdnooadnbaldkjih/000003.log"
D  "bin/Release/HorizonData/EBWebView/Default/Sync Extension Settings/enpiaeoobofcpedppdnooadnbaldkjih/CURRENT"
D  "bin/Release/HorizonData/EBWebView/Default/Sync Extension Settings/enpiaeoobofcpedppdnooadnbaldkjih/LOCK"
D  "bin/Release/HorizonData/EBWebView/Default/Sync Extension Settings/enpiaeoobofcpedppdnooadnbaldkjih/LOG"
D  "bin/Release/HorizonData/EBWebView/Default/Sync Extension Settings/enpiaeoobofcpedppdnooadnbaldkjih/LOG.old"
D  "bin/Release/HorizonData/EBWebView/Default/Sync Extension Settings/enpiaeoobofcpedppdnooadnbaldkjih/MANIFEST-000001"
D  "bin/Release/HorizonData/EBWebView/Default/Sync Extension Settings/fennofgmefeblbegldihhmpehdehoflg/000003.log"
D  "bin/Release/HorizonData/EBWebView/Default/Sync Extension Settings/fennofgmefeblbegldihhmpehdehoflg/CURRENT"
D  "bin/Release/HorizonData/EBWebView/Default/Sync Extension Settings/fennofgmefeblbegldihhmpehdehoflg/LOCK"
D  "bin/Release/HorizonData/EBWebView/Default/Sync Extension Settings/fennofgmefeblbegldihhmpehdehoflg/LOG"
D  "bin/Release/HorizonData/EBWebView/Default/Sync Extension Settings/fennofgmefeblbegldihhmpehdehoflg/LOG.old"
D  "bin/Release/HorizonData/EBWebView/Default/Sync Extension Settings/fennofgmefeblbegldihhmpehdehoflg/MANIFEST-000001"
D  "bin/Release/HorizonData/EBWebView/Default/Sync Extension Settings/llafjhmkffdlhpiojoipllmmedhckpgh/000003.log"
D  "bin/Release/HorizonData/EBWebView/Default/Sync Extension Settings/llafjhmkffdlhpiojoipllmmedhckpgh/CURRENT"
D  "bin/Release/HorizonData/EBWebView/Default/Sync Extension Settings/llafjhmkffdlhpiojoipllmmedhckpgh/LOCK"
D  "bin/Release/HorizonData/EBWebView/Default/Sync Extension Settings/llafjhmkffdlhpiojoipllmmedhckpgh/LOG"
D  "bin/Release/HorizonData/EBWebView/Default/Sync Extension Settings/llafjhmkffdlhpiojoipllmmedhckpgh/LOG.old"
D  "bin/Release/HorizonData/EBWebView/Default/Sync Extension Settings/llafjhmkffdlhpiojoipllmmedhckpgh/MANIFEST-000001"
D  "bin/Release/HorizonData/EBWebView/Default/Top Sites"
D  "bin/Release/HorizonData/EBWebView/Default/Top Sites-journal"
D  bin/Release/HorizonData/EBWebView/Default/VideoDecodeStats/LOCK
D  bin/Release/HorizonData/EBWebView/Default/VideoDecodeStats/LOG
D  "bin/Release/HorizonData/EBWebView/Default/Vpn Tokens"
D  "bin/Release/HorizonData/EBWebView/Default/Vpn Tokens-journal"
D  "bin/Release/HorizonData/EBWebView/Default/Web Data"
D  "bin/Release/HorizonData/EBWebView/Default/Web Data-journal"
D  bin/Release/HorizonData/EBWebView/Default/WebStorage/QuotaManager
D  bin/Release/HorizonData/EBWebView/Default/WebStorage/QuotaManager-journal
D  bin/Release/HorizonData/EBWebView/Default/commerce_subscription_db/LOCK
D  bin/Release/HorizonData/EBWebView/Default/commerce_subscription_db/LOG
D  bin/Release/HorizonData/EBWebView/Default/commerce_subscription_db/LOG.old
D  bin/Release/HorizonData/EBWebView/Default/discount_infos_db/LOCK
D  bin/Release/HorizonData/EBWebView/Default/discount_infos_db/LOG
D  bin/Release/HorizonData/EBWebView/Default/discount_infos_db/LOG.old
D  bin/Release/HorizonData/EBWebView/Default/discounts_db/LOCK
D  bin/Release/HorizonData/EBWebView/Default/discounts_db/LOG
D  bin/Release/HorizonData/EBWebView/Default/discounts_db/LOG.old
D  bin/Release/HorizonData/EBWebView/Default/favorites_diagnostic.log
D  bin/Release/HorizonData/EBWebView/Default/heavy_ad_intervention_opt_out.db
D  bin/Release/HorizonData/EBWebView/Default/heavy_ad_intervention_opt_out.db-journal
D  bin/Release/HorizonData/EBWebView/Default/optimization_guide_hint_cache_store/LOCK
D  bin/Release/HorizonData/EBWebView/Default/optimization_guide_hint_cache_store/LOG
D  bin/Release/HorizonData/EBWebView/Default/optimization_guide_hint_cache_store/LOG.old
D  bin/Release/HorizonData/EBWebView/Default/parcel_tracking_db/LOCK
D  bin/Release/HorizonData/EBWebView/Default/parcel_tracking_db/LOG
D  bin/Release/HorizonData/EBWebView/Default/parcel_tracking_db/LOG.old
D  bin/Release/HorizonData/EBWebView/Default/shared_proto_db/000003.log
D  bin/Release/HorizonData/EBWebView/Default/shared_proto_db/CURRENT
D  bin/Release/HorizonData/EBWebView/Default/shared_proto_db/LOCK
D  bin/Release/HorizonData/EBWebView/Default/shared_proto_db/LOG
D  bin/Release/HorizonData/EBWebView/Default/shared_proto_db/LOG.old
D  bin/Release/HorizonData/EBWebView/Default/shared_proto_db/MANIFEST-000001
D  bin/Release/HorizonData/EBWebView/Default/shared_proto_db/metadata/000003.log
D  bin/Release/HorizonData/EBWebView/Default/shared_proto_db/metadata/CURRENT
D  bin/Release/HorizonData/EBWebView/Default/shared_proto_db/metadata/LOCK
D  bin/Release/HorizonData/EBWebView/Default/shared_proto_db/metadata/LOG
D  bin/Release/HorizonData/EBWebView/Default/shared_proto_db/metadata/LOG.old
D  bin/Release/HorizonData/EBWebView/Default/shared_proto_db/metadata/MANIFEST-000001
D  bin/Release/HorizonData/EBWebView/GPUPersistentCache/DawnGraphiteCache/MNIWWJ6LYBXKQS7RZ2KZNUZ3QHFNW4K3/cache.db
D  bin/Release/HorizonData/EBWebView/GPUPersistentCache/DawnGraphiteCache/MNIWWJ6LYBXKQS7RZ2KZNUZ3QHFNW4K3/cache.db-wal
D  bin/Release/HorizonData/EBWebView/GPUPersistentCache/DawnGraphiteCache/MNIWWJ6LYBXKQS7RZ2KZNUZ3QHFNW4K3/cache.journal
D  bin/Release/HorizonData/EBWebView/GrShaderCache/data_0
D  bin/Release/HorizonData/EBWebView/GrShaderCache/data_1
D  bin/Release/HorizonData/EBWebView/GrShaderCache/data_2
D  bin/Release/HorizonData/EBWebView/GrShaderCache/data_3
D  bin/Release/HorizonData/EBWebView/GrShaderCache/f_000001
D  bin/Release/HorizonData/EBWebView/GrShaderCache/f_000002
D  bin/Release/HorizonData/EBWebView/GrShaderCache/f_000003
D  bin/Release/HorizonData/EBWebView/GrShaderCache/f_000004
D  bin/Release/HorizonData/EBWebView/GrShaderCache/f_000005
D  bin/Release/HorizonData/EBWebView/GrShaderCache/f_000006
D  bin/Release/HorizonData/EBWebView/GrShaderCache/index
D  bin/Release/HorizonData/EBWebView/GraphiteDawnCache/data_0
D  bin/Release/HorizonData/EBWebView/GraphiteDawnCache/data_1
D  bin/Release/HorizonData/EBWebView/GraphiteDawnCache/data_2
D  bin/Release/HorizonData/EBWebView/GraphiteDawnCache/data_3
D  bin/Release/HorizonData/EBWebView/GraphiteDawnCache/index
D  "bin/Release/HorizonData/EBWebView/Last Version"
D  "bin/Release/HorizonData/EBWebView/Local State"
D  bin/Release/HorizonData/EBWebView/OriginTrials/0.0.1.7/manifest.json
D  bin/Release/HorizonData/EBWebView/PKIMetadata/46.0.0.0/crs.pb
D  bin/Release/HorizonData/EBWebView/PKIMetadata/46.0.0.0/ct_config.pb
D  bin/Release/HorizonData/EBWebView/PKIMetadata/46.0.0.0/kp_pinslist.pb
D  bin/Release/HorizonData/EBWebView/PKIMetadata/46.0.0.0/manifest.json
D  bin/Release/HorizonData/EBWebView/ShaderCache/data_0
D  bin/Release/HorizonData/EBWebView/ShaderCache/data_1
D  bin/Release/HorizonData/EBWebView/ShaderCache/data_2
D  bin/Release/HorizonData/EBWebView/ShaderCache/data_3
D  bin/Release/HorizonData/EBWebView/ShaderCache/index
D  "bin/Release/HorizonData/EBWebView/Speech Recognition/1.15.0.1/Microsoft.CognitiveServices.Speech.core.dll"
D  "bin/Release/HorizonData/EBWebView/Speech Recognition/1.15.0.1/manifest.json"
D  "bin/Release/HorizonData/EBWebView/Subresource Filter/Indexed Rules/37/10.34.0.84/LICENSE"
D  "bin/Release/HorizonData/EBWebView/Subresource Filter/Indexed Rules/37/10.34.0.84/Ruleset Data"
D  "bin/Release/HorizonData/EBWebView/Subresource Filter/Unindexed Rules/10.34.0.84/Filtering Rules"
D  "bin/Release/HorizonData/EBWebView/Subresource Filter/Unindexed Rules/10.34.0.84/Filtering Rules-AA"
D  "bin/Release/HorizonData/EBWebView/Subresource Filter/Unindexed Rules/10.34.0.84/Filtering Rules-CA"
D  "bin/Release/HorizonData/EBWebView/Subresource Filter/Unindexed Rules/10.34.0.84/LICENSE"
D  "bin/Release/HorizonData/EBWebView/Subresource Filter/Unindexed Rules/10.34.0.84/Part-DE"
D  "bin/Release/HorizonData/EBWebView/Subresource Filter/Unindexed Rules/10.34.0.84/Part-ES"
D  "bin/Release/HorizonData/EBWebView/Subresource Filter/Unindexed Rules/10.34.0.84/Part-FR"
D  "bin/Release/HorizonData/EBWebView/Subresource Filter/Unindexed Rules/10.34.0.84/Part-IT"
D  "bin/Release/HorizonData/EBWebView/Subresource Filter/Unindexed Rules/10.34.0.84/Part-NL"
D  "bin/Release/HorizonData/EBWebView/Subresource Filter/Unindexed Rules/10.34.0.84/Part-RU"
D  "bin/Release/HorizonData/EBWebView/Subresource Filter/Unindexed Rules/10.34.0.84/Part-ZH"
D  "bin/Release/HorizonData/EBWebView/Subresource Filter/Unindexed Rules/10.34.0.84/adblock_snippet.js"
D  "bin/Release/HorizonData/EBWebView/Subresource Filter/Unindexed Rules/10.34.0.84/manifest.json"
D  bin/Release/HorizonData/EBWebView/TrustTokenKeyCommitments/2026.3.23.1/LICENSE
D  bin/Release/HorizonData/EBWebView/TrustTokenKeyCommitments/2026.3.23.1/_metadata/verified_contents.json
D  bin/Release/HorizonData/EBWebView/TrustTokenKeyCommitments/2026.3.23.1/keys.json
D  bin/Release/HorizonData/EBWebView/TrustTokenKeyCommitments/2026.3.23.1/manifest.json
D  bin/Release/HorizonData/EBWebView/Variations
D  bin/Release/HorizonData/EBWebView/component_crx_cache/bec8ead1da3c9600fe66bbcc0e7a9bed9a184c1be821b4d23570c6b7af7f0410
D  bin/Release/HorizonData/EBWebView/component_crx_cache/metadata.json
D  bin/Release/HorizonData/EBWebView/extensions_crx_cache/metadata.json
D  bin/Release/HorizonData/EBWebView/hyphen-data/120.0.6050.0/_metadata/verified_contents.json
D  bin/Release/HorizonData/EBWebView/hyphen-data/120.0.6050.0/hyph-af.hyb
D  bin/Release/HorizonData/EBWebView/hyphen-data/120.0.6050.0/hyph-as.hyb
D  bin/Release/HorizonData/EBWebView/hyphen-data/120.0.6050.0/hyph-be.hyb
D  bin/Release/HorizonData/EBWebView/hyphen-data/120.0.6050.0/hyph-bg.hyb
D  bin/Release/HorizonData/EBWebView/hyphen-data/120.0.6050.0/hyph-bn.hyb
D  bin/Release/HorizonData/EBWebView/hyphen-data/120.0.6050.0/hyph-cs.hyb
D  bin/Release/HorizonData/EBWebView/hyphen-data/120.0.6050.0/hyph-cu.hyb
D  bin/Release/HorizonData/EBWebView/hyphen-data/120.0.6050.0/hyph-cy.hyb
D  bin/Release/HorizonData/EBWebView/hyphen-data/120.0.6050.0/hyph-da.hyb
D  bin/Release/HorizonData/EBWebView/hyphen-data/120.0.6050.0/hyph-de-1901.hyb
D  bin/Release/HorizonData/EBWebView/hyphen-data/120.0.6050.0/hyph-de-1996.hyb
D  bin/Release/HorizonData/EBWebView/hyphen-data/120.0.6050.0/hyph-de-ch-1901.hyb
D  bin/Release/HorizonData/EBWebView/hyphen-data/120.0.6050.0/hyph-el.hyb
D  bin/Release/HorizonData/EBWebView/hyphen-data/120.0.6050.0/hyph-en-gb.hyb
D  bin/Release/HorizonData/EBWebView/hyphen-data/120.0.6050.0/hyph-en-us.hyb
D  bin/Release/HorizonData/EBWebView/hyphen-data/120.0.6050.0/hyph-es.hyb
D  bin/Release/HorizonData/EBWebView/hyphen-data/120.0.6050.0/hyph-et.hyb
D  bin/Release/HorizonData/EBWebView/hyphen-data/120.0.6050.0/hyph-eu.hyb
D  bin/Release/HorizonData/EBWebView/hyphen-data/120.0.6050.0/hyph-fr.hyb
D  bin/Release/HorizonData/EBWebView/hyphen-data/120.0.6050.0/hyph-ga.hyb
D  bin/Release/HorizonData/EBWebView/hyphen-data/120.0.6050.0/hyph-gl.hyb
D  bin/Release/HorizonData/EBWebView/hyphen-data/120.0.6050.0/hyph-gu.hyb
D  bin/Release/HorizonData/EBWebView/hyphen-data/120.0.6050.0/hyph-hi.hyb
D  bin/Release/HorizonData/EBWebView/hyphen-data/120.0.6050.0/hyph-hr.hyb
D  bin/Release/HorizonData/EBWebView/hyphen-data/120.0.6050.0/hyph-hu.hyb
D  bin/Release/HorizonData/EBWebView/hyphen-data/120.0.6050.0/hyph-hy.hyb
D  bin/Release/HorizonData/EBWebView/hyphen-data/120.0.6050.0/hyph-it.hyb
D  bin/Release/HorizonData/EBWebView/hyphen-data/120.0.6050.0/hyph-ka.hyb
D  bin/Release/HorizonData/EBWebView/hyphen-data/120.0.6050.0/hyph-kn.hyb
D  bin/Release/HorizonData/EBWebView/hyphen-data/120.0.6050.0/hyph-la.hyb
D  bin/Release/HorizonData/EBWebView/hyphen-data/120.0.6050.0/hyph-lt.hyb
D  bin/Release/HorizonData/EBWebView/hyphen-data/120.0.6050.0/hyph-lv.hyb
D  bin/Release/HorizonData/EBWebView/hyphen-data/120.0.6050.0/hyph-ml.hyb
D  bin/Release/HorizonData/EBWebView/hyphen-data/120.0.6050.0/hyph-mn-cyrl.hyb
D  bin/Release/HorizonData/EBWebView/hyphen-data/120.0.6050.0/hyph-mr.hyb
D  bin/Release/HorizonData/EBWebView/hyphen-data/120.0.6050.0/hyph-mul-ethi.hyb
D  bin/Release/HorizonData/EBWebView/hyphen-data/120.0.6050.0/hyph-nb.hyb
D  bin/Release/HorizonData/EBWebView/hyphen-data/120.0.6050.0/hyph-nl.hyb
D  bin/Release/HorizonData/EBWebView/hyphen-data/120.0.6050.0/hyph-nn.hyb
D  bin/Release/HorizonData/EBWebView/hyphen-data/120.0.6050.0/hyph-or.hyb
D  bin/Release/HorizonData/EBWebView/hyphen-data/120.0.6050.0/hyph-pa.hyb
D  bin/Release/HorizonData/EBWebView/hyphen-data/120.0.6050.0/hyph-pt.hyb
D  bin/Release/HorizonData/EBWebView/hyphen-data/120.0.6050.0/hyph-ru.hyb
D  bin/Release/HorizonData/EBWebView/hyphen-data/120.0.6050.0/hyph-sk.hyb
D  bin/Release/HorizonData/EBWebView/hyphen-data/120.0.6050.0/hyph-sl.hyb
D  bin/Release/HorizonData/EBWebView/hyphen-data/120.0.6050.0/hyph-sq.hyb
D  bin/Release/HorizonData/EBWebView/hyphen-data/120.0.6050.0/hyph-sv.hyb
D  bin/Release/HorizonData/EBWebView/hyphen-data/120.0.6050.0/hyph-ta.hyb
D  bin/Release/HorizonData/EBWebView/hyphen-data/120.0.6050.0/hyph-te.hyb
D  bin/Release/HorizonData/EBWebView/hyphen-data/120.0.6050.0/hyph-tk.hyb
D  bin/Release/HorizonData/EBWebView/hyphen-data/120.0.6050.0/hyph-uk.hyb
D  bin/Release/HorizonData/EBWebView/hyphen-data/120.0.6050.0/hyph-und-ethi.hyb
D  bin/Release/HorizonData/EBWebView/hyphen-data/120.0.6050.0/manifest.json
D  bin/Release/HorizonData/FaviconCache/1mov.lol.png
D  bin/Release/HorizonData/FaviconCache/accounts.google.com.png
D  bin/Release/HorizonData/FaviconCache/alohafind.com.png
D  bin/Release/HorizonData/FaviconCache/chromewebstore.google.com.png
D  bin/Release/HorizonData/FaviconCache/claude.ai.png
D  bin/Release/HorizonData/FaviconCache/claude.com.png
D  bin/Release/HorizonData/FaviconCache/docs.google.com.png
D  bin/Release/HorizonData/FaviconCache/feedbackcol-nszemvwz.manus.space.png
D  bin/Release/HorizonData/FaviconCache/forum.ubden.com.tr.png
D  bin/Release/HorizonData/FaviconCache/gemini.google.com.png
D  bin/Release/HorizonData/FaviconCache/ghappstore-j93n3sq2.manus.space.png
D  bin/Release/HorizonData/FaviconCache/github.com.png
D  bin/Release/HorizonData/FaviconCache/hianimes.se.png
D  bin/Release/HorizonData/FaviconCache/mail.google.com.png
D  bin/Release/HorizonData/FaviconCache/manus.im.png
D  bin/Release/HorizonData/FaviconCache/manussend-8ladxhzk.manus.space.png
D  bin/Release/HorizonData/FaviconCache/mdl.fcst.tu-sofia.bg.png
D  bin/Release/HorizonData/FaviconCache/music.youtube.com.png
D  bin/Release/HorizonData/FaviconCache/myaccount.google.com.png
D  bin/Release/HorizonData/FaviconCache/notebooklm.google.com.png
D  bin/Release/HorizonData/FaviconCache/photos.google.com.png
D  bin/Release/HorizonData/FaviconCache/steamcommunity.com.png
D  bin/Release/HorizonData/FaviconCache/support.google.com.png
D  bin/Release/HorizonData/FaviconCache/thebyteseffect.com.png
D  bin/Release/HorizonData/FaviconCache/thepiratebay.party.png
D  bin/Release/HorizonData/FaviconCache/tu-sofia.bg.png
D  bin/Release/HorizonData/FaviconCache/v1.tldrthis.com.png
D  bin/Release/HorizonData/FaviconCache/web.telegram.org.png
D  bin/Release/HorizonData/FaviconCache/www.ageofempires.com.png
D  bin/Release/HorizonData/FaviconCache/www.anthropic.com.png
D  bin/Release/HorizonData/FaviconCache/www.crunchyroll.com.png
D  bin/Release/HorizonData/FaviconCache/www.emag.bg.png
D  bin/Release/HorizonData/FaviconCache/www.google.com.png
D  bin/Release/HorizonData/FaviconCache/www.microsoft.com.png
D  bin/Release/HorizonData/FaviconCache/www.pirateproxy-bay.com.png
D  bin/Release/HorizonData/FaviconCache/www.reddit.com.png
D  bin/Release/HorizonData/FaviconCache/www.sublimehq.com.png
D  bin/Release/HorizonData/FaviconCache/www.youtube.com.png
D  bin/Release/HorizonData/config.json
D  bin/Release/HorizonData/flux_sort_defaults.json
D  code_files/!START_Horizon_Browser.lnk
D  code_files/.gitignore
D  code_files/App.xaml
D  code_files/App.xaml.cs
D  code_files/Build_Release.bat
D  code_files/Build_Release_FAST.bat
D  code_files/Controls/BrowserView.xaml
D  code_files/Controls/BrowserView.xaml.cs
D  code_files/Controls/FluxSidebar.xaml
D  code_files/Controls/FluxSidebar.xaml.cs
D  code_files/Controls/Omnibox.xaml
D  code_files/Controls/Omnibox.xaml.cs
D  code_files/Controls/PdfOpenDialog.xaml
D  code_files/Controls/PdfOpenDialog.xaml.cs
D  code_files/Controls/VaultSidebar.xaml
D  code_files/Controls/VaultSidebar.xaml.cs
D  code_files/Core/ExtensionInstaller.cs
D  code_files/Core/StealthEnvironment.cs
D  code_files/Core/TabColorPaletteExtractor.cs
D  code_files/Horizon.Browser.csproj
D  code_files/Horizon.bat
D  code_files/Horizon_Bootstrapper.bat
D  code_files/Install_Horizon_Browser_beta.ifp
D  code_files/LICENSE
D  code_files/LICENSE.rtf
D  code_files/LICENSE.txt
D  code_files/MainWindow.AdvancedCalc.cs
D  code_files/MainWindow.Widgets.cs
D  code_files/MainWindow.xaml
D  code_files/MainWindow.xaml.cs
D  code_files/MainWindow.xaml.cs.bak
D  code_files/Output/Setup_Horizon_Browser_Beta.exe
D  code_files/PRIVACY_POLICY.md
D  code_files/README.md
D  code_files/Services/AccountSyncService.cs
D  code_files/Services/BackgroundKeepAliveService.cs
D  code_files/Services/BookmarksService.cs
D  code_files/Services/BrowserDetectionService.cs
D  code_files/Services/CacheJanitorService.cs
D  code_files/Services/ChromiumHarvester.cs
D  code_files/Services/ConfigService.cs
D  code_files/Services/ExtensionRecord.cs
D  code_files/Services/ExtensionService.cs
D  code_files/Services/FluxJanitorService.cs
D  code_files/Services/GithubUpdateService.cs
D  code_files/Services/HealthService.cs
D  code_files/Services/HistoryService.cs
D  code_files/Services/HomePageService.cs
D  code_files/Services/LogService.cs
D  code_files/Services/MediaDownloadService.cs
D  code_files/Services/SettingsService.cs
D  code_files/Services/TabSleepRulesService.cs
D  code_files/Services/ThemeService.cs
D  code_files/Services/VaultService.cs
D  code_files/Setup_Horizon_Browser_Alpha.ifp
D  code_files/Setup_Horizon_Browser_Beta.ifp
D  code_files/Setup_Horizon_Browser_Beta.iss
D  code_files/Themes/Horizon.xaml
D  code_files/Themes/Light.xaml
D  code_files/Themes/Redmond.xaml
D  code_files/Uninstall/uninstall.bat
D  code_files/Update_manager.bat
D  code_files/Update_manager_OLD.bat
D  code_files/ViewModels/TabViewModel.cs
D  code_files/Views/LoginRecoveryDialog.xaml
D  code_files/Views/LoginRecoveryDialog.xaml.cs
D  code_files/Views/MaintenanceWindow.xaml
D  code_files/Views/MaintenanceWindow.xaml.cs
D  code_files/Views/NotificationToast.xaml
D  code_files/Views/NotificationToast.xaml.cs
D  code_files/Views/SettingsWindow.xaml
D  code_files/Views/SettingsWindow.xaml.cs
D  code_files/Views/TabSwitcherWindow.xaml
D  code_files/Views/TabSwitcherWindow.xaml.cs
D  code_files/backup.bat
D  code_files/changelog.txt
D  code_files/cookies.json
D  code_files/deploy_branch.bat
D  code_files/dir
D  code_files/emergency_log_failure.txt
D  code_files/extra_files.txt
D  code_files/history.json
D  code_files/horizon.conf
D  code_files/install_auto.ps1
D  code_files/logs/Setup_Bootstrapper.log
D  code_files/logs/horizon_update.log
D  code_files/logs/scan_debug_1776531966.log
D  code_files/logs/scan_debug_1776532031.log
D  code_files/logs/scan_debug_1776706586.log
D  code_files/logs/scan_debug_1776706631.log
D  code_files/logs/scan_debug_1782134229.log
D  code_files/logs/scan_debug_1782135107.log
D  code_files/logs/scan_debug_1782135140.log
D  code_files/logs/scan_debug_1782135373.log
D  code_files/maintenance_tool.bat
D  code_files/manage_build_files.bat
D  code_files/mapper_exclusions.txt
D  code_files/overlay.hta
D  code_files/path.txt
D  code_files/project_map_1782135374.txt
D  code_files/project_mapper.py
D  code_files/restore.bat
D  code_files/src/Gemini_Generated_Image_7395cs7395cs7395.ico
D  code_files/src/Gemini_Generated_Image_7395cs7395cs7395.png
D  code_files/src/icons/Gemini_Generated_Image_7395cs7395cs7395.ico
D  code_files/start_horizon.bat
D  code_files/start_mapper.bat
D  code_files/update.txt
D  code_files/update_orchestrator.bat
D  code_files/update_status.txt
D  code_files/version.txt
A  logs/push_to_github_20260921_163549.log
A  logs/push_to_github_20260921_165104.log
A  logs/push_to_github_20260921_165158.log
A  logs/scan_debug_1789998234.log
D  project_map_1782135374.txt
D  project_map_1784797406.txt
A  project_map_1789998235.txt
M  push_to_github.py
M  version.txt
2026-09-21 16:53:41,511 [DEBUG] stderr: 
2026-09-21 16:53:41,511 [DEBUG] Running: git commit -m (this is automated commit message) 2026-09-21 16:53:40

Repository: https://github.com/MoRDekai1364/Horizon_Browser
  [new] logs/push_to_github_20260921_163549.log
  [new] logs/push_to_github_20260921_165104.log
  [new] logs/push_to_github_20260921_165158.log
  [new] logs/scan_debug_1789998234.log
  [new] project_map_1789998235.txt
  [modified] push_to_github.py
  [modified] version.txt
  [deleted] Install_Horizon_Browser_beta.ifp
  [deleted] Setup_Horizon_Browser_Alpha.ifp
  [deleted] Setup_Horizon_Browser_Beta.ifp
  [deleted] Setup_Horizon_Browser_Beta.iss
  [deleted] bin/Release/HorizonData/EBWebView/AutoLaunchProtocolsComponent/1.0.0.10/manifest.json
  [deleted] bin/Release/HorizonData/EBWebView/AutoLaunchProtocolsComponent/1.0.0.10/protocols.json
  [deleted] bin/Release/HorizonData/EBWebView/BrowserMetrics/BrowserMetrics-6A4FF9BB-FC8.pma
  [deleted] bin/Release/HorizonData/EBWebView/BrowserMetrics/BrowserMetrics-6A4FFA12-37C4.pma
  [deleted] bin/Release/HorizonData/EBWebView/BrowserMetrics/BrowserMetrics-6A4FFA30-42BC.pma
  [deleted] bin/Release/HorizonData/EBWebView/CertificateRevocation/6498.2025.9.4/crl-set
  [deleted] bin/Release/HorizonData/EBWebView/CertificateRevocation/6498.2025.9.4/manifest.json
  [deleted] bin/Release/HorizonData/EBWebView/Crashpad/metadata
  [deleted] bin/Release/HorizonData/EBWebView/Crashpad/settings.dat
  [deleted] bin/Release/HorizonData/EBWebView/Crashpad/temp/edge_shutdown_crash.txt
  [deleted] bin/Release/HorizonData/EBWebView/Crashpad/throttle_store.dat
  [deleted] bin/Release/HorizonData/EBWebView/Crashpad/watson_metadata
  [deleted] bin/Release/HorizonData/EBWebView/Default/AutofillAiModelCache/LOCK
  [deleted] bin/Release/HorizonData/EBWebView/Default/AutofillAiModelCache/LOG
  [deleted] bin/Release/HorizonData/EBWebView/Default/AutofillAiModelCache/LOG.old
  [deleted] bin/Release/HorizonData/EBWebView/Default/AutofillStrikeDatabase/LOCK
  [deleted] bin/Release/HorizonData/EBWebView/Default/AutofillStrikeDatabase/LOG
  [deleted] bin/Release/HorizonData/EBWebView/Default/AutofillStrikeDatabase/LOG.old
  [deleted] bin/Release/HorizonData/EBWebView/Default/BookmarkMergedSurfaceOrdering
  [deleted] bin/Release/HorizonData/EBWebView/Default/BrowsingTopicsSiteData
  [deleted] bin/Release/HorizonData/EBWebView/Default/BrowsingTopicsSiteData-journal
  [deleted] bin/Release/HorizonData/EBWebView/Default/BrowsingTopicsState
  [deleted] bin/Release/HorizonData/EBWebView/Default/BudgetDatabase/LOCK
  [deleted] bin/Release/HorizonData/EBWebView/Default/BudgetDatabase/LOG
  [deleted] bin/Release/HorizonData/EBWebView/Default/BudgetDatabase/LOG.old
  [deleted] bin/Release/HorizonData/EBWebView/Default/Cache/Cache_Data/data_0
  [deleted] bin/Release/HorizonData/EBWebView/Default/Cache/Cache_Data/data_1
  [deleted] bin/Release/HorizonData/EBWebView/Default/Cache/Cache_Data/data_2
  [deleted] bin/Release/HorizonData/EBWebView/Default/Cache/Cache_Data/data_3
  [deleted] bin/Release/HorizonData/EBWebView/Default/Cache/Cache_Data/f_000001
  [deleted] bin/Release/HorizonData/EBWebView/Default/Cache/Cache_Data/f_000002
  [deleted] bin/Release/HorizonData/EBWebView/Default/Cache/Cache_Data/f_000003
  [deleted] bin/Release/HorizonData/EBWebView/Default/Cache/Cache_Data/f_000004
  [deleted] bin/Release/HorizonData/EBWebView/Default/Cache/Cache_Data/f_000005
  [deleted] bin/Release/HorizonData/EBWebView/Default/Cache/Cache_Data/f_000006
  [deleted] bin/Release/HorizonData/EBWebView/Default/Cache/Cache_Data/f_000007
  [deleted] bin/Release/HorizonData/EBWebView/Default/Cache/Cache_Data/f_000008
  [deleted] bin/Release/HorizonData/EBWebView/Default/Cache/Cache_Data/f_000009
  [deleted] bin/Release/HorizonData/EBWebView/Default/Cache/Cache_Data/f_00000a
  [deleted] bin/Release/HorizonData/EBWebView/Default/Cache/Cache_Data/f_00000b
  [deleted] bin/Release/HorizonData/EBWebView/Default/Cache/Cache_Data/f_00000c
  [deleted] bin/Release/HorizonData/EBWebView/Default/Cache/Cache_Data/f_00000d
  [deleted] bin/Release/HorizonData/EBWebView/Default/Cache/Cache_Data/f_00000e
  [deleted] bin/Release/HorizonData/EBWebView/Default/Cache/Cache_Data/f_00000f
  [deleted] bin/Release/HorizonData/EBWebView/Default/Cache/Cache_Data/f_000010
  [deleted] bin/Release/HorizonData/EBWebView/Default/Cache/Cache_Data/f_000011
  [deleted] bin/Release/HorizonData/EBWebView/Default/Cache/Cache_Data/f_000012
  [deleted] bin/Release/HorizonData/EBWebView/Default/Cache/Cache_Data/f_000013
  [deleted] bin/Release/HorizonData/EBWebView/Default/Cache/Cache_Data/f_000015
  [deleted] bin/Release/HorizonData/EBWebView/Default/Cache/Cache_Data/f_000016
  [deleted] bin/Release/HorizonData/EBWebView/Default/Cache/Cache_Data/f_000017
  [deleted] bin/Release/HorizonData/EBWebView/Default/Cache/Cache_Data/f_000018
  [deleted] bin/Release/HorizonData/EBWebView/Default/Cache/Cache_Data/f_000019
  [deleted] bin/Release/HorizonData/EBWebView/Default/Cache/Cache_Data/f_00001b
  [deleted] bin/Release/HorizonData/EBWebView/Default/Cache/Cache_Data/f_00001c
  [deleted] bin/Release/HorizonData/EBWebView/Default/Cache/Cache_Data/f_00001d
  [deleted] bin/Release/HorizonData/EBWebView/Default/Cache/Cache_Data/f_00001e
  [deleted] bin/Release/HorizonData/EBWebView/Default/Cache/Cache_Data/f_00001f
  [deleted] bin/Release/HorizonData/EBWebView/Default/Cache/Cache_Data/f_000020
  [deleted] bin/Release/HorizonData/EBWebView/Default/Cache/Cache_Data/f_000021
  [deleted] bin/Release/HorizonData/EBWebView/Default/Cache/Cache_Data/f_000022
  [deleted] bin/Release/HorizonData/EBWebView/Default/Cache/Cache_Data/f_000023
  [deleted] bin/Release/HorizonData/EBWebView/Default/Cache/Cache_Data/f_000024
  [deleted] bin/Release/HorizonData/EBWebView/Default/Cache/Cache_Data/f_000025
  [deleted] bin/Release/HorizonData/EBWebView/Default/Cache/Cache_Data/f_000026
  [deleted] bin/Release/HorizonData/EBWebView/Default/Cache/Cache_Data/f_000027
  [deleted] bin/Release/HorizonData/EBWebView/Default/Cache/Cache_Data/f_000028
  [deleted] bin/Release/HorizonData/EBWebView/Default/Cache/Cache_Data/f_000029
  [deleted] bin/Release/HorizonData/EBWebView/Default/Cache/Cache_Data/f_00002a
  [deleted] bin/Release/HorizonData/EBWebView/Default/Cache/Cache_Data/f_00002b
  [deleted] bin/Release/HorizonData/EBWebView/Default/Cache/Cache_Data/f_00002c
  [deleted] bin/Release/HorizonData/EBWebView/Default/Cache/Cache_Data/f_00002d
  [deleted] bin/Release/HorizonData/EBWebView/Default/Cache/Cache_Data/f_00002e
  [deleted] bin/Release/HorizonData/EBWebView/Default/Cache/Cache_Data/f_00002f
  [deleted] bin/Release/HorizonData/EBWebView/Default/Cache/Cache_Data/f_000030
  [deleted] bin/Release/HorizonData/EBWebView/Default/Cache/Cache_Data/f_000031
  [deleted] bin/Release/HorizonData/EBWebView/Default/Cache/Cache_Data/f_000032
  [deleted] bin/Release/HorizonData/EBWebView/Default/Cache/Cache_Data/f_000033
  [deleted] bin/Release/HorizonData/EBWebView/Default/Cache/Cache_Data/f_000034
  [deleted] bin/Release/HorizonData/EBWebView/Default/Cache/Cache_Data/f_000035
  [deleted] bin/Release/HorizonData/EBWebView/Default/Cache/Cache_Data/f_000036
  [deleted] bin/Release/HorizonData/EBWebView/Default/Cache/Cache_Data/f_000037
  [deleted] bin/Release/HorizonData/EBWebView/Default/Cache/Cache_Data/f_000038
  [deleted] bin/Release/HorizonData/EBWebView/Default/Cache/Cache_Data/f_000039
  [deleted] bin/Release/HorizonData/EBWebView/Default/Cache/Cache_Data/f_00003a
  [deleted] bin/Release/HorizonData/EBWebView/Default/Cache/Cache_Data/f_00003b
  [deleted] bin/Release/HorizonData/EBWebView/Default/Cache/Cache_Data/f_00003c
  [deleted] bin/Release/HorizonData/EBWebView/Default/Cache/Cache_Data/f_00003d
  [deleted] bin/Release/HorizonData/EBWebView/Default/Cache/Cache_Data/f_00003e
  [deleted] bin/Release/HorizonData/EBWebView/Default/Cache/Cache_Data/f_00003f
  [deleted] bin/Release/HorizonData/EBWebView/Default/Cache/Cache_Data/f_000040
  [deleted] bin/Release/HorizonData/EBWebView/Default/Cache/Cache_Data/f_000041
  [deleted] bin/Release/HorizonData/EBWebView/Default/Cache/Cache_Data/f_000042
  [deleted] bin/Release/HorizonData/EBWebView/Default/Cache/Cache_Data/f_000043
  [deleted] bin/Release/HorizonData/EBWebView/Default/Cache/Cache_Data/f_000044
  [deleted] bin/Release/HorizonData/EBWebView/Default/Cache/Cache_Data/f_000045
  [deleted] bin/Release/HorizonData/EBWebView/Default/Cache/Cache_Data/f_000046
  [deleted] bin/Release/HorizonData/EBWebView/Default/Cache/Cache_Data/f_000047
  [deleted] bin/Release/HorizonData/EBWebView/Default/Cache/Cache_Data/f_000048
  [deleted] bin/Release/HorizonData/EBWebView/Default/Cache/Cache_Data/f_000049
  [deleted] bin/Release/HorizonData/EBWebView/Default/Cache/Cache_Data/f_00004a
  [deleted] bin/Release/HorizonData/EBWebView/Default/Cache/Cache_Data/f_00004b
  [deleted] bin/Release/HorizonData/EBWebView/Default/Cache/Cache_Data/f_00004c
  [deleted] bin/Release/HorizonData/EBWebView/Default/Cache/Cache_Data/f_00004d
  [deleted] bin/Release/HorizonData/EBWebView/Default/Cache/Cache_Data/f_00004e
  [deleted] bin/Release/HorizonData/EBWebView/Default/Cache/Cache_Data/f_00004f
  [deleted] bin/Release/HorizonData/EBWebView/Default/Cache/Cache_Data/f_000050
  [deleted] bin/Release/HorizonData/EBWebView/Default/Cache/Cache_Data/f_000051
  [deleted] bin/Release/HorizonData/EBWebView/Default/Cache/Cache_Data/f_000052
  [deleted] bin/Release/HorizonData/EBWebView/Default/Cache/Cache_Data/f_000053
  [deleted] bin/Release/HorizonData/EBWebView/Default/Cache/Cache_Data/f_000054
  [deleted] bin/Release/HorizonData/EBWebView/Default/Cache/Cache_Data/f_000055
  [deleted] bin/Release/HorizonData/EBWebView/Default/Cache/Cache_Data/f_000056
  [deleted] bin/Release/HorizonData/EBWebView/Default/Cache/Cache_Data/index
  [deleted] bin/Release/HorizonData/EBWebView/Default/Cache/No_Vary_Search/journal.baj
  [deleted] bin/Release/HorizonData/EBWebView/Default/Cache/No_Vary_Search/snapshot.baf
  [deleted] bin/Release/HorizonData/EBWebView/Default/ClientCertificates/LOCK
  [deleted] bin/Release/HorizonData/EBWebView/Default/ClientCertificates/LOG
  [deleted] bin/Release/HorizonData/EBWebView/Default/ClientCertificates/LOG.old
  [deleted] bin/Release/HorizonData/EBWebView/Default/Code Cache/js/0076dbc2687a75c8_0
  [deleted] bin/Release/HorizonData/EBWebView/Default/Code Cache/js/02df4d919d1db631_0
  [deleted] bin/Release/HorizonData/EBWebView/Default/Code Cache/js/030deb08ea7f5704_0
  [deleted] bin/Release/HorizonData/EBWebView/Default/Code Cache/js/039b9efa13a61bad_0
  [deleted] bin/Release/HorizonData/EBWebView/Default/Code Cache/js/03ab767b40f8cfee_0
  [deleted] bin/Release/HorizonData/EBWebView/Default/Code Cache/js/043af1923a883e16_0
  [deleted] bin/Release/HorizonData/EBWebView/Default/Code Cache/js/04496e09a82d7be4_0
  [deleted] bin/Release/HorizonData/EBWebView/Default/Code Cache/js/04b821652310fb13_0
  [deleted] bin/Release/HorizonData/EBWebView/Default/Code Cache/js/05b26522fd606645_0
  [deleted] bin/Release/HorizonData/EBWebView/Default/Code Cache/js/071d0789528838a9_0
  [deleted] bin/Release/HorizonData/EBWebView/Default/Code Cache/js/086ced5af2bd8220_0
  [deleted] bin/Release/HorizonData/EBWebView/Default/Code Cache/js/0a4c526d5d310100_0
  [deleted] bin/Release/HorizonData/EBWebView/Default/Code Cache/js/0aaaf6edb73e546a_0
  [deleted] bin/Release/HorizonData/EBWebView/Default/Code Cache/js/0afc682fb9dad7c2_0
  [deleted] bin/Release/HorizonData/EBWebView/Default/Code Cache/js/0b06db1a6bf880c2_0
  [deleted] bin/Release/HorizonData/EBWebView/Default/Code Cache/js/0b3a0da62588e0f5_0
  [deleted] bin/Release/HorizonData/EBWebView/Default/Code Cache/js/0c015efe6e649523_0
  [deleted] bin/Release/HorizonData/EBWebView/Default/Code Cache/js/0f7a89f46f65133f_0
  [deleted] bin/Release/HorizonData/EBWebView/Default/Code Cache/js/0f7e5eeea93299c9_0
  [deleted] bin/Release/HorizonData/EBWebView/Default/Code Cache/js/103adf3520105e0f_0
  [deleted] bin/Release/HorizonData/EBWebView/Default/Code Cache/js/11328cb64a5d60eb_0
  [deleted] bin/Release/HorizonData/EBWebView/Default/Code Cache/js/113d72327aacc717_0
  [deleted] bin/Release/HorizonData/EBWebView/Default/Code Cache/js/1154210b0c0831c9_0
  [deleted] bin/Release/HorizonData/EBWebView/Default/Code Cache/js/1253ddc0847524d9_0
  [deleted] bin/Release/HorizonData/EBWebView/Default/Code Cache/js/13b86ba548c0a839_0
  [deleted] bin/Release/HorizonData/EBWebView/Default/Code Cache/js/142a6170a0e9d869_0
  [deleted] bin/Release/HorizonData/EBWebView/Default/Code Cache/js/1607200edb381bca_0
  [deleted] bin/Release/HorizonData/EBWebView/Default/Code Cache/js/166f248488e8e434_0
  [deleted] bin/Release/HorizonData/EBWebView/Default/Code Cache/js/191897f97e361b8f_0
  [deleted] bin/Release/HorizonData/EBWebView/Default/Code Cache/js/195e2fd790676a21_0
  [deleted] bin/Release/HorizonData/EBWebView/Default/Code Cache/js/198e8104f7f87921_0
  [deleted] bin/Release/HorizonData/EBWebView/Default/Code Cache/js/1bcd9e7257b3b57d_0
  [deleted] bin/Release/HorizonData/EBWebView/Default/Code Cache/js/1be905117ed82795_0
  [deleted] bin/Release/HorizonData/EBWebView/Default/Code Cache/js/1bf5e7db2cc86bc8_0
  [deleted] bin/Release/HorizonData/EBWebView/Default/Code Cache/js/1c93a3582c65c4d3_0
  [deleted] bin/Release/HorizonData/EBWebView/Default/Code Cache/js/1cc55164091f7d02_0
  [deleted] bin/Release/HorizonData/EBWebView/Default/Code Cache/js/1cdfac3e3497e90e_0
  [deleted] bin/Release/HorizonData/EBWebView/Default/Code Cache/js/1d25890505165c28_0
  [deleted] bin/Release/HorizonData/EBWebView/Default/Code Cache/js/1e533551742eeaf0_0
  [deleted] bin/Release/HorizonData/EBWebView/Default/Code Cache/js/1f722db16f1e9c51_0
  [deleted] bin/Release/HorizonData/EBWebView/Default/Code Cache/js/1f780d5738f54f36_0
  [deleted] bin/Release/HorizonData/EBWebView/Default/Code Cache/js/1f7cf8395b07ebcd_0
  [deleted] bin/Release/HorizonData/EBWebView/Default/Code Cache/js/1facba9eab55149f_0
  [deleted] bin/Release/HorizonData/EBWebView/Default/Code Cache/js/210c8b22d39f09d7_0
  [deleted] bin/Release/HorizonData/EBWebView/Default/Code Cache/js/213c9d2da2b585c1_0
  [deleted] bin/Release/HorizonData/EBWebView/Default/Code Cache/js/219ba47e4f3fd15f_0
  [deleted] bin/Release/HorizonData/EBWebView/Default/Code Cache/js/21aa031a3d2c0479_0
  [deleted] bin/Release/HorizonData/EBWebView/Default/Code Cache/js/22f3ce7a7d7a6aac_0
  [deleted] bin/Release/HorizonData/EBWebView/Default/Code Cache/js/23e0af9c53491d3f_0
  [deleted] bin/Release/HorizonData/EBWebView/Default/Code Cache/js/23ff0c8c70c7689f_0
  [deleted] bin/Release/HorizonData/EBWebView/Default/Code Cache/js/26c4287798fa812c_0
  [deleted] bin/Release/HorizonData/EBWebView/Default/Code Cache/js/285bf0c6b2a0869b_0
  [deleted] bin/Release/HorizonData/EBWebView/Default/Code Cache/js/285e4739357c6106_0
  [deleted] bin/Release/HorizonData/EBWebView/Default/Code Cache/js/29305d07e19521a6_0
  [deleted] bin/Release/HorizonData/EBWebView/Default/Code Cache/js/295728fafc7c1ebe_0
  [deleted] bin/Release/HorizonData/EBWebView/Default/Code Cache/js/29f6e8ab8ec87e6c_0
  [deleted] bin/Release/HorizonData/EBWebView/Default/Code Cache/js/2a61469126e13338_0
  [deleted] bin/Release/HorizonData/EBWebView/Default/Code Cache/js/2aaeea5e819db95a_0
  [deleted] bin/Release/HorizonData/EBWebView/Default/Code Cache/js/2b3ca73aed475f2b_0
  [deleted] bin/Release/HorizonData/EBWebView/Default/Code Cache/js/2b5d95bda3bae015_0
  [deleted] bin/Release/HorizonData/EBWebView/Default/Code Cache/js/2ba4a999fd4f886b_0
  [deleted] bin/Release/HorizonData/EBWebView/Default/Code Cache/js/2c3897a6197a9767_0
  [deleted] bin/Release/HorizonData/EBWebView/Default/Code Cache/js/2c410b04f0114046_0
  [deleted] bin/Release/HorizonData/EBWebView/Default/Code Cache/js/2dc54355c897759f_0
  [deleted] bin/Release/HorizonData/EBWebView/Default/Code Cache/js/2e98f626d1f446d8_0
  [deleted] bin/Release/HorizonData/EBWebView/Default/Code Cache/js/2fea4219311926b6_0
  [deleted] bin/Release/HorizonData/EBWebView/Default/Code Cache/js/301522068fae0a51_0
  [deleted] bin/Release/HorizonData/EBWebView/Default/Code Cache/js/30259e9f37aaf988_0
  [deleted] bin/Release/HorizonData/EBWebView/Default/Code Cache/js/31836ad4b5df3363_0
  [deleted] bin/Release/HorizonData/EBWebView/Default/Code Cache/js/32ac42b2888b846b_0
  [deleted] bin/Release/HorizonData/EBWebView/Default/Code Cache/js/32f350141aa87917_0
  [deleted] bin/Release/HorizonData/EBWebView/Default/Code Cache/js/336a68eaaf209f48_0
  [deleted] bin/Release/HorizonData/EBWebView/Default/Code Cache/js/34ac8a9c0965f5ad_0
  [deleted] bin/Release/HorizonData/EBWebView/Default/Code Cache/js/35a5f42315e20c02_0
  [deleted] bin/Release/HorizonData/EBWebView/Default/Code Cache/js/3724a0324c3b6e26_0
  [deleted] bin/Release/HorizonData/EBWebView/Default/Code Cache/js/3776c937168b5b52_0
  [deleted] bin/Release/HorizonData/EBWebView/Default/Code Cache/js/383a869199a8575d_0
  [deleted] bin/Release/HorizonData/EBWebView/Default/Code Cache/js/38419f8e309412eb_0
  [deleted] bin/Release/HorizonData/EBWebView/Default/Code Cache/js/39cd07b5fed350c5_0
  [deleted] bin/Release/HorizonData/EBWebView/Default/Code Cache/js/3c45437c70bb8ea2_0
  [deleted] bin/Release/HorizonData/EBWebView/Default/Code Cache/js/3d67dae5c887164b_0
  [deleted] bin/Release/HorizonData/EBWebView/Default/Code Cache/js/3d6bd5bd9da96636_0
  [deleted] bin/Release/HorizonData/EBWebView/Default/Code Cache/js/3d7b3300c41a76c0_0
  [deleted] bin/Release/HorizonData/EBWebView/Default/Code Cache/js/3eada1f109a8e7c6_0
  [deleted] bin/Release/HorizonData/EBWebView/Default/Code Cache/js/3f746c470dfb4415_0
  [deleted] bin/Release/HorizonData/EBWebView/Default/Code Cache/js/42d00762017c12e0_0
  [deleted] bin/Release/HorizonData/EBWebView/Default/Code Cache/js/43358fd863f969b1_0
  [deleted] bin/Release/HorizonData/EBWebView/Default/Code Cache/js/441c2476218dfa97_0
  [deleted] bin/Release/HorizonData/EBWebView/Default/Code Cache/js/4431bab738f28701_0
  [deleted] bin/Release/HorizonData/EBWebView/Default/Code Cache/js/4513aa6c19670f03_0
  [deleted] bin/Release/HorizonData/EBWebView/Default/Code Cache/js/459a3a51c2e0cc5f_0
  [deleted] bin/Release/HorizonData/EBWebView/Default/Code Cache/js/45a0d6b4698d6793_0
  [deleted] bin/Release/HorizonData/EBWebView/Default/Code Cache/js/45ec19afc0c3926c_0
  [deleted] bin/Release/HorizonData/EBWebView/Default/Code Cache/js/45f2a4e8b68183f1_0
  [deleted] bin/Release/HorizonData/EBWebView/Default/Code Cache/js/461394aad51d27a5_0
  [deleted] bin/Release/HorizonData/EBWebView/Default/Code Cache/js/46f0f9bcc6381ca4_0
  [deleted] bin/Release/HorizonData/EBWebView/Default/Code Cache/js/476e925384e274ca_0
  [deleted] bin/Release/HorizonData/EBWebView/Default/Code Cache/js/47b2c8679819c7f8_0
  [deleted] bin/Release/HorizonData/EBWebView/Default/Code Cache/js/48e780b63f42de42_0
  [deleted] bin/Release/HorizonData/EBWebView/Default/Code Cache/js/49e3bf709fa8fdf6_0
  [deleted] bin/Release/HorizonData/EBWebView/Default/Code Cache/js/4a900104f5908b5f_0
  [deleted] bin/Release/HorizonData/EBWebView/Default/Code Cache/js/4b290833534e9090_0
  [deleted] bin/Release/HorizonData/EBWebView/Default/Code Cache/js/4b72b65b98aee73e_0
  [deleted] bin/Release/HorizonData/EBWebView/Default/Code Cache/js/4b8e7f0dd7ad3829_0
  [deleted] bin/Release/HorizonData/EBWebView/Default/Code Cache/js/4c5ca62179efe410_0
  [deleted] bin/Release/HorizonData/EBWebView/Default/Code Cache/js/4d5ca12299fb0b42_0
  [deleted] bin/Release/HorizonData/EBWebView/Default/Code Cache/js/4fdb2fec396ea760_0
  [deleted] bin/Release/HorizonData/EBWebView/Default/Code Cache/js/50a4945d49f08526_0
  [deleted] bin/Release/HorizonData/EBWebView/Default/Code Cache/js/53da2c5efbf7fa87_0
  [deleted] bin/Release/HorizonData/EBWebView/Default/Code Cache/js/553fd832d277d371_0
  [deleted] bin/Release/HorizonData/EBWebView/Default/Code Cache/js/557181f3109f2b5b_0
  [deleted] bin/Release/HorizonData/EBWebView/Default/Code Cache/js/55a0c9678498ccce_0
  [deleted] bin/Release/HorizonData/EBWebView/Default/Code Cache/js/55c19d41fa6293f5_0
  [deleted] bin/Release/HorizonData/EBWebView/Default/Code Cache/js/5657fedf7d486af5_0
  [deleted] bin/Release/HorizonData/EBWebView/Default/Code Cache/js/5889931439d1647c_0
  [deleted] bin/Release/HorizonData/EBWebView/Default/Code Cache/js/58922cf0bc5f42a9_0
  [deleted] bin/Release/HorizonData/EBWebView/Default/Code Cache/js/591a6fd1e26522dd_0
  [deleted] bin/Release/HorizonData/EBWebView/Default/Code Cache/js/595fca4bc905ae3f_0
  [deleted] bin/Release/HorizonData/EBWebView/Default/Code Cache/js/5bd1b3ba5b1083d5_0
  [deleted] bin/Release/HorizonData/EBWebView/Default/Code Cache/js/5bf0bdc3107aca3b_0
  [deleted] bin/Release/HorizonData/EBWebView/Default/Code Cache/js/5cede4bc155eab21_0
  [deleted] bin/Release/HorizonData/EBWebView/Default/Code Cache/js/5edb9c275f992577_0
  [deleted] bin/Release/HorizonData/EBWebView/Default/Code Cache/js/60c4372e5f885bf0_0
  [deleted] bin/Release/HorizonData/EBWebView/Default/Code Cache/js/60d8544d757b2679_0
  [deleted] bin/Release/HorizonData/EBWebView/Default/Code Cache/js/615dcdf40e3f867f_0
  [deleted] bin/Release/HorizonData/EBWebView/Default/Code Cache/js/6234441e9058402d_0
  [deleted] bin/Release/HorizonData/EBWebView/Default/Code Cache/js/62ebafc69ab63d3d_0
  [deleted] bin/Release/HorizonData/EBWebView/Default/Code Cache/js/64c0010e0b003e65_0
  [deleted] bin/Release/HorizonData/EBWebView/Default/Code Cache/js/66416b18424601b2_0
  [deleted] bin/Release/HorizonData/EBWebView/Default/Code Cache/js/67e4b73732f3ae16_0
  [deleted] bin/Release/HorizonData/EBWebView/Default/Code Cache/js/6815baa5322591c2_0
  [deleted] bin/Release/HorizonData/EBWebView/Default/Code Cache/js/69d74f99fd05b8f5_0
  [deleted] bin/Release/HorizonData/EBWebView/Default/Code Cache/js/6a29e1c45e953b04_0
  [deleted] bin/Release/HorizonData/EBWebView/Default/Code Cache/js/6a5f2f74491b0b10_0
  [deleted] bin/Release/HorizonData/EBWebView/Default/Code Cache/js/6a69cef7b05e2116_0
  [deleted] bin/Release/HorizonData/EBWebView/Default/Code Cache/js/6b905d6a03391e9b_0
  [deleted] bin/Release/HorizonData/EBWebView/Default/Code Cache/js/6c3763529eb6c42f_0
  [deleted] bin/Release/HorizonData/EBWebView/Default/Code Cache/js/6cc2c20d6d2d01d4_0
  [deleted] bin/Release/HorizonData/EBWebView/Default/Code Cache/js/6d83600370122c88_0
  [deleted] bin/Release/HorizonData/EBWebView/Default/Code Cache/js/6e2c3008b5beade3_0
  [deleted] bin/Release/HorizonData/EBWebView/Default/Code Cache/js/700dc727cb9bcc1e_0
  [deleted] bin/Release/HorizonData/EBWebView/Default/Code Cache/js/706fac09a8efc57d_0
  [deleted] bin/Release/HorizonData/EBWebView/Default/Code Cache/js/729e06121263e699_0
  [deleted] bin/Release/HorizonData/EBWebView/Default/Code Cache/js/73598283727f3d0c_0
  [deleted] bin/Release/HorizonData/EBWebView/Default/Code Cache/js/73d2efb9cf9769e7_0
  [deleted] bin/Release/HorizonData/EBWebView/Default/Code Cache/js/73d953c33c8cd15c_0
  [deleted] bin/Release/HorizonData/EBWebView/Default/Code Cache/js/750e718928cb9cc1_0
  [deleted] bin/Release/HorizonData/EBWebView/Default/Code Cache/js/75a67d19412e31c6_0
  [deleted] bin/Release/HorizonData/EBWebView/Default/Code Cache/js/75ce2afff720c5bc_0
  [deleted] bin/Release/HorizonData/EBWebView/Default/Code Cache/js/75f9d714a9a0530d_0
  [deleted] bin/Release/HorizonData/EBWebView/Default/Code Cache/js/76fe2c38f69e6c3e_0
  [deleted] bin/Release/HorizonData/EBWebView/Default/Code Cache/js/7733fbf967c4657e_0
  [deleted] bin/Release/HorizonData/EBWebView/Default/Code Cache/js/7770572c4d5a85c6_0
  [deleted] bin/Release/HorizonData/EBWebView/Default/Code Cache/js/7796935dc90f4611_0
  [deleted] bin/Release/HorizonData/EBWebView/Default/Code Cache/js/77b0b838786966f3_0
  [deleted] bin/Release/HorizonData/EBWebView/Default/Code Cache/js/77fd57b40e5f0945_0
  [deleted] bin/Release/HorizonData/EBWebView/Default/Code Cache/js/7830bb3c6aebc8d2_0
  [deleted] bin/Release/HorizonData/EBWebView/Default/Code Cache/js/7aa2a78c6711ee05_0
  [deleted] bin/Release/HorizonData/EBWebView/Default/Code Cache/js/7b45860dc27c51d2_0
  [deleted] bin/Release/HorizonData/EBWebView/Default/Code Cache/js/7c10f56e3e1c96b7_0
  [deleted] bin/Release/HorizonData/EBWebView/Default/Code Cache/js/7c49ae0efcea2fba_0
  [deleted] bin/Release/HorizonData/EBWebView/Default/Code Cache/js/7c4eca39ac31d3bf_0
  [deleted] bin/Release/HorizonData/EBWebView/Default/Code Cache/js/7cb42cd2778ad146_0
  [deleted] bin/Release/HorizonData/EBWebView/Default/Code Cache/js/7cee592cd11ccb85_0
  [deleted] bin/Release/HorizonData/EBWebView/Default/Code Cache/js/7e13452bd0baf78d_0
  [deleted] bin/Release/HorizonData/EBWebView/Default/Code Cache/js/7e77d93031b026df_0
  [deleted] bin/Release/HorizonData/EBWebView/Default/Code Cache/js/7ea7b5787d024c41_0
  [deleted] bin/Release/HorizonData/EBWebView/Default/Code Cache/js/7f4b4fe6877a5fa5_0
  [deleted] bin/Release/HorizonData/EBWebView/Default/Code Cache/js/80ae89df8ae7d4cb_0
  [deleted] bin/Release/HorizonData/EBWebView/Default/Code Cache/js/80c97569d2ef4727_0
  [deleted] bin/Release/HorizonData/EBWebView/Default/Code Cache/js/80ca0c4d0abbee4c_0
  [deleted] bin/Release/HorizonData/EBWebView/Default/Code Cache/js/8142d87dc62a8289_0
  [deleted] bin/Release/HorizonData/EBWebView/Default/Code Cache/js/81d5d441795a90ac_0
  [deleted] bin/Release/HorizonData/EBWebView/Default/Code Cache/js/81e62ae930589f44_0
  [deleted] bin/Release/HorizonData/EBWebView/Default/Code Cache/js/82315b06200d0f51_0
  [deleted] bin/Release/HorizonData/EBWebView/Default/Code Cache/js/8257e29537493481_0
  [deleted] bin/Release/HorizonData/EBWebView/Default/Code Cache/js/8309577bd3dfe91b_0
  [deleted] bin/Release/HorizonData/EBWebView/Default/Code Cache/js/83923ba863ef0328_0
  [deleted] bin/Release/HorizonData/EBWebView/Default/Code Cache/js/83dffb8c3174fef0_0
  [deleted] bin/Release/HorizonData/EBWebView/Default/Code Cache/js/85c0d128ae6d1da1_0
  [deleted] bin/Release/HorizonData/EBWebView/Default/Code Cache/js/86597e01f9217b47_0
  [deleted] bin/Release/HorizonData/EBWebView/Default/Code Cache/js/86a9dc20f88e211e_0
  [deleted] bin/Release/HorizonData/EBWebView/Default/Code Cache/js/8818a0082ce9f723_0
  [deleted] bin/Release/HorizonData/EBWebView/Default/Code Cache/js/88640dfb72b4d0b9_0
  [deleted] bin/Release/HorizonData/EBWebView/Default/Code Cache/js/8871a9ca939a2705_0
  [deleted] bin/Release/HorizonData/EBWebView/Default/Code Cache/js/89028526bc380681_0
  [deleted] bin/Release/HorizonData/EBWebView/Default/Code Cache/js/891dbe7f9c49cc7c_0
  [deleted] bin/Release/HorizonData/EBWebView/Default/Code Cache/js/8ae409e2dffaf445_0
  [deleted] bin/Release/HorizonData/EBWebView/Default/Code Cache/js/8b49d98d02614a25_0
  [deleted] bin/Release/HorizonData/EBWebView/Default/Code Cache/js/8b4a252cbf815bea_0
  [deleted] bin/Release/HorizonData/EBWebView/Default/Code Cache/js/8b87103f8561cdd7_0
  [deleted] bin/Release/HorizonData/EBWebView/Default/Code Cache/js/8bb0e185a0529c66_0
  [deleted] bin/Release/HorizonData/EBWebView/Default/Code Cache/js/8bbac0335be35a83_0
  [deleted] bin/Release/HorizonData/EBWebView/Default/Code Cache/js/8c6c37db201f7faf_0
  [deleted] bin/Release/HorizonData/EBWebView/Default/Code Cache/js/8d5ca1e661f2e6c5_0
  [deleted] bin/Release/HorizonData/EBWebView/Default/Code Cache/js/8dc5dfa83e38f1d4_0
  [deleted] bin/Release/HorizonData/EBWebView/Default/Code Cache/js/8dd013a50b6f7494_0
  [deleted] bin/Release/HorizonData/EBWebView/Default/Code Cache/js/8ddfab8cb1cec30d_0
  [deleted] bin/Release/HorizonData/EBWebView/Default/Code Cache/js/902ea3f71f655b6a_0
  [deleted] bin/Release/HorizonData/EBWebView/Default/Code Cache/js/909a42f141014997_0
  [deleted] bin/Release/HorizonData/EBWebView/Default/Code Cache/js/90d83890ae1d4820_0
  [deleted] bin/Release/HorizonData/EBWebView/Default/Code Cache/js/910198d377dddd36_0
  [deleted] bin/Release/HorizonData/EBWebView/Default/Code Cache/js/920c07db3f1a34c2_0
  [deleted] bin/Release/HorizonData/EBWebView/Default/Code Cache/js/928b3f1e19244afc_0
  [deleted] bin/Release/HorizonData/EBWebView/Default/Code Cache/js/92a4b5f9b32da0b3_0
  [deleted] bin/Release/HorizonData/EBWebView/Default/Code Cache/js/92b03997d45af18a_0
  [deleted] bin/Release/HorizonData/EBWebView/Default/Code Cache/js/92d6be4f5a100850_0
  [deleted] bin/Release/HorizonData/EBWebView/Default/Code Cache/js/9318887779393cc9_0
  [deleted] bin/Release/HorizonData/EBWebView/Default/Code Cache/js/941c2c2acfe13589_0
  [deleted] bin/Release/HorizonData/EBWebView/Default/Code Cache/js/95776333dfe668be_0
  [deleted] bin/Release/HorizonData/EBWebView/Default/Code Cache/js/97d01c453ca4dd4c_0
  [deleted] bin/Release/HorizonData/EBWebView/Default/Code Cache/js/97d02b97ea766e65_0
  [deleted] bin/Release/HorizonData/EBWebView/Default/Code Cache/js/9870b729e146b9f8_0
  [deleted] bin/Release/HorizonData/EBWebView/Default/Code Cache/js/98def3e77158b3d2_0
  [deleted] bin/Release/HorizonData/EBWebView/Default/Code Cache/js/98f29b078d991853_0
  [deleted] bin/Release/HorizonData/EBWebView/Default/Code Cache/js/990191b661d360f6_0
  [deleted] bin/Release/HorizonData/EBWebView/Default/Code Cache/js/9949003591f367df_0
  [deleted] bin/Release/HorizonData/EBWebView/Default/Code Cache/js/99b5610a24549a44_0
  [deleted] bin/Release/HorizonData/EBWebView/Default/Code Cache/js/9a24a8a48e855424_0
  [deleted] bin/Release/HorizonData/EBWebView/Default/Code Cache/js/9a9f26166dafbcff_0
  [deleted] bin/Release/HorizonData/EBWebView/Default/Code Cache/js/9b35b4179943f4f9_0
  [deleted] bin/Release/HorizonData/EBWebView/Default/Code Cache/js/9c601942de9e1307_0
  [deleted] bin/Release/HorizonData/EBWebView/Default/Code Cache/js/9dbf418880b89464_0
  [deleted] bin/Release/HorizonData/EBWebView/Default/Code Cache/js/9e07b06e8139ebbf_0
  [deleted] bin/Release/HorizonData/EBWebView/Default/Code Cache/js/9ec8aab95fff3370_0
  [deleted] bin/Release/HorizonData/EBWebView/Default/Code Cache/js/a01c0310ff320564_0
  [deleted] bin/Release/HorizonData/EBWebView/Default/Code Cache/js/a031e9f83427b6de_0
  [deleted] bin/Release/HorizonData/EBWebView/Default/Code Cache/js/a0bbe7530078111c_0
  [deleted] bin/Release/HorizonData/EBWebView/Default/Code Cache/js/a0ce1fb5ae763c47_0
  [deleted] bin/Release/HorizonData/EBWebView/Default/Code Cache/js/a0d854db23c4986e_0
  [deleted] bin/Release/HorizonData/EBWebView/Default/Code Cache/js/a1b4afd9cecbde61_0
  [deleted] bin/Release/HorizonData/EBWebView/Default/Code Cache/js/a1fa137b64fa4022_0
  [deleted] bin/Release/HorizonData/EBWebView/Default/Code Cache/js/a2e2d3ccdd40b565_0
  [deleted] bin/Release/HorizonData/EBWebView/Default/Code Cache/js/a47b0ea0a8a017fb_0
  [deleted] bin/Release/HorizonData/EBWebView/Default/Code Cache/js/a5a1aadf172914fe_0
  [deleted] bin/Release/HorizonData/EBWebView/Default/Code Cache/js/a5b8b39f63fde1bc_0
  [deleted] bin/Release/HorizonData/EBWebView/Default/Code Cache/js/a5fa9be99cd4d0af_0
  [deleted] bin/Release/HorizonData/EBWebView/Default/Code Cache/js/a6094d2874ab90de_0
  [deleted] bin/Release/HorizonData/EBWebView/Default/Code Cache/js/a62a4215b9346676_0
  [deleted] bin/Release/HorizonData/EBWebView/Default/Code Cache/js/a63a1197625004b3_0
  [deleted] bin/Release/HorizonData/EBWebView/Default/Code Cache/js/a810a0483ae40b23_0
  [deleted] bin/Release/HorizonData/EBWebView/Default/Code Cache/js/a8593ea97381b208_0
  [deleted] bin/Release/HorizonData/EBWebView/Default/Code Cache/js/a897015626d44c6b_0
  [deleted] bin/Release/HorizonData/EBWebView/Default/Code Cache/js/a8ad890aa570e093_0
  [deleted] bin/Release/HorizonData/EBWebView/Default/Code Cache/js/a99efcdec779dcdc_0
  [deleted] bin/Release/HorizonData/EBWebView/Default/Code Cache/js/aa6a1e8ce1426809_0
  [deleted] bin/Release/HorizonData/EBWebView/Default/Code Cache/js/aa9611a54af6bf36_0
  [deleted] bin/Release/HorizonData/EBWebView/Default/Code Cache/js/aafc135857612845_0
  [deleted] bin/Release/HorizonData/EBWebView/Default/Code Cache/js/ad2057eeb7705349_0
  [deleted] bin/Release/HorizonData/EBWebView/Default/Code Cache/js/ad31ef1ddebe25ec_0
  [deleted] bin/Release/HorizonData/EBWebView/Default/Code Cache/js/af08c8dfb60dc291_0
  [deleted] bin/Release/HorizonData/EBWebView/Default/Code Cache/js/b199925a04e1874e_0
  [deleted] bin/Release/HorizonData/EBWebView/Default/Code Cache/js/b1a93205baf980e8_0
  [deleted] bin/Release/HorizonData/EBWebView/Default/Code Cache/js/b1b0bc2357e152d8_0
  [deleted] bin/Release/HorizonData/EBWebView/Default/Code Cache/js/b2ad4ddd51204622_0
  [deleted] bin/Release/HorizonData/EBWebView/Default/Code Cache/js/b3f1056d02277b2e_0
  [deleted] bin/Release/HorizonData/EBWebView/Default/Code Cache/js/b6ca6ce343510893_0
  [deleted] bin/Release/HorizonData/EBWebView/Default/Code Cache/js/b6ebe0c7f8673633_0
  [deleted] bin/Release/HorizonData/EBWebView/Default/Code Cache/js/b75aece08654fcae_0
  [deleted] bin/Release/HorizonData/EBWebView/Default/Code Cache/js/b9cd5c9e189b7c91_0
  [deleted] bin/Release/HorizonData/EBWebView/Default/Code Cache/js/bb3e10180f60d452_0
  [deleted] bin/Release/HorizonData/EBWebView/Default/Code Cache/js/bb73546961cd6df8_0
  [deleted] bin/Release/HorizonData/EBWebView/Default/Code Cache/js/bbf72f37478d5754_0
  [deleted] bin/Release/HorizonData/EBWebView/Default/Code Cache/js/bd9a8ebd92bd0fb1_0
  [deleted] bin/Release/HorizonData/EBWebView/Default/Code Cache/js/bdaea414e9ce4e38_0
  [deleted] bin/Release/HorizonData/EBWebView/Default/Code Cache/js/be1546fea8ad5017_0
  [deleted] bin/Release/HorizonData/EBWebView/Default/Code Cache/js/bf073348812cd546_0
  [deleted] bin/Release/HorizonData/EBWebView/Default/Code Cache/js/bf3fabda45d6efc8_0
  [deleted] bin/Release/HorizonData/EBWebView/Default/Code Cache/js/c00dfea51d750af9_0
  [deleted] bin/Release/HorizonData/EBWebView/Default/Code Cache/js/c00f79b571e53a90_0
  [deleted] bin/Release/HorizonData/EBWebView/Default/Code Cache/js/c1e16c33e0d24977_0
  [deleted] bin/Release/HorizonData/EBWebView/Default/Code Cache/js/c20d71ecd0100ee8_0
  [deleted] bin/Release/HorizonData/EBWebView/Default/Code Cache/js/c2c2b3cc9051baa5_0
  [deleted] bin/Release/HorizonData/EBWebView/Default/Code Cache/js/c2f21af09aba525a_0
  [deleted] bin/Release/HorizonData/EBWebView/Default/Code Cache/js/c3f4f238755411ed_0
  [deleted] bin/Release/HorizonData/EBWebView/Default/Code Cache/js/c6b9313c8e6e51ca_0
  [deleted] bin/Release/HorizonData/EBWebView/Default/Code Cache/js/c6b94ec6df951cf6_0
  [deleted] bin/Release/HorizonData/EBWebView/Default/Code Cache/js/c6fd9b6fd7676322_0
  [deleted] bin/Release/HorizonData/EBWebView/Default/Code Cache/js/c7041477f118ee1a_0
  [deleted] bin/Release/HorizonData/EBWebView/Default/Code Cache/js/c7d30abc0e0ff55a_0
  [deleted] bin/Release/HorizonData/EBWebView/Default/Code Cache/js/c8e48afcc9f9dfb4_0
  [deleted] bin/Release/HorizonData/EBWebView/Default/Code Cache/js/c9d9dc059f1676a5_0
  [deleted] bin/Release/HorizonData/EBWebView/Default/Code Cache/js/cafc2e78c867be91_0
  [deleted] bin/Release/HorizonData/EBWebView/Default/Code Cache/js/cb3a90e9370cef07_0
  [deleted] bin/Release/HorizonData/EBWebView/Default/Code Cache/js/cccc43e45a5a6960_0
  [deleted] bin/Release/HorizonData/EBWebView/Default/Code Cache/js/cd82ba944fad5118_0
  [deleted] bin/Release/HorizonData/EBWebView/Default/Code Cache/js/cd9ec71b49f10925_0
  [deleted] bin/Release/HorizonData/EBWebView/Default/Code Cache/js/cdee42929affea09_0
  [deleted] bin/Release/HorizonData/EBWebView/Default/Code Cache/js/cdf731a6130495c9_0
  [deleted] bin/Release/HorizonData/EBWebView/Default/Code Cache/js/cf6d3e7947913a8c_0
  [deleted] bin/Release/HorizonData/EBWebView/Default/Code Cache/js/d08c288fcb831196_0
  [deleted] bin/Release/HorizonData/EBWebView/Default/Code Cache/js/d09a7b26ca5c5b1c_0
  [deleted] bin/Release/HorizonData/EBWebView/Default/Code Cache/js/d1000b77b936bbf5_0
  [deleted] bin/Release/HorizonData/EBWebView/Default/Code Cache/js/d3ab5bc620082724_0
  [deleted] bin/Release/HorizonData/EBWebView/Default/Code Cache/js/d53537e9a3e5472d_0
  [deleted] bin/Release/HorizonData/EBWebView/Default/Code Cache/js/d6f878a7f569f6be_0
  [deleted] bin/Release/HorizonData/EBWebView/Default/Code Cache/js/d6ffd5adef6f9780_0
  [deleted] bin/Release/HorizonData/EBWebView/Default/Code Cache/js/d738afecb311bf8f_0
  [deleted] bin/Release/HorizonData/EBWebView/Default/Code Cache/js/d8f08168df5e633f_0
  [deleted] bin/Release/HorizonData/EBWebView/Default/Code Cache/js/d92a2ba554ae9430_0
  [deleted] bin/Release/HorizonData/EBWebView/Default/Code Cache/js/d9f5c1dc-f8fe-443c-b79f-73949db5d5a6.tmp
  [deleted] bin/Release/HorizonData/EBWebView/Default/Code Cache/js/da34dff0bcb62624_0
  [deleted] bin/Release/HorizonData/EBWebView/Default/Code Cache/js/da474bbe5702481d_0
  [deleted] bin/Release/HorizonData/EBWebView/Default/Code Cache/js/db1823a3ff744d88_0
  [deleted] bin/Release/HorizonData/EBWebView/Default/Code Cache/js/dbc149b98865d134_0
  [deleted] bin/Release/HorizonData/EBWebView/Default/Code Cache/js/dcac0418fc975285_0
  [deleted] bin/Release/HorizonData/EBWebView/Default/Code Cache/js/dccd224e92bddd24_0
  [deleted] bin/Release/HorizonData/EBWebView/Default/Code Cache/js/de8ae10e19b4b086_0
  [deleted] bin/Release/HorizonData/EBWebView/Default/Code Cache/js/dea1fd92bb8cbf0a_0
  [deleted] bin/Release/HorizonData/EBWebView/Default/Code Cache/js/df2b36ffadcebb01_0
  [deleted] bin/Release/HorizonData/EBWebView/Default/Code Cache/js/df479de699269e3f_0
  [deleted] bin/Release/HorizonData/EBWebView/Default/Code Cache/js/dfca766ddb094e3a_0
  [deleted] bin/Release/HorizonData/EBWebView/Default/Code Cache/js/e0159b47c49a23d4_0
  [deleted] bin/Release/HorizonData/EBWebView/Default/Code Cache/js/e08a342f11c2b4d8_0
  [deleted] bin/Release/HorizonData/EBWebView/Default/Code Cache/js/e0bc52dcdce2e336_0
  [deleted] bin/Release/HorizonData/EBWebView/Default/Code Cache/js/e0e529bef6db25dd_0
  [deleted] bin/Release/HorizonData/EBWebView/Default/Code Cache/js/e13a798433bc05b6_0
  [deleted] bin/Release/HorizonData/EBWebView/Default/Code Cache/js/e14f7e9dd99336ce_0
  [deleted] bin/Release/HorizonData/EBWebView/Default/Code Cache/js/e3a309c676de0a5f_0
  [deleted] bin/Release/HorizonData/EBWebView/Default/Code Cache/js/e44ad3cd0b07a517_0
  [deleted] bin/Release/HorizonData/EBWebView/Default/Code Cache/js/e4ea1ef674a32d6d_0
  [deleted] bin/Release/HorizonData/EBWebView/Default/Code Cache/js/e524cbfdb4b02c32_0
  [deleted] bin/Release/HorizonData/EBWebView/Default/Code Cache/js/e5b36b100c26d200_0
  [deleted] bin/Release/HorizonData/EBWebView/Default/Code Cache/js/e5be169dd5b813f9_0
  [deleted] bin/Release/HorizonData/EBWebView/Default/Code Cache/js/e5c4a9f90aa0f87d_0
  [deleted] bin/Release/HorizonData/EBWebView/Default/Code Cache/js/e6afdfc6cc57adcf_0
  [deleted] bin/Release/HorizonData/EBWebView/Default/Code Cache/js/e8879a23b76234d5_0
  [deleted] bin/Release/HorizonData/EBWebView/Default/Code Cache/js/e9aa19718374ecc0_0
  [deleted] bin/Release/HorizonData/EBWebView/Default/Code Cache/js/ea8ba2135e947898_0
  [deleted] bin/Release/HorizonData/EBWebView/Default/Code Cache/js/eb090d2e8b6bc7c5_0
  [deleted] bin/Release/HorizonData/EBWebView/Default/Code Cache/js/eb8018a57d356e91_0
  [deleted] bin/Release/HorizonData/EBWebView/Default/Code Cache/js/ec85c2beb82685fe_0
  [deleted] bin/Release/HorizonData/EBWebView/Default/Code Cache/js/ed1ebccfd7b61ac2_0
  [deleted] bin/Release/HorizonData/EBWebView/Default/Code Cache/js/ee6dcd6c07f6470f_0
  [deleted] bin/Release/HorizonData/EBWebView/Default/Code Cache/js/ef6ddc210bae5091_0
  [deleted] bin/Release/HorizonData/EBWebView/Default/Code Cache/js/f14904204e0cae9d_0
  [deleted] bin/Release/HorizonData/EBWebView/Default/Code Cache/js/f1c61a15fbba8b68_0
  [deleted] bin/Release/HorizonData/EBWebView/Default/Code Cache/js/f22c278db29812f9_0
  [deleted] bin/Release/HorizonData/EBWebView/Default/Code Cache/js/f4bd7335de5c2cd2_0
  [deleted] bin/Release/HorizonData/EBWebView/Default/Code Cache/js/f5153fdf53256f8a_0
  [deleted] bin/Release/HorizonData/EBWebView/Default/Code Cache/js/f5a74d39c574e5fa_0
  [deleted] bin/Release/HorizonData/EBWebView/Default/Code Cache/js/f5c1d8a8db8c707b_0
  [deleted] bin/Release/HorizonData/EBWebView/Default/Code Cache/js/f6090645e91e43db_0
  [deleted] bin/Release/HorizonData/EBWebView/Default/Code Cache/js/f6fffb55bc115345_0
  [deleted] bin/Release/HorizonData/EBWebView/Default/Code Cache/js/f7beda5bc3d27201_0
  [deleted] bin/Release/HorizonData/EBWebView/Default/Code Cache/js/f82bd8f0441ee5e2_0
  [deleted] bin/Release/HorizonData/EBWebView/Default/Code Cache/js/f83a24f1134e8f91_0
  [deleted] bin/Release/HorizonData/EBWebView/Default/Code Cache/js/fa266473efc65535_0
  [deleted] bin/Release/HorizonData/EBWebView/Default/Code Cache/js/fbacac4251ebeb2d_0
  [deleted] bin/Release/HorizonData/EBWebView/Default/Code Cache/js/fbf45bdf3ff832a6_0
  [deleted] bin/Release/HorizonData/EBWebView/Default/Code Cache/js/fc94cf1d21304a77_0
  [deleted] bin/Release/HorizonData/EBWebView/Default/Code Cache/js/fcaca363c24dca05_0
  [deleted] bin/Release/HorizonData/EBWebView/Default/Code Cache/js/fcf0bfaba1bf0c04_0
  [deleted] bin/Release/HorizonData/EBWebView/Default/Code Cache/js/fdca45ffb0a3309f_0
  [deleted] bin/Release/HorizonData/EBWebView/Default/Code Cache/js/fe4af8ef2c8b8dc4_0
  [deleted] bin/Release/HorizonData/EBWebView/Default/Code Cache/js/fe7929590c218f10_0
  [deleted] bin/Release/HorizonData/EBWebView/Default/Code Cache/js/ff12c2fda33299fb_0
  [deleted] bin/Release/HorizonData/EBWebView/Default/Code Cache/js/index
  [deleted] bin/Release/HorizonData/EBWebView/Default/Code Cache/js/index-dir/the-real-index
  [deleted] bin/Release/HorizonData/EBWebView/Default/Code Cache/wasm/index
  [deleted] bin/Release/HorizonData/EBWebView/Default/Code Cache/wasm/index-dir/the-real-index
  [deleted] bin/Release/HorizonData/EBWebView/Default/DIPS
  [deleted] bin/Release/HorizonData/EBWebView/Default/DashTrackerDatabase
  [deleted] bin/Release/HorizonData/EBWebView/Default/DashTrackerDatabase-journal
  [deleted] bin/Release/HorizonData/EBWebView/Default/DawnGraphiteCache/data_0
  [deleted] bin/Release/HorizonData/EBWebView/Default/DawnGraphiteCache/data_1
  [deleted] bin/Release/HorizonData/EBWebView/Default/DawnGraphiteCache/data_2
  [deleted] bin/Release/HorizonData/EBWebView/Default/DawnGraphiteCache/data_3
  [deleted] bin/Release/HorizonData/EBWebView/Default/DawnGraphiteCache/index
  [deleted] bin/Release/HorizonData/EBWebView/Default/DawnWebGPUCache/data_0
  [deleted] bin/Release/HorizonData/EBWebView/Default/DawnWebGPUCache/data_1
  [deleted] bin/Release/HorizonData/EBWebView/Default/DawnWebGPUCache/data_2
  [deleted] bin/Release/HorizonData/EBWebView/Default/DawnWebGPUCache/data_3
  [deleted] bin/Release/HorizonData/EBWebView/Default/DawnWebGPUCache/index
  [deleted] bin/Release/HorizonData/EBWebView/Default/EdgeJourneys/EdgeJourneys.db
  [deleted] bin/Release/HorizonData/EBWebView/Default/EdgeSessions/SessionRestoreLog
  [deleted] bin/Release/HorizonData/EBWebView/Default/Extension Rules/000003.log
  [deleted] bin/Release/HorizonData/EBWebView/Default/Extension Rules/CURRENT
  [deleted] bin/Release/HorizonData/EBWebView/Default/Extension Rules/LOCK
  [deleted] bin/Release/HorizonData/EBWebView/Default/Extension Rules/LOG
  [deleted] bin/Release/HorizonData/EBWebView/Default/Extension Rules/LOG.old
  [deleted] bin/Release/HorizonData/EBWebView/Default/Extension Rules/MANIFEST-000001
  [deleted] bin/Release/HorizonData/EBWebView/Default/Extension Scripts/000003.log
  [deleted] bin/Release/HorizonData/EBWebView/Default/Extension Scripts/CURRENT
  [deleted] bin/Release/HorizonData/EBWebView/Default/Extension Scripts/LOCK
  [deleted] bin/Release/HorizonData/EBWebView/Default/Extension Scripts/LOG
  [deleted] bin/Release/HorizonData/EBWebView/Default/Extension Scripts/LOG.old
  [deleted] bin/Release/HorizonData/EBWebView/Default/Extension Scripts/MANIFEST-000001
  [deleted] bin/Release/HorizonData/EBWebView/Default/Extension State/000003.log
  [deleted] bin/Release/HorizonData/EBWebView/Default/Extension State/CURRENT
  [deleted] bin/Release/HorizonData/EBWebView/Default/Extension State/LOCK
  [deleted] bin/Release/HorizonData/EBWebView/Default/Extension State/LOG
  [deleted] bin/Release/HorizonData/EBWebView/Default/Extension State/LOG.old
  [deleted] bin/Release/HorizonData/EBWebView/Default/Extension State/MANIFEST-000001
  [deleted] bin/Release/HorizonData/EBWebView/Default/ExtensionActivityComp
  [deleted] bin/Release/HorizonData/EBWebView/Default/ExtensionActivityEdge
  [deleted] bin/Release/HorizonData/EBWebView/Default/ExtensionActivityEdge-journal
  [deleted] bin/Release/HorizonData/EBWebView/Default/Favicons
  [deleted] bin/Release/HorizonData/EBWebView/Default/Favicons-journal
  [deleted] bin/Release/HorizonData/EBWebView/Default/Feature Engagement Tracker/AvailabilityDB/LOCK
  [deleted] bin/Release/HorizonData/EBWebView/Default/Feature Engagement Tracker/AvailabilityDB/LOG
  [deleted] bin/Release/HorizonData/EBWebView/Default/Feature Engagement Tracker/AvailabilityDB/LOG.old
  [deleted] bin/Release/HorizonData/EBWebView/Default/Feature Engagement Tracker/EventDB/LOCK
  [deleted] bin/Release/HorizonData/EBWebView/Default/Feature Engagement Tracker/EventDB/LOG
  [deleted] bin/Release/HorizonData/EBWebView/Default/Feature Engagement Tracker/EventDB/LOG.old
  [deleted] bin/Release/HorizonData/EBWebView/Default/GPUCache/data_0
  [deleted] bin/Release/HorizonData/EBWebView/Default/GPUCache/data_1
  [deleted] bin/Release/HorizonData/EBWebView/Default/GPUCache/data_2
  [deleted] bin/Release/HorizonData/EBWebView/Default/GPUCache/data_3
  [deleted] bin/Release/HorizonData/EBWebView/Default/GPUCache/index
  [deleted] bin/Release/HorizonData/EBWebView/Default/History
  [deleted] bin/Release/HorizonData/EBWebView/Default/History-journal
  [deleted] bin/Release/HorizonData/EBWebView/Default/IndexedDB/chrome-extension_cknpchhamkghepdgmebdeeiklbmhajjb_0.indexeddb.leveldb/000003.log
  [deleted] bin/Release/HorizonData/EBWebView/Default/IndexedDB/chrome-extension_cknpchhamkghepdgmebdeeiklbmhajjb_0.indexeddb.leveldb/CURRENT
  [deleted] bin/Release/HorizonData/EBWebView/Default/IndexedDB/chrome-extension_cknpchhamkghepdgmebdeeiklbmhajjb_0.indexeddb.leveldb/LOCK
  [deleted] bin/Release/HorizonData/EBWebView/Default/IndexedDB/chrome-extension_cknpchhamkghepdgmebdeeiklbmhajjb_0.indexeddb.leveldb/LOG
  [deleted] bin/Release/HorizonData/EBWebView/Default/IndexedDB/chrome-extension_cknpchhamkghepdgmebdeeiklbmhajjb_0.indexeddb.leveldb/LOG.old
  [deleted] bin/Release/HorizonData/EBWebView/Default/IndexedDB/chrome-extension_cknpchhamkghepdgmebdeeiklbmhajjb_0.indexeddb.leveldb/MANIFEST-000001
  [deleted] bin/Release/HorizonData/EBWebView/Default/IndexedDB/chrome-extension_gjbcdalockdbdpjilfijigifebblleeo_0.indexeddb.blob/2/00/4
  [deleted] bin/Release/HorizonData/EBWebView/Default/IndexedDB/chrome-extension_gjbcdalockdbdpjilfijigifebblleeo_0.indexeddb.blob/2/00/5
  [deleted] bin/Release/HorizonData/EBWebView/Default/IndexedDB/chrome-extension_gjbcdalockdbdpjilfijigifebblleeo_0.indexeddb.blob/2/00/c
  [deleted] bin/Release/HorizonData/EBWebView/Default/IndexedDB/chrome-extension_gjbcdalockdbdpjilfijigifebblleeo_0.indexeddb.blob/2/00/d
  [deleted] bin/Release/HorizonData/EBWebView/Default/IndexedDB/chrome-extension_gjbcdalockdbdpjilfijigifebblleeo_0.indexeddb.leveldb/000036.ldb
  [deleted] bin/Release/HorizonData/EBWebView/Default/IndexedDB/chrome-extension_gjbcdalockdbdpjilfijigifebblleeo_0.indexeddb.leveldb/000037.log
  [deleted] bin/Release/HorizonData/EBWebView/Default/IndexedDB/chrome-extension_gjbcdalockdbdpjilfijigifebblleeo_0.indexeddb.leveldb/000039.ldb
  [deleted] bin/Release/HorizonData/EBWebView/Default/IndexedDB/chrome-extension_gjbcdalockdbdpjilfijigifebblleeo_0.indexeddb.leveldb/CURRENT
  [deleted] bin/Release/HorizonData/EBWebView/Default/IndexedDB/chrome-extension_gjbcdalockdbdpjilfijigifebblleeo_0.indexeddb.leveldb/LOCK
  [deleted] bin/Release/HorizonData/EBWebView/Default/IndexedDB/chrome-extension_gjbcdalockdbdpjilfijigifebblleeo_0.indexeddb.leveldb/LOG
  [deleted] bin/Release/HorizonData/EBWebView/Default/IndexedDB/chrome-extension_gjbcdalockdbdpjilfijigifebblleeo_0.indexeddb.leveldb/LOG.old
  [deleted] bin/Release/HorizonData/EBWebView/Default/IndexedDB/chrome-extension_gjbcdalockdbdpjilfijigifebblleeo_0.indexeddb.leveldb/MANIFEST-000001
  [deleted] bin/Release/HorizonData/EBWebView/Default/IndexedDB/chrome-extension_idompkcebcckjachidfhndpicmhicmjf_0.indexeddb.leveldb/000003.log
  [deleted] bin/Release/HorizonData/EBWebView/Default/IndexedDB/chrome-extension_idompkcebcckjachidfhndpicmhicmjf_0.indexeddb.leveldb/CURRENT
  [deleted] bin/Release/HorizonData/EBWebView/Default/IndexedDB/chrome-extension_idompkcebcckjachidfhndpicmhicmjf_0.indexeddb.leveldb/LOCK
  [deleted] bin/Release/HorizonData/EBWebView/Default/IndexedDB/chrome-extension_idompkcebcckjachidfhndpicmhicmjf_0.indexeddb.leveldb/LOG
  [deleted] bin/Release/HorizonData/EBWebView/Default/IndexedDB/chrome-extension_idompkcebcckjachidfhndpicmhicmjf_0.indexeddb.leveldb/MANIFEST-000001
  [deleted] bin/Release/HorizonData/EBWebView/Default/IndexedDB/chrome-extension_micabgbmbfjdcifaljgbioeiflcemnmo_0.indexeddb.leveldb/000003.log
  [deleted] bin/Release/HorizonData/EBWebView/Default/IndexedDB/chrome-extension_micabgbmbfjdcifaljgbioeiflcemnmo_0.indexeddb.leveldb/CURRENT
  [deleted] bin/Release/HorizonData/EBWebView/Default/IndexedDB/chrome-extension_micabgbmbfjdcifaljgbioeiflcemnmo_0.indexeddb.leveldb/LOCK
  [deleted] bin/Release/HorizonData/EBWebView/Default/IndexedDB/chrome-extension_micabgbmbfjdcifaljgbioeiflcemnmo_0.indexeddb.leveldb/LOG
  [deleted] bin/Release/HorizonData/EBWebView/Default/IndexedDB/chrome-extension_micabgbmbfjdcifaljgbioeiflcemnmo_0.indexeddb.leveldb/LOG.old
  [deleted] bin/Release/HorizonData/EBWebView/Default/IndexedDB/chrome-extension_micabgbmbfjdcifaljgbioeiflcemnmo_0.indexeddb.leveldb/MANIFEST-000001
  [deleted] bin/Release/HorizonData/EBWebView/Default/IndexedDB/https_music.youtube.com_0.indexeddb.leveldb/000003.log
  [deleted] bin/Release/HorizonData/EBWebView/Default/IndexedDB/https_music.youtube.com_0.indexeddb.leveldb/CURRENT
  [deleted] bin/Release/HorizonData/EBWebView/Default/IndexedDB/https_music.youtube.com_0.indexeddb.leveldb/LOCK
  [deleted] bin/Release/HorizonData/EBWebView/Default/IndexedDB/https_music.youtube.com_0.indexeddb.leveldb/LOG
  [deleted] bin/Release/HorizonData/EBWebView/Default/IndexedDB/https_music.youtube.com_0.indexeddb.leveldb/MANIFEST-000001
  [deleted] bin/Release/HorizonData/EBWebView/Default/IndexedDB/https_thebyteseffect.com_0.indexeddb.leveldb/000003.log
  [deleted] bin/Release/HorizonData/EBWebView/Default/IndexedDB/https_thebyteseffect.com_0.indexeddb.leveldb/CURRENT
  [deleted] bin/Release/HorizonData/EBWebView/Default/IndexedDB/https_thebyteseffect.com_0.indexeddb.leveldb/LOCK
  [deleted] bin/Release/HorizonData/EBWebView/Default/IndexedDB/https_thebyteseffect.com_0.indexeddb.leveldb/LOG
  [deleted] bin/Release/HorizonData/EBWebView/Default/IndexedDB/https_thebyteseffect.com_0.indexeddb.leveldb/MANIFEST-000001
  [deleted] bin/Release/HorizonData/EBWebView/Default/LOCK
  [deleted] bin/Release/HorizonData/EBWebView/Default/LOG
  [deleted] bin/Release/HorizonData/EBWebView/Default/LOG.old
  [deleted] bin/Release/HorizonData/EBWebView/Default/Local Extension Settings/cknpchhamkghepdgmebdeeiklbmhajjb/000003.log
  [deleted] bin/Release/HorizonData/EBWebView/Default/Local Extension Settings/cknpchhamkghepdgmebdeeiklbmhajjb/CURRENT
  [deleted] bin/Release/HorizonData/EBWebView/Default/Local Extension Settings/cknpchhamkghepdgmebdeeiklbmhajjb/LOCK
  [deleted] bin/Release/HorizonData/EBWebView/Default/Local Extension Settings/cknpchhamkghepdgmebdeeiklbmhajjb/LOG
  [deleted] bin/Release/HorizonData/EBWebView/Default/Local Extension Settings/cknpchhamkghepdgmebdeeiklbmhajjb/LOG.old
  [deleted] bin/Release/HorizonData/EBWebView/Default/Local Extension Settings/cknpchhamkghepdgmebdeeiklbmhajjb/MANIFEST-000001
  [deleted] bin/Release/HorizonData/EBWebView/Default/Local Extension Settings/enpiaeoobofcpedppdnooadnbaldkjih/000003.log
  [deleted] bin/Release/HorizonData/EBWebView/Default/Local Extension Settings/enpiaeoobofcpedppdnooadnbaldkjih/CURRENT
  [deleted] bin/Release/HorizonData/EBWebView/Default/Local Extension Settings/enpiaeoobofcpedppdnooadnbaldkjih/LOCK
  [deleted] bin/Release/HorizonData/EBWebView/Default/Local Extension Settings/enpiaeoobofcpedppdnooadnbaldkjih/LOG
  [deleted] bin/Release/HorizonData/EBWebView/Default/Local Extension Settings/enpiaeoobofcpedppdnooadnbaldkjih/LOG.old
  [deleted] bin/Release/HorizonData/EBWebView/Default/Local Extension Settings/enpiaeoobofcpedppdnooadnbaldkjih/MANIFEST-000001
  [deleted] bin/Release/HorizonData/EBWebView/Default/Local Extension Settings/fennofgmefeblbegldihhmpehdehoflg/000003.log
  [deleted] bin/Release/HorizonData/EBWebView/Default/Local Extension Settings/fennofgmefeblbegldihhmpehdehoflg/CURRENT
  [deleted] bin/Release/HorizonData/EBWebView/Default/Local Extension Settings/fennofgmefeblbegldihhmpehdehoflg/LOCK
  [deleted] bin/Release/HorizonData/EBWebView/Default/Local Extension Settings/fennofgmefeblbegldihhmpehdehoflg/LOG
  [deleted] bin/Release/HorizonData/EBWebView/Default/Local Extension Settings/fennofgmefeblbegldihhmpehdehoflg/LOG.old
  [deleted] bin/Release/HorizonData/EBWebView/Default/Local Extension Settings/fennofgmefeblbegldihhmpehdehoflg/MANIFEST-000001
  [deleted] bin/Release/HorizonData/EBWebView/Default/Local Extension Settings/fjfcaoomjhlpbniopilcfbpefalbhpba/000003.log
  [deleted] bin/Release/HorizonData/EBWebView/Default/Local Extension Settings/fjfcaoomjhlpbniopilcfbpefalbhpba/CURRENT
  [deleted] bin/Release/HorizonData/EBWebView/Default/Local Extension Settings/fjfcaoomjhlpbniopilcfbpefalbhpba/LOCK
  [deleted] bin/Release/HorizonData/EBWebView/Default/Local Extension Settings/fjfcaoomjhlpbniopilcfbpefalbhpba/LOG
  [deleted] bin/Release/HorizonData/EBWebView/Default/Local Extension Settings/fjfcaoomjhlpbniopilcfbpefalbhpba/LOG.old
  [deleted] bin/Release/HorizonData/EBWebView/Default/Local Extension Settings/fjfcaoomjhlpbniopilcfbpefalbhpba/MANIFEST-000001
  [deleted] bin/Release/HorizonData/EBWebView/Default/Local Extension Settings/gjbcdalockdbdpjilfijigifebblleeo/000005.ldb
  [deleted] bin/Release/HorizonData/EBWebView/Default/Local Extension Settings/gjbcdalockdbdpjilfijigifebblleeo/000016.ldb
  [deleted] bin/Release/HorizonData/EBWebView/Default/Local Extension Settings/gjbcdalockdbdpjilfijigifebblleeo/000018.log
  [deleted] bin/Release/HorizonData/EBWebView/Default/Local Extension Settings/gjbcdalockdbdpjilfijigifebblleeo/000019.ldb
  [deleted] bin/Release/HorizonData/EBWebView/Default/Local Extension Settings/gjbcdalockdbdpjilfijigifebblleeo/CURRENT
  [deleted] bin/Release/HorizonData/EBWebView/Default/Local Extension Settings/gjbcdalockdbdpjilfijigifebblleeo/LOCK
  [deleted] bin/Release/HorizonData/EBWebView/Default/Local Extension Settings/gjbcdalockdbdpjilfijigifebblleeo/LOG
  [deleted] bin/Release/HorizonData/EBWebView/Default/Local Extension Settings/gjbcdalockdbdpjilfijigifebblleeo/LOG.old
  [deleted] bin/Release/HorizonData/EBWebView/Default/Local Extension Settings/gjbcdalockdbdpjilfijigifebblleeo/MANIFEST-000001
  [deleted] bin/Release/HorizonData/EBWebView/Default/Local Extension Settings/llafjhmkffdlhpiojoipllmmedhckpgh/000003.log
  [deleted] bin/Release/HorizonData/EBWebView/Default/Local Extension Settings/llafjhmkffdlhpiojoipllmmedhckpgh/CURRENT
  [deleted] bin/Release/HorizonData/EBWebView/Default/Local Extension Settings/llafjhmkffdlhpiojoipllmmedhckpgh/LOCK
  [deleted] bin/Release/HorizonData/EBWebView/Default/Local Extension Settings/llafjhmkffdlhpiojoipllmmedhckpgh/LOG
  [deleted] bin/Release/HorizonData/EBWebView/Default/Local Extension Settings/llafjhmkffdlhpiojoipllmmedhckpgh/LOG.old
  [deleted] bin/Release/HorizonData/EBWebView/Default/Local Extension Settings/llafjhmkffdlhpiojoipllmmedhckpgh/MANIFEST-000001
  [deleted] bin/Release/HorizonData/EBWebView/Default/Local Extension Settings/mahdomgfmegkjcelplonolabemigokdm/000003.log
  [deleted] bin/Release/HorizonData/EBWebView/Default/Local Extension Settings/mahdomgfmegkjcelplonolabemigokdm/CURRENT
  [deleted] bin/Release/HorizonData/EBWebView/Default/Local Extension Settings/mahdomgfmegkjcelplonolabemigokdm/LOCK
  [deleted] bin/Release/HorizonData/EBWebView/Default/Local Extension Settings/mahdomgfmegkjcelplonolabemigokdm/LOG
  [deleted] bin/Release/HorizonData/EBWebView/Default/Local Extension Settings/mahdomgfmegkjcelplonolabemigokdm/LOG.old
  [deleted] bin/Release/HorizonData/EBWebView/Default/Local Extension Settings/mahdomgfmegkjcelplonolabemigokdm/MANIFEST-000001
  [deleted] bin/Release/HorizonData/EBWebView/Default/Local Extension Settings/micabgbmbfjdcifaljgbioeiflcemnmo/000003.log
  [deleted] bin/Release/HorizonData/EBWebView/Default/Local Extension Settings/micabgbmbfjdcifaljgbioeiflcemnmo/CURRENT
  [deleted] bin/Release/HorizonData/EBWebView/Default/Local Extension Settings/micabgbmbfjdcifaljgbioeiflcemnmo/LOCK
  [deleted] bin/Release/HorizonData/EBWebView/Default/Local Extension Settings/micabgbmbfjdcifaljgbioeiflcemnmo/LOG
  [deleted] bin/Release/HorizonData/EBWebView/Default/Local Extension Settings/micabgbmbfjdcifaljgbioeiflcemnmo/LOG.old
  [deleted] bin/Release/HorizonData/EBWebView/Default/Local Extension Settings/micabgbmbfjdcifaljgbioeiflcemnmo/MANIFEST-000001
  [deleted] bin/Release/HorizonData/EBWebView/Default/Local Extension Settings/pnbopgbekiomlhlfodahgbchgghkkkie/000003.log
  [deleted] bin/Release/HorizonData/EBWebView/Default/Local Extension Settings/pnbopgbekiomlhlfodahgbchgghkkkie/CURRENT
  [deleted] bin/Release/HorizonData/EBWebView/Default/Local Extension Settings/pnbopgbekiomlhlfodahgbchgghkkkie/LOCK
  [deleted] bin/Release/HorizonData/EBWebView/Default/Local Extension Settings/pnbopgbekiomlhlfodahgbchgghkkkie/LOG
  [deleted] bin/Release/HorizonData/EBWebView/Default/Local Extension Settings/pnbopgbekiomlhlfodahgbchgghkkkie/LOG.old
  [deleted] bin/Release/HorizonData/EBWebView/Default/Local Extension Settings/pnbopgbekiomlhlfodahgbchgghkkkie/MANIFEST-000001
  [deleted] bin/Release/HorizonData/EBWebView/Default/Local Storage/leveldb/000003.log
  [deleted] bin/Release/HorizonData/EBWebView/Default/Local Storage/leveldb/CURRENT
  [deleted] bin/Release/HorizonData/EBWebView/Default/Local Storage/leveldb/LOCK
  [deleted] bin/Release/HorizonData/EBWebView/Default/Local Storage/leveldb/LOG
  [deleted] bin/Release/HorizonData/EBWebView/Default/Local Storage/leveldb/LOG.old
  [deleted] bin/Release/HorizonData/EBWebView/Default/Local Storage/leveldb/MANIFEST-000001
  [deleted] bin/Release/HorizonData/EBWebView/Default/Login Data
  [deleted] bin/Release/HorizonData/EBWebView/Default/Login Data For Account
  [deleted] bin/Release/HorizonData/EBWebView/Default/Login Data For Account-journal
  [deleted] bin/Release/HorizonData/EBWebView/Default/Login Data-journal
  [deleted] bin/Release/HorizonData/EBWebView/Default/MediaDeviceSalts
  [deleted] bin/Release/HorizonData/EBWebView/Default/MediaDeviceSalts-journal
  [deleted] bin/Release/HorizonData/EBWebView/Default/Network Action Predictor
  [deleted] bin/Release/HorizonData/EBWebView/Default/Network Action Predictor-journal
  [deleted] bin/Release/HorizonData/EBWebView/Default/Network/Cookies
  [deleted] bin/Release/HorizonData/EBWebView/Default/Network/Cookies-journal
  [deleted] bin/Release/HorizonData/EBWebView/Default/Network/Device Bound Sessions
  [deleted] bin/Release/HorizonData/EBWebView/Default/Network/Device Bound Sessions-journal
  [deleted] bin/Release/HorizonData/EBWebView/Default/Network/Network Persistent State
  [deleted] bin/Release/HorizonData/EBWebView/Default/Network/NetworkDataMigrated
  [deleted] bin/Release/HorizonData/EBWebView/Default/Network/Reporting and NEL
  [deleted] bin/Release/HorizonData/EBWebView/Default/Network/Reporting and NEL-journal
  [deleted] bin/Release/HorizonData/EBWebView/Default/Network/SCT Auditing Pending Reports
  [deleted] bin/Release/HorizonData/EBWebView/Default/Network/Sdch Dictionaries
  [deleted] bin/Release/HorizonData/EBWebView/Default/Network/TransportSecurity
  [deleted] bin/Release/HorizonData/EBWebView/Default/Network/Trust Tokens
  [deleted] bin/Release/HorizonData/EBWebView/Default/Network/Trust Tokens-journal
  [deleted] bin/Release/HorizonData/EBWebView/Default/Password_Diagnostics/PMLog_13422023247647094
  [deleted] bin/Release/HorizonData/EBWebView/Default/PersistentOriginTrials/LOCK
  [deleted] bin/Release/HorizonData/EBWebView/Default/PersistentOriginTrials/LOG
  [deleted] bin/Release/HorizonData/EBWebView/Default/PersistentOriginTrials/LOG.old
  [deleted] bin/Release/HorizonData/EBWebView/Default/Platform Notifications/000003.log
  [deleted] bin/Release/HorizonData/EBWebView/Default/Platform Notifications/CURRENT
  [deleted] bin/Release/HorizonData/EBWebView/Default/Platform Notifications/LOCK
  [deleted] bin/Release/HorizonData/EBWebView/Default/Platform Notifications/LOG
  [deleted] bin/Release/HorizonData/EBWebView/Default/Platform Notifications/LOG.old
  [deleted] bin/Release/HorizonData/EBWebView/Default/Platform Notifications/MANIFEST-000001
  [deleted] bin/Release/HorizonData/EBWebView/Default/Preferences
  [deleted] bin/Release/HorizonData/EBWebView/Default/README
  [deleted] bin/Release/HorizonData/EBWebView/Default/Safe Browsing Network/NetworkDataMigrated
  [deleted] bin/Release/HorizonData/EBWebView/Default/Safe Browsing Network/Safe Browsing Cookies
  [deleted] bin/Release/HorizonData/EBWebView/Default/Safe Browsing Network/Safe Browsing Cookies-journal
  [deleted] bin/Release/HorizonData/EBWebView/Default/Secure Preferences
  [deleted] bin/Release/HorizonData/EBWebView/Default/ServerCertificate
  [deleted] bin/Release/HorizonData/EBWebView/Default/ServerCertificate-journal
  [deleted] bin/Release/HorizonData/EBWebView/Default/Service Worker/CacheStorage/1e538fbb9a411578d5bec848a4a4b012e8b26441/e61324ad-efcf-4993-a147-dbfbc543c56d/03723ec5564e7819_0
  [deleted] bin/Release/HorizonData/EBWebView/Default/Service Worker/CacheStorage/1e538fbb9a411578d5bec848a4a4b012e8b26441/e61324ad-efcf-4993-a147-dbfbc543c56d/091349bb42039481_0
  [deleted] bin/Release/HorizonData/EBWebView/Default/Service Worker/CacheStorage/1e538fbb9a411578d5bec848a4a4b012e8b26441/e61324ad-efcf-4993-a147-dbfbc543c56d/0b3bd81b114681fa_0
  [deleted] bin/Release/HorizonData/EBWebView/Default/Service Worker/CacheStorage/1e538fbb9a411578d5bec848a4a4b012e8b26441/e61324ad-efcf-4993-a147-dbfbc543c56d/0e68ef3e3bc686b2_0
  [deleted] bin/Release/HorizonData/EBWebView/Default/Service Worker/CacheStorage/1e538fbb9a411578d5bec848a4a4b012e8b26441/e61324ad-efcf-4993-a147-dbfbc543c56d/0efdd86b5e92caeb_0
  [deleted] bin/Release/HorizonData/EBWebView/Default/Service Worker/CacheStorage/1e538fbb9a411578d5bec848a4a4b012e8b26441/e61324ad-efcf-4993-a147-dbfbc543c56d/11948aeda14cd8cd_0
  [deleted] bin/Release/HorizonData/EBWebView/Default/Service Worker/CacheStorage/1e538fbb9a411578d5bec848a4a4b012e8b26441/e61324ad-efcf-4993-a147-dbfbc543c56d/152af16e821e5e53_0
  [deleted] bin/Release/HorizonData/EBWebView/Default/Service Worker/CacheStorage/1e538fbb9a411578d5bec848a4a4b012e8b26441/e61324ad-efcf-4993-a147-dbfbc543c56d/1862774b103cb550_0
  [deleted] bin/Release/HorizonData/EBWebView/Default/Service Worker/CacheStorage/1e538fbb9a411578d5bec848a4a4b012e8b26441/e61324ad-efcf-4993-a147-dbfbc543c56d/1ada7ade10cca105_0
  [deleted] bin/Release/HorizonData/EBWebView/Default/Service Worker/CacheStorage/1e538fbb9a411578d5bec848a4a4b012e8b26441/e61324ad-efcf-4993-a147-dbfbc543c56d/1d17e378da8f28e8_0
  [deleted] bin/Release/HorizonData/EBWebView/Default/Service Worker/CacheStorage/1e538fbb9a411578d5bec848a4a4b012e8b26441/e61324ad-efcf-4993-a147-dbfbc543c56d/22063dd5403b833c_0
  [deleted] bin/Release/HorizonData/EBWebView/Default/Service Worker/CacheStorage/1e538fbb9a411578d5bec848a4a4b012e8b26441/e61324ad-efcf-4993-a147-dbfbc543c56d/273c4b250c7bc824_0
  [deleted] bin/Release/HorizonData/EBWebView/Default/Service Worker/CacheStorage/1e538fbb9a411578d5bec848a4a4b012e8b26441/e61324ad-efcf-4993-a147-dbfbc543c56d/2e2413a06637b0ec_0
  [deleted] bin/Release/HorizonData/EBWebView/Default/Service Worker/CacheStorage/1e538fbb9a411578d5bec848a4a4b012e8b26441/e61324ad-efcf-4993-a147-dbfbc543c56d/3107558eea9ba321_0
  [deleted] bin/Release/HorizonData/EBWebView/Default/Service Worker/CacheStorage/1e538fbb9a411578d5bec848a4a4b012e8b26441/e61324ad-efcf-4993-a147-dbfbc543c56d/321911defb2f8cbc_0
  [deleted] bin/Release/HorizonData/EBWebView/Default/Service Worker/CacheStorage/1e538fbb9a411578d5bec848a4a4b012e8b26441/e61324ad-efcf-4993-a147-dbfbc543c56d/32690e9511f86989_0
  [deleted] bin/Release/HorizonData/EBWebView/Default/Service Worker/CacheStorage/1e538fbb9a411578d5bec848a4a4b012e8b26441/e61324ad-efcf-4993-a147-dbfbc543c56d/340d60e931bd37f7_0
  [deleted] bin/Release/HorizonData/EBWebView/Default/Service Worker/CacheStorage/1e538fbb9a411578d5bec848a4a4b012e8b26441/e61324ad-efcf-4993-a147-dbfbc543c56d/375db0c2ac836167_0
  [deleted] bin/Release/HorizonData/EBWebView/Default/Service Worker/CacheStorage/1e538fbb9a411578d5bec848a4a4b012e8b26441/e61324ad-efcf-4993-a147-dbfbc543c56d/383152c2a19b4e8f_0
  [deleted] bin/Release/HorizonData/EBWebView/Default/Service Worker/CacheStorage/1e538fbb9a411578d5bec848a4a4b012e8b26441/e61324ad-efcf-4993-a147-dbfbc543c56d/385bf01b84b6743c_0
  [deleted] bin/Release/HorizonData/EBWebView/Default/Service Worker/CacheStorage/1e538fbb9a411578d5bec848a4a4b012e8b26441/e61324ad-efcf-4993-a147-dbfbc543c56d/3d7948fc42349e78_0
  [deleted] bin/Release/HorizonData/EBWebView/Default/Service Worker/CacheStorage/1e538fbb9a411578d5bec848a4a4b012e8b26441/e61324ad-efcf-4993-a147-dbfbc543c56d/44fdad3a201128f8_0
  [deleted] bin/Release/HorizonData/EBWebView/Default/Service Worker/CacheStorage/1e538fbb9a411578d5bec848a4a4b012e8b26441/e61324ad-efcf-4993-a147-dbfbc543c56d/48ad33b5e6597f4d_0
  [deleted] bin/Release/HorizonData/EBWebView/Default/Service Worker/CacheStorage/1e538fbb9a411578d5bec848a4a4b012e8b26441/e61324ad-efcf-4993-a147-dbfbc543c56d/4b32244f47a52aa1_0
  [deleted] bin/Release/HorizonData/EBWebView/Default/Service Worker/CacheStorage/1e538fbb9a411578d5bec848a4a4b012e8b26441/e61324ad-efcf-4993-a147-dbfbc543c56d/4c4800b635ae2098_0
  [deleted] bin/Release/HorizonData/EBWebView/Default/Service Worker/CacheStorage/1e538fbb9a411578d5bec848a4a4b012e8b26441/e61324ad-efcf-4993-a147-dbfbc543c56d/4f926102e9d4c072_0
  [deleted] bin/Release/HorizonData/EBWebView/Default/Service Worker/CacheStorage/1e538fbb9a411578d5bec848a4a4b012e8b26441/e61324ad-efcf-4993-a147-dbfbc543c56d/5437f3efe07e0177_0
  [deleted] bin/Release/HorizonData/EBWebView/Default/Service Worker/CacheStorage/1e538fbb9a411578d5bec848a4a4b012e8b26441/e61324ad-efcf-4993-a147-dbfbc543c56d/577dbf0b91a4fd20_0
  [deleted] bin/Release/HorizonData/EBWebView/Default/Service Worker/CacheStorage/1e538fbb9a411578d5bec848a4a4b012e8b26441/e61324ad-efcf-4993-a147-dbfbc543c56d/5a89e5ba27a9709b_0
  [deleted] bin/Release/HorizonData/EBWebView/Default/Service Worker/CacheStorage/1e538fbb9a411578d5bec848a4a4b012e8b26441/e61324ad-efcf-4993-a147-dbfbc543c56d/5f35d08eae8058b3_0
  [deleted] bin/Release/HorizonData/EBWebView/Default/Service Worker/CacheStorage/1e538fbb9a411578d5bec848a4a4b012e8b26441/e61324ad-efcf-4993-a147-dbfbc543c56d/6b3d1b313bb275db_0
  [deleted] bin/Release/HorizonData/EBWebView/Default/Service Worker/CacheStorage/1e538fbb9a411578d5bec848a4a4b012e8b26441/e61324ad-efcf-4993-a147-dbfbc543c56d/6b991611054a2e9f_0
  [deleted] bin/Release/HorizonData/EBWebView/Default/Service Worker/CacheStorage/1e538fbb9a411578d5bec848a4a4b012e8b26441/e61324ad-efcf-4993-a147-dbfbc543c56d/704d1465ad2857ca_0
  [deleted] bin/Release/HorizonData/EBWebView/Default/Service Worker/CacheStorage/1e538fbb9a411578d5bec848a4a4b012e8b26441/e61324ad-efcf-4993-a147-dbfbc543c56d/72d06060f92aae74_0
  [deleted] bin/Release/HorizonData/EBWebView/Default/Service Worker/CacheStorage/1e538fbb9a411578d5bec848a4a4b012e8b26441/e61324ad-efcf-4993-a147-dbfbc543c56d/7866b425ec30631b_0
  [deleted] bin/Release/HorizonData/EBWebView/Default/Service Worker/CacheStorage/1e538fbb9a411578d5bec848a4a4b012e8b26441/e61324ad-efcf-4993-a147-dbfbc543c56d/82ef43183c18dbcf_0
  [deleted] bin/Release/HorizonData/EBWebView/Default/Service Worker/CacheStorage/1e538fbb9a411578d5bec848a4a4b012e8b26441/e61324ad-efcf-4993-a147-dbfbc543c56d/8383e54a78e96fc0_0
  [deleted] bin/Release/HorizonData/EBWebView/Default/Service Worker/CacheStorage/1e538fbb9a411578d5bec848a4a4b012e8b26441/e61324ad-efcf-4993-a147-dbfbc543c56d/864e3d21e753f81a_0
  [deleted] bin/Release/HorizonData/EBWebView/Default/Service Worker/CacheStorage/1e538fbb9a411578d5bec848a4a4b012e8b26441/e61324ad-efcf-4993-a147-dbfbc543c56d/8730e4942a92839c_0
  [deleted] bin/Release/HorizonData/EBWebView/Default/Service Worker/CacheStorage/1e538fbb9a411578d5bec848a4a4b012e8b26441/e61324ad-efcf-4993-a147-dbfbc543c56d/88c1d03bb90903c8_0
  [deleted] bin/Release/HorizonData/EBWebView/Default/Service Worker/CacheStorage/1e538fbb9a411578d5bec848a4a4b012e8b26441/e61324ad-efcf-4993-a147-dbfbc543c56d/8ba930f6d3763aad_0
  [deleted] bin/Release/HorizonData/EBWebView/Default/Service Worker/CacheStorage/1e538fbb9a411578d5bec848a4a4b012e8b26441/e61324ad-efcf-4993-a147-dbfbc543c56d/95db89fc6a02f451_0
  [deleted] bin/Release/HorizonData/EBWebView/Default/Service Worker/CacheStorage/1e538fbb9a411578d5bec848a4a4b012e8b26441/e61324ad-efcf-4993-a147-dbfbc543c56d/96723b9b77fbe36f_0
  [deleted] bin/Release/HorizonData/EBWebView/Default/Service Worker/CacheStorage/1e538fbb9a411578d5bec848a4a4b012e8b26441/e61324ad-efcf-4993-a147-dbfbc543c56d/97de5abfe883dbcf_0
  [deleted] bin/Release/HorizonData/EBWebView/Default/Service Worker/CacheStorage/1e538fbb9a411578d5bec848a4a4b012e8b26441/e61324ad-efcf-4993-a147-dbfbc543c56d/98064632364724f2_0
  [deleted] bin/Release/HorizonData/EBWebView/Default/Service Worker/CacheStorage/1e538fbb9a411578d5bec848a4a4b012e8b26441/e61324ad-efcf-4993-a147-dbfbc543c56d/9e92cd97c19c8248_0
  [deleted] bin/Release/HorizonData/EBWebView/Default/Service Worker/CacheStorage/1e538fbb9a411578d5bec848a4a4b012e8b26441/e61324ad-efcf-4993-a147-dbfbc543c56d/a85adbefb300ab4e_0
  [deleted] bin/Release/HorizonData/EBWebView/Default/Service Worker/CacheStorage/1e538fbb9a411578d5bec848a4a4b012e8b26441/e61324ad-efcf-4993-a147-dbfbc543c56d/ac93d1cd50506b33_0
  [deleted] bin/Release/HorizonData/EBWebView/Default/Service Worker/CacheStorage/1e538fbb9a411578d5bec848a4a4b012e8b26441/e61324ad-efcf-4993-a147-dbfbc543c56d/afbf989a8c95bf2e_0
  [deleted] bin/Release/HorizonData/EBWebView/Default/Service Worker/CacheStorage/1e538fbb9a411578d5bec848a4a4b012e8b26441/e61324ad-efcf-4993-a147-dbfbc543c56d/b2141b088ee5e98c_0
  [deleted] bin/Release/HorizonData/EBWebView/Default/Service Worker/CacheStorage/1e538fbb9a411578d5bec848a4a4b012e8b26441/e61324ad-efcf-4993-a147-dbfbc543c56d/b3f87b55d8dbfa47_0
  [deleted] bin/Release/HorizonData/EBWebView/Default/Service Worker/CacheStorage/1e538fbb9a411578d5bec848a4a4b012e8b26441/e61324ad-efcf-4993-a147-dbfbc543c56d/b571bf0ba8facec6_0
  [deleted] bin/Release/HorizonData/EBWebView/Default/Service Worker/CacheStorage/1e538fbb9a411578d5bec848a4a4b012e8b26441/e61324ad-efcf-4993-a147-dbfbc543c56d/b5f29d0312456036_0
  [deleted] bin/Release/HorizonData/EBWebView/Default/Service Worker/CacheStorage/1e538fbb9a411578d5bec848a4a4b012e8b26441/e61324ad-efcf-4993-a147-dbfbc543c56d/b6edcb759d6cadbf_0
  [deleted] bin/Release/HorizonData/EBWebView/Default/Service Worker/CacheStorage/1e538fbb9a411578d5bec848a4a4b012e8b26441/e61324ad-efcf-4993-a147-dbfbc543c56d/b7f636932c67bab4_0
  [deleted] bin/Release/HorizonData/EBWebView/Default/Service Worker/CacheStorage/1e538fbb9a411578d5bec848a4a4b012e8b26441/e61324ad-efcf-4993-a147-dbfbc543c56d/b8bb1a549c6dcc10_0
  [deleted] bin/Release/HorizonData/EBWebView/Default/Service Worker/CacheStorage/1e538fbb9a411578d5bec848a4a4b012e8b26441/e61324ad-efcf-4993-a147-dbfbc543c56d/b924469dce8b9a89_0
  [deleted] bin/Release/HorizonData/EBWebView/Default/Service Worker/CacheStorage/1e538fbb9a411578d5bec848a4a4b012e8b26441/e61324ad-efcf-4993-a147-dbfbc543c56d/ba2b0906a4df382c_0
  [deleted] bin/Release/HorizonData/EBWebView/Default/Service Worker/CacheStorage/1e538fbb9a411578d5bec848a4a4b012e8b26441/e61324ad-efcf-4993-a147-dbfbc543c56d/bcefea0b5feaa3e6_0
  [deleted] bin/Release/HorizonData/EBWebView/Default/Service Worker/CacheStorage/1e538fbb9a411578d5bec848a4a4b012e8b26441/e61324ad-efcf-4993-a147-dbfbc543c56d/be581dea90cddde7_0
  [deleted] bin/Release/HorizonData/EBWebView/Default/Service Worker/CacheStorage/1e538fbb9a411578d5bec848a4a4b012e8b26441/e61324ad-efcf-4993-a147-dbfbc543c56d/c8b473e0f9374235_0
  [deleted] bin/Release/HorizonData/EBWebView/Default/Service Worker/CacheStorage/1e538fbb9a411578d5bec848a4a4b012e8b26441/e61324ad-efcf-4993-a147-dbfbc543c56d/ca4b8e6b4b207a9b_0
  [deleted] bin/Release/HorizonData/EBWebView/Default/Service Worker/CacheStorage/1e538fbb9a411578d5bec848a4a4b012e8b26441/e61324ad-efcf-4993-a147-dbfbc543c56d/ca5a67fda3466f4d_0
  [deleted] bin/Release/HorizonData/EBWebView/Default/Service Worker/CacheStorage/1e538fbb9a411578d5bec848a4a4b012e8b26441/e61324ad-efcf-4993-a147-dbfbc543c56d/cc04a8364b7fbf4b_0
  [deleted] bin/Release/HorizonData/EBWebView/Default/Service Worker/CacheStorage/1e538fbb9a411578d5bec848a4a4b012e8b26441/e61324ad-efcf-4993-a147-dbfbc543c56d/cd85acb1c0e5f8f6_0
  [deleted] bin/Release/HorizonData/EBWebView/Default/Service Worker/CacheStorage/1e538fbb9a411578d5bec848a4a4b012e8b26441/e61324ad-efcf-4993-a147-dbfbc543c56d/cde968a267e2506f_0
  [deleted] bin/Release/HorizonData/EBWebView/Default/Service Worker/CacheStorage/1e538fbb9a411578d5bec848a4a4b012e8b26441/e61324ad-efcf-4993-a147-dbfbc543c56d/ce5fdc792b67fd6e_0
  [deleted] bin/Release/HorizonData/EBWebView/Default/Service Worker/CacheStorage/1e538fbb9a411578d5bec848a4a4b012e8b26441/e61324ad-efcf-4993-a147-dbfbc543c56d/d026a83c98b68c4a_0
  [deleted] bin/Release/HorizonData/EBWebView/Default/Service Worker/CacheStorage/1e538fbb9a411578d5bec848a4a4b012e8b26441/e61324ad-efcf-4993-a147-dbfbc543c56d/d094aec584cc1c06_0
  [deleted] bin/Release/HorizonData/EBWebView/Default/Service Worker/CacheStorage/1e538fbb9a411578d5bec848a4a4b012e8b26441/e61324ad-efcf-4993-a147-dbfbc543c56d/d57fe2c6b1537486_0
  [deleted] bin/Release/HorizonData/EBWebView/Default/Service Worker/CacheStorage/1e538fbb9a411578d5bec848a4a4b012e8b26441/e61324ad-efcf-4993-a147-dbfbc543c56d/d9509606979f3a92_0
  [deleted] bin/Release/HorizonData/EBWebView/Default/Service Worker/CacheStorage/1e538fbb9a411578d5bec848a4a4b012e8b26441/e61324ad-efcf-4993-a147-dbfbc543c56d/da6db244aef24adb_0
  [deleted] bin/Release/HorizonData/EBWebView/Default/Service Worker/CacheStorage/1e538fbb9a411578d5bec848a4a4b012e8b26441/e61324ad-efcf-4993-a147-dbfbc543c56d/dc1f0d705c07825e_0
  [deleted] bin/Release/HorizonData/EBWebView/Default/Service Worker/CacheStorage/1e538fbb9a411578d5bec848a4a4b012e8b26441/e61324ad-efcf-4993-a147-dbfbc543c56d/df0cb294d29fc0fe_0
  [deleted] bin/Release/HorizonData/EBWebView/Default/Service Worker/CacheStorage/1e538fbb9a411578d5bec848a4a4b012e8b26441/e61324ad-efcf-4993-a147-dbfbc543c56d/e49665df81d4c591_0
  [deleted] bin/Release/HorizonData/EBWebView/Default/Service Worker/CacheStorage/1e538fbb9a411578d5bec848a4a4b012e8b26441/e61324ad-efcf-4993-a147-dbfbc543c56d/e53200cb6d914edd_0
  [deleted] bin/Release/HorizonData/EBWebView/Default/Service Worker/CacheStorage/1e538fbb9a411578d5bec848a4a4b012e8b26441/e61324ad-efcf-4993-a147-dbfbc543c56d/e7639dc21c04a524_0
  [deleted] bin/Release/HorizonData/EBWebView/Default/Service Worker/CacheStorage/1e538fbb9a411578d5bec848a4a4b012e8b26441/e61324ad-efcf-4993-a147-dbfbc543c56d/e8f209bb953d0431_0
  [deleted] bin/Release/HorizonData/EBWebView/Default/Service Worker/CacheStorage/1e538fbb9a411578d5bec848a4a4b012e8b26441/e61324ad-efcf-4993-a147-dbfbc543c56d/eaffc3a9ed933df4_0
  [deleted] bin/Release/HorizonData/EBWebView/Default/Service Worker/CacheStorage/1e538fbb9a411578d5bec848a4a4b012e8b26441/e61324ad-efcf-4993-a147-dbfbc543c56d/edc224e63f046684_0
  [deleted] bin/Release/HorizonData/EBWebView/Default/Service Worker/CacheStorage/1e538fbb9a411578d5bec848a4a4b012e8b26441/e61324ad-efcf-4993-a147-dbfbc543c56d/f0192a7f283c74b2_0
  [deleted] bin/Release/HorizonData/EBWebView/Default/Service Worker/CacheStorage/1e538fbb9a411578d5bec848a4a4b012e8b26441/e61324ad-efcf-4993-a147-dbfbc543c56d/fccc7c9e7e8c80f8_0
  [deleted] bin/Release/HorizonData/EBWebView/Default/Service Worker/CacheStorage/1e538fbb9a411578d5bec848a4a4b012e8b26441/e61324ad-efcf-4993-a147-dbfbc543c56d/fdd89d27c13f85e5_0
  [deleted] bin/Release/HorizonData/EBWebView/Default/Service Worker/CacheStorage/1e538fbb9a411578d5bec848a4a4b012e8b26441/e61324ad-efcf-4993-a147-dbfbc543c56d/fff368752d794b37_0
  [deleted] bin/Release/HorizonData/EBWebView/Default/Service Worker/CacheStorage/1e538fbb9a411578d5bec848a4a4b012e8b26441/e61324ad-efcf-4993-a147-dbfbc543c56d/index
  [deleted] bin/Release/HorizonData/EBWebView/Default/Service Worker/CacheStorage/1e538fbb9a411578d5bec848a4a4b012e8b26441/e61324ad-efcf-4993-a147-dbfbc543c56d/index-dir/the-real-index
  [deleted] bin/Release/HorizonData/EBWebView/Default/Service Worker/CacheStorage/1e538fbb9a411578d5bec848a4a4b012e8b26441/index.txt
  [deleted] bin/Release/HorizonData/EBWebView/Default/Service Worker/Database/000003.log
  [deleted] bin/Release/HorizonData/EBWebView/Default/Service Worker/Database/CURRENT
  [deleted] bin/Release/HorizonData/EBWebView/Default/Service Worker/Database/LOCK
  [deleted] bin/Release/HorizonData/EBWebView/Default/Service Worker/Database/LOG
  [deleted] bin/Release/HorizonData/EBWebView/Default/Service Worker/Database/LOG.old
  [deleted] bin/Release/HorizonData/EBWebView/Default/Service Worker/Database/MANIFEST-000001
  [deleted] bin/Release/HorizonData/EBWebView/Default/Service Worker/ScriptCache/009c63609679d1cf_0
  [deleted] bin/Release/HorizonData/EBWebView/Default/Service Worker/ScriptCache/013888a1cda32b90_0
  [deleted] bin/Release/HorizonData/EBWebView/Default/Service Worker/ScriptCache/013888a1cda32b90_1
  [deleted] bin/Release/HorizonData/EBWebView/Default/Service Worker/ScriptCache/08bdbf206a472600_0
  [deleted] bin/Release/HorizonData/EBWebView/Default/Service Worker/ScriptCache/09008b1d0549f7ab_0
  [deleted] bin/Release/HorizonData/EBWebView/Default/Service Worker/ScriptCache/09dd09a6623d77a1_0
  [deleted] bin/Release/HorizonData/EBWebView/Default/Service Worker/ScriptCache/0b792330520baa9a_0
  [deleted] bin/Release/HorizonData/EBWebView/Default/Service Worker/ScriptCache/0b8d03323a5a6e07_0
  [deleted] bin/Release/HorizonData/EBWebView/Default/Service Worker/ScriptCache/0cac6d3631916f8d_0
  [deleted] bin/Release/HorizonData/EBWebView/Default/Service Worker/ScriptCache/1055481490f58805_0
  [deleted] bin/Release/HorizonData/EBWebView/Default/Service Worker/ScriptCache/117d142383163ca9_0
  [deleted] bin/Release/HorizonData/EBWebView/Default/Service Worker/ScriptCache/12d2b185ec62111a_0
  [deleted] bin/Release/HorizonData/EBWebView/Default/Service Worker/ScriptCache/130d5ab08abb09a6_0
  [deleted] bin/Release/HorizonData/EBWebView/Default/Service Worker/ScriptCache/14e7e9252ca2e7b6_0
  [deleted] bin/Release/HorizonData/EBWebView/Default/Service Worker/ScriptCache/1a168afddb7eaf90_0
  [deleted] bin/Release/HorizonData/EBWebView/Default/Service Worker/ScriptCache/1a44a79864a22847_0
  [deleted] bin/Release/HorizonData/EBWebView/Default/Service Worker/ScriptCache/1f4fc4ac2489c6b0_0
  [deleted] bin/Release/HorizonData/EBWebView/Default/Service Worker/ScriptCache/24100a74bb7d3820_0
  [deleted] bin/Release/HorizonData/EBWebView/Default/Service Worker/ScriptCache/25aaa8074a29cf86_0
  [deleted] bin/Release/HorizonData/EBWebView/Default/Service Worker/ScriptCache/26d1f970a09a4ca8_0
  [deleted] bin/Release/HorizonData/EBWebView/Default/Service Worker/ScriptCache/27622751cc830f3e_0
  [deleted] bin/Release/HorizonData/EBWebView/Default/Service Worker/ScriptCache/297ecea5cebb5dfe_0
  [deleted] bin/Release/HorizonData/EBWebView/Default/Service Worker/ScriptCache/297ecea5cebb5dfe_1
  [deleted] bin/Release/HorizonData/EBWebView/Default/Service Worker/ScriptCache/2cc80dabc69f58b6_0
  [deleted] bin/Release/HorizonData/EBWebView/Default/Service Worker/ScriptCache/2cc80dabc69f58b6_1
  [deleted] bin/Release/HorizonData/EBWebView/Default/Service Worker/ScriptCache/2cfef0e5a0f2936d_0
  [deleted] bin/Release/HorizonData/EBWebView/Default/Service Worker/ScriptCache/2d5e07bc3c67635e_0
  [deleted] bin/Release/HorizonData/EBWebView/Default/Service Worker/ScriptCache/32eae9c186dc8089_0
  [deleted] bin/Release/HorizonData/EBWebView/Default/Service Worker/ScriptCache/38992e00d1274191_0
  [deleted] bin/Release/HorizonData/EBWebView/Default/Service Worker/ScriptCache/40a21a6a5c2d889c_0
  [deleted] bin/Release/HorizonData/EBWebView/Default/Service Worker/ScriptCache/418e80f99e974dbe_0
  [deleted] bin/Release/HorizonData/EBWebView/Default/Service Worker/ScriptCache/449d86748cd51507_0
  [deleted] bin/Release/HorizonData/EBWebView/Default/Service Worker/ScriptCache/4698ecea4d4dad56_0
  [deleted] bin/Release/HorizonData/EBWebView/Default/Service Worker/ScriptCache/4698ecea4d4dad56_1
  [deleted] bin/Release/HorizonData/EBWebView/Default/Service Worker/ScriptCache/46a4b4aebfdaa48d_0
  [deleted] bin/Release/HorizonData/EBWebView/Default/Service Worker/ScriptCache/4cb013792b196a35_0
  [deleted] bin/Release/HorizonData/EBWebView/Default/Service Worker/ScriptCache/4cb013792b196a35_1
  [deleted] bin/Release/HorizonData/EBWebView/Default/Service Worker/ScriptCache/5037c89965fa5fae_0
  [deleted] bin/Release/HorizonData/EBWebView/Default/Service Worker/ScriptCache/50b5da359e6f22d0_0
  [deleted] bin/Release/HorizonData/EBWebView/Default/Service Worker/ScriptCache/5179d7e668773011_0
  [deleted] bin/Release/HorizonData/EBWebView/Default/Service Worker/ScriptCache/5779b052d5b25145_0
  [deleted] bin/Release/HorizonData/EBWebView/Default/Service Worker/ScriptCache/5d771a05a5f45d29_0
  [deleted] bin/Release/HorizonData/EBWebView/Default/Service Worker/ScriptCache/602a34051cfc2eed_0
  [deleted] bin/Release/HorizonData/EBWebView/Default/Service Worker/ScriptCache/63be69ca5d5015c4_0
  [deleted] bin/Release/HorizonData/EBWebView/Default/Service Worker/ScriptCache/679e0b7317f2041b_0
  [deleted] bin/Release/HorizonData/EBWebView/Default/Service Worker/ScriptCache/67a473248953641b_0
  [deleted] bin/Release/HorizonData/EBWebView/Default/Service Worker/ScriptCache/67a473248953641b_1
  [deleted] bin/Release/HorizonData/EBWebView/Default/Service Worker/ScriptCache/6cb56d63a90f990d_0
  [deleted] bin/Release/HorizonData/EBWebView/Default/Service Worker/ScriptCache/6e08a40cf80d1181_0
  [deleted] bin/Release/HorizonData/EBWebView/Default/Service Worker/ScriptCache/738bb294f89e1335_0
  [deleted] bin/Release/HorizonData/EBWebView/Default/Service Worker/ScriptCache/796b7562219390f0_0
  [deleted] bin/Release/HorizonData/EBWebView/Default/Service Worker/ScriptCache/79a60028be9c3010_0
  [deleted] bin/Release/HorizonData/EBWebView/Default/Service Worker/ScriptCache/79b5c737f7ab9642_0
  [deleted] bin/Release/HorizonData/EBWebView/Default/Service Worker/ScriptCache/7b5fb5b1483213a5_0
  [deleted] bin/Release/HorizonData/EBWebView/Default/Service Worker/ScriptCache/7c4cc75bcf4907c3_0
  [deleted] bin/Release/HorizonData/EBWebView/Default/Service Worker/ScriptCache/7d1277d0a0eef700_0
  [deleted] bin/Release/HorizonData/EBWebView/Default/Service Worker/ScriptCache/7de293882cd2065e_0
  [deleted] bin/Release/HorizonData/EBWebView/Default/Service Worker/ScriptCache/808f4ae21f10416c_0
  [deleted] bin/Release/HorizonData/EBWebView/Default/Service Worker/ScriptCache/820472a405c1a189_0
  [deleted] bin/Release/HorizonData/EBWebView/Default/Service Worker/ScriptCache/8258e27027d54dcb_0
  [deleted] bin/Release/HorizonData/EBWebView/Default/Service Worker/ScriptCache/82ee882be6fc216e_0
  [deleted] bin/Release/HorizonData/EBWebView/Default/Service Worker/ScriptCache/88a4c2fd955a7097_0
  [deleted] bin/Release/HorizonData/EBWebView/Default/Service Worker/ScriptCache/8b860a2f86638734_0
  [deleted] bin/Release/HorizonData/EBWebView/Default/Service Worker/ScriptCache/8ddc3053957b7fab_0
  [deleted] bin/Release/HorizonData/EBWebView/Default/Service Worker/ScriptCache/8e72542801e3a525_0
  [deleted] bin/Release/HorizonData/EBWebView/Default/Service Worker/ScriptCache/914b7547906f398d_0
  [deleted] bin/Release/HorizonData/EBWebView/Default/Service Worker/ScriptCache/91b3ea2d941cb397_0
  [deleted] bin/Release/HorizonData/EBWebView/Default/Service Worker/ScriptCache/982e0f881292c681_0
  [deleted] bin/Release/HorizonData/EBWebView/Default/Service Worker/ScriptCache/99116d486f284af4_0
  [deleted] bin/Release/HorizonData/EBWebView/Default/Service Worker/ScriptCache/9a217e9c08916dcd_0
  [deleted] bin/Release/HorizonData/EBWebView/Default/Service Worker/ScriptCache/9b14912231f64755_0
  [deleted] bin/Release/HorizonData/EBWebView/Default/Service Worker/ScriptCache/9e67022e6bb14133_0
  [deleted] bin/Release/HorizonData/EBWebView/Default/Service Worker/ScriptCache/a0f8700973795685_0
  [deleted] bin/Release/HorizonData/EBWebView/Default/Service Worker/ScriptCache/a29d487f541600d2_0
  [deleted] bin/Release/HorizonData/EBWebView/Default/Service Worker/ScriptCache/a6da08e680c55a2a_0
  [deleted] bin/Release/HorizonData/EBWebView/Default/Service Worker/ScriptCache/a956f0ce96eb29c8_0
  [deleted] bin/Release/HorizonData/EBWebView/Default/Service Worker/ScriptCache/aa4414e246438143_0
  [deleted] bin/Release/HorizonData/EBWebView/Default/Service Worker/ScriptCache/ab95ebc511b469f3_0
  [deleted] bin/Release/HorizonData/EBWebView/Default/Service Worker/ScriptCache/b2812321dea9c42b_0
  [deleted] bin/Release/HorizonData/EBWebView/Default/Service Worker/ScriptCache/b6817b5f586801b0_0
  [deleted] bin/Release/HorizonData/EBWebView/Default/Service Worker/ScriptCache/b6c28cea6ed9dfc1_0
  [deleted] bin/Release/HorizonData/EBWebView/Default/Service Worker/ScriptCache/b6c28cea6ed9dfc1_1
  [deleted] bin/Release/HorizonData/EBWebView/Default/Service Worker/ScriptCache/b7616e79858efbff_0
  [deleted] bin/Release/HorizonData/EBWebView/Default/Service Worker/ScriptCache/b8a8a89bc8f66b3e_0
  [deleted] bin/Release/HorizonData/EBWebView/Default/Service Worker/ScriptCache/b8d7680f52f241b7_0
  [deleted] bin/Release/HorizonData/EBWebView/Default/Service Worker/ScriptCache/b9e0c4e95791e1f7_0
  [deleted] bin/Release/HorizonData/EBWebView/Default/Service Worker/ScriptCache/ba23d8ecda68de77_0
  [deleted] bin/Release/HorizonData/EBWebView/Default/Service Worker/ScriptCache/bc27a87fbf314a15_0
  [deleted] bin/Release/HorizonData/EBWebView/Default/Service Worker/ScriptCache/bf61ab29ad9780c2_0
  [deleted] bin/Release/HorizonData/EBWebView/Default/Service Worker/ScriptCache/c1faae48fbac0b64_0
  [deleted] bin/Release/HorizonData/EBWebView/Default/Service Worker/ScriptCache/c40b44d0ccb6b9f6_0
  [deleted] bin/Release/HorizonData/EBWebView/Default/Service Worker/ScriptCache/c417bfe2be7aa115_0
  [deleted] bin/Release/HorizonData/EBWebView/Default/Service Worker/ScriptCache/c720a327d255695f_0
  [deleted] bin/Release/HorizonData/EBWebView/Default/Service Worker/ScriptCache/c756b52bc59f5ac3_0
  [deleted] bin/Release/HorizonData/EBWebView/Default/Service Worker/ScriptCache/d14726c8af48f441_0
  [deleted] bin/Release/HorizonData/EBWebView/Default/Service Worker/ScriptCache/d449ff6c5b3062bc_0
  [deleted] bin/Release/HorizonData/EBWebView/Default/Service Worker/ScriptCache/d6b653ea64009786_0
  [deleted] bin/Release/HorizonData/EBWebView/Default/Service Worker/ScriptCache/dcbb9f52cf880e4a_0
  [deleted] bin/Release/HorizonData/EBWebView/Default/Service Worker/ScriptCache/dd1e345fe5dc5435_0
  [deleted] bin/Release/HorizonData/EBWebView/Default/Service Worker/ScriptCache/dd91b9ffd8efe2b6_0
  [deleted] bin/Release/HorizonData/EBWebView/Default/Service Worker/ScriptCache/dea936b84808bcef_0
  [deleted] bin/Release/HorizonData/EBWebView/Default/Service Worker/ScriptCache/e10db1fb7a0a4a8c_0
  [deleted] bin/Release/HorizonData/EBWebView/Default/Service Worker/ScriptCache/e27bfe875b62d81e_0
  [deleted] bin/Release/HorizonData/EBWebView/Default/Service Worker/ScriptCache/e384336e22fd2aef_0
  [deleted] bin/Release/HorizonData/EBWebView/Default/Service Worker/ScriptCache/e5ff62263ac8de7f_0
  [deleted] bin/Release/HorizonData/EBWebView/Default/Service Worker/ScriptCache/ed21dd5e2140ec01_0
  [deleted] bin/Release/HorizonData/EBWebView/Default/Service Worker/ScriptCache/ef6993cae43ae456_0
  [deleted] bin/Release/HorizonData/EBWebView/Default/Service Worker/ScriptCache/f131910baad453af_0
  [deleted] bin/Release/HorizonData/EBWebView/Default/Service Worker/ScriptCache/f1cdccba37924bda_0
  [deleted] bin/Release/HorizonData/EBWebView/Default/Service Worker/ScriptCache/f1cdccba37924bda_1
  [deleted] bin/Release/HorizonData/EBWebView/Default/Service Worker/ScriptCache/f287b7060e66da8a_0
  [deleted] bin/Release/HorizonData/EBWebView/Default/Service Worker/ScriptCache/f40501344c9c624c_0
  [deleted] bin/Release/HorizonData/EBWebView/Default/Service Worker/ScriptCache/f5dcf3f81cf9b463_0
  [deleted] bin/Release/HorizonData/EBWebView/Default/Service Worker/ScriptCache/fa813c9ad67834ac_0
  [deleted] bin/Release/HorizonData/EBWebView/Default/Service Worker/ScriptCache/fa813c9ad67834ac_1
  [deleted] bin/Release/HorizonData/EBWebView/Default/Service Worker/ScriptCache/ff57688b9ff2d49e_0
  [deleted] bin/Release/HorizonData/EBWebView/Default/Service Worker/ScriptCache/ff7379f37843d0a0_0
  [deleted] bin/Release/HorizonData/EBWebView/Default/Service Worker/ScriptCache/index
  [deleted] bin/Release/HorizonData/EBWebView/Default/Service Worker/ScriptCache/index-dir/the-real-index
  [deleted] bin/Release/HorizonData/EBWebView/Default/Session Storage/000003.log
  [deleted] bin/Release/HorizonData/EBWebView/Default/Session Storage/CURRENT
  [deleted] bin/Release/HorizonData/EBWebView/Default/Session Storage/LOCK
  [deleted] bin/Release/HorizonData/EBWebView/Default/Session Storage/LOG
  [deleted] bin/Release/HorizonData/EBWebView/Default/Session Storage/MANIFEST-000001
  [deleted] bin/Release/HorizonData/EBWebView/Default/Sessions/Session_13419757923248150
  [deleted] bin/Release/HorizonData/EBWebView/Default/Shared Dictionary/cache/index
  [deleted] bin/Release/HorizonData/EBWebView/Default/Shared Dictionary/cache/index-dir/the-real-index
  [deleted] bin/Release/HorizonData/EBWebView/Default/Shared Dictionary/db
  [deleted] bin/Release/HorizonData/EBWebView/Default/Shared Dictionary/db-journal
  [deleted] bin/Release/HorizonData/EBWebView/Default/SharedStorage
  [deleted] bin/Release/HorizonData/EBWebView/Default/Shortcuts
  [deleted] bin/Release/HorizonData/EBWebView/Default/Shortcuts-journal
  [deleted] bin/Release/HorizonData/EBWebView/Default/Site Characteristics Database/000003.log
  [deleted] bin/Release/HorizonData/EBWebView/Default/Site Characteristics Database/CURRENT
  [deleted] bin/Release/HorizonData/EBWebView/Default/Site Characteristics Database/LOCK
  [deleted] bin/Release/HorizonData/EBWebView/Default/Site Characteristics Database/LOG
  [deleted] bin/Release/HorizonData/EBWebView/Default/Site Characteristics Database/LOG.old
  [deleted] bin/Release/HorizonData/EBWebView/Default/Site Characteristics Database/MANIFEST-000001
  [deleted] bin/Release/HorizonData/EBWebView/Default/Sync Data/LevelDB/000003.log
  [deleted] bin/Release/HorizonData/EBWebView/Default/Sync Data/LevelDB/CURRENT
  [deleted] bin/Release/HorizonData/EBWebView/Default/Sync Data/LevelDB/LOCK
  [deleted] bin/Release/HorizonData/EBWebView/Default/Sync Data/LevelDB/LOG
  [deleted] bin/Release/HorizonData/EBWebView/Default/Sync Data/LevelDB/LOG.old
  [deleted] bin/Release/HorizonData/EBWebView/Default/Sync Data/LevelDB/MANIFEST-000001
  [deleted] bin/Release/HorizonData/EBWebView/Default/Sync Extension Settings/bjchemafiampldmkfmpigfoakogialkl/000003.log
  [deleted] bin/Release/HorizonData/EBWebView/Default/Sync Extension Settings/bjchemafiampldmkfmpigfoakogialkl/CURRENT
  [deleted] bin/Release/HorizonData/EBWebView/Default/Sync Extension Settings/bjchemafiampldmkfmpigfoakogialkl/LOCK
  [deleted] bin/Release/HorizonData/EBWebView/Default/Sync Extension Settings/bjchemafiampldmkfmpigfoakogialkl/LOG
  [deleted] bin/Release/HorizonData/EBWebView/Default/Sync Extension Settings/bjchemafiampldmkfmpigfoakogialkl/MANIFEST-000001
  [deleted] bin/Release/HorizonData/EBWebView/Default/Sync Extension Settings/enpiaeoobofcpedppdnooadnbaldkjih/000003.log
  [deleted] bin/Release/HorizonData/EBWebView/Default/Sync Extension Settings/enpiaeoobofcpedppdnooadnbaldkjih/CURRENT
  [deleted] bin/Release/HorizonData/EBWebView/Default/Sync Extension Settings/enpiaeoobofcpedppdnooadnbaldkjih/LOCK
  [deleted] bin/Release/HorizonData/EBWebView/Default/Sync Extension Settings/enpiaeoobofcpedppdnooadnbaldkjih/LOG
  [deleted] bin/Release/HorizonData/EBWebView/Default/Sync Extension Settings/enpiaeoobofcpedppdnooadnbaldkjih/LOG.old
  [deleted] bin/Release/HorizonData/EBWebView/Default/Sync Extension Settings/enpiaeoobofcpedppdnooadnbaldkjih/MANIFEST-000001
  [deleted] bin/Release/HorizonData/EBWebView/Default/Sync Extension Settings/fennofgmefeblbegldihhmpehdehoflg/000003.log
  [deleted] bin/Release/HorizonData/EBWebView/Default/Sync Extension Settings/fennofgmefeblbegldihhmpehdehoflg/CURRENT
  [deleted] bin/Release/HorizonData/EBWebView/Default/Sync Extension Settings/fennofgmefeblbegldihhmpehdehoflg/LOCK
  [deleted] bin/Release/HorizonData/EBWebView/Default/Sync Extension Settings/fennofgmefeblbegldihhmpehdehoflg/LOG
  [deleted] bin/Release/HorizonData/EBWebView/Default/Sync Extension Settings/fennofgmefeblbegldihhmpehdehoflg/LOG.old
  [deleted] bin/Release/HorizonData/EBWebView/Default/Sync Extension Settings/fennofgmefeblbegldihhmpehdehoflg/MANIFEST-000001
  [deleted] bin/Release/HorizonData/EBWebView/Default/Sync Extension Settings/llafjhmkffdlhpiojoipllmmedhckpgh/000003.log
  [deleted] bin/Release/HorizonData/EBWebView/Default/Sync Extension Settings/llafjhmkffdlhpiojoipllmmedhckpgh/CURRENT
  [deleted] bin/Release/HorizonData/EBWebView/Default/Sync Extension Settings/llafjhmkffdlhpiojoipllmmedhckpgh/LOCK
  [deleted] bin/Release/HorizonData/EBWebView/Default/Sync Extension Settings/llafjhmkffdlhpiojoipllmmedhckpgh/LOG
  [deleted] bin/Release/HorizonData/EBWebView/Default/Sync Extension Settings/llafjhmkffdlhpiojoipllmmedhckpgh/LOG.old
  [deleted] bin/Release/HorizonData/EBWebView/Default/Sync Extension Settings/llafjhmkffdlhpiojoipllmmedhckpgh/MANIFEST-000001
  [deleted] bin/Release/HorizonData/EBWebView/Default/Top Sites
  [deleted] bin/Release/HorizonData/EBWebView/Default/Top Sites-journal
  [deleted] bin/Release/HorizonData/EBWebView/Default/VideoDecodeStats/LOCK
  [deleted] bin/Release/HorizonData/EBWebView/Default/VideoDecodeStats/LOG
  [deleted] bin/Release/HorizonData/EBWebView/Default/Vpn Tokens
  [deleted] bin/Release/HorizonData/EBWebView/Default/Vpn Tokens-journal
  [deleted] bin/Release/HorizonData/EBWebView/Default/Web Data
  [deleted] bin/Release/HorizonData/EBWebView/Default/Web Data-journal
  [deleted] bin/Release/HorizonData/EBWebView/Default/WebStorage/QuotaManager
  [deleted] bin/Release/HorizonData/EBWebView/Default/WebStorage/QuotaManager-journal
  [deleted] bin/Release/HorizonData/EBWebView/Default/commerce_subscription_db/LOCK
  [deleted] bin/Release/HorizonData/EBWebView/Default/commerce_subscription_db/LOG
  [deleted] bin/Release/HorizonData/EBWebView/Default/commerce_subscription_db/LOG.old
  [deleted] bin/Release/HorizonData/EBWebView/Default/discount_infos_db/LOCK
  [deleted] bin/Release/HorizonData/EBWebView/Default/discount_infos_db/LOG
  [deleted] bin/Release/HorizonData/EBWebView/Default/discount_infos_db/LOG.old
  [deleted] bin/Release/HorizonData/EBWebView/Default/discounts_db/LOCK
  [deleted] bin/Release/HorizonData/EBWebView/Default/discounts_db/LOG
  [deleted] bin/Release/HorizonData/EBWebView/Default/discounts_db/LOG.old
  [deleted] bin/Release/HorizonData/EBWebView/Default/favorites_diagnostic.log
  [deleted] bin/Release/HorizonData/EBWebView/Default/heavy_ad_intervention_opt_out.db
  [deleted] bin/Release/HorizonData/EBWebView/Default/heavy_ad_intervention_opt_out.db-journal
  [deleted] bin/Release/HorizonData/EBWebView/Default/optimization_guide_hint_cache_store/LOCK
  [deleted] bin/Release/HorizonData/EBWebView/Default/optimization_guide_hint_cache_store/LOG
  [deleted] bin/Release/HorizonData/EBWebView/Default/optimization_guide_hint_cache_store/LOG.old
  [deleted] bin/Release/HorizonData/EBWebView/Default/parcel_tracking_db/LOCK
  [deleted] bin/Release/HorizonData/EBWebView/Default/parcel_tracking_db/LOG
  [deleted] bin/Release/HorizonData/EBWebView/Default/parcel_tracking_db/LOG.old
  [deleted] bin/Release/HorizonData/EBWebView/Default/shared_proto_db/000003.log
  [deleted] bin/Release/HorizonData/EBWebView/Default/shared_proto_db/CURRENT
  [deleted] bin/Release/HorizonData/EBWebView/Default/shared_proto_db/LOCK
  [deleted] bin/Release/HorizonData/EBWebView/Default/shared_proto_db/LOG
  [deleted] bin/Release/HorizonData/EBWebView/Default/shared_proto_db/LOG.old
  [deleted] bin/Release/HorizonData/EBWebView/Default/shared_proto_db/MANIFEST-000001
  [deleted] bin/Release/HorizonData/EBWebView/Default/shared_proto_db/metadata/000003.log
  [deleted] bin/Release/HorizonData/EBWebView/Default/shared_proto_db/metadata/CURRENT
  [deleted] bin/Release/HorizonData/EBWebView/Default/shared_proto_db/metadata/LOCK
  [deleted] bin/Release/HorizonData/EBWebView/Default/shared_proto_db/metadata/LOG
  [deleted] bin/Release/HorizonData/EBWebView/Default/shared_proto_db/metadata/LOG.old
  [deleted] bin/Release/HorizonData/EBWebView/Default/shared_proto_db/metadata/MANIFEST-000001
  [deleted] bin/Release/HorizonData/EBWebView/GPUPersistentCache/DawnGraphiteCache/MNIWWJ6LYBXKQS7RZ2KZNUZ3QHFNW4K3/cache.db
  [deleted] bin/Release/HorizonData/EBWebView/GPUPersistentCache/DawnGraphiteCache/MNIWWJ6LYBXKQS7RZ2KZNUZ3QHFNW4K3/cache.db-wal
  [deleted] bin/Release/HorizonData/EBWebView/GPUPersistentCache/DawnGraphiteCache/MNIWWJ6LYBXKQS7RZ2KZNUZ3QHFNW4K3/cache.journal
  [deleted] bin/Release/HorizonData/EBWebView/GrShaderCache/data_0
  [deleted] bin/Release/HorizonData/EBWebView/GrShaderCache/data_1
  [deleted] bin/Release/HorizonData/EBWebView/GrShaderCache/data_2
  [deleted] bin/Release/HorizonData/EBWebView/GrShaderCache/data_3
  [deleted] bin/Release/HorizonData/EBWebView/GrShaderCache/f_000001
  [deleted] bin/Release/HorizonData/EBWebView/GrShaderCache/f_000002
  [deleted] bin/Release/HorizonData/EBWebView/GrShaderCache/f_000003
  [deleted] bin/Release/HorizonData/EBWebView/GrShaderCache/f_000004
  [deleted] bin/Release/HorizonData/EBWebView/GrShaderCache/f_000005
  [deleted] bin/Release/HorizonData/EBWebView/GrShaderCache/f_000006
  [deleted] bin/Release/HorizonData/EBWebView/GrShaderCache/index
  [deleted] bin/Release/HorizonData/EBWebView/GraphiteDawnCache/data_0
  [deleted] bin/Release/HorizonData/EBWebView/GraphiteDawnCache/data_1
  [deleted] bin/Release/HorizonData/EBWebView/GraphiteDawnCache/data_2
  [deleted] bin/Release/HorizonData/EBWebView/GraphiteDawnCache/data_3
  [deleted] bin/Release/HorizonData/EBWebView/GraphiteDawnCache/index
  [deleted] bin/Release/HorizonData/EBWebView/Last Version
  [deleted] bin/Release/HorizonData/EBWebView/Local State
  [deleted] bin/Release/HorizonData/EBWebView/OriginTrials/0.0.1.7/manifest.json
  [deleted] bin/Release/HorizonData/EBWebView/PKIMetadata/46.0.0.0/crs.pb
  [deleted] bin/Release/HorizonData/EBWebView/PKIMetadata/46.0.0.0/ct_config.pb
  [deleted] bin/Release/HorizonData/EBWebView/PKIMetadata/46.0.0.0/kp_pinslist.pb
  [deleted] bin/Release/HorizonData/EBWebView/PKIMetadata/46.0.0.0/manifest.json
  [deleted] bin/Release/HorizonData/EBWebView/ShaderCache/data_0
  [deleted] bin/Release/HorizonData/EBWebView/ShaderCache/data_1
  [deleted] bin/Release/HorizonData/EBWebView/ShaderCache/data_2
  [deleted] bin/Release/HorizonData/EBWebView/ShaderCache/data_3
  [deleted] bin/Release/HorizonData/EBWebView/ShaderCache/index
  [deleted] bin/Release/HorizonData/EBWebView/Speech Recognition/1.15.0.1/Microsoft.CognitiveServices.Speech.core.dll
  [deleted] bin/Release/HorizonData/EBWebView/Speech Recognition/1.15.0.1/manifest.json
  [deleted] bin/Release/HorizonData/EBWebView/Subresource Filter/Indexed Rules/37/10.34.0.84/LICENSE
  [deleted] bin/Release/HorizonData/EBWebView/Subresource Filter/Indexed Rules/37/10.34.0.84/Ruleset Data
  [deleted] bin/Release/HorizonData/EBWebView/Subresource Filter/Unindexed Rules/10.34.0.84/Filtering Rules
  [deleted] bin/Release/HorizonData/EBWebView/Subresource Filter/Unindexed Rules/10.34.0.84/Filtering Rules-AA
  [deleted] bin/Release/HorizonData/EBWebView/Subresource Filter/Unindexed Rules/10.34.0.84/Filtering Rules-CA
  [deleted] bin/Release/HorizonData/EBWebView/Subresource Filter/Unindexed Rules/10.34.0.84/LICENSE
  [deleted] bin/Release/HorizonData/EBWebView/Subresource Filter/Unindexed Rules/10.34.0.84/Part-DE
  [deleted] bin/Release/HorizonData/EBWebView/Subresource Filter/Unindexed Rules/10.34.0.84/Part-ES
  [deleted] bin/Release/HorizonData/EBWebView/Subresource Filter/Unindexed Rules/10.34.0.84/Part-FR
  [deleted] bin/Release/HorizonData/EBWebView/Subresource Filter/Unindexed Rules/10.34.0.84/Part-IT
  [deleted] bin/Release/HorizonData/EBWebView/Subresource Filter/Unindexed Rules/10.34.0.84/Part-NL
  [deleted] bin/Release/HorizonData/EBWebView/Subresource Filter/Unindexed Rules/10.34.0.84/Part-RU
  [deleted] bin/Release/HorizonData/EBWebView/Subresource Filter/Unindexed Rules/10.34.0.84/Part-ZH
  [deleted] bin/Release/HorizonData/EBWebView/Subresource Filter/Unindexed Rules/10.34.0.84/adblock_snippet.js
  [deleted] bin/Release/HorizonData/EBWebView/Subresource Filter/Unindexed Rules/10.34.0.84/manifest.json
  [deleted] bin/Release/HorizonData/EBWebView/TrustTokenKeyCommitments/2026.3.23.1/LICENSE
  [deleted] bin/Release/HorizonData/EBWebView/TrustTokenKeyCommitments/2026.3.23.1/_metadata/verified_contents.json
  [deleted] bin/Release/HorizonData/EBWebView/TrustTokenKeyCommitments/2026.3.23.1/keys.json
  [deleted] bin/Release/HorizonData/EBWebView/TrustTokenKeyCommitments/2026.3.23.1/manifest.json
  [deleted] bin/Release/HorizonData/EBWebView/Variations
  [deleted] bin/Release/HorizonData/EBWebView/component_crx_cache/bec8ead1da3c9600fe66bbcc0e7a9bed9a184c1be821b4d23570c6b7af7f0410
  [deleted] bin/Release/HorizonData/EBWebView/component_crx_cache/metadata.json
  [deleted] bin/Release/HorizonData/EBWebView/extensions_crx_cache/metadata.json
  [deleted] bin/Release/HorizonData/EBWebView/hyphen-data/120.0.6050.0/_metadata/verified_contents.json
  [deleted] bin/Release/HorizonData/EBWebView/hyphen-data/120.0.6050.0/hyph-af.hyb
  [deleted] bin/Release/HorizonData/EBWebView/hyphen-data/120.0.6050.0/hyph-as.hyb
  [deleted] bin/Release/HorizonData/EBWebView/hyphen-data/120.0.6050.0/hyph-be.hyb
  [deleted] bin/Release/HorizonData/EBWebView/hyphen-data/120.0.6050.0/hyph-bg.hyb
  [deleted] bin/Release/HorizonData/EBWebView/hyphen-data/120.0.6050.0/hyph-bn.hyb
  [deleted] bin/Release/HorizonData/EBWebView/hyphen-data/120.0.6050.0/hyph-cs.hyb
  [deleted] bin/Release/HorizonData/EBWebView/hyphen-data/120.0.6050.0/hyph-cu.hyb
  [deleted] bin/Release/HorizonData/EBWebView/hyphen-data/120.0.6050.0/hyph-cy.hyb
  [deleted] bin/Release/HorizonData/EBWebView/hyphen-data/120.0.6050.0/hyph-da.hyb
  [deleted] bin/Release/HorizonData/EBWebView/hyphen-data/120.0.6050.0/hyph-de-1901.hyb
  [deleted] bin/Release/HorizonData/EBWebView/hyphen-data/120.0.6050.0/hyph-de-1996.hyb
  [deleted] bin/Release/HorizonData/EBWebView/hyphen-data/120.0.6050.0/hyph-de-ch-1901.hyb
  [deleted] bin/Release/HorizonData/EBWebView/hyphen-data/120.0.6050.0/hyph-el.hyb
  [deleted] bin/Release/HorizonData/EBWebView/hyphen-data/120.0.6050.0/hyph-en-gb.hyb
  [deleted] bin/Release/HorizonData/EBWebView/hyphen-data/120.0.6050.0/hyph-en-us.hyb
  [deleted] bin/Release/HorizonData/EBWebView/hyphen-data/120.0.6050.0/hyph-es.hyb
  [deleted] bin/Release/HorizonData/EBWebView/hyphen-data/120.0.6050.0/hyph-et.hyb
  [deleted] bin/Release/HorizonData/EBWebView/hyphen-data/120.0.6050.0/hyph-eu.hyb
  [deleted] bin/Release/HorizonData/EBWebView/hyphen-data/120.0.6050.0/hyph-fr.hyb
  [deleted] bin/Release/HorizonData/EBWebView/hyphen-data/120.0.6050.0/hyph-ga.hyb
  [deleted] bin/Release/HorizonData/EBWebView/hyphen-data/120.0.6050.0/hyph-gl.hyb
  [deleted] bin/Release/HorizonData/EBWebView/hyphen-data/120.0.6050.0/hyph-gu.hyb
  [deleted] bin/Release/HorizonData/EBWebView/hyphen-data/120.0.6050.0/hyph-hi.hyb
  [deleted] bin/Release/HorizonData/EBWebView/hyphen-data/120.0.6050.0/hyph-hr.hyb
  [deleted] bin/Release/HorizonData/EBWebView/hyphen-data/120.0.6050.0/hyph-hu.hyb
  [deleted] bin/Release/HorizonData/EBWebView/hyphen-data/120.0.6050.0/hyph-hy.hyb
  [deleted] bin/Release/HorizonData/EBWebView/hyphen-data/120.0.6050.0/hyph-it.hyb
  [deleted] bin/Release/HorizonData/EBWebView/hyphen-data/120.0.6050.0/hyph-ka.hyb
  [deleted] bin/Release/HorizonData/EBWebView/hyphen-data/120.0.6050.0/hyph-kn.hyb
  [deleted] bin/Release/HorizonData/EBWebView/hyphen-data/120.0.6050.0/hyph-la.hyb
  [deleted] bin/Release/HorizonData/EBWebView/hyphen-data/120.0.6050.0/hyph-lt.hyb
  [deleted] bin/Release/HorizonData/EBWebView/hyphen-data/120.0.6050.0/hyph-lv.hyb
  [deleted] bin/Release/HorizonData/EBWebView/hyphen-data/120.0.6050.0/hyph-ml.hyb
  [deleted] bin/Release/HorizonData/EBWebView/hyphen-data/120.0.6050.0/hyph-mn-cyrl.hyb
  [deleted] bin/Release/HorizonData/EBWebView/hyphen-data/120.0.6050.0/hyph-mr.hyb
  [deleted] bin/Release/HorizonData/EBWebView/hyphen-data/120.0.6050.0/hyph-mul-ethi.hyb
  [deleted] bin/Release/HorizonData/EBWebView/hyphen-data/120.0.6050.0/hyph-nb.hyb
  [deleted] bin/Release/HorizonData/EBWebView/hyphen-data/120.0.6050.0/hyph-nl.hyb
  [deleted] bin/Release/HorizonData/EBWebView/hyphen-data/120.0.6050.0/hyph-nn.hyb
  [deleted] bin/Release/HorizonData/EBWebView/hyphen-data/120.0.6050.0/hyph-or.hyb
  [deleted] bin/Release/HorizonData/EBWebView/hyphen-data/120.0.6050.0/hyph-pa.hyb
  [deleted] bin/Release/HorizonData/EBWebView/hyphen-data/120.0.6050.0/hyph-pt.hyb
  [deleted] bin/Release/HorizonData/EBWebView/hyphen-data/120.0.6050.0/hyph-ru.hyb
  [deleted] bin/Release/HorizonData/EBWebView/hyphen-data/120.0.6050.0/hyph-sk.hyb
  [deleted] bin/Release/HorizonData/EBWebView/hyphen-data/120.0.6050.0/hyph-sl.hyb
  [deleted] bin/Release/HorizonData/EBWebView/hyphen-data/120.0.6050.0/hyph-sq.hyb
  [deleted] bin/Release/HorizonData/EBWebView/hyphen-data/120.0.6050.0/hyph-sv.hyb
  [deleted] bin/Release/HorizonData/EBWebView/hyphen-data/120.0.6050.0/hyph-ta.hyb
  [deleted] bin/Release/HorizonData/EBWebView/hyphen-data/120.0.6050.0/hyph-te.hyb
  [deleted] bin/Release/HorizonData/EBWebView/hyphen-data/120.0.6050.0/hyph-tk.hyb
  [deleted] bin/Release/HorizonData/EBWebView/hyphen-data/120.0.6050.0/hyph-uk.hyb
  [deleted] bin/Release/HorizonData/EBWebView/hyphen-data/120.0.6050.0/hyph-und-ethi.hyb
  [deleted] bin/Release/HorizonData/EBWebView/hyphen-data/120.0.6050.0/manifest.json
  [deleted] bin/Release/HorizonData/FaviconCache/1mov.lol.png
  [deleted] bin/Release/HorizonData/FaviconCache/accounts.google.com.png
  [deleted] bin/Release/HorizonData/FaviconCache/alohafind.com.png
  [deleted] bin/Release/HorizonData/FaviconCache/chromewebstore.google.com.png
  [deleted] bin/Release/HorizonData/FaviconCache/claude.ai.png
  [deleted] bin/Release/HorizonData/FaviconCache/claude.com.png
  [deleted] bin/Release/HorizonData/FaviconCache/docs.google.com.png
  [deleted] bin/Release/HorizonData/FaviconCache/feedbackcol-nszemvwz.manus.space.png
  [deleted] bin/Release/HorizonData/FaviconCache/forum.ubden.com.tr.png
  [deleted] bin/Release/HorizonData/FaviconCache/gemini.google.com.png
  [deleted] bin/Release/HorizonData/FaviconCache/ghappstore-j93n3sq2.manus.space.png
  [deleted] bin/Release/HorizonData/FaviconCache/github.com.png
  [deleted] bin/Release/HorizonData/FaviconCache/hianimes.se.png
  [deleted] bin/Release/HorizonData/FaviconCache/mail.google.com.png
  [deleted] bin/Release/HorizonData/FaviconCache/manus.im.png
  [deleted] bin/Release/HorizonData/FaviconCache/manussend-8ladxhzk.manus.space.png
  [deleted] bin/Release/HorizonData/FaviconCache/mdl.fcst.tu-sofia.bg.png
  [deleted] bin/Release/HorizonData/FaviconCache/music.youtube.com.png
  [deleted] bin/Release/HorizonData/FaviconCache/myaccount.google.com.png
  [deleted] bin/Release/HorizonData/FaviconCache/notebooklm.google.com.png
  [deleted] bin/Release/HorizonData/FaviconCache/photos.google.com.png
  [deleted] bin/Release/HorizonData/FaviconCache/steamcommunity.com.png
  [deleted] bin/Release/HorizonData/FaviconCache/support.google.com.png
  [deleted] bin/Release/HorizonData/FaviconCache/thebyteseffect.com.png
  [deleted] bin/Release/HorizonData/FaviconCache/thepiratebay.party.png
  [deleted] bin/Release/HorizonData/FaviconCache/tu-sofia.bg.png
  [deleted] bin/Release/HorizonData/FaviconCache/v1.tldrthis.com.png
  [deleted] bin/Release/HorizonData/FaviconCache/web.telegram.org.png
  [deleted] bin/Release/HorizonData/FaviconCache/www.ageofempires.com.png
  [deleted] bin/Release/HorizonData/FaviconCache/www.anthropic.com.png
  [deleted] bin/Release/HorizonData/FaviconCache/www.crunchyroll.com.png
  [deleted] bin/Release/HorizonData/FaviconCache/www.emag.bg.png
  [deleted] bin/Release/HorizonData/FaviconCache/www.google.com.png
  [deleted] bin/Release/HorizonData/FaviconCache/www.microsoft.com.png
  [deleted] bin/Release/HorizonData/FaviconCache/www.pirateproxy-bay.com.png
  [deleted] bin/Release/HorizonData/FaviconCache/www.reddit.com.png
  [deleted] bin/Release/HorizonData/FaviconCache/www.sublimehq.com.png
  [deleted] bin/Release/HorizonData/FaviconCache/www.youtube.com.png
  [deleted] bin/Release/HorizonData/config.json
  [deleted] bin/Release/HorizonData/flux_sort_defaults.json
  [deleted] code_files/!START_Horizon_Browser.lnk
  [deleted] code_files/.gitignore
  [deleted] code_files/App.xaml
  [deleted] code_files/App.xaml.cs
  [deleted] code_files/Build_Release.bat
  [deleted] code_files/Build_Release_FAST.bat
  [deleted] code_files/Controls/BrowserView.xaml
  [deleted] code_files/Controls/BrowserView.xaml.cs
  [deleted] code_files/Controls/FluxSidebar.xaml
  [deleted] code_files/Controls/FluxSidebar.xaml.cs
  [deleted] code_files/Controls/Omnibox.xaml
  [deleted] code_files/Controls/Omnibox.xaml.cs
  [deleted] code_files/Controls/PdfOpenDialog.xaml
  [deleted] code_files/Controls/PdfOpenDialog.xaml.cs
  [deleted] code_files/Controls/VaultSidebar.xaml
  [deleted] code_files/Controls/VaultSidebar.xaml.cs
  [deleted] code_files/Core/ExtensionInstaller.cs
  [deleted] code_files/Core/StealthEnvironment.cs
  [deleted] code_files/Core/TabColorPaletteExtractor.cs
  [deleted] code_files/Horizon.Browser.csproj
  [deleted] code_files/Horizon.bat
  [deleted] code_files/Horizon_Bootstrapper.bat
  [deleted] code_files/Install_Horizon_Browser_beta.ifp
  [deleted] code_files/LICENSE
  [deleted] code_files/LICENSE.rtf
  [deleted] code_files/LICENSE.txt
  [deleted] code_files/MainWindow.AdvancedCalc.cs
  [deleted] code_files/MainWindow.Widgets.cs
  [deleted] code_files/MainWindow.xaml
  [deleted] code_files/MainWindow.xaml.cs
  [deleted] code_files/MainWindow.xaml.cs.bak
  [deleted] code_files/Output/Setup_Horizon_Browser_Beta.exe
  [deleted] code_files/PRIVACY_POLICY.md
  [deleted] code_files/README.md
  [deleted] code_files/Services/AccountSyncService.cs
  [deleted] code_files/Services/BackgroundKeepAliveService.cs
  [deleted] code_files/Services/BookmarksService.cs
  [deleted] code_files/Services/BrowserDetectionService.cs
  [deleted] code_files/Services/CacheJanitorService.cs
  [deleted] code_files/Services/ChromiumHarvester.cs
  [deleted] code_files/Services/ConfigService.cs
  [deleted] code_files/Services/ExtensionRecord.cs
  [deleted] code_files/Services/ExtensionService.cs
  [deleted] code_files/Services/FluxJanitorService.cs
  [deleted] code_files/Services/GithubUpdateService.cs
  [deleted] code_files/Services/HealthService.cs
  [deleted] code_files/Services/HistoryService.cs
  [deleted] code_files/Services/HomePageService.cs
  [deleted] code_files/Services/LogService.cs
  [deleted] code_files/Services/MediaDownloadService.cs
  [deleted] code_files/Services/SettingsService.cs
  [deleted] code_files/Services/TabSleepRulesService.cs
  [deleted] code_files/Services/ThemeService.cs
  [deleted] code_files/Services/VaultService.cs
  [deleted] code_files/Setup_Horizon_Browser_Alpha.ifp
  [deleted] code_files/Setup_Horizon_Browser_Beta.ifp
  [deleted] code_files/Setup_Horizon_Browser_Beta.iss
  [deleted] code_files/Themes/Horizon.xaml
  [deleted] code_files/Themes/Light.xaml
  [deleted] code_files/Themes/Redmond.xaml
  [deleted] code_files/Uninstall/uninstall.bat
  [deleted] code_files/Update_manager.bat
  [deleted] code_files/Update_manager_OLD.bat
  [deleted] code_files/ViewModels/TabViewModel.cs
  [deleted] code_files/Views/LoginRecoveryDialog.xaml
  [deleted] code_files/Views/LoginRecoveryDialog.xaml.cs
  [deleted] code_files/Views/MaintenanceWindow.xaml
  [deleted] code_files/Views/MaintenanceWindow.xaml.cs
  [deleted] code_files/Views/NotificationToast.xaml
  [deleted] code_files/Views/NotificationToast.xaml.cs
  [deleted] code_files/Views/SettingsWindow.xaml
  [deleted] code_files/Views/SettingsWindow.xaml.cs
  [deleted] code_files/Views/TabSwitcherWindow.xaml
  [deleted] code_files/Views/TabSwitcherWindow.xaml.cs
  [deleted] code_files/backup.bat
  [deleted] code_files/changelog.txt
  [deleted] code_files/cookies.json
  [deleted] code_files/deploy_branch.bat
  [deleted] code_files/dir
  [deleted] code_files/emergency_log_failure.txt
  [deleted] code_files/extra_files.txt
  [deleted] code_files/history.json
  [deleted] code_files/horizon.conf
  [deleted] code_files/install_auto.ps1
  [deleted] code_files/logs/Setup_Bootstrapper.log
  [deleted] code_files/logs/horizon_update.log
  [deleted] code_files/logs/scan_debug_1776531966.log
  [deleted] code_files/logs/scan_debug_1776532031.log
  [deleted] code_files/logs/scan_debug_1776706586.log
  [deleted] code_files/logs/scan_debug_1776706631.log
  [deleted] code_files/logs/scan_debug_1782134229.log
  [deleted] code_files/logs/scan_debug_1782135107.log
  [deleted] code_files/logs/scan_debug_1782135140.log
  [deleted] code_files/logs/scan_debug_1782135373.log
  [deleted] code_files/maintenance_tool.bat
  [deleted] code_files/manage_build_files.bat
  [deleted] code_files/mapper_exclusions.txt
  [deleted] code_files/overlay.hta
  [deleted] code_files/path.txt
  [deleted] code_files/project_map_1782135374.txt
  [deleted] code_files/project_mapper.py
  [deleted] code_files/restore.bat
  [deleted] code_files/src/Gemini_Generated_Image_7395cs7395cs7395.ico
  [deleted] code_files/src/Gemini_Generated_Image_7395cs7395cs7395.png
  [deleted] code_files/src/icons/Gemini_Generated_Image_7395cs7395cs7395.ico
  [deleted] code_files/start_horizon.bat
  [deleted] code_files/start_mapper.bat
  [deleted] code_files/update.txt
  [deleted] code_files/update_orchestrator.bat
  [deleted] code_files/update_status.txt
  [deleted] code_files/version.txt
  [deleted] project_map_1782135374.txt
  [deleted] project_map_1784797406.txt
2026-09-21 16:53:41,530 [ERROR] Error: [WinError 206] The filename or extension is too long
