2026-09-07 23:31:00,569 [INFO] Source folder: E:\Programming\Personal_projects\Horizon_Browser\Horizon_Browser_official_release\code_files
2026-09-07 23:31:00,570 [INFO] Temp log: C:\Users\MORDEK~1\AppData\Local\Temp\push_to_github_20260907_233100.log
2026-09-07 23:31:00,570 [DEBUG] Running: git --version
2026-09-07 23:31:00,715 [DEBUG] stdout: git version 2.55.0.windows.2
2026-09-07 23:31:00,715 [DEBUG] stderr: 
2026-09-07 23:31:00,716 [INFO] No git repository found in this folder. Initializing.
2026-09-07 23:31:00,716 [DEBUG] Running: git init
2026-09-07 23:31:00,849 [DEBUG] stdout: Initialized empty Git repository in E:/Programming/Personal_projects/Horizon_Browser/Horizon_Browser_official_release/code_files/.git/
2026-09-07 23:31:00,850 [DEBUG] stderr: 
2026-09-07 23:31:00,850 [DEBUG] Running: git checkout -b main
2026-09-07 23:31:00,943 [DEBUG] stdout: 
2026-09-07 23:31:00,943 [DEBUG] stderr: Switched to a new branch 'main'
2026-09-07 23:31:00,943 [DEBUG] Running: git remote -v
2026-09-07 23:31:01,040 [DEBUG] stdout: 
2026-09-07 23:31:01,040 [DEBUG] stderr: 
2026-09-07 23:31:28,968 [INFO] Verifying repository access.
2026-09-07 23:31:28,968 [DEBUG] Running: git ls-remote https://github.com/MoRDekai1364/Horizon_Browser
2026-09-07 23:31:30,026 [DEBUG] stdout: 369bc34b0eb442f66bc59b53de084935ad0164a2	HEAD
330ca2b02f0381e1371865ec855baaa718eb793a	refs/heads/alpha
8d27432c7e58db0d1d7e54a9edc4d274e7317c93	refs/heads/beta
22644b0d8d098df9ebb775e185004978ae0c99e8	refs/heads/local_usable
369bc34b0eb442f66bc59b53de084935ad0164a2	refs/heads/official_release
80c2e9b562c2a11b3ad8993e03429efa743ac1eb	refs/tags/Horizon
5ffe45035b989122fa937a9a2afc6a67a4663fb2	refs/tags/Horizon_2.6.1
5ffe45035b989122fa937a9a2afc6a67a4663fb2	refs/tags/Horizon_2.6.2
80c2e9b562c2a11b3ad8993e03429efa743ac1eb	refs/tags/Horizon_Browser_2.0
88531221ba30ce81d7a808e5d04115b71364a32f	refs/tags/Horizon_Browser_2.1
e97fdaa873ede316dfccdc9d1f357ea89c9b30a8	refs/tags/Horizon_Browser_2.2
65aabcd91d50749048d80e690951c1c6840c9cff	refs/tags/Horizon_Browser_2.3
1704d5bb9db2807f1c7b248ab078a590f10a3722	refs/tags/Horizon_Browser_2.4
5ffe45035b989122fa937a9a2afc6a67a4663fb2	refs/tags/Horizon_Browser_2.6.3
f320c7c49374bb613c339116b1cf43998b74ed90	refs/tags/Horizon_Browser_2.6.4
f320c7c49374bb613c339116b1cf43998b74ed90	refs/tags/Horizon_Browser_2.6.5
f320c7c49374bb613c339116b1cf43998b74ed90	refs/tags/Horizon_Browser_2.6.6
f320c7c49374bb613c339116b1cf43998b74ed90	refs/tags/Horizon_Browser_2.6.8
d46a996ea50e9554d2821c113e6bab9af9dc1f3e	refs/tags/Horizon_Browser_2.6.9
369bc34b0eb442f66bc59b53de084935ad0164a2	refs/tags/Horizon_Browser_2.7.3
369bc34b0eb442f66bc59b53de084935ad0164a2	refs/tags/Horizon_Browser_2.7.4
8d27432c7e58db0d1d7e54a9edc4d274e7317c93	refs/tags/Horizon_Browser_2.7.4_Beta
369bc34b0eb442f66bc59b53de084935ad0164a2	refs/tags/Horizon_Browser_2.7.5_Release
d46a996ea50e9554d2821c113e6bab9af9dc1f3e	refs/tags/Horizon_Browser_Beta
d46a996ea50e9554d2821c113e6bab9af9dc1f3e	refs/tags/Horizon_Browser_Official_Release
369bc34b0eb442f66bc59b53de084935ad0164a2	refs/tags/Horizon_Browser_version_2.7.3
80c2e9b562c2a11b3ad8993e03429efa743ac1eb	refs/tags/Horizon_browser
5ffe45035b989122fa937a9a2afc6a67a4663fb2	refs/tags/Horizon_browser_2.6
2026-09-07 23:31:30,026 [DEBUG] stderr: 
2026-09-07 23:31:30,026 [DEBUG] Running: git remote add origin https://github.com/MoRDekai1364/Horizon_Browser
2026-09-07 23:31:30,121 [DEBUG] stdout: 
2026-09-07 23:31:30,121 [DEBUG] stderr: 
2026-09-07 23:31:30,121 [DEBUG] Running: git branch --list
2026-09-07 23:31:30,209 [DEBUG] stdout: 
2026-09-07 23:31:30,209 [DEBUG] stderr: 
2026-09-07 23:31:30,209 [DEBUG] Running: git ls-remote --heads origin
2026-09-07 23:31:30,997 [DEBUG] stdout: 330ca2b02f0381e1371865ec855baaa718eb793a	refs/heads/alpha
8d27432c7e58db0d1d7e54a9edc4d274e7317c93	refs/heads/beta
22644b0d8d098df9ebb775e185004978ae0c99e8	refs/heads/local_usable
369bc34b0eb442f66bc59b53de084935ad0164a2	refs/heads/official_release
2026-09-07 23:31:30,997 [DEBUG] stderr: 
2026-09-07 23:31:30,998 [INFO] Detected branches:
2026-09-07 23:31:30,998 [INFO]   1. alpha
2026-09-07 23:31:30,998 [INFO]   2. beta
2026-09-07 23:31:30,998 [INFO]   3. local_usable
2026-09-07 23:31:30,999 [INFO]   4. official_release
2026-09-07 23:31:30,999 [INFO]   5. Enter a new branch name
2026-09-07 23:31:37,641 [DEBUG] Running: git status --porcelain
2026-09-07 23:31:37,736 [DEBUG] stdout: ?? !START_Horizon_Browser.lnk
?? .gitignore
?? App.xaml
?? App.xaml.cs
?? Build_Release.bat
?? Controls/
?? Core/
?? Extensions/
?? Horizon.Browser.csproj
?? Horizon.bat
?? Horizon_Bootstrapper.bat
?? Install_Horizon_Browser_beta.ifp
?? LICENSE
?? LICENSE.rtf
?? LICENSE.txt
?? MainWindow.AdvancedCalc.cs
?? MainWindow.Widgets.cs
?? MainWindow.xaml
?? MainWindow.xaml.cs
?? MainWindow.xaml.cs.bak
?? Output/
?? PRIVACY_POLICY.md
?? README.md
?? Services/
?? Setup_Horizon_Browser_Alpha.ifp
?? Setup_Horizon_Browser_Beta.ifp
?? Setup_Horizon_Browser_Beta.iss
?? SmartCopy.ps1
?? "TERMS_OF SERVICE.txt"
?? Themes/
?? Uninstall/
?? Update_manager.bat
?? Update_manager_OLD.bat
?? ViewModels/
?? Views/
?? _SmartCopy.config.txt
?? backup.bat
?? changelog.txt
?? cookies.json
?? deploy_backend.ps1
?? deploy_branch.bat
?? dir
?? emergency_log_failure.txt
?? extra_files.txt
?? extra_folders.txt
?? global.json
?? history.json
?? horizon.conf
?? install_auto.ps1
?? logs/
?? maintenance_tool.bat
?? manage_build_files.bat
?? mapper_exclusions.txt
?? overlay.hta
?? path.txt
?? project_map_1782135374.txt
?? project_map_1784797406.txt
?? project_mapper.py
?? push_automation.py
?? push_to_github.py
?? restore.bat
?? src/
?? start_horizon.bat
?? start_mapper.bat
?? start_videos/
?? update.txt
?? update_orchestrator.bat
?? update_status.txt
?? version.txt
?? wallpapers/
2026-09-07 23:31:37,736 [DEBUG] stderr: 
2026-09-07 23:31:37,736 [DEBUG] Running: git status --porcelain
2026-09-07 23:31:37,832 [DEBUG] stdout: ?? !START_Horizon_Browser.lnk
?? .gitignore
?? App.xaml
?? App.xaml.cs
?? Build_Release.bat
?? Controls/
?? Core/
?? Extensions/
?? Horizon.Browser.csproj
?? Horizon.bat
?? Horizon_Bootstrapper.bat
?? Install_Horizon_Browser_beta.ifp
?? LICENSE
?? LICENSE.rtf
?? LICENSE.txt
?? MainWindow.AdvancedCalc.cs
?? MainWindow.Widgets.cs
?? MainWindow.xaml
?? MainWindow.xaml.cs
?? MainWindow.xaml.cs.bak
?? Output/
?? PRIVACY_POLICY.md
?? README.md
?? Services/
?? Setup_Horizon_Browser_Alpha.ifp
?? Setup_Horizon_Browser_Beta.ifp
?? Setup_Horizon_Browser_Beta.iss
?? SmartCopy.ps1
?? "TERMS_OF SERVICE.txt"
?? Themes/
?? Uninstall/
?? Update_manager.bat
?? Update_manager_OLD.bat
?? ViewModels/
?? Views/
?? _SmartCopy.config.txt
?? backup.bat
?? changelog.txt
?? cookies.json
?? deploy_backend.ps1
?? deploy_branch.bat
?? dir
?? emergency_log_failure.txt
?? extra_files.txt
?? extra_folders.txt
?? global.json
?? history.json
?? horizon.conf
?? install_auto.ps1
?? logs/
?? maintenance_tool.bat
?? manage_build_files.bat
?? mapper_exclusions.txt
?? overlay.hta
?? path.txt
?? project_map_1782135374.txt
?? project_map_1784797406.txt
?? project_mapper.py
?? push_automation.py
?? push_to_github.py
?? restore.bat
?? src/
?? start_horizon.bat
?? start_mapper.bat
?? start_videos/
?? update.txt
?? update_orchestrator.bat
?? update_status.txt
?? version.txt
?? wallpapers/
2026-09-07 23:31:37,832 [DEBUG] stderr: 
2026-09-07 23:31:37,832 [DEBUG] Running: git rev-parse HEAD
2026-09-07 23:31:37,921 [DEBUG] stdout: HEAD
2026-09-07 23:31:37,922 [DEBUG] stderr: fatal: ambiguous argument 'HEAD': unknown revision or path not in the working tree.
Use '--' to separate paths from revisions, like this:
'git <command> [<revision>...] -- [<file>...]'
2026-09-07 23:31:37,922 [DEBUG] Running: git branch --list
2026-09-07 23:31:38,016 [DEBUG] stdout: 
2026-09-07 23:31:38,016 [DEBUG] stderr: 
2026-09-07 23:31:38,017 [DEBUG] Running: git checkout -b local_usable
2026-09-07 23:31:38,108 [DEBUG] stdout: 
2026-09-07 23:31:38,108 [DEBUG] stderr: Switched to a new branch 'local_usable'
2026-09-07 23:32:00,031 [DEBUG] Running: git add -A
2026-09-07 23:33:13,832 [DEBUG] stdout: 
2026-09-07 23:33:13,832 [DEBUG] stderr: warning: in the working copy of '.gitignore', LF will be replaced by CRLF the next time Git touches it
warning: in the working copy of 'Extensions/CRX-Extractor-Downloader-Chrome-Web-Store/README.md', LF will be replaced by CRLF the next time Git touches it
warning: in the working copy of 'Extensions/CRX-Extractor-Downloader-Chrome-Web-Store/background.js', LF will be replaced by CRLF the next time Git touches it
warning: in the working copy of 'Extensions/CRX-Extractor-Downloader-Chrome-Web-Store/manifest.json', LF will be replaced by CRLF the next time Git touches it
warning: in the working copy of 'Extensions/CRX-Extractor-Downloader-Chrome-Web-Store/popup.html', LF will be replaced by CRLF the next time Git touches it
warning: in the working copy of 'Extensions/CRX-Extractor-Downloader-Chrome-Web-Store/popup.js', LF will be replaced by CRLF the next time Git touches it
warning: in the working copy of 'Extensions/Linguist-web-page-translator-Chrome-Web-Store/_locales/af/messages.json', LF will be replaced by CRLF the next time Git touches it
warning: in the working copy of 'Extensions/Linguist-web-page-translator-Chrome-Web-Store/_locales/am/messages.json', LF will be replaced by CRLF the next time Git touches it
warning: in the working copy of 'Extensions/Linguist-web-page-translator-Chrome-Web-Store/_locales/ar/messages.json', LF will be replaced by CRLF the next time Git touches it
warning: in the working copy of 'Extensions/Linguist-web-page-translator-Chrome-Web-Store/_locales/as/messages.json', LF will be replaced by CRLF the next time Git touches it
warning: in the working copy of 'Extensions/Linguist-web-page-translator-Chrome-Web-Store/_locales/az/messages.json', LF will be replaced by CRLF the next time Git touches it
warning: in the working copy of 'Extensions/Linguist-web-page-translator-Chrome-Web-Store/_locales/be/messages.json', LF will be replaced by CRLF the next time Git touches it
warning: in the working copy of 'Extensions/Linguist-web-page-translator-Chrome-Web-Store/_locales/bg/messages.json', LF will be replaced by CRLF the next time Git touches it
warning: in the working copy of 'Extensions/Linguist-web-page-translator-Chrome-Web-Store/_locales/bn/messages.json', LF will be replaced by CRLF the next time Git touches it
warning: in the working copy of 'Extensions/Linguist-web-page-translator-Chrome-Web-Store/_locales/ca/messages.json', LF will be replaced by CRLF the next time Git touches it
warning: in the working copy of 'Extensions/Linguist-web-page-translator-Chrome-Web-Store/_locales/cs/messages.json', LF will be replaced by CRLF the next time Git touches it
warning: in the working copy of 'Extensions/Linguist-web-page-translator-Chrome-Web-Store/_locales/da/messages.json', LF will be replaced by CRLF the next time Git touches it
warning: in the working copy of 'Extensions/Linguist-web-page-translator-Chrome-Web-Store/_locales/de/messages.json', LF will be replaced by CRLF the next time Git touches it
warning: in the working copy of 'Extensions/Linguist-web-page-translator-Chrome-Web-Store/_locales/el/messages.json', LF will be replaced by CRLF the next time Git touches it
warning: in the working copy of 'Extensions/Linguist-web-page-translator-Chrome-Web-Store/_locales/en/messages.json', LF will be replaced by CRLF the next time Git touches it
warning: in the working copy of 'Extensions/Linguist-web-page-translator-Chrome-Web-Store/_locales/es/messages.json', LF will be replaced by CRLF the next time Git touches it
warning: in the working copy of 'Extensions/Linguist-web-page-translator-Chrome-Web-Store/_locales/et/messages.json', LF will be replaced by CRLF the next time Git touches it
warning: in the working copy of 'Extensions/Linguist-web-page-translator-Chrome-Web-Store/_locales/fa/messages.json', LF will be replaced by CRLF the next time Git touches it
warning: in the working copy of 'Extensions/Linguist-web-page-translator-Chrome-Web-Store/_locales/ff/messages.json', LF will be replaced by CRLF the next time Git touches it
warning: in the working copy of 'Extensions/Linguist-web-page-translator-Chrome-Web-Store/_locales/fi/messages.json', LF will be replaced by CRLF the next time Git touches it
warning: in the working copy of 'Extensions/Linguist-web-page-translator-Chrome-Web-Store/_locales/fil/messages.json', LF will be replaced by CRLF the next time Git touches it
warning: in the working copy of 'Extensions/Linguist-web-page-translator-Chrome-Web-Store/_locales/fr/messages.json', LF will be replaced by CRLF the next time Git touches it
warning: in the working copy of 'Extensions/Linguist-web-page-translator-Chrome-Web-Store/_locales/gn/messages.json', LF will be replaced by CRLF the next time Git touches it
warning: in the working copy of 'Extensions/Linguist-web-page-translator-Chrome-Web-Store/_locales/gu/messages.json', LF will be replaced by CRLF the next time Git touches it
warning: in the working copy of 'Extensions/Linguist-web-page-translator-Chrome-Web-Store/_locales/ha/messages.json', LF will be replaced by CRLF the next time Git touches it
warning: in the working copy of 'Extensions/Linguist-web-page-translator-Chrome-Web-Store/_locales/he/messages.json', LF will be replaced by CRLF the next time Git touches it
warning: in the working copy of 'Extensions/Linguist-web-page-translator-Chrome-Web-Store/_locales/hi/messages.json', LF will be replaced by CRLF the next time Git touches it
warning: in the working copy of 'Extensions/Linguist-web-page-translator-Chrome-Web-Store/_locales/hr/messages.json', LF will be replaced by CRLF the next time Git touches it
warning: in the working copy of 'Extensions/Linguist-web-page-translator-Chrome-Web-Store/_locales/ht/messages.json', LF will be replaced by CRLF the next time Git touches it
warning: in the working copy of 'Extensions/Linguist-web-page-translator-Chrome-Web-Store/_locales/hu/messages.json', LF will be replaced by CRLF the next time Git touches it
warning: in the working copy of 'Extensions/Linguist-web-page-translator-Chrome-Web-Store/_locales/hy/messages.json', LF will be replaced by CRLF the next time Git touches it
warning: in the working copy of 'Extensions/Linguist-web-page-translator-Chrome-Web-Store/_locales/id/messages.json', LF will be replaced by CRLF the next time Git touches it
warning: in the working copy of 'Extensions/Linguist-web-page-translator-Chrome-Web-Store/_locales/ig/messages.json', LF will be replaced by CRLF the next time Git touches it
warning: in the working copy of 'Extensions/Linguist-web-page-translator-Chrome-Web-Store/_locales/it/messages.json', LF will be replaced by CRLF the next time Git touches it
warning: in the working copy of 'Extensions/Linguist-web-page-translator-Chrome-Web-Store/_locales/ja/messages.json', LF will be replaced by CRLF the next time Git touches it
warning: in the working copy of 'Extensions/Linguist-web-page-translator-Chrome-Web-Store/_locales/jv/messages.json', LF will be replaced by CRLF the next time Git touches it
warning: in the working copy of 'Extensions/Linguist-web-page-translator-Chrome-Web-Store/_locales/kg/messages.json', LF will be replaced by CRLF the next time Git touches it
warning: in the working copy of 'Extensions/Linguist-web-page-translator-Chrome-Web-Store/_locales/kk/messages.json', LF will be replaced by CRLF the next time Git touches it
warning: in the working copy of 'Extensions/Linguist-web-page-translator-Chrome-Web-Store/_locales/km/messages.json', LF will be replaced by CRLF the next time Git touches it
warning: in the working copy of 'Extensions/Linguist-web-page-translator-Chrome-Web-Store/_locales/kn/messages.json', LF will be replaced by CRLF the next time Git touches it
warning: in the working copy of 'Extensions/Linguist-web-page-translator-Chrome-Web-Store/_locales/ko/messages.json', LF will be replaced by CRLF the next time Git touches it
warning: in the working copy of 'Extensions/Linguist-web-page-translator-Chrome-Web-Store/_locales/kr/messages.json', LF will be replaced by CRLF the next time Git touches it
warning: in the working copy of 'Extensions/Linguist-web-page-translator-Chrome-Web-Store/_locales/ks/messages.json', LF will be replaced by CRLF the next time Git touches it
warning: in the working copy of 'Extensions/Linguist-web-page-translator-Chrome-Web-Store/_locales/ku/messages.json', LF will be replaced by CRLF the next time Git touches it
warning: in the working copy of 'Extensions/Linguist-web-page-translator-Chrome-Web-Store/_locales/ky/messages.json', LF will be replaced by CRLF the next time Git touches it
warning: in the working copy of 'Extensions/Linguist-web-page-translator-Chrome-Web-Store/_locales/lg/messages.json', LF will be replaced by CRLF the next time Git touches it
warning: in the working copy of 'Extensions/Linguist-web-page-translator-Chrome-Web-Store/_locales/ln/messages.json', LF will be replaced by CRLF the next time Git touches it
warning: in the working copy of 'Extensions/Linguist-web-page-translator-Chrome-Web-Store/_locales/lo/messages.json', LF will be replaced by CRLF the next time Git touches it
warning: in the working copy of 'Extensions/Linguist-web-page-translator-Chrome-Web-Store/_locales/lt/messages.json', LF will be replaced by CRLF the next time Git touches it
warning: in the working copy of 'Extensions/Linguist-web-page-translator-Chrome-Web-Store/_locales/lv/messages.json', LF will be replaced by CRLF the next time Git touches it
warning: in the working copy of 'Extensions/Linguist-web-page-translator-Chrome-Web-Store/_locales/mg/messages.json', LF will be replaced by CRLF the next time Git touches it
warning: in the working copy of 'Extensions/Linguist-web-page-translator-Chrome-Web-Store/_locales/ml/messages.json', LF will be replaced by CRLF the next time Git touches it
warning: in the working copy of 'Extensions/Linguist-web-page-translator-Chrome-Web-Store/_locales/mn/messages.json', LF will be replaced by CRLF the next time Git touches it
warning: in the working copy of 'Extensions/Linguist-web-page-translator-Chrome-Web-Store/_locales/mr/messages.json', LF will be replaced by CRLF the next time Git touches it
warning: in the working copy of 'Extensions/Linguist-web-page-translator-Chrome-Web-Store/_locales/ms/messages.json', LF will be replaced by CRLF the next time Git touches it
warning: in the working copy of 'Extensions/Linguist-web-page-translator-Chrome-Web-Store/_locales/my/messages.json', LF will be replaced by CRLF the next time Git touches it
warning: in the working copy of 'Extensions/Linguist-web-page-translator-Chrome-Web-Store/_locales/ne/messages.json', LF will be replaced by CRLF the next time Git touches it
warning: in the working copy of 'Extensions/Linguist-web-page-translator-Chrome-Web-Store/_locales/nl/messages.json', LF will be replaced by CRLF the next time Git touches it
warning: in the working copy of 'Extensions/Linguist-web-page-translator-Chrome-Web-Store/_locales/no/messages.json', LF will be replaced by CRLF the next time Git touches it
warning: in the working copy of 'Extensions/Linguist-web-page-translator-Chrome-Web-Store/_locales/ny/messages.json', LF will be replaced by CRLF the next time Git touches it
warning: in the working copy of 'Extensions/Linguist-web-page-translator-Chrome-Web-Store/_locales/om/messages.json', LF will be replaced by CRLF the next time Git touches it
warning: in the working copy of 'Extensions/Linguist-web-page-translator-Chrome-Web-Store/_locales/or/messages.json', LF will be replaced by CRLF the next time Git touches it
warning: in the working copy of 'Extensions/Linguist-web-page-translator-Chrome-Web-Store/_locales/pa/messages.json', LF will be replaced by CRLF the next time Git touches it
warning: in the working copy of 'Extensions/Linguist-web-page-translator-Chrome-Web-Store/_locales/pl/messages.json', LF will be replaced by CRLF the next time Git touches it
warning: in the working copy of 'Extensions/Linguist-web-page-translator-Chrome-Web-Store/_locales/ps/messages.json', LF will be replaced by CRLF the next time Git touches it
warning: in the working copy of 'Extensions/Linguist-web-page-translator-Chrome-Web-Store/_locales/pt/messages.json', LF will be replaced by CRLF the next time Git touches it
warning: in the working copy of 'Extensions/Linguist-web-page-translator-Chrome-Web-Store/_locales/rn/messages.json', LF will be replaced by CRLF the next time Git touches it
warning: in the working copy of 'Extensions/Linguist-web-page-translator-Chrome-Web-Store/_locales/ro/messages.json', LF will be replaced by CRLF the next time Git touches it
warning: in the working copy of 'Extensions/Linguist-web-page-translator-Chrome-Web-Store/_locales/ru/messages.json', LF will be replaced by CRLF the next time Git touches it
warning: in the working copy of 'Extensions/Linguist-web-page-translator-Chrome-Web-Store/_locales/rw/messages.json', LF will be replaced by CRLF the next time Git touches it
warning: in the working copy of 'Extensions/Linguist-web-page-translator-Chrome-Web-Store/_locales/sd/messages.json', LF will be replaced by CRLF the next time Git touches it
warning: in the working copy of 'Extensions/Linguist-web-page-translator-Chrome-Web-Store/_locales/sh/messages.json', LF will be replaced by CRLF the next time Git touches it
warning: in the working copy of 'Extensions/Linguist-web-page-translator-Chrome-Web-Store/_locales/si/messages.json', LF will be replaced by CRLF the next time Git touches it
warning: in the working copy of 'Extensions/Linguist-web-page-translator-Chrome-Web-Store/_locales/sk/messages.json', LF will be replaced by CRLF the next time Git touches it
warning: in the working copy of 'Extensions/Linguist-web-page-translator-Chrome-Web-Store/_locales/sl/messages.json', LF will be replaced by CRLF the next time Git touches it
warning: in the working copy of 'Extensions/Linguist-web-page-translator-Chrome-Web-Store/_locales/sn/messages.json', LF will be replaced by CRLF the next time Git touches it
warning: in the working copy of 'Extensions/Linguist-web-page-translator-Chrome-Web-Store/_locales/so/messages.json', LF will be replaced by CRLF the next time Git touches it
warning: in the working copy of 'Extensions/Linguist-web-page-translator-Chrome-Web-Store/_locales/sq/messages.json', LF will be replaced by CRLF the next time Git touches it
warning: in the working copy of 'Extensions/Linguist-web-page-translator-Chrome-Web-Store/_locales/sr/messages.json', LF will be replaced by CRLF the next time Git touches it
warning: in the working copy of 'Extensions/Linguist-web-page-translator-Chrome-Web-Store/_locales/st/messages.json', LF will be replaced by CRLF the next time Git touches it
warning: in the working copy of 'Extensions/Linguist-web-page-translator-Chrome-Web-Store/_locales/su/messages.json', LF will be replaced by CRLF the next time Git touches it
warning: in the working copy of 'Extensions/Linguist-web-page-translator-Chrome-Web-Store/_locales/sv/messages.json', LF will be replaced by CRLF the next time Git touches it
warning: in the working copy of 'Extensions/Linguist-web-page-translator-Chrome-Web-Store/_locales/sw/messages.json', LF will be replaced by CRLF the next time Git touches it
warning: in the working copy of 'Extensions/Linguist-web-page-translator-Chrome-Web-Store/_locales/ta/messages.json', LF will be replaced by CRLF the next time Git touches it
warning: in the working copy of 'Extensions/Linguist-web-page-translator-Chrome-Web-Store/_locales/te/messages.json', LF will be replaced by CRLF the next time Git touches it
warning: in the working copy of 'Extensions/Linguist-web-page-translator-Chrome-Web-Store/_locales/tg/messages.json', LF will be replaced by CRLF the next time Git touches it
warning: in the working copy of 'Extensions/Linguist-web-page-translator-Chrome-Web-Store/_locales/th/messages.json', LF will be replaced by CRLF the next time Git touches it
warning: in the working copy of 'Extensions/Linguist-web-page-translator-Chrome-Web-Store/_locales/tk/messages.json', LF will be replaced by CRLF the next time Git touches it
warning: in the working copy of 'Extensions/Linguist-web-page-translator-Chrome-Web-Store/_locales/tl/messages.json', LF will be replaced by CRLF the next time Git touches it
warning: in the working copy of 'Extensions/Linguist-web-page-translator-Chrome-Web-Store/_locales/tn/messages.json', LF will be replaced by CRLF the next time Git touches it
warning: in the working copy of 'Extensions/Linguist-web-page-translator-Chrome-Web-Store/_locales/tr/messages.json', LF will be replaced by CRLF the next time Git touches it
warning: in the working copy of 'Extensions/Linguist-web-page-translator-Chrome-Web-Store/_locales/tt/messages.json', LF will be replaced by CRLF the next time Git touches it
warning: in the working copy of 'Extensions/Linguist-web-page-translator-Chrome-Web-Store/_locales/ug/messages.json', LF will be replaced by CRLF the next time Git touches it
warning: in the working copy of 'Extensions/Linguist-web-page-translator-Chrome-Web-Store/_locales/uk/messages.json', LF will be replaced by CRLF the next time Git touches it
warning: in the working copy of 'Extensions/Linguist-web-page-translator-Chrome-Web-Store/_locales/uz/messages.json', LF will be replaced by CRLF the next time Git touches it
warning: in the working copy of 'Extensions/Linguist-web-page-translator-Chrome-Web-Store/_locales/vi/messages.json', LF will be replaced by CRLF the next time Git touches it
warning: in the working copy of 'Extensions/Linguist-web-page-translator-Chrome-Web-Store/_locales/xh/messages.json', LF will be replaced by CRLF the next time Git touches it
warning: in the working copy of 'Extensions/Linguist-web-page-translator-Chrome-Web-Store/_locales/yi/messages.json', LF will be replaced by CRLF the next time Git touches it
warning: in the working copy of 'Extensions/Linguist-web-page-translator-Chrome-Web-Store/_locales/yo/messages.json', LF will be replaced by CRLF the next time Git touches it
warning: in the working copy of 'Extensions/Linguist-web-page-translator-Chrome-Web-Store/_locales/zh/messages.json', LF will be replaced by CRLF the next time Git touches it
warning: in the working copy of 'Extensions/Linguist-web-page-translator-Chrome-Web-Store/_locales/zu/messages.json', LF will be replaced by CRLF the next time Git touches it
warning: in the working copy of 'Extensions/Linguist-web-page-translator-Chrome-Web-Store/background-script.js', LF will be replaced by CRLF the next time Git touches it
warning: in the working copy of 'Extensions/Linguist-web-page-translator-Chrome-Web-Store/background-script.js.LICENSE.txt', LF will be replaced by CRLF the next time Git touches it
warning: in the working copy of 'Extensions/Linguist-web-page-translator-Chrome-Web-Store/contentscript.css', LF will be replaced by CRLF the next time Git touches it
warning: in the working copy of 'Extensions/Linguist-web-page-translator-Chrome-Web-Store/contentscript.js', LF will be replaced by CRLF the next time Git touches it
warning: in the working copy of 'Extensions/Linguist-web-page-translator-Chrome-Web-Store/contentscript.js.LICENSE.txt', LF will be replaced by CRLF the next time Git touches it
warning: in the working copy of 'Extensions/Linguist-web-page-translator-Chrome-Web-Store/manifest.json', LF will be replaced by CRLF the next time Git touches it
warning: in the working copy of 'Extensions/Linguist-web-page-translator-Chrome-Web-Store/offscreen-documents/main/main.html', LF will be replaced by CRLF the next time Git touches it
warning: in the working copy of 'Extensions/Linguist-web-page-translator-Chrome-Web-Store/offscreen-documents/translator/translator.html', LF will be replaced by CRLF the next time Git touches it
warning: in the working copy of 'Extensions/Linguist-web-page-translator-Chrome-Web-Store/offscreen-documents/worker/worker.html', LF will be replaced by CRLF the next time Git touches it
warning: in the working copy of 'Extensions/Linguist-web-page-translator-Chrome-Web-Store/pages/dictionary/dictionary.css', LF will be replaced by CRLF the next time Git touches it
warning: in the working copy of 'Extensions/Linguist-web-page-translator-Chrome-Web-Store/pages/dictionary/dictionary.html', LF will be replaced by CRLF the next time Git touches it
warning: in the working copy of 'Extensions/Linguist-web-page-translator-Chrome-Web-Store/pages/dictionary/dictionary.js', LF will be replaced by CRLF the next time Git touches it
warning: in the working copy of 'Extensions/Linguist-web-page-translator-Chrome-Web-Store/pages/dictionary/dictionary.js.LICENSE.txt', LF will be replaced by CRLF the next time Git touches it
warning: in the working copy of 'Extensions/Linguist-web-page-translator-Chrome-Web-Store/pages/history/history.css', LF will be replaced by CRLF the next time Git touches it
warning: in the working copy of 'Extensions/Linguist-web-page-translator-Chrome-Web-Store/pages/history/history.html', LF will be replaced by CRLF the next time Git touches it
warning: in the working copy of 'Extensions/Linguist-web-page-translator-Chrome-Web-Store/pages/history/history.js', LF will be replaced by CRLF the next time Git touches it
warning: in the working copy of 'Extensions/Linguist-web-page-translator-Chrome-Web-Store/pages/history/history.js.LICENSE.txt', LF will be replaced by CRLF the next time Git touches it
warning: in the working copy of 'Extensions/Linguist-web-page-translator-Chrome-Web-Store/pages/options/options.css', LF will be replaced by CRLF the next time Git touches it
warning: in the working copy of 'Extensions/Linguist-web-page-translator-Chrome-Web-Store/pages/options/options.html', LF will be replaced by CRLF the next time Git touches it
warning: in the working copy of 'Extensions/Linguist-web-page-translator-Chrome-Web-Store/pages/options/options.js', LF will be replaced by CRLF the next time Git touches it
warning: in the working copy of 'Extensions/Linguist-web-page-translator-Chrome-Web-Store/pages/options/options.js.LICENSE.txt', LF will be replaced by CRLF the next time Git touches it
warning: in the working copy of 'Extensions/Linguist-web-page-translator-Chrome-Web-Store/pages/popup/popup.css', LF will be replaced by CRLF the next time Git touches it
warning: in the working copy of 'Extensions/Linguist-web-page-translator-Chrome-Web-Store/pages/popup/popup.html', LF will be replaced by CRLF the next time Git touches it
warning: in the working copy of 'Extensions/Linguist-web-page-translator-Chrome-Web-Store/pages/popup/popup.js', LF will be replaced by CRLF the next time Git touches it
warning: in the working copy of 'Extensions/Linguist-web-page-translator-Chrome-Web-Store/pages/popup/popup.js.LICENSE.txt', LF will be replaced by CRLF the next time Git touches it
warning: in the working copy of 'Extensions/Linguist-web-page-translator-Chrome-Web-Store/static/logo.svg', LF will be replaced by CRLF the next time Git touches it
warning: in the working copy of 'Extensions/Remove-Paywalls-Chrome-Web-Store/background.js', LF will be replaced by CRLF the next time Git touches it
warning: in the working copy of 'Extensions/Remove-Paywalls-Chrome-Web-Store/manifest.json', LF will be replaced by CRLF the next time Git touches it
warning: in the working copy of 'Extensions/Remove-Paywalls-Chrome-Web-Store/popup.html', LF will be replaced by CRLF the next time Git touches it
warning: in the working copy of 'Extensions/Remove-Paywalls-Chrome-Web-Store/popup.js', LF will be replaced by CRLF the next time Git touches it
warning: in the working copy of 'Extensions/Save-It-Later-Chrome-Web-Store/README.md', LF will be replaced by CRLF the next time Git touches it
warning: in the working copy of 'Extensions/Save-It-Later-Chrome-Web-Store/SAVE_FLOW.md', LF will be replaced by CRLF the next time Git touches it
warning: in the working copy of 'Extensions/Save-It-Later-Chrome-Web-Store/SECURITY.md', LF will be replaced by CRLF the next time Git touches it
warning: in the working copy of 'Extensions/Save-It-Later-Chrome-Web-Store/auth.js', LF will be replaced by CRLF the next time Git touches it
warning: in the working copy of 'Extensions/Save-It-Later-Chrome-Web-Store/background.js', LF will be replaced by CRLF the next time Git touches it
warning: in the working copy of 'Extensions/Save-It-Later-Chrome-Web-Store/bookmarks.html', LF will be replaced by CRLF the next time Git touches it
warning: in the working copy of 'Extensions/Save-It-Later-Chrome-Web-Store/bookmarks.js', LF will be replaced by CRLF the next time Git touches it
warning: in the working copy of 'Extensions/Save-It-Later-Chrome-Web-Store/categorization-service.js', LF will be replaced by CRLF the next time Git touches it
warning: in the working copy of 'Extensions/Save-It-Later-Chrome-Web-Store/config.js', LF will be replaced by CRLF the next time Git touches it
warning: in the working copy of 'Extensions/Save-It-Later-Chrome-Web-Store/firestore.js', LF will be replaced by CRLF the next time Git touches it
warning: in the working copy of 'Extensions/Save-It-Later-Chrome-Web-Store/icons/README.md', LF will be replaced by CRLF the next time Git touches it
warning: in the working copy of 'Extensions/Save-It-Later-Chrome-Web-Store/manifest.json', LF will be replaced by CRLF the next time Git touches it
warning: in the working copy of 'Extensions/Save-It-Later-Chrome-Web-Store/metadata-fetcher.js', LF will be replaced by CRLF the next time Git touches it
warning: in the working copy of 'Extensions/Save-It-Later-Chrome-Web-Store/package-for-store.sh', LF will be replaced by CRLF the next time Git touches it
warning: in the working copy of 'Extensions/Save-It-Later-Chrome-Web-Store/popup.css', LF will be replaced by CRLF the next time Git touches it
warning: in the working copy of 'Extensions/Save-It-Later-Chrome-Web-Store/popup.html', LF will be replaced by CRLF the next time Git touches it
warning: in the working copy of 'Extensions/Save-It-Later-Chrome-Web-Store/popup.js', LF will be replaced by CRLF the next time Git touches it
warning: in the working copy of 'Extensions/SponsorBlock-for-YouTube-Skip-Sponsorships-Chrome-Web-Store/content.css', LF will be replaced by CRLF the next time Git touches it
warning: in the working copy of 'Extensions/SponsorBlock-for-YouTube-Skip-Sponsorships-Chrome-Web-Store/help/index.html', LF will be replaced by CRLF the next time Git touches it
warning: in the working copy of 'Extensions/SponsorBlock-for-YouTube-Skip-Sponsorships-Chrome-Web-Store/help/styles.css', LF will be replaced by CRLF the next time Git touches it
warning: in the working copy of 'Extensions/SponsorBlock-for-YouTube-Skip-Sponsorships-Chrome-Web-Store/icons/PlayerCancelSegmentIconSponsorBlocker.svg', LF will be replaced by CRLF the next time Git touches it
warning: in the working copy of 'Extensions/SponsorBlock-for-YouTube-Skip-Sponsorships-Chrome-Web-Store/icons/PlayerDeleteIconSponsorBlocker.svg', LF will be replaced by CRLF the next time Git touches it
warning: in the working copy of 'Extensions/SponsorBlock-for-YouTube-Skip-Sponsorships-Chrome-Web-Store/icons/PlayerInfoIconSponsorBlocker.svg', LF will be replaced by CRLF the next time Git touches it
warning: in the working copy of 'Extensions/SponsorBlock-for-YouTube-Skip-Sponsorships-Chrome-Web-Store/icons/PlayerStartIconSponsorBlocker.svg', LF will be replaced by CRLF the next time Git touches it
warning: in the working copy of 'Extensions/SponsorBlock-for-YouTube-Skip-Sponsorships-Chrome-Web-Store/icons/PlayerStopIconSponsorBlocker.svg', LF will be replaced by CRLF the next time Git touches it
warning: in the working copy of 'Extensions/SponsorBlock-for-YouTube-Skip-Sponsorships-Chrome-Web-Store/icons/PlayerUploadFailedIconSponsorBlocker.svg', LF will be replaced by CRLF the next time Git touches it
warning: in the working copy of 'Extensions/SponsorBlock-for-YouTube-Skip-Sponsorships-Chrome-Web-Store/icons/PlayerUploadIconSponsorBlocker.svg', LF will be replaced by CRLF the next time Git touches it
warning: in the working copy of 'Extensions/SponsorBlock-for-YouTube-Skip-Sponsorships-Chrome-Web-Store/icons/bolt.svg', LF will be replaced by CRLF the next time Git touches it
warning: in the working copy of 'Extensions/SponsorBlock-for-YouTube-Skip-Sponsorships-Chrome-Web-Store/icons/campaign.svg', LF will be replaced by CRLF the next time Git touches it
warning: in the working copy of 'Extensions/SponsorBlock-for-YouTube-Skip-Sponsorships-Chrome-Web-Store/icons/check-smaller.svg', LF will be replaced by CRLF the next time Git touches it
warning: in the working copy of 'Extensions/SponsorBlock-for-YouTube-Skip-Sponsorships-Chrome-Web-Store/icons/close-smaller.svg', LF will be replaced by CRLF the next time Git touches it
warning: in the working copy of 'Extensions/SponsorBlock-for-YouTube-Skip-Sponsorships-Chrome-Web-Store/icons/dearrow.svg', LF will be replaced by CRLF the next time Git touches it
warning: in the working copy of 'Extensions/SponsorBlock-for-YouTube-Skip-Sponsorships-Chrome-Web-Store/icons/export.svg', LF will be replaced by CRLF the next time Git touches it
warning: in the working copy of 'Extensions/SponsorBlock-for-YouTube-Skip-Sponsorships-Chrome-Web-Store/icons/heart.svg', LF will be replaced by CRLF the next time Git touches it
warning: in the working copy of 'Extensions/SponsorBlock-for-YouTube-Skip-Sponsorships-Chrome-Web-Store/icons/help.svg', LF will be replaced by CRLF the next time Git touches it
warning: in the working copy of 'Extensions/SponsorBlock-for-YouTube-Skip-Sponsorships-Chrome-Web-Store/icons/import.svg', LF will be replaced by CRLF the next time Git touches it
warning: in the working copy of 'Extensions/SponsorBlock-for-YouTube-Skip-Sponsorships-Chrome-Web-Store/icons/lightbulb.svg', LF will be replaced by CRLF the next time Git touches it
warning: in the working copy of 'Extensions/SponsorBlock-for-YouTube-Skip-Sponsorships-Chrome-Web-Store/icons/loop.svg', LF will be replaced by CRLF the next time Git touches it
warning: in the working copy of 'Extensions/SponsorBlock-for-YouTube-Skip-Sponsorships-Chrome-Web-Store/icons/looped.svg', LF will be replaced by CRLF the next time Git touches it
warning: in the working copy of 'Extensions/SponsorBlock-for-YouTube-Skip-Sponsorships-Chrome-Web-Store/icons/money.svg', LF will be replaced by CRLF the next time Git touches it
warning: in the working copy of 'Extensions/SponsorBlock-for-YouTube-Skip-Sponsorships-Chrome-Web-Store/icons/music-note.svg', LF will be replaced by CRLF the next time Git touches it
warning: in the working copy of 'Extensions/SponsorBlock-for-YouTube-Skip-Sponsorships-Chrome-Web-Store/icons/not_visible.svg', LF will be replaced by CRLF the next time Git touches it
warning: in the working copy of 'Extensions/SponsorBlock-for-YouTube-Skip-Sponsorships-Chrome-Web-Store/icons/pause.svg', LF will be replaced by CRLF the next time Git touches it
warning: in the working copy of 'Extensions/SponsorBlock-for-YouTube-Skip-Sponsorships-Chrome-Web-Store/icons/pride.svg', LF will be replaced by CRLF the next time Git touches it
warning: in the working copy of 'Extensions/SponsorBlock-for-YouTube-Skip-Sponsorships-Chrome-Web-Store/icons/right-arrow.svg', LF will be replaced by CRLF the next time Git touches it
warning: in the working copy of 'Extensions/SponsorBlock-for-YouTube-Skip-Sponsorships-Chrome-Web-Store/icons/skipIcon.svg', LF will be replaced by CRLF the next time Git touches it
warning: in the working copy of 'Extensions/SponsorBlock-for-YouTube-Skip-Sponsorships-Chrome-Web-Store/icons/star.svg', LF will be replaced by CRLF the next time Git touches it
warning: in the working copy of 'Extensions/SponsorBlock-for-YouTube-Skip-Sponsorships-Chrome-Web-Store/icons/stop.svg', LF will be replaced by CRLF the next time Git touches it
warning: in the working copy of 'Extensions/SponsorBlock-for-YouTube-Skip-Sponsorships-Chrome-Web-Store/icons/stopwatch.svg', LF will be replaced by CRLF the next time Git touches it
warning: in the working copy of 'Extensions/SponsorBlock-for-YouTube-Skip-Sponsorships-Chrome-Web-Store/icons/thumbs_down.svg', LF will be replaced by CRLF the next time Git touches it
warning: in the working copy of 'Extensions/SponsorBlock-for-YouTube-Skip-Sponsorships-Chrome-Web-Store/icons/thumbs_down_locked.svg', LF will be replaced by CRLF the next time Git touches it
warning: in the working copy of 'Extensions/SponsorBlock-for-YouTube-Skip-Sponsorships-Chrome-Web-Store/icons/thumbs_up.svg', LF will be replaced by CRLF the next time Git touches it
warning: in the working copy of 'Extensions/SponsorBlock-for-YouTube-Skip-Sponsorships-Chrome-Web-Store/icons/upvote.svg', LF will be replaced by CRLF the next time Git touches it
warning: in the working copy of 'Extensions/SponsorBlock-for-YouTube-Skip-Sponsorships-Chrome-Web-Store/js/background.js', LF will be replaced by CRLF the next time Git touches it
warning: in the working copy of 'Extensions/SponsorBlock-for-YouTube-Skip-Sponsorships-Chrome-Web-Store/js/content.js', LF will be replaced by CRLF the next time Git touches it
warning: in the working copy of 'Extensions/SponsorBlock-for-YouTube-Skip-Sponsorships-Chrome-Web-Store/js/content.js.LICENSE.txt', LF will be replaced by CRLF the next time Git touches it
warning: in the working copy of 'Extensions/SponsorBlock-for-YouTube-Skip-Sponsorships-Chrome-Web-Store/js/help.js', LF will be replaced by CRLF the next time Git touches it
warning: in the working copy of 'Extensions/SponsorBlock-for-YouTube-Skip-Sponsorships-Chrome-Web-Store/js/options.js', LF will be replaced by CRLF the next time Git touches it
warning: in the working copy of 'Extensions/SponsorBlock-for-YouTube-Skip-Sponsorships-Chrome-Web-Store/js/options.js.LICENSE.txt', LF will be replaced by CRLF the next time Git touches it
warning: in the working copy of 'Extensions/SponsorBlock-for-YouTube-Skip-Sponsorships-Chrome-Web-Store/js/permissions.js', LF will be replaced by CRLF the next time Git touches it
warning: in the working copy of 'Extensions/SponsorBlock-for-YouTube-Skip-Sponsorships-Chrome-Web-Store/js/popup.js', LF will be replaced by CRLF the next time Git touches it
warning: in the working copy of 'Extensions/SponsorBlock-for-YouTube-Skip-Sponsorships-Chrome-Web-Store/js/popup.js.LICENSE.txt', LF will be replaced by CRLF the next time Git touches it
warning: in the working copy of 'Extensions/SponsorBlock-for-YouTube-Skip-Sponsorships-Chrome-Web-Store/libs/Source+Sans+Pro.css', LF will be replaced by CRLF the next time Git touches it
warning: in the working copy of 'Extensions/SponsorBlock-for-YouTube-Skip-Sponsorships-Chrome-Web-Store/manifest.json', LF will be replaced by CRLF the next time Git touches it
warning: in the working copy of 'Extensions/SponsorBlock-for-YouTube-Skip-Sponsorships-Chrome-Web-Store/options/options.css', LF will be replaced by CRLF the next time Git touches it
warning: in the working copy of 'Extensions/SponsorBlock-for-YouTube-Skip-Sponsorships-Chrome-Web-Store/options/options.html', LF will be replaced by CRLF the next time Git touches it
warning: in the working copy of 'Extensions/SponsorBlock-for-YouTube-Skip-Sponsorships-Chrome-Web-Store/oss-attribution/attribution.txt', LF will be replaced by CRLF the next time Git touches it
warning: in the working copy of 'Extensions/SponsorBlock-for-YouTube-Skip-Sponsorships-Chrome-Web-Store/permissions/index.html', LF will be replaced by CRLF the next time Git touches it
warning: in the working copy of 'Extensions/SponsorBlock-for-YouTube-Skip-Sponsorships-Chrome-Web-Store/permissions/styles.css', LF will be replaced by CRLF the next time Git touches it
warning: in the working copy of 'Extensions/SponsorBlock-for-YouTube-Skip-Sponsorships-Chrome-Web-Store/popup.css', LF will be replaced by CRLF the next time Git touches it
warning: in the working copy of 'Extensions/SponsorBlock-for-YouTube-Skip-Sponsorships-Chrome-Web-Store/popup.html', LF will be replaced by CRLF the next time Git touches it
warning: in the working copy of 'Extensions/SponsorBlock-for-YouTube-Skip-Sponsorships-Chrome-Web-Store/shared.css', LF will be replaced by CRLF the next time Git touches it
warning: in the working copy of 'Extensions/TWP-Translate-[BETA]-Chrome-Web-Store/background/background.js', LF will be replaced by CRLF the next time Git touches it
warning: in the working copy of 'Extensions/TWP-Translate-[BETA]-Chrome-Web-Store/background/textToSpeech.js', LF will be replaced by CRLF the next time Git touches it
warning: in the working copy of 'Extensions/TWP-Translate-[BETA]-Chrome-Web-Store/background/translationCache.js', LF will be replaced by CRLF the next time Git touches it
warning: in the working copy of 'Extensions/TWP-Translate-[BETA]-Chrome-Web-Store/background/translationService.js', LF will be replaced by CRLF the next time Git touches it
warning: in the working copy of 'Extensions/TWP-Translate-[BETA]-Chrome-Web-Store/contentScript/checkScriptIsInjected.js', LF will be replaced by CRLF the next time Git touches it
warning: in the working copy of 'Extensions/TWP-Translate-[BETA]-Chrome-Web-Store/contentScript/deepl.js', LF will be replaced by CRLF the next time Git touches it
warning: in the working copy of 'Extensions/TWP-Translate-[BETA]-Chrome-Web-Store/contentScript/pageTranslator.js', LF will be replaced by CRLF the next time Git touches it
warning: in the working copy of 'Extensions/TWP-Translate-[BETA]-Chrome-Web-Store/contentScript/popupMobile.js', LF will be replaced by CRLF the next time Git touches it
warning: in the working copy of 'Extensions/TWP-Translate-[BETA]-Chrome-Web-Store/contentScript/showOriginal.js', LF will be replaced by CRLF the next time Git touches it
warning: in the working copy of 'Extensions/TWP-Translate-[BETA]-Chrome-Web-Store/contentScript/showTranslated.js', LF will be replaced by CRLF the next time Git touches it
warning: in the working copy of 'Extensions/TWP-Translate-[BETA]-Chrome-Web-Store/contentScript/translateSelected.js', LF will be replaced by CRLF the next time Git touches it
warning: in the working copy of 'Extensions/TWP-Translate-[BETA]-Chrome-Web-Store/lib/XMLHttpRequestShim.js', LF will be replaced by CRLF the next time Git touches it
warning: in the working copy of 'Extensions/TWP-Translate-[BETA]-Chrome-Web-Store/lib/checkedLastError.js', LF will be replaced by CRLF the next time Git touches it
warning: in the working copy of 'Extensions/TWP-Translate-[BETA]-Chrome-Web-Store/lib/config.js', LF will be replaced by CRLF the next time Git touches it
warning: in the working copy of 'Extensions/TWP-Translate-[BETA]-Chrome-Web-Store/lib/i18n.js', LF will be replaced by CRLF the next time Git touches it
warning: in the working copy of 'Extensions/TWP-Translate-[BETA]-Chrome-Web-Store/lib/languages.js', LF will be replaced by CRLF the next time Git touches it
warning: in the working copy of 'Extensions/TWP-Translate-[BETA]-Chrome-Web-Store/lib/platformInfo.js', LF will be replaced by CRLF the next time Git touches it
warning: in the working copy of 'Extensions/TWP-Translate-[BETA]-Chrome-Web-Store/lib/polyfill.js', LF will be replaced by CRLF the next time Git touches it
warning: in the working copy of 'Extensions/TWP-Translate-[BETA]-Chrome-Web-Store/lib/stuff.js', LF will be replaced by CRLF the next time Git touches it
warning: in the working copy of 'Extensions/TWP-Translate-[BETA]-Chrome-Web-Store/manifest.json', LF will be replaced by CRLF the next time Git touches it
warning: in the working copy of 'Extensions/TWP-Translate-[BETA]-Chrome-Web-Store/options/darkmode.js', LF will be replaced by CRLF the next time Git touches it
warning: in the working copy of 'Extensions/TWP-Translate-[BETA]-Chrome-Web-Store/options/open-options.js', LF will be replaced by CRLF the next time Git touches it
warning: in the working copy of 'Extensions/TWP-Translate-[BETA]-Chrome-Web-Store/options/options.js', LF will be replaced by CRLF the next time Git touches it
warning: in the working copy of 'Extensions/TWP-Translate-[BETA]-Chrome-Web-Store/popup/detect-pdf.js', LF will be replaced by CRLF the next time Git touches it
warning: in the working copy of 'Extensions/TWP-Translate-[BETA]-Chrome-Web-Store/popup/improve-translation.js', LF will be replaced by CRLF the next time Git touches it
warning: in the working copy of 'Extensions/TWP-Translate-[BETA]-Chrome-Web-Store/popup/old-popup.js', LF will be replaced by CRLF the next time Git touches it
warning: in the working copy of 'Extensions/TWP-Translate-[BETA]-Chrome-Web-Store/popup/popup-translate-document.js', LF will be replaced by CRLF the next time Git touches it
warning: in the working copy of 'Extensions/TWP-Translate-[BETA]-Chrome-Web-Store/popup/popup-translate-text.js', LF will be replaced by CRLF the next time Git touches it
warning: in the working copy of 'Extensions/TWP-Translate-[BETA]-Chrome-Web-Store/popup/popup.js', LF will be replaced by CRLF the next time Git touches it
warning: in the working copy of 'Extensions/adguard/_locales/ar/messages.json', LF will be replaced by CRLF the next time Git touches it
warning: in the working copy of 'Extensions/adguard/_locales/be/messages.json', LF will be replaced by CRLF the next time Git touches it
warning: in the working copy of 'Extensions/adguard/_locales/bg/messages.json', LF will be replaced by CRLF the next time Git touches it
warning: in the working copy of 'Extensions/adguard/_locales/bn/messages.json', LF will be replaced by CRLF the next time Git touches it
warning: in the working copy of 'Extensions/adguard/_locales/ca/messages.json', LF will be replaced by CRLF the next time Git touches it
warning: in the working copy of 'Extensions/adguard/_locales/cs/messages.json', LF will be replaced by CRLF the next time Git touches it
warning: in the working copy of 'Extensions/adguard/_locales/da/messages.json', LF will be replaced by CRLF the next time Git touches it
warning: in the working copy of 'Extensions/adguard/_locales/de/messages.json', LF will be replaced by CRLF the next time Git touches it
warning: in the working copy of 'Extensions/adguard/_locales/el/messages.json', LF will be replaced by CRLF the next time Git touches it
warning: in the working copy of 'Extensions/adguard/_locales/en/messages.json', LF will be replaced by CRLF the next time Git touches it
warning: in the working copy of 'Extensions/adguard/_locales/es/messages.json', LF will be replaced by CRLF the next time Git touches it
warning: in the working copy of 'Extensions/adguard/_locales/es_419/messages.json', LF will be replaced by CRLF the next time Git touches it
warning: in the working copy of 'Extensions/adguard/_locales/et/messages.json', LF will be replaced by CRLF the next time Git touches it
warning: in the working copy of 'Extensions/adguard/_locales/fa/messages.json', LF will be replaced by CRLF the next time Git touches it
warning: in the working copy of 'Extensions/adguard/_locales/fi/messages.json', LF will be replaced by CRLF the next time Git touches it
warning: in the working copy of 'Extensions/adguard/_locales/fil/messages.json', LF will be replaced by CRLF the next time Git touches it
warning: in the working copy of 'Extensions/adguard/_locales/fr/messages.json', LF will be replaced by CRLF the next time Git touches it
warning: in the working copy of 'Extensions/adguard/_locales/he/messages.json', LF will be replaced by CRLF the next time Git touches it
warning: in the working copy of 'Extensions/adguard/_locales/hi/messages.json', LF will be replaced by CRLF the next time Git touches it
warning: in the working copy of 'Extensions/adguard/_locales/hr/messages.json', LF will be replaced by CRLF the next time Git touches it
warning: in the working copy of 'Extensions/adguard/_locales/hu/messages.json', LF will be replaced by CRLF the next time Git touches it
warning: in the working copy of 'Extensions/adguard/_locales/hy/messages.json', LF will be replaced by CRLF the next time Git touches it
warning: in the working copy of 'Extensions/adguard/_locales/id/messages.json', LF will be replaced by CRLF the next time Git touches it
warning: in the working copy of 'Extensions/adguard/_locales/it/messages.json', LF will be replaced by CRLF the next time Git touches it
warning: in the working copy of 'Extensions/adguard/_locales/ja/messages.json', LF will be replaced by CRLF the next time Git touches it
warning: in the working copy of 'Extensions/adguard/_locales/kn/messages.json', LF will be replaced by CRLF the next time Git touches it
warning: in the working copy of 'Extensions/adguard/_locales/ko/messages.json', LF will be replaced by CRLF the next time Git touches it
warning: in the working copy of 'Extensions/adguard/_locales/lt/messages.json', LF will be replaced by CRLF the next time Git touches it
warning: in the working copy of 'Extensions/adguard/_locales/lv/messages.json', LF will be replaced by CRLF the next time Git touches it
warning: in the working copy of 'Extensions/adguard/_locales/mk-MK/messages.json', LF will be replaced by CRLF the next time Git touches it
warning: in the working copy of 'Extensions/adguard/_locales/mk/messages.json', LF will be replaced by CRLF the next time Git touches it
warning: in the working copy of 'Extensions/adguard/_locales/ms/messages.json', LF will be replaced by CRLF the next time Git touches it
warning: in the working copy of 'Extensions/adguard/_locales/nb/messages.json', LF will be replaced by CRLF the next time Git touches it
warning: in the working copy of 'Extensions/adguard/_locales/nl/messages.json', LF will be replaced by CRLF the next time Git touches it
warning: in the working copy of 'Extensions/adguard/_locales/pl/messages.json', LF will be replaced by CRLF the next time Git touches it
warning: in the working copy of 'Extensions/adguard/_locales/pt_BR/messages.json', LF will be replaced by CRLF the next time Git touches it
warning: in the working copy of 'Extensions/adguard/_locales/pt_PT/messages.json', LF will be replaced by CRLF the next time Git touches it
warning: in the working copy of 'Extensions/adguard/_locales/ro/messages.json', LF will be replaced by CRLF the next time Git touches it
warning: in the working copy of 'Extensions/adguard/_locales/ru/messages.json', LF will be replaced by CRLF the next time Git touches it
warning: in the working copy of 'Extensions/adguard/_locales/sk/messages.json', LF will be replaced by CRLF the next time Git touches it
warning: in the working copy of 'Extensions/adguard/_locales/sl/messages.json', LF will be replaced by CRLF the next time Git touches it
warning: in the working copy of 'Extensions/adguard/_locales/sr/messages.json', LF will be replaced by CRLF the next time Git touches it
warning: in the working copy of 'Extensions/adguard/_locales/sv/messages.json', LF will be replaced by CRLF the next time Git touches it
warning: in the working copy of 'Extensions/adguard/_locales/ta/messages.json', LF will be replaced by CRLF the next time Git touches it
warning: in the working copy of 'Extensions/adguard/_locales/te/messages.json', LF will be replaced by CRLF the next time Git touches it
warning: in the working copy of 'Extensions/adguard/_locales/th/messages.json', LF will be replaced by CRLF the next time Git touches it
warning: in the working copy of 'Extensions/adguard/_locales/tr/messages.json', LF will be replaced by CRLF the next time Git touches it
warning: in the working copy of 'Extensions/adguard/_locales/uk/messages.json', LF will be replaced by CRLF the next time Git touches it
warning: in the working copy of 'Extensions/adguard/_locales/vi/messages.json', LF will be replaced by CRLF the next time Git touches it
warning: in the working copy of 'Extensions/adguard/_locales/zh_CN/messages.json', LF will be replaced by CRLF the next time Git touches it
warning: in the working copy of 'Extensions/adguard/_locales/zh_TW/messages.json', LF will be replaced by CRLF the next time Git touches it
warning: in the working copy of 'Extensions/adguard/assets/css/alert-container.css', LF will be replaced by CRLF the next time Git touches it
warning: in the working copy of 'Extensions/adguard/assets/css/alert-popup.css', LF will be replaced by CRLF the next time Git touches it
warning: in the working copy of 'Extensions/adguard/assets/css/c3.css', LF will be replaced by CRLF the next time Git touches it
warning: in the working copy of 'Extensions/adguard/assets/css/devtools/custom.css', LF will be replaced by CRLF the next time Git touches it
warning: in the working copy of 'Extensions/adguard/assets/css/devtools/dark.css', LF will be replaced by CRLF the next time Git touches it
warning: in the working copy of 'Extensions/adguard/assets/css/devtools/elementsPanel.css', LF will be replaced by CRLF the next time Git touches it
warning: in the working copy of 'Extensions/adguard/assets/css/devtools/inspectorCommon.css', LF will be replaced by CRLF the next time Git touches it
warning: in the working copy of 'Extensions/adguard/assets/css/devtools/inspectorStyle.css', LF will be replaced by CRLF the next time Git touches it
warning: in the working copy of 'Extensions/adguard/assets/css/devtools/inspectorSyntaxHighlight.css', LF will be replaced by CRLF the next time Git touches it
warning: in the working copy of 'Extensions/adguard/assets/css/devtools/sidebarPane.css', LF will be replaced by CRLF the next time Git touches it
warning: in the working copy of 'Extensions/adguard/assets/css/fonts.css', LF will be replaced by CRLF the next time Git touches it
warning: in the working copy of 'Extensions/adguard/assets/css/layout.css', LF will be replaced by CRLF the next time Git touches it
warning: in the working copy of 'Extensions/adguard/assets/css/log.css', LF will be replaced by CRLF the next time Git touches it
warning: in the working copy of 'Extensions/adguard/assets/css/main.css', LF will be replaced by CRLF the next time Git touches it
warning: in the working copy of 'Extensions/adguard/assets/css/nanobar.css', LF will be replaced by CRLF the next time Git touches it
warning: in the working copy of 'Extensions/adguard/assets/css/rules-limits-container.css', LF will be replaced by CRLF the next time Git touches it
warning: in the working copy of 'Extensions/adguard/assets/css/rules-limits-popup.css', LF will be replaced by CRLF the next time Git touches it
warning: in the working copy of 'Extensions/adguard/assets/css/style.css', LF will be replaced by CRLF the next time Git touches it
warning: in the working copy of 'Extensions/adguard/assets/css/update-container.css', LF will be replaced by CRLF the next time Git touches it
warning: in the working copy of 'Extensions/adguard/assets/images/alert.svg', LF will be replaced by CRLF the next time Git touches it
warning: in the working copy of 'Extensions/adguard/assets/images/app-store.svg', LF will be replaced by CRLF the next time Git touches it
warning: in the working copy of 'Extensions/adguard/assets/images/arrow-down-grey.svg', LF will be replaced by CRLF the next time Git touches it
warning: in the working copy of 'Extensions/adguard/assets/images/arrow-down.svg', LF will be replaced by CRLF the next time Git touches it
warning: in the working copy of 'Extensions/adguard/assets/images/avatar.svg', LF will be replaced by CRLF the next time Git touches it
warning: in the working copy of 'Extensions/adguard/assets/images/checked.svg', LF will be replaced by CRLF the next time Git touches it
warning: in the working copy of 'Extensions/adguard/assets/images/chrome.svg', LF will be replaced by CRLF the next time Git touches it
warning: in the working copy of 'Extensions/adguard/assets/images/cross.svg', LF will be replaced by CRLF the next time Git touches it
warning: in the working copy of 'Extensions/adguard/assets/images/dropbox.svg', LF will be replaced by CRLF the next time Git touches it
warning: in the working copy of 'Extensions/adguard/assets/images/filters.svg', LF will be replaced by CRLF the next time Git touches it
warning: in the working copy of 'Extensions/adguard/assets/images/google-play.svg', LF will be replaced by CRLF the next time Git touches it
warning: in the working copy of 'Extensions/adguard/assets/images/logo-dark.svg', LF will be replaced by CRLF the next time Git touches it
warning: in the working copy of 'Extensions/adguard/assets/images/logo-shield.svg', LF will be replaced by CRLF the next time Git touches it
warning: in the working copy of 'Extensions/adguard/assets/images/logo.svg', LF will be replaced by CRLF the next time Git touches it
warning: in the working copy of 'Extensions/adguard/assets/images/newyear25.svg', LF will be replaced by CRLF the next time Git touches it
warning: in the working copy of 'Extensions/adguard/assets/images/reload-ico.svg', LF will be replaced by CRLF the next time Git touches it
warning: in the working copy of 'Extensions/adguard/assets/images/shield.svg', LF will be replaced by CRLF the next time Git touches it
warning: in the working copy of 'Extensions/adguard/assets/images/toggler-bg.svg', LF will be replaced by CRLF the next time Git touches it
warning: in the working copy of 'Extensions/adguard/assets/js/preload-theme.js', LF will be replaced by CRLF the next time Git touches it
warning: in the working copy of 'Extensions/adguard/filters/filters.json', LF will be replaced by CRLF the next time Git touches it
warning: in the working copy of 'Extensions/adguard/filters/filters_i18n.json', LF will be replaced by CRLF the next time Git touches it
warning: in the working copy of 'Extensions/adguard/manifest.json', LF will be replaced by CRLF the next time Git touches it
warning: in the working copy of 'Extensions/adguard/pages/assistant-inject.js', LF will be replaced by CRLF the next time Git touches it
warning: in the working copy of 'Extensions/adguard/pages/background.js', LF will be replaced by CRLF the next time Git touches it
warning: in the working copy of 'Extensions/adguard/pages/blocking/blocked.html', LF will be replaced by CRLF the next time Git touches it
warning: in the working copy of 'Extensions/adguard/pages/blocking/blocked.js', LF will be replaced by CRLF the next time Git touches it
warning: in the working copy of 'Extensions/adguard/pages/blocking/safebrowsing.html', LF will be replaced by CRLF the next time Git touches it
warning: in the working copy of 'Extensions/adguard/pages/blocking/safebrowsing.js', LF will be replaced by CRLF the next time Git touches it
warning: in the working copy of 'Extensions/adguard/pages/content-script-end.js', LF will be replaced by CRLF the next time Git touches it
warning: in the working copy of 'Extensions/adguard/pages/content-script-start.js', LF will be replaced by CRLF the next time Git touches it
warning: in the working copy of 'Extensions/adguard/pages/devtools-elements-sidebar.html', LF will be replaced by CRLF the next time Git touches it
warning: in the working copy of 'Extensions/adguard/pages/devtools-elements-sidebar.js', LF will be replaced by CRLF the next time Git touches it
warning: in the working copy of 'Extensions/adguard/pages/devtools.js', LF will be replaced by CRLF the next time Git touches it
warning: in the working copy of 'Extensions/adguard/pages/filtering-log.html', LF will be replaced by CRLF the next time Git touches it
warning: in the working copy of 'Extensions/adguard/pages/filtering-log.js', LF will be replaced by CRLF the next time Git touches it
warning: in the working copy of 'Extensions/adguard/pages/fullscreen-user-rules.html', LF will be replaced by CRLF the next time Git touches it
warning: in the working copy of 'Extensions/adguard/pages/fullscreen-user-rules.js', LF will be replaced by CRLF the next time Git touches it
warning: in the working copy of 'Extensions/adguard/pages/options.html', LF will be replaced by CRLF the next time Git touches it
warning: in the working copy of 'Extensions/adguard/pages/options.js', LF will be replaced by CRLF the next time Git touches it
warning: in the working copy of 'Extensions/adguard/pages/popup.html', LF will be replaced by CRLF the next time Git touches it
warning: in the working copy of 'Extensions/adguard/pages/popup.js', LF will be replaced by CRLF the next time Git touches it
warning: in the working copy of 'Extensions/adguard/pages/post-install.html', LF will be replaced by CRLF the next time Git touches it
warning: in the working copy of 'Extensions/adguard/pages/post-install.js', LF will be replaced by CRLF the next time Git touches it
warning: in the working copy of 'Extensions/adguard/pages/subscribe.js', LF will be replaced by CRLF the next time Git touches it
warning: in the working copy of 'Extensions/adguard/pages/thankyou.js', LF will be replaced by CRLF the next time Git touches it
warning: in the working copy of 'Extensions/adguard/runtime.js', LF will be replaced by CRLF the next time Git touches it
warning: in the working copy of 'Extensions/adguard/shared/editor.js', LF will be replaced by CRLF the next time Git touches it
warning: in the working copy of 'Extensions/adguard/vendors/agtree.js', LF will be replaced by CRLF the next time Git touches it
warning: in the working copy of 'Extensions/adguard/vendors/css-tokenizer.js', LF will be replaced by CRLF the next time Git touches it
warning: in the working copy of 'Extensions/adguard/vendors/mobx.js', LF will be replaced by CRLF the next time Git touches it
warning: in the working copy of 'Extensions/adguard/vendors/react.js', LF will be replaced by CRLF the next time Git touches it
warning: in the working copy of 'Extensions/adguard/vendors/scriptlets.js', LF will be replaced by CRLF the next time Git touches it
warning: in the working copy of 'Extensions/adguard/vendors/text-encoding-polyfill.js', LF will be replaced by CRLF the next time Git touches it
warning: in the working copy of 'Extensions/adguard/vendors/tsurlfilter-declarative-converter.js', LF will be replaced by CRLF the next time Git touches it
warning: in the working copy of 'Extensions/adguard/vendors/tsurlfilter.js', LF will be replaced by CRLF the next time Git touches it
warning: in the working copy of 'Extensions/adguard/vendors/tswebextension.js', LF will be replaced by CRLF the next time Git touches it
warning: in the working copy of 'Extensions/adguard/vendors/xstate.js', LF will be replaced by CRLF the next time Git touches it
warning: in the working copy of 'Extensions/adguard/web-accessible-resources/redirects.yml', LF will be replaced by CRLF the next time Git touches it
warning: in the working copy of 'Extensions/adguard/web-accessible-resources/redirects/amazon-apstag.js', LF will be replaced by CRLF the next time Git touches it
warning: in the working copy of 'Extensions/adguard/web-accessible-resources/redirects/ati-smarttag.js', LF will be replaced by CRLF the next time Git touches it
warning: in the working copy of 'Extensions/adguard/web-accessible-resources/redirects/click2load.html', LF will be replaced by CRLF the next time Git touches it
warning: in the working copy of 'Extensions/adguard/web-accessible-resources/redirects/didomi-loader.js', LF will be replaced by CRLF the next time Git touches it
warning: in the working copy of 'Extensions/adguard/web-accessible-resources/redirects/fingerprintjs.js', LF will be replaced by CRLF the next time Git touches it
warning: in the working copy of 'Extensions/adguard/web-accessible-resources/redirects/fingerprintjs2.js', LF will be replaced by CRLF the next time Git touches it
warning: in the working copy of 'Extensions/adguard/web-accessible-resources/redirects/fingerprintjs3.js', LF will be replaced by CRLF the next time Git touches it
warning: in the working copy of 'Extensions/adguard/web-accessible-resources/redirects/gemius.js', LF will be replaced by CRLF the next time Git touches it
warning: in the working copy of 'Extensions/adguard/web-accessible-resources/redirects/google-analytics-ga.js', LF will be replaced by CRLF the next time Git touches it
warning: in the working copy of 'Extensions/adguard/web-accessible-resources/redirects/google-analytics.js', LF will be replaced by CRLF the next time Git touches it
warning: in the working copy of 'Extensions/adguard/web-accessible-resources/redirects/google-ima3.js', LF will be replaced by CRLF the next time Git touches it
warning: in the working copy of 'Extensions/adguard/web-accessible-resources/redirects/googlesyndication-adsbygoogle.js', LF will be replaced by CRLF the next time Git touches it
warning: in the working copy of 'Extensions/adguard/web-accessible-resources/redirects/googletagservices-gpt.js', LF will be replaced by CRLF the next time Git touches it
warning: in the working copy of 'Extensions/adguard/web-accessible-resources/redirects/matomo.js', LF will be replaced by CRLF the next time Git touches it
warning: in the working copy of 'Extensions/adguard/web-accessible-resources/redirects/metrika-yandex-tag.js', LF will be replaced by CRLF the next time Git touches it
warning: in the working copy of 'Extensions/adguard/web-accessible-resources/redirects/metrika-yandex-watch.js', LF will be replaced by CRLF the next time Git touches it
warning: in the working copy of 'Extensions/adguard/web-accessible-resources/redirects/naver-wcslog.js', LF will be replaced by CRLF the next time Git touches it
warning: in the working copy of 'Extensions/adguard/web-accessible-resources/redirects/noeval.js', LF will be replaced by CRLF the next time Git touches it
warning: in the working copy of 'Extensions/adguard/web-accessible-resources/redirects/noopframe.html', LF will be replaced by CRLF the next time Git touches it
warning: in the working copy of 'Extensions/adguard/web-accessible-resources/redirects/pardot-1.0.js', LF will be replaced by CRLF the next time Git touches it
warning: in the working copy of 'Extensions/adguard/web-accessible-resources/redirects/prebid-ads.js', LF will be replaced by CRLF the next time Git touches it
warning: in the working copy of 'Extensions/adguard/web-accessible-resources/redirects/prebid.js', LF will be replaced by CRLF the next time Git touches it
warning: in the working copy of 'Extensions/adguard/web-accessible-resources/redirects/prevent-bab.js', LF will be replaced by CRLF the next time Git touches it
warning: in the working copy of 'Extensions/adguard/web-accessible-resources/redirects/prevent-bab2.js', LF will be replaced by CRLF the next time Git touches it
warning: in the working copy of 'Extensions/adguard/web-accessible-resources/redirects/prevent-fab-3.2.0.js', LF will be replaced by CRLF the next time Git touches it
warning: in the working copy of 'Extensions/adguard/web-accessible-resources/redirects/prevent-popads-net.js', LF will be replaced by CRLF the next time Git touches it
warning: in the working copy of 'Extensions/adguard/web-accessible-resources/redirects/scorecardresearch-beacon.js', LF will be replaced by CRLF the next time Git touches it
warning: in the working copy of 'Extensions/adguard/web-accessible-resources/redirects/set-popads-dummy.js', LF will be replaced by CRLF the next time Git touches it
warning: in the working copy of 'Extensions/consent-o-matic/Action.js', LF will be replaced by CRLF the next time Git touches it
warning: in the working copy of 'Extensions/consent-o-matic/CMP.js', LF will be replaced by CRLF the next time Git touches it
warning: in the working copy of 'Extensions/consent-o-matic/Consent.js', LF will be replaced by CRLF the next time Git touches it
warning: in the working copy of 'Extensions/consent-o-matic/ConsentEngine.js', LF will be replaced by CRLF the next time Git touches it
warning: in the working copy of 'Extensions/consent-o-matic/Detector.js', LF will be replaced by CRLF the next time Git touches it
warning: in the working copy of 'Extensions/consent-o-matic/GDPRConfig.js', LF will be replaced by CRLF the next time Git touches it
warning: in the working copy of 'Extensions/consent-o-matic/Language.js', LF will be replaced by CRLF the next time Git touches it
warning: in the working copy of 'Extensions/consent-o-matic/Matcher.js', LF will be replaced by CRLF the next time Git touches it
warning: in the working copy of 'Extensions/consent-o-matic/Tools.js', LF will be replaced by CRLF the next time Git touches it
warning: in the working copy of 'Extensions/consent-o-matic/background.js', LF will be replaced by CRLF the next time Git touches it
warning: in the working copy of 'Extensions/consent-o-matic/content.scss', LF will be replaced by CRLF the next time Git touches it
warning: in the working copy of 'Extensions/consent-o-matic/contentScript.js', LF will be replaced by CRLF the next time Git touches it
warning: in the working copy of 'Extensions/consent-o-matic/manifest.chromium.json', LF will be replaced by CRLF the next time Git touches it
warning: in the working copy of 'Extensions/consent-o-matic/manifest.firefox.json', LF will be replaced by CRLF the next time Git touches it
warning: in the working copy of 'Extensions/consent-o-matic/manifest.json', LF will be replaced by CRLF the next time Git touches it
warning: in the working copy of 'Extensions/consent-o-matic/manifest.safari.json', LF will be replaced by CRLF the next time Git touches it
warning: in the working copy of 'Extensions/consent-o-matic/options.js', LF will be replaced by CRLF the next time Git touches it
warning: in the working copy of 'Extensions/consent-o-matic/popup.js', LF will be replaced by CRLF the next time Git touches it
warning: in the working copy of 'Extensions/consent-o-matic/ui.scss', LF will be replaced by CRLF the next time Git touches it
warning: in the working copy of 'LICENSE.rtf', LF will be replaced by CRLF the next time Git touches it
warning: in the working copy of 'LICENSE.txt', LF will be replaced by CRLF the next time Git touches it
warning: in the working copy of 'MainWindow.AdvancedCalc.cs', LF will be replaced by CRLF the next time Git touches it
warning: in the working copy of 'MainWindow.Widgets.cs', LF will be replaced by CRLF the next time Git touches it
warning: in the working copy of 'Services/AccountSyncService.cs', LF will be replaced by CRLF the next time Git touches it
warning: in the working copy of 'SmartCopy.ps1', LF will be replaced by CRLF the next time Git touches it
warning: in the working copy of 'TERMS_OF SERVICE.txt', LF will be replaced by CRLF the next time Git touches it
warning: in the working copy of 'Views/StartupVideoWindow.xaml', LF will be replaced by CRLF the next time Git touches it
warning: in the working copy of 'Views/StartupVideoWindow.xaml.cs', LF will be replaced by CRLF the next time Git touches it
warning: in the working copy of 'backup.bat', LF will be replaced by CRLF the next time Git touches it
warning: in the working copy of 'install_auto.ps1', LF will be replaced by CRLF the next time Git touches it
warning: in the working copy of 'overlay.hta', LF will be replaced by CRLF the next time Git touches it
warning: in the working copy of 'push_automation.py', LF will be replaced by CRLF the next time Git touches it
warning: in the working copy of 'restore.bat', LF will be replaced by CRLF the next time Git touches it
warning: in the working copy of 'update_orchestrator.bat', LF will be replaced by CRLF the next time Git touches it
2026-09-07 23:33:13,833 [DEBUG] Running: git status --porcelain
2026-09-07 23:33:13,973 [DEBUG] stdout: A  !START_Horizon_Browser.lnk
A  .gitignore
A  App.xaml
A  App.xaml.cs
A  Build_Release.bat
A  Controls/BookmarkIconConverter.cs
A  Controls/BrowserView.xaml
A  Controls/BrowserView.xaml.cs
A  Controls/FluxSidebar.xaml
A  Controls/FluxSidebar.xaml.cs
A  Controls/Omnibox.xaml
A  Controls/Omnibox.xaml.cs
A  Controls/PdfOpenDialog.xaml
A  Controls/PdfOpenDialog.xaml.cs
A  Controls/VaultSidebar.xaml
A  Controls/VaultSidebar.xaml.cs
A  Core/ExtensionInstaller.cs
A  Core/StealthEnvironment.cs
A  Core/TabColorPaletteExtractor.cs
A  Extensions/CRX-Extractor-Downloader-Chrome-Web-Store/128.png
A  Extensions/CRX-Extractor-Downloader-Chrome-Web-Store/16.png
A  Extensions/CRX-Extractor-Downloader-Chrome-Web-Store/32.png
A  Extensions/CRX-Extractor-Downloader-Chrome-Web-Store/48.png
A  Extensions/CRX-Extractor-Downloader-Chrome-Web-Store/README.md
A  Extensions/CRX-Extractor-Downloader-Chrome-Web-Store/_metadata/verified_contents.json
A  Extensions/CRX-Extractor-Downloader-Chrome-Web-Store/background.js
A  Extensions/CRX-Extractor-Downloader-Chrome-Web-Store/manifest.json
A  Extensions/CRX-Extractor-Downloader-Chrome-Web-Store/popup.html
A  Extensions/CRX-Extractor-Downloader-Chrome-Web-Store/popup.js
A  Extensions/Linguist-web-page-translator-Chrome-Web-Store/4a477f66bfd4e4d3cf689b2e55040e35.ttf
A  Extensions/Linguist-web-page-translator-Chrome-Web-Store/_locales/af/messages.json
A  Extensions/Linguist-web-page-translator-Chrome-Web-Store/_locales/am/messages.json
A  Extensions/Linguist-web-page-translator-Chrome-Web-Store/_locales/ar/messages.json
A  Extensions/Linguist-web-page-translator-Chrome-Web-Store/_locales/as/messages.json
A  Extensions/Linguist-web-page-translator-Chrome-Web-Store/_locales/az/messages.json
A  Extensions/Linguist-web-page-translator-Chrome-Web-Store/_locales/be/messages.json
A  Extensions/Linguist-web-page-translator-Chrome-Web-Store/_locales/bg/messages.json
A  Extensions/Linguist-web-page-translator-Chrome-Web-Store/_locales/bn/messages.json
A  Extensions/Linguist-web-page-translator-Chrome-Web-Store/_locales/ca/messages.json
A  Extensions/Linguist-web-page-translator-Chrome-Web-Store/_locales/cs/messages.json
A  Extensions/Linguist-web-page-translator-Chrome-Web-Store/_locales/da/messages.json
A  Extensions/Linguist-web-page-translator-Chrome-Web-Store/_locales/de/messages.json
A  Extensions/Linguist-web-page-translator-Chrome-Web-Store/_locales/el/messages.json
A  Extensions/Linguist-web-page-translator-Chrome-Web-Store/_locales/en/messages.json
A  Extensions/Linguist-web-page-translator-Chrome-Web-Store/_locales/es/messages.json
A  Extensions/Linguist-web-page-translator-Chrome-Web-Store/_locales/et/messages.json
A  Extensions/Linguist-web-page-translator-Chrome-Web-Store/_locales/fa/messages.json
A  Extensions/Linguist-web-page-translator-Chrome-Web-Store/_locales/ff/messages.json
A  Extensions/Linguist-web-page-translator-Chrome-Web-Store/_locales/fi/messages.json
A  Extensions/Linguist-web-page-translator-Chrome-Web-Store/_locales/fil/messages.json
A  Extensions/Linguist-web-page-translator-Chrome-Web-Store/_locales/fr/messages.json
A  Extensions/Linguist-web-page-translator-Chrome-Web-Store/_locales/gn/messages.json
A  Extensions/Linguist-web-page-translator-Chrome-Web-Store/_locales/gu/messages.json
A  Extensions/Linguist-web-page-translator-Chrome-Web-Store/_locales/ha/messages.json
A  Extensions/Linguist-web-page-translator-Chrome-Web-Store/_locales/he/messages.json
A  Extensions/Linguist-web-page-translator-Chrome-Web-Store/_locales/hi/messages.json
A  Extensions/Linguist-web-page-translator-Chrome-Web-Store/_locales/hr/messages.json
A  Extensions/Linguist-web-page-translator-Chrome-Web-Store/_locales/ht/messages.json
A  Extensions/Linguist-web-page-translator-Chrome-Web-Store/_locales/hu/messages.json
A  Extensions/Linguist-web-page-translator-Chrome-Web-Store/_locales/hy/messages.json
A  Extensions/Linguist-web-page-translator-Chrome-Web-Store/_locales/id/messages.json
A  Extensions/Linguist-web-page-translator-Chrome-Web-Store/_locales/ig/messages.json
A  Extensions/Linguist-web-page-translator-Chrome-Web-Store/_locales/it/messages.json
A  Extensions/Linguist-web-page-translator-Chrome-Web-Store/_locales/ja/messages.json
A  Extensions/Linguist-web-page-translator-Chrome-Web-Store/_locales/jv/messages.json
A  Extensions/Linguist-web-page-translator-Chrome-Web-Store/_locales/kg/messages.json
A  Extensions/Linguist-web-page-translator-Chrome-Web-Store/_locales/kk/messages.json
A  Extensions/Linguist-web-page-translator-Chrome-Web-Store/_locales/km/messages.json
A  Extensions/Linguist-web-page-translator-Chrome-Web-Store/_locales/kn/messages.json
A  Extensions/Linguist-web-page-translator-Chrome-Web-Store/_locales/ko/messages.json
A  Extensions/Linguist-web-page-translator-Chrome-Web-Store/_locales/kr/messages.json
A  Extensions/Linguist-web-page-translator-Chrome-Web-Store/_locales/ks/messages.json
A  Extensions/Linguist-web-page-translator-Chrome-Web-Store/_locales/ku/messages.json
A  Extensions/Linguist-web-page-translator-Chrome-Web-Store/_locales/ky/messages.json
A  Extensions/Linguist-web-page-translator-Chrome-Web-Store/_locales/lg/messages.json
A  Extensions/Linguist-web-page-translator-Chrome-Web-Store/_locales/ln/messages.json
A  Extensions/Linguist-web-page-translator-Chrome-Web-Store/_locales/lo/messages.json
A  Extensions/Linguist-web-page-translator-Chrome-Web-Store/_locales/lt/messages.json
A  Extensions/Linguist-web-page-translator-Chrome-Web-Store/_locales/lv/messages.json
A  Extensions/Linguist-web-page-translator-Chrome-Web-Store/_locales/mg/messages.json
A  Extensions/Linguist-web-page-translator-Chrome-Web-Store/_locales/ml/messages.json
A  Extensions/Linguist-web-page-translator-Chrome-Web-Store/_locales/mn/messages.json
A  Extensions/Linguist-web-page-translator-Chrome-Web-Store/_locales/mr/messages.json
A  Extensions/Linguist-web-page-translator-Chrome-Web-Store/_locales/ms/messages.json
A  Extensions/Linguist-web-page-translator-Chrome-Web-Store/_locales/my/messages.json
A  Extensions/Linguist-web-page-translator-Chrome-Web-Store/_locales/ne/messages.json
A  Extensions/Linguist-web-page-translator-Chrome-Web-Store/_locales/nl/messages.json
A  Extensions/Linguist-web-page-translator-Chrome-Web-Store/_locales/no/messages.json
A  Extensions/Linguist-web-page-translator-Chrome-Web-Store/_locales/ny/messages.json
A  Extensions/Linguist-web-page-translator-Chrome-Web-Store/_locales/om/messages.json
A  Extensions/Linguist-web-page-translator-Chrome-Web-Store/_locales/or/messages.json
A  Extensions/Linguist-web-page-translator-Chrome-Web-Store/_locales/pa/messages.json
A  Extensions/Linguist-web-page-translator-Chrome-Web-Store/_locales/pl/messages.json
A  Extensions/Linguist-web-page-translator-Chrome-Web-Store/_locales/ps/messages.json
A  Extensions/Linguist-web-page-translator-Chrome-Web-Store/_locales/pt/messages.json
A  Extensions/Linguist-web-page-translator-Chrome-Web-Store/_locales/rn/messages.json
A  Extensions/Linguist-web-page-translator-Chrome-Web-Store/_locales/ro/messages.json
A  Extensions/Linguist-web-page-translator-Chrome-Web-Store/_locales/ru/messages.json
A  Extensions/Linguist-web-page-translator-Chrome-Web-Store/_locales/rw/messages.json
A  Extensions/Linguist-web-page-translator-Chrome-Web-Store/_locales/sd/messages.json
A  Extensions/Linguist-web-page-translator-Chrome-Web-Store/_locales/sh/messages.json
A  Extensions/Linguist-web-page-translator-Chrome-Web-Store/_locales/si/messages.json
A  Extensions/Linguist-web-page-translator-Chrome-Web-Store/_locales/sk/messages.json
A  Extensions/Linguist-web-page-translator-Chrome-Web-Store/_locales/sl/messages.json
A  Extensions/Linguist-web-page-translator-Chrome-Web-Store/_locales/sn/messages.json
A  Extensions/Linguist-web-page-translator-Chrome-Web-Store/_locales/so/messages.json
A  Extensions/Linguist-web-page-translator-Chrome-Web-Store/_locales/sq/messages.json
A  Extensions/Linguist-web-page-translator-Chrome-Web-Store/_locales/sr/messages.json
A  Extensions/Linguist-web-page-translator-Chrome-Web-Store/_locales/st/messages.json
A  Extensions/Linguist-web-page-translator-Chrome-Web-Store/_locales/su/messages.json
A  Extensions/Linguist-web-page-translator-Chrome-Web-Store/_locales/sv/messages.json
A  Extensions/Linguist-web-page-translator-Chrome-Web-Store/_locales/sw/messages.json
A  Extensions/Linguist-web-page-translator-Chrome-Web-Store/_locales/ta/messages.json
A  Extensions/Linguist-web-page-translator-Chrome-Web-Store/_locales/te/messages.json
A  Extensions/Linguist-web-page-translator-Chrome-Web-Store/_locales/tg/messages.json
A  Extensions/Linguist-web-page-translator-Chrome-Web-Store/_locales/th/messages.json
A  Extensions/Linguist-web-page-translator-Chrome-Web-Store/_locales/tk/messages.json
A  Extensions/Linguist-web-page-translator-Chrome-Web-Store/_locales/tl/messages.json
A  Extensions/Linguist-web-page-translator-Chrome-Web-Store/_locales/tn/messages.json
A  Extensions/Linguist-web-page-translator-Chrome-Web-Store/_locales/tr/messages.json
A  Extensions/Linguist-web-page-translator-Chrome-Web-Store/_locales/tt/messages.json
A  Extensions/Linguist-web-page-translator-Chrome-Web-Store/_locales/ug/messages.json
A  Extensions/Linguist-web-page-translator-Chrome-Web-Store/_locales/uk/messages.json
A  Extensions/Linguist-web-page-translator-Chrome-Web-Store/_locales/uz/messages.json
A  Extensions/Linguist-web-page-translator-Chrome-Web-Store/_locales/vi/messages.json
A  Extensions/Linguist-web-page-translator-Chrome-Web-Store/_locales/xh/messages.json
A  Extensions/Linguist-web-page-translator-Chrome-Web-Store/_locales/yi/messages.json
A  Extensions/Linguist-web-page-translator-Chrome-Web-Store/_locales/yo/messages.json
A  Extensions/Linguist-web-page-translator-Chrome-Web-Store/_locales/zh/messages.json
A  Extensions/Linguist-web-page-translator-Chrome-Web-Store/_locales/zu/messages.json
A  Extensions/Linguist-web-page-translator-Chrome-Web-Store/_metadata/verified_contents.json
A  Extensions/Linguist-web-page-translator-Chrome-Web-Store/background-script.js
A  Extensions/Linguist-web-page-translator-Chrome-Web-Store/background-script.js.LICENSE.txt
A  Extensions/Linguist-web-page-translator-Chrome-Web-Store/contentscript.css
A  Extensions/Linguist-web-page-translator-Chrome-Web-Store/contentscript.js
A  Extensions/Linguist-web-page-translator-Chrome-Web-Store/contentscript.js.LICENSE.txt
A  Extensions/Linguist-web-page-translator-Chrome-Web-Store/f0b927537a401c2cf74c.ttf
A  Extensions/Linguist-web-page-translator-Chrome-Web-Store/manifest.json
A  Extensions/Linguist-web-page-translator-Chrome-Web-Store/offscreen-documents/main/main.html
A  Extensions/Linguist-web-page-translator-Chrome-Web-Store/offscreen-documents/main/main.js
A  Extensions/Linguist-web-page-translator-Chrome-Web-Store/offscreen-documents/translator/translator.html
A  Extensions/Linguist-web-page-translator-Chrome-Web-Store/offscreen-documents/translator/translator.js
A  Extensions/Linguist-web-page-translator-Chrome-Web-Store/offscreen-documents/worker/worker.html
A  Extensions/Linguist-web-page-translator-Chrome-Web-Store/offscreen-documents/worker/worker.js
A  Extensions/Linguist-web-page-translator-Chrome-Web-Store/pages/dictionary/dictionary.css
A  Extensions/Linguist-web-page-translator-Chrome-Web-Store/pages/dictionary/dictionary.html
A  Extensions/Linguist-web-page-translator-Chrome-Web-Store/pages/dictionary/dictionary.js
A  Extensions/Linguist-web-page-translator-Chrome-Web-Store/pages/dictionary/dictionary.js.LICENSE.txt
A  Extensions/Linguist-web-page-translator-Chrome-Web-Store/pages/history/history.css
A  Extensions/Linguist-web-page-translator-Chrome-Web-Store/pages/history/history.html
A  Extensions/Linguist-web-page-translator-Chrome-Web-Store/pages/history/history.js
A  Extensions/Linguist-web-page-translator-Chrome-Web-Store/pages/history/history.js.LICENSE.txt
A  Extensions/Linguist-web-page-translator-Chrome-Web-Store/pages/options/options.css
A  Extensions/Linguist-web-page-translator-Chrome-Web-Store/pages/options/options.html
A  Extensions/Linguist-web-page-translator-Chrome-Web-Store/pages/options/options.js
A  Extensions/Linguist-web-page-translator-Chrome-Web-Store/pages/options/options.js.LICENSE.txt
A  Extensions/Linguist-web-page-translator-Chrome-Web-Store/pages/popup/popup.css
A  Extensions/Linguist-web-page-translator-Chrome-Web-Store/pages/popup/popup.html
A  Extensions/Linguist-web-page-translator-Chrome-Web-Store/pages/popup/popup.js
A  Extensions/Linguist-web-page-translator-Chrome-Web-Store/pages/popup/popup.js.LICENSE.txt
A  Extensions/Linguist-web-page-translator-Chrome-Web-Store/static/logo.png
A  Extensions/Linguist-web-page-translator-Chrome-Web-Store/static/logo.svg
A  Extensions/Linguist-web-page-translator-Chrome-Web-Store/thirdparty/bergamot/bergamot-translator-worker.js
A  Extensions/Linguist-web-page-translator-Chrome-Web-Store/thirdparty/bergamot/bergamot-translator-worker.wasm
A  Extensions/Linguist-web-page-translator-Chrome-Web-Store/thirdparty/bergamot/translator.worker.js
A  Extensions/Remove-Paywalls-Chrome-Web-Store/_metadata/verified_contents.json
A  Extensions/Remove-Paywalls-Chrome-Web-Store/background.js
A  Extensions/Remove-Paywalls-Chrome-Web-Store/icon128.png
A  Extensions/Remove-Paywalls-Chrome-Web-Store/icon16.png
A  Extensions/Remove-Paywalls-Chrome-Web-Store/icon48.png
A  Extensions/Remove-Paywalls-Chrome-Web-Store/manifest.json
A  Extensions/Remove-Paywalls-Chrome-Web-Store/popup.html
A  Extensions/Remove-Paywalls-Chrome-Web-Store/popup.js
A  Extensions/Save-It-Later-Chrome-Web-Store/README.md
A  Extensions/Save-It-Later-Chrome-Web-Store/SAVE_FLOW.md
A  Extensions/Save-It-Later-Chrome-Web-Store/SECURITY.md
A  Extensions/Save-It-Later-Chrome-Web-Store/_metadata/verified_contents.json
A  Extensions/Save-It-Later-Chrome-Web-Store/auth.js
A  Extensions/Save-It-Later-Chrome-Web-Store/background.js
A  Extensions/Save-It-Later-Chrome-Web-Store/bookmarks.html
A  Extensions/Save-It-Later-Chrome-Web-Store/bookmarks.js
A  Extensions/Save-It-Later-Chrome-Web-Store/categorization-service.js
A  Extensions/Save-It-Later-Chrome-Web-Store/config.js
A  Extensions/Save-It-Later-Chrome-Web-Store/firestore.js
A  Extensions/Save-It-Later-Chrome-Web-Store/icons/README.md
A  Extensions/Save-It-Later-Chrome-Web-Store/icons/icon128.png
A  Extensions/Save-It-Later-Chrome-Web-Store/icons/icon16.png
A  Extensions/Save-It-Later-Chrome-Web-Store/icons/icon32.png
A  Extensions/Save-It-Later-Chrome-Web-Store/icons/icon48.png
A  Extensions/Save-It-Later-Chrome-Web-Store/manifest.json
A  Extensions/Save-It-Later-Chrome-Web-Store/metadata-fetcher.js
A  Extensions/Save-It-Later-Chrome-Web-Store/package-for-store.sh
A  Extensions/Save-It-Later-Chrome-Web-Store/popup.css
A  Extensions/Save-It-Later-Chrome-Web-Store/popup.html
A  Extensions/Save-It-Later-Chrome-Web-Store/popup.js
A  Extensions/SponsorBlock-for-YouTube-Skip-Sponsorships-Chrome-Web-Store/_locales/ar/messages.json
A  Extensions/SponsorBlock-for-YouTube-Skip-Sponsorships-Chrome-Web-Store/_locales/bg/messages.json
A  Extensions/SponsorBlock-for-YouTube-Skip-Sponsorships-Chrome-Web-Store/_locales/bn/messages.json
A  Extensions/SponsorBlock-for-YouTube-Skip-Sponsorships-Chrome-Web-Store/_locales/ca/messages.json
A  Extensions/SponsorBlock-for-YouTube-Skip-Sponsorships-Chrome-Web-Store/_locales/cs/messages.json
A  Extensions/SponsorBlock-for-YouTube-Skip-Sponsorships-Chrome-Web-Store/_locales/da/messages.json
A  Extensions/SponsorBlock-for-YouTube-Skip-Sponsorships-Chrome-Web-Store/_locales/de/messages.json
A  Extensions/SponsorBlock-for-YouTube-Skip-Sponsorships-Chrome-Web-Store/_locales/el/messages.json
A  Extensions/SponsorBlock-for-YouTube-Skip-Sponsorships-Chrome-Web-Store/_locales/en/messages.json
A  Extensions/SponsorBlock-for-YouTube-Skip-Sponsorships-Chrome-Web-Store/_locales/es/messages.json
A  Extensions/SponsorBlock-for-YouTube-Skip-Sponsorships-Chrome-Web-Store/_locales/et/messages.json
A  Extensions/SponsorBlock-for-YouTube-Skip-Sponsorships-Chrome-Web-Store/_locales/fa/messages.json
A  Extensions/SponsorBlock-for-YouTube-Skip-Sponsorships-Chrome-Web-Store/_locales/fi/messages.json
A  Extensions/SponsorBlock-for-YouTube-Skip-Sponsorships-Chrome-Web-Store/_locales/fil/messages.json
A  Extensions/SponsorBlock-for-YouTube-Skip-Sponsorships-Chrome-Web-Store/_locales/fr/messages.json
A  Extensions/SponsorBlock-for-YouTube-Skip-Sponsorships-Chrome-Web-Store/_locales/he/messages.json
A  Extensions/SponsorBlock-for-YouTube-Skip-Sponsorships-Chrome-Web-Store/_locales/hi/messages.json
A  Extensions/SponsorBlock-for-YouTube-Skip-Sponsorships-Chrome-Web-Store/_locales/hr/messages.json
A  Extensions/SponsorBlock-for-YouTube-Skip-Sponsorships-Chrome-Web-Store/_locales/hu/messages.json
A  Extensions/SponsorBlock-for-YouTube-Skip-Sponsorships-Chrome-Web-Store/_locales/id/messages.json
A  Extensions/SponsorBlock-for-YouTube-Skip-Sponsorships-Chrome-Web-Store/_locales/it/messages.json
A  Extensions/SponsorBlock-for-YouTube-Skip-Sponsorships-Chrome-Web-Store/_locales/ja/messages.json
A  Extensions/SponsorBlock-for-YouTube-Skip-Sponsorships-Chrome-Web-Store/_locales/kn/messages.json
A  Extensions/SponsorBlock-for-YouTube-Skip-Sponsorships-Chrome-Web-Store/_locales/ko/messages.json
A  Extensions/SponsorBlock-for-YouTube-Skip-Sponsorships-Chrome-Web-Store/_locales/lt/messages.json
A  Extensions/SponsorBlock-for-YouTube-Skip-Sponsorships-Chrome-Web-Store/_locales/lv/messages.json
A  Extensions/SponsorBlock-for-YouTube-Skip-Sponsorships-Chrome-Web-Store/_locales/ml/messages.json
A  Extensions/SponsorBlock-for-YouTube-Skip-Sponsorships-Chrome-Web-Store/_locales/ms/messages.json
A  Extensions/SponsorBlock-for-YouTube-Skip-Sponsorships-Chrome-Web-Store/_locales/nl/messages.json
A  Extensions/SponsorBlock-for-YouTube-Skip-Sponsorships-Chrome-Web-Store/_locales/no/messages.json
A  Extensions/SponsorBlock-for-YouTube-Skip-Sponsorships-Chrome-Web-Store/_locales/pl/messages.json
A  Extensions/SponsorBlock-for-YouTube-Skip-Sponsorships-Chrome-Web-Store/_locales/pt_BR/messages.json
A  Extensions/SponsorBlock-for-YouTube-Skip-Sponsorships-Chrome-Web-Store/_locales/pt_PT/messages.json
A  Extensions/SponsorBlock-for-YouTube-Skip-Sponsorships-Chrome-Web-Store/_locales/ro/messages.json
A  Extensions/SponsorBlock-for-YouTube-Skip-Sponsorships-Chrome-Web-Store/_locales/ru/messages.json
A  Extensions/SponsorBlock-for-YouTube-Skip-Sponsorships-Chrome-Web-Store/_locales/sk/messages.json
A  Extensions/SponsorBlock-for-YouTube-Skip-Sponsorships-Chrome-Web-Store/_locales/sl/messages.json
A  Extensions/SponsorBlock-for-YouTube-Skip-Sponsorships-Chrome-Web-Store/_locales/sr/messages.json
A  Extensions/SponsorBlock-for-YouTube-Skip-Sponsorships-Chrome-Web-Store/_locales/sv/messages.json
A  Extensions/SponsorBlock-for-YouTube-Skip-Sponsorships-Chrome-Web-Store/_locales/ta/messages.json
A  Extensions/SponsorBlock-for-YouTube-Skip-Sponsorships-Chrome-Web-Store/_locales/te/messages.json
A  Extensions/SponsorBlock-for-YouTube-Skip-Sponsorships-Chrome-Web-Store/_locales/th/messages.json
A  Extensions/SponsorBlock-for-YouTube-Skip-Sponsorships-Chrome-Web-Store/_locales/tr/messages.json
A  Extensions/SponsorBlock-for-YouTube-Skip-Sponsorships-Chrome-Web-Store/_locales/uk/messages.json
A  Extensions/SponsorBlock-for-YouTube-Skip-Sponsorships-Chrome-Web-Store/_locales/vi/messages.json
A  Extensions/SponsorBlock-for-YouTube-Skip-Sponsorships-Chrome-Web-Store/_locales/zh_CN/messages.json
A  Extensions/SponsorBlock-for-YouTube-Skip-Sponsorships-Chrome-Web-Store/_locales/zh_TW/messages.json
A  Extensions/SponsorBlock-for-YouTube-Skip-Sponsorships-Chrome-Web-Store/_metadata/verified_contents.json
A  Extensions/SponsorBlock-for-YouTube-Skip-Sponsorships-Chrome-Web-Store/content.css
A  Extensions/SponsorBlock-for-YouTube-Skip-Sponsorships-Chrome-Web-Store/help/images/notice.png
A  Extensions/SponsorBlock-for-YouTube-Skip-Sponsorships-Chrome-Web-Store/help/images/popup.png
A  "Extensions/SponsorBlock-for-YouTube-Skip-Sponsorships-Chrome-Web-Store/help/images/submission menu.png"
A  Extensions/SponsorBlock-for-YouTube-Skip-Sponsorships-Chrome-Web-Store/help/images/votebuttons.gif
A  Extensions/SponsorBlock-for-YouTube-Skip-Sponsorships-Chrome-Web-Store/help/index.html
A  Extensions/SponsorBlock-for-YouTube-Skip-Sponsorships-Chrome-Web-Store/help/styles.css
A  Extensions/SponsorBlock-for-YouTube-Skip-Sponsorships-Chrome-Web-Store/icons/IconSponsorBlocker1024px.png
A  Extensions/SponsorBlock-for-YouTube-Skip-Sponsorships-Chrome-Web-Store/icons/IconSponsorBlocker128px.png
A  Extensions/SponsorBlock-for-YouTube-Skip-Sponsorships-Chrome-Web-Store/icons/IconSponsorBlocker16px.png
A  Extensions/SponsorBlock-for-YouTube-Skip-Sponsorships-Chrome-Web-Store/icons/IconSponsorBlocker256px.png
A  Extensions/SponsorBlock-for-YouTube-Skip-Sponsorships-Chrome-Web-Store/icons/IconSponsorBlocker32px.png
A  Extensions/SponsorBlock-for-YouTube-Skip-Sponsorships-Chrome-Web-Store/icons/IconSponsorBlocker512px.png
A  Extensions/SponsorBlock-for-YouTube-Skip-Sponsorships-Chrome-Web-Store/icons/IconSponsorBlocker64px.png
A  Extensions/SponsorBlock-for-YouTube-Skip-Sponsorships-Chrome-Web-Store/icons/LogoSponsorBlocker1024px.png
A  Extensions/SponsorBlock-for-YouTube-Skip-Sponsorships-Chrome-Web-Store/icons/LogoSponsorBlocker128px.png
A  Extensions/SponsorBlock-for-YouTube-Skip-Sponsorships-Chrome-Web-Store/icons/LogoSponsorBlocker256px.png
A  Extensions/SponsorBlock-for-YouTube-Skip-Sponsorships-Chrome-Web-Store/icons/LogoSponsorBlocker512px.png
A  Extensions/SponsorBlock-for-YouTube-Skip-Sponsorships-Chrome-Web-Store/icons/LogoSponsorBlocker64px.png
A  Extensions/SponsorBlock-for-YouTube-Skip-Sponsorships-Chrome-Web-Store/icons/PlayerCancelSegmentIconSponsorBlocker.svg
A  Extensions/SponsorBlock-for-YouTube-Skip-Sponsorships-Chrome-Web-Store/icons/PlayerDeleteIconSponsorBlocker.svg
A  Extensions/SponsorBlock-for-YouTube-Skip-Sponsorships-Chrome-Web-Store/icons/PlayerInfoIconSponsorBlocker.svg
A  Extensions/SponsorBlock-for-YouTube-Skip-Sponsorships-Chrome-Web-Store/icons/PlayerStartIconSponsorBlocker.svg
A  Extensions/SponsorBlock-for-YouTube-Skip-Sponsorships-Chrome-Web-Store/icons/PlayerStopIconSponsorBlocker.svg
A  Extensions/SponsorBlock-for-YouTube-Skip-Sponsorships-Chrome-Web-Store/icons/PlayerUploadFailedIconSponsorBlocker.svg
A  Extensions/SponsorBlock-for-YouTube-Skip-Sponsorships-Chrome-Web-Store/icons/PlayerUploadIconSponsorBlocker.svg
A  Extensions/SponsorBlock-for-YouTube-Skip-Sponsorships-Chrome-Web-Store/icons/SafariIconSponsorBlocker128px.png
A  Extensions/SponsorBlock-for-YouTube-Skip-Sponsorships-Chrome-Web-Store/icons/SafariIconSponsorBlocker16px.png
A  Extensions/SponsorBlock-for-YouTube-Skip-Sponsorships-Chrome-Web-Store/icons/SafariIconSponsorBlocker32px.png
A  Extensions/SponsorBlock-for-YouTube-Skip-Sponsorships-Chrome-Web-Store/icons/SafariIconSponsorBlocker64px.png
A  Extensions/SponsorBlock-for-YouTube-Skip-Sponsorships-Chrome-Web-Store/icons/beep.oga
A  Extensions/SponsorBlock-for-YouTube-Skip-Sponsorships-Chrome-Web-Store/icons/bolt.svg
A  Extensions/SponsorBlock-for-YouTube-Skip-Sponsorships-Chrome-Web-Store/icons/campaign.svg
A  Extensions/SponsorBlock-for-YouTube-Skip-Sponsorships-Chrome-Web-Store/icons/check-smaller.svg
A  Extensions/SponsorBlock-for-YouTube-Skip-Sponsorships-Chrome-Web-Store/icons/check.svg
A  Extensions/SponsorBlock-for-YouTube-Skip-Sponsorships-Chrome-Web-Store/icons/clipboard.svg
A  Extensions/SponsorBlock-for-YouTube-Skip-Sponsorships-Chrome-Web-Store/icons/close-smaller.svg
A  Extensions/SponsorBlock-for-YouTube-Skip-Sponsorships-Chrome-Web-Store/icons/close.png
A  Extensions/SponsorBlock-for-YouTube-Skip-Sponsorships-Chrome-Web-Store/icons/dearrow.svg
A  Extensions/SponsorBlock-for-YouTube-Skip-Sponsorships-Chrome-Web-Store/icons/downvote.png
A  Extensions/SponsorBlock-for-YouTube-Skip-Sponsorships-Chrome-Web-Store/icons/export.svg
A  Extensions/SponsorBlock-for-YouTube-Skip-Sponsorships-Chrome-Web-Store/icons/heart.svg
A  Extensions/SponsorBlock-for-YouTube-Skip-Sponsorships-Chrome-Web-Store/icons/help.svg
A  Extensions/SponsorBlock-for-YouTube-Skip-Sponsorships-Chrome-Web-Store/icons/import.svg
A  Extensions/SponsorBlock-for-YouTube-Skip-Sponsorships-Chrome-Web-Store/icons/lightbulb.svg
A  Extensions/SponsorBlock-for-YouTube-Skip-Sponsorships-Chrome-Web-Store/icons/loop.svg
A  Extensions/SponsorBlock-for-YouTube-Skip-Sponsorships-Chrome-Web-Store/icons/looped.svg
A  Extensions/SponsorBlock-for-YouTube-Skip-Sponsorships-Chrome-Web-Store/icons/money.svg
A  Extensions/SponsorBlock-for-YouTube-Skip-Sponsorships-Chrome-Web-Store/icons/music-note.svg
A  Extensions/SponsorBlock-for-YouTube-Skip-Sponsorships-Chrome-Web-Store/icons/newprofilepic.jpg
A  Extensions/SponsorBlock-for-YouTube-Skip-Sponsorships-Chrome-Web-Store/icons/not_visible.svg
A  Extensions/SponsorBlock-for-YouTube-Skip-Sponsorships-Chrome-Web-Store/icons/pause.svg
A  Extensions/SponsorBlock-for-YouTube-Skip-Sponsorships-Chrome-Web-Store/icons/pencil.svg
A  Extensions/SponsorBlock-for-YouTube-Skip-Sponsorships-Chrome-Web-Store/icons/pride.svg
A  Extensions/SponsorBlock-for-YouTube-Skip-Sponsorships-Chrome-Web-Store/icons/refresh.svg
A  Extensions/SponsorBlock-for-YouTube-Skip-Sponsorships-Chrome-Web-Store/icons/report.png
A  Extensions/SponsorBlock-for-YouTube-Skip-Sponsorships-Chrome-Web-Store/icons/right-arrow.svg
A  Extensions/SponsorBlock-for-YouTube-Skip-Sponsorships-Chrome-Web-Store/icons/sb-pride.png
A  Extensions/SponsorBlock-for-YouTube-Skip-Sponsorships-Chrome-Web-Store/icons/segway.png
A  Extensions/SponsorBlock-for-YouTube-Skip-Sponsorships-Chrome-Web-Store/icons/settings.svg
A  Extensions/SponsorBlock-for-YouTube-Skip-Sponsorships-Chrome-Web-Store/icons/skip.svg
A  Extensions/SponsorBlock-for-YouTube-Skip-Sponsorships-Chrome-Web-Store/icons/skipIcon.svg
A  Extensions/SponsorBlock-for-YouTube-Skip-Sponsorships-Chrome-Web-Store/icons/sort.svg
A  Extensions/SponsorBlock-for-YouTube-Skip-Sponsorships-Chrome-Web-Store/icons/star.svg
A  Extensions/SponsorBlock-for-YouTube-Skip-Sponsorships-Chrome-Web-Store/icons/stop.svg
A  Extensions/SponsorBlock-for-YouTube-Skip-Sponsorships-Chrome-Web-Store/icons/stopwatch.svg
A  Extensions/SponsorBlock-for-YouTube-Skip-Sponsorships-Chrome-Web-Store/icons/thumb.svg
A  Extensions/SponsorBlock-for-YouTube-Skip-Sponsorships-Chrome-Web-Store/icons/thumbs_down.svg
A  Extensions/SponsorBlock-for-YouTube-Skip-Sponsorships-Chrome-Web-Store/icons/thumbs_down_locked.svg
A  Extensions/SponsorBlock-for-YouTube-Skip-Sponsorships-Chrome-Web-Store/icons/thumbs_up.svg
A  Extensions/SponsorBlock-for-YouTube-Skip-Sponsorships-Chrome-Web-Store/icons/upvote.png
A  Extensions/SponsorBlock-for-YouTube-Skip-Sponsorships-Chrome-Web-Store/icons/upvote.svg
A  Extensions/SponsorBlock-for-YouTube-Skip-Sponsorships-Chrome-Web-Store/icons/visible.svg
A  Extensions/SponsorBlock-for-YouTube-Skip-Sponsorships-Chrome-Web-Store/js/background.js
A  Extensions/SponsorBlock-for-YouTube-Skip-Sponsorships-Chrome-Web-Store/js/content.js
A  Extensions/SponsorBlock-for-YouTube-Skip-Sponsorships-Chrome-Web-Store/js/content.js.LICENSE.txt
A  Extensions/SponsorBlock-for-YouTube-Skip-Sponsorships-Chrome-Web-Store/js/document.js
A  Extensions/SponsorBlock-for-YouTube-Skip-Sponsorships-Chrome-Web-Store/js/help.js
A  Extensions/SponsorBlock-for-YouTube-Skip-Sponsorships-Chrome-Web-Store/js/options.js
A  Extensions/SponsorBlock-for-YouTube-Skip-Sponsorships-Chrome-Web-Store/js/options.js.LICENSE.txt
A  Extensions/SponsorBlock-for-YouTube-Skip-Sponsorships-Chrome-Web-Store/js/permissions.js
A  Extensions/SponsorBlock-for-YouTube-Skip-Sponsorships-Chrome-Web-Store/js/popup.js
A  Extensions/SponsorBlock-for-YouTube-Skip-Sponsorships-Chrome-Web-Store/js/popup.js.LICENSE.txt
A  Extensions/SponsorBlock-for-YouTube-Skip-Sponsorships-Chrome-Web-Store/libs/6xKydSBYKcSV-LCoeQqfX1RYOo3ig4vwlBduz8A.woff2
A  Extensions/SponsorBlock-for-YouTube-Skip-Sponsorships-Chrome-Web-Store/libs/6xKydSBYKcSV-LCoeQqfX1RYOo3ig4vwlxdu.woff2
A  Extensions/SponsorBlock-for-YouTube-Skip-Sponsorships-Chrome-Web-Store/libs/6xKydSBYKcSV-LCoeQqfX1RYOo3ig4vwmBduz8A.woff2
A  Extensions/SponsorBlock-for-YouTube-Skip-Sponsorships-Chrome-Web-Store/libs/6xKydSBYKcSV-LCoeQqfX1RYOo3ig4vwmRduz8A.woff2
A  Extensions/SponsorBlock-for-YouTube-Skip-Sponsorships-Chrome-Web-Store/libs/Source+Sans+Pro.css
A  Extensions/SponsorBlock-for-YouTube-Skip-Sponsorships-Chrome-Web-Store/manifest.json
A  Extensions/SponsorBlock-for-YouTube-Skip-Sponsorships-Chrome-Web-Store/options/options.css
A  Extensions/SponsorBlock-for-YouTube-Skip-Sponsorships-Chrome-Web-Store/options/options.html
A  Extensions/SponsorBlock-for-YouTube-Skip-Sponsorships-Chrome-Web-Store/oss-attribution/attribution.txt
A  Extensions/SponsorBlock-for-YouTube-Skip-Sponsorships-Chrome-Web-Store/permissions/index.html
A  Extensions/SponsorBlock-for-YouTube-Skip-Sponsorships-Chrome-Web-Store/permissions/styles.css
A  Extensions/SponsorBlock-for-YouTube-Skip-Sponsorships-Chrome-Web-Store/popup.css
A  Extensions/SponsorBlock-for-YouTube-Skip-Sponsorships-Chrome-Web-Store/popup.html
A  Extensions/SponsorBlock-for-YouTube-Skip-Sponsorships-Chrome-Web-Store/res/countries.json
A  Extensions/SponsorBlock-for-YouTube-Skip-Sponsorships-Chrome-Web-Store/shared.css
A  Extensions/TWP-Translate-[BETA]-Chrome-Web-Store/LICENSE
A  Extensions/TWP-Translate-[BETA]-Chrome-Web-Store/_locales/af/messages.json
A  Extensions/TWP-Translate-[BETA]-Chrome-Web-Store/_locales/ar/messages.json
A  Extensions/TWP-Translate-[BETA]-Chrome-Web-Store/_locales/bg/messages.json
A  Extensions/TWP-Translate-[BETA]-Chrome-Web-Store/_locales/bn/messages.json
A  Extensions/TWP-Translate-[BETA]-Chrome-Web-Store/_locales/ca/messages.json
A  Extensions/TWP-Translate-[BETA]-Chrome-Web-Store/_locales/cs/messages.json
A  Extensions/TWP-Translate-[BETA]-Chrome-Web-Store/_locales/da/messages.json
A  Extensions/TWP-Translate-[BETA]-Chrome-Web-Store/_locales/de/messages.json
A  Extensions/TWP-Translate-[BETA]-Chrome-Web-Store/_locales/el/messages.json
A  Extensions/TWP-Translate-[BETA]-Chrome-Web-Store/_locales/en/messages.json
A  Extensions/TWP-Translate-[BETA]-Chrome-Web-Store/_locales/es/messages.json
A  Extensions/TWP-Translate-[BETA]-Chrome-Web-Store/_locales/fa/messages.json
A  Extensions/TWP-Translate-[BETA]-Chrome-Web-Store/_locales/fi/messages.json
A  Extensions/TWP-Translate-[BETA]-Chrome-Web-Store/_locales/fr/messages.json
A  Extensions/TWP-Translate-[BETA]-Chrome-Web-Store/_locales/he/messages.json
A  Extensions/TWP-Translate-[BETA]-Chrome-Web-Store/_locales/hi/messages.json
A  Extensions/TWP-Translate-[BETA]-Chrome-Web-Store/_locales/hr/messages.json
A  Extensions/TWP-Translate-[BETA]-Chrome-Web-Store/_locales/hu/messages.json
A  Extensions/TWP-Translate-[BETA]-Chrome-Web-Store/_locales/is/messages.json
A  Extensions/TWP-Translate-[BETA]-Chrome-Web-Store/_locales/it/messages.json
A  Extensions/TWP-Translate-[BETA]-Chrome-Web-Store/_locales/ja/messages.json
A  Extensions/TWP-Translate-[BETA]-Chrome-Web-Store/_locales/kaa/messages.json
A  Extensions/TWP-Translate-[BETA]-Chrome-Web-Store/_locales/ko/messages.json
A  Extensions/TWP-Translate-[BETA]-Chrome-Web-Store/_locales/lv/messages.json
A  Extensions/TWP-Translate-[BETA]-Chrome-Web-Store/_locales/nl/messages.json
A  Extensions/TWP-Translate-[BETA]-Chrome-Web-Store/_locales/no/messages.json
A  Extensions/TWP-Translate-[BETA]-Chrome-Web-Store/_locales/pl/messages.json
A  Extensions/TWP-Translate-[BETA]-Chrome-Web-Store/_locales/pt_BR/messages.json
A  Extensions/TWP-Translate-[BETA]-Chrome-Web-Store/_locales/pt_PT/messages.json
A  Extensions/TWP-Translate-[BETA]-Chrome-Web-Store/_locales/ro/messages.json
A  Extensions/TWP-Translate-[BETA]-Chrome-Web-Store/_locales/ru/messages.json
A  Extensions/TWP-Translate-[BETA]-Chrome-Web-Store/_locales/sat/messages.json
A  Extensions/TWP-Translate-[BETA]-Chrome-Web-Store/_locales/sl/messages.json
A  Extensions/TWP-Translate-[BETA]-Chrome-Web-Store/_locales/sr/messages.json
A  Extensions/TWP-Translate-[BETA]-Chrome-Web-Store/_locales/sv/messages.json
A  Extensions/TWP-Translate-[BETA]-Chrome-Web-Store/_locales/ta/messages.json
A  Extensions/TWP-Translate-[BETA]-Chrome-Web-Store/_locales/th/messages.json
A  Extensions/TWP-Translate-[BETA]-Chrome-Web-Store/_locales/tr/messages.json
A  Extensions/TWP-Translate-[BETA]-Chrome-Web-Store/_locales/ug/messages.json
A  Extensions/TWP-Translate-[BETA]-Chrome-Web-Store/_locales/uk/messages.json
A  Extensions/TWP-Translate-[BETA]-Chrome-Web-Store/_locales/vi/messages.json
A  Extensions/TWP-Translate-[BETA]-Chrome-Web-Store/_locales/zh_CN/messages.json
A  Extensions/TWP-Translate-[BETA]-Chrome-Web-Store/_locales/zh_TW/messages.json
A  Extensions/TWP-Translate-[BETA]-Chrome-Web-Store/_metadata/verified_contents.json
A  Extensions/TWP-Translate-[BETA]-Chrome-Web-Store/background/background.js
A  Extensions/TWP-Translate-[BETA]-Chrome-Web-Store/background/textToSpeech.js
A  Extensions/TWP-Translate-[BETA]-Chrome-Web-Store/background/translationCache.js
A  Extensions/TWP-Translate-[BETA]-Chrome-Web-Store/background/translationService.js
A  Extensions/TWP-Translate-[BETA]-Chrome-Web-Store/bg.js
A  Extensions/TWP-Translate-[BETA]-Chrome-Web-Store/contentScript/checkScriptIsInjected.js
A  Extensions/TWP-Translate-[BETA]-Chrome-Web-Store/contentScript/css/showOriginal.css
A  Extensions/TWP-Translate-[BETA]-Chrome-Web-Store/contentScript/css/showTranslated.css
A  Extensions/TWP-Translate-[BETA]-Chrome-Web-Store/contentScript/css/translateSelected.css
A  Extensions/TWP-Translate-[BETA]-Chrome-Web-Store/contentScript/deepl.js
A  Extensions/TWP-Translate-[BETA]-Chrome-Web-Store/contentScript/html/popupMobile.html
A  Extensions/TWP-Translate-[BETA]-Chrome-Web-Store/contentScript/pageTranslator.js
A  Extensions/TWP-Translate-[BETA]-Chrome-Web-Store/contentScript/popupMobile.js
A  Extensions/TWP-Translate-[BETA]-Chrome-Web-Store/contentScript/showOriginal.js
A  Extensions/TWP-Translate-[BETA]-Chrome-Web-Store/contentScript/showTranslated.js
A  Extensions/TWP-Translate-[BETA]-Chrome-Web-Store/contentScript/translateSelected.js
A  Extensions/TWP-Translate-[BETA]-Chrome-Web-Store/firefox-manifest.json
A  Extensions/TWP-Translate-[BETA]-Chrome-Web-Store/icons/bing-translate-32.png
A  Extensions/TWP-Translate-[BETA]-Chrome-Web-Store/icons/btn_donate_LG.webp
A  Extensions/TWP-Translate-[BETA]-Chrome-Web-Store/icons/coinpayments.png
A  Extensions/TWP-Translate-[BETA]-Chrome-Web-Store/icons/google-translate-32.png
A  Extensions/TWP-Translate-[BETA]-Chrome-Web-Store/icons/icon-128.png
A  Extensions/TWP-Translate-[BETA]-Chrome-Web-Store/icons/icon-16.png
A  Extensions/TWP-Translate-[BETA]-Chrome-Web-Store/icons/icon-32-translated.png
A  Extensions/TWP-Translate-[BETA]-Chrome-Web-Store/icons/icon-32.png
A  Extensions/TWP-Translate-[BETA]-Chrome-Web-Store/icons/icon-64.png
A  Extensions/TWP-Translate-[BETA]-Chrome-Web-Store/icons/icon-translated.svg
A  Extensions/TWP-Translate-[BETA]-Chrome-Web-Store/icons/icon.svg
A  Extensions/TWP-Translate-[BETA]-Chrome-Web-Store/icons/patreon.png
A  Extensions/TWP-Translate-[BETA]-Chrome-Web-Store/icons/patreon_icon.png
A  Extensions/TWP-Translate-[BETA]-Chrome-Web-Store/icons/pixel.gif
A  Extensions/TWP-Translate-[BETA]-Chrome-Web-Store/icons/swap-32.png
A  Extensions/TWP-Translate-[BETA]-Chrome-Web-Store/icons/yandex-translate-32.png
A  Extensions/TWP-Translate-[BETA]-Chrome-Web-Store/lib/XMLHttpRequestShim.js
A  Extensions/TWP-Translate-[BETA]-Chrome-Web-Store/lib/checkedLastError.js
A  Extensions/TWP-Translate-[BETA]-Chrome-Web-Store/lib/config.js
A  Extensions/TWP-Translate-[BETA]-Chrome-Web-Store/lib/i18n.js
A  Extensions/TWP-Translate-[BETA]-Chrome-Web-Store/lib/languages.js
A  Extensions/TWP-Translate-[BETA]-Chrome-Web-Store/lib/platformInfo.js
A  Extensions/TWP-Translate-[BETA]-Chrome-Web-Store/lib/polyfill.js
A  Extensions/TWP-Translate-[BETA]-Chrome-Web-Store/lib/stuff.js
A  Extensions/TWP-Translate-[BETA]-Chrome-Web-Store/manifest.json
A  Extensions/TWP-Translate-[BETA]-Chrome-Web-Store/off_screen.html
A  Extensions/TWP-Translate-[BETA]-Chrome-Web-Store/off_screen.js
A  Extensions/TWP-Translate-[BETA]-Chrome-Web-Store/options/darkmode.js
A  Extensions/TWP-Translate-[BETA]-Chrome-Web-Store/options/open-options.html
A  Extensions/TWP-Translate-[BETA]-Chrome-Web-Store/options/open-options.js
A  Extensions/TWP-Translate-[BETA]-Chrome-Web-Store/options/options.css
A  Extensions/TWP-Translate-[BETA]-Chrome-Web-Store/options/options.html
A  Extensions/TWP-Translate-[BETA]-Chrome-Web-Store/options/options.js
A  Extensions/TWP-Translate-[BETA]-Chrome-Web-Store/options/release-notes/en.html
A  Extensions/TWP-Translate-[BETA]-Chrome-Web-Store/popup/detect-pdf.js
A  Extensions/TWP-Translate-[BETA]-Chrome-Web-Store/popup/improve-translation.html
A  Extensions/TWP-Translate-[BETA]-Chrome-Web-Store/popup/improve-translation.js
A  Extensions/TWP-Translate-[BETA]-Chrome-Web-Store/popup/old-popup.css
A  Extensions/TWP-Translate-[BETA]-Chrome-Web-Store/popup/old-popup.html
A  Extensions/TWP-Translate-[BETA]-Chrome-Web-Store/popup/old-popup.js
A  Extensions/TWP-Translate-[BETA]-Chrome-Web-Store/popup/popup-translate-document.html
A  Extensions/TWP-Translate-[BETA]-Chrome-Web-Store/popup/popup-translate-document.js
A  Extensions/TWP-Translate-[BETA]-Chrome-Web-Store/popup/popup-translate-text.html
A  Extensions/TWP-Translate-[BETA]-Chrome-Web-Store/popup/popup-translate-text.js
A  Extensions/TWP-Translate-[BETA]-Chrome-Web-Store/popup/popup.css
A  Extensions/TWP-Translate-[BETA]-Chrome-Web-Store/popup/popup.html
A  Extensions/TWP-Translate-[BETA]-Chrome-Web-Store/popup/popup.js
A  Extensions/TWP-Translate-[BETA]-Chrome-Web-Store/w3css/4/w3.css
A  Extensions/adguard/_locales/ar/messages.json
A  Extensions/adguard/_locales/be/messages.json
A  Extensions/adguard/_locales/bg/messages.json
A  Extensions/adguard/_locales/bn/messages.json
A  Extensions/adguard/_locales/ca/messages.json
A  Extensions/adguard/_locales/cs/messages.json
A  Extensions/adguard/_locales/da/messages.json
A  Extensions/adguard/_locales/de/messages.json
A  Extensions/adguard/_locales/el/messages.json
A  Extensions/adguard/_locales/en/messages.json
A  Extensions/adguard/_locales/es/messages.json
A  Extensions/adguard/_locales/es_419/messages.json
A  Extensions/adguard/_locales/et/messages.json
A  Extensions/adguard/_locales/fa/messages.json
A  Extensions/adguard/_locales/fi/messages.json
A  Extensions/adguard/_locales/fil/messages.json
A  Extensions/adguard/_locales/fr/messages.json
A  Extensions/adguard/_locales/he/messages.json
A  Extensions/adguard/_locales/hi/messages.json
A  Extensions/adguard/_locales/hr/messages.json
A  Extensions/adguard/_locales/hu/messages.json
A  Extensions/adguard/_locales/hy/messages.json
A  Extensions/adguard/_locales/id/messages.json
A  Extensions/adguard/_locales/it/messages.json
A  Extensions/adguard/_locales/ja/messages.json
A  Extensions/adguard/_locales/kn/messages.json
A  Extensions/adguard/_locales/ko/messages.json
A  Extensions/adguard/_locales/lt/messages.json
A  Extensions/adguard/_locales/lv/messages.json
A  Extensions/adguard/_locales/mk-MK/messages.json
A  Extensions/adguard/_locales/mk/messages.json
A  Extensions/adguard/_locales/ms/messages.json
A  Extensions/adguard/_locales/nb/messages.json
A  Extensions/adguard/_locales/nl/messages.json
A  Extensions/adguard/_locales/pl/messages.json
A  Extensions/adguard/_locales/pt_BR/messages.json
A  Extensions/adguard/_locales/pt_PT/messages.json
A  Extensions/adguard/_locales/ro/messages.json
A  Extensions/adguard/_locales/ru/messages.json
A  Extensions/adguard/_locales/sk/messages.json
A  Extensions/adguard/_locales/sl/messages.json
A  Extensions/adguard/_locales/sr/messages.json
A  Extensions/adguard/_locales/sv/messages.json
A  Extensions/adguard/_locales/ta/messages.json
A  Extensions/adguard/_locales/te/messages.json
A  Extensions/adguard/_locales/th/messages.json
A  Extensions/adguard/_locales/tr/messages.json
A  Extensions/adguard/_locales/uk/messages.json
A  Extensions/adguard/_locales/vi/messages.json
A  Extensions/adguard/_locales/zh_CN/messages.json
A  Extensions/adguard/_locales/zh_TW/messages.json
A  Extensions/adguard/assets/css/alert-container.css
A  Extensions/adguard/assets/css/alert-popup.css
A  Extensions/adguard/assets/css/c3.css
A  Extensions/adguard/assets/css/devtools/custom.css
A  Extensions/adguard/assets/css/devtools/dark.css
A  Extensions/adguard/assets/css/devtools/elementsPanel.css
A  Extensions/adguard/assets/css/devtools/inspectorCommon.css
A  Extensions/adguard/assets/css/devtools/inspectorStyle.css
A  Extensions/adguard/assets/css/devtools/inspectorSyntaxHighlight.css
A  Extensions/adguard/assets/css/devtools/sidebarPane.css
A  Extensions/adguard/assets/css/fonts.css
A  Extensions/adguard/assets/css/layout.css
A  Extensions/adguard/assets/css/log.css
A  Extensions/adguard/assets/css/main.css
A  Extensions/adguard/assets/css/nanobar.css
A  Extensions/adguard/assets/css/rules-limits-container.css
A  Extensions/adguard/assets/css/rules-limits-popup.css
A  Extensions/adguard/assets/css/style.css
A  Extensions/adguard/assets/css/update-container.css
A  Extensions/adguard/assets/fonts/Roboto-Flex-Regular.woff2
A  Extensions/adguard/assets/icons/loading-19.png
A  Extensions/adguard/assets/icons/loading-38.png
A  Extensions/adguard/assets/icons/newyear25-off-19.png
A  Extensions/adguard/assets/icons/newyear25-off-38.png
A  Extensions/adguard/assets/icons/newyear25-on-19.png
A  Extensions/adguard/assets/icons/newyear25-on-38.png
A  Extensions/adguard/assets/icons/off-19.png
A  Extensions/adguard/assets/icons/off-38.png
A  Extensions/adguard/assets/icons/on-128.png
A  Extensions/adguard/assets/icons/on-16.png
A  Extensions/adguard/assets/icons/on-19.png
A  Extensions/adguard/assets/icons/on-38.png
A  Extensions/adguard/assets/icons/update-available-19.png
A  Extensions/adguard/assets/icons/update-available-38.png
A  Extensions/adguard/assets/icons/warning-19.png
A  Extensions/adguard/assets/icons/warning-38.png
A  Extensions/adguard/assets/images/alert.svg
A  Extensions/adguard/assets/images/app-store.svg
A  Extensions/adguard/assets/images/arrow-down-grey.svg
A  Extensions/adguard/assets/images/arrow-down.svg
A  Extensions/adguard/assets/images/avatar.svg
A  Extensions/adguard/assets/images/checked.svg
A  Extensions/adguard/assets/images/chrome.svg
A  Extensions/adguard/assets/images/cross.svg
A  Extensions/adguard/assets/images/dropbox.svg
A  Extensions/adguard/assets/images/filters.svg
A  Extensions/adguard/assets/images/google-play.svg
A  Extensions/adguard/assets/images/hero-green.svg
A  Extensions/adguard/assets/images/hero-red.svg
A  Extensions/adguard/assets/images/link.svg
A  Extensions/adguard/assets/images/logo-dark.svg
A  Extensions/adguard/assets/images/logo-shield.svg
A  Extensions/adguard/assets/images/logo.svg
A  Extensions/adguard/assets/images/newyear25.svg
A  Extensions/adguard/assets/images/reload-ico-green.svg
A  Extensions/adguard/assets/images/reload-ico.svg
A  Extensions/adguard/assets/images/shield.svg
A  Extensions/adguard/assets/images/tick.svg
A  Extensions/adguard/assets/images/toggler-bg.svg
A  Extensions/adguard/assets/images/trash.svg
A  Extensions/adguard/assets/js/preload-theme.js
A  Extensions/adguard/assets/videos/loading.webm
A  Extensions/adguard/filters/filter_1.txt
A  Extensions/adguard/filters/filter_10.txt
A  Extensions/adguard/filters/filter_11.txt
A  Extensions/adguard/filters/filter_13.txt
A  Extensions/adguard/filters/filter_14.txt
A  Extensions/adguard/filters/filter_15.txt
A  Extensions/adguard/filters/filter_16.txt
A  Extensions/adguard/filters/filter_17.txt
A  Extensions/adguard/filters/filter_18.txt
A  Extensions/adguard/filters/filter_19.txt
A  Extensions/adguard/filters/filter_2.txt
A  Extensions/adguard/filters/filter_20.txt
A  Extensions/adguard/filters/filter_21.txt
A  Extensions/adguard/filters/filter_22.txt
A  Extensions/adguard/filters/filter_224.txt
A  Extensions/adguard/filters/filter_23.txt
A  Extensions/adguard/filters/filter_3.txt
A  Extensions/adguard/filters/filter_4.txt
A  Extensions/adguard/filters/filter_5.txt
A  Extensions/adguard/filters/filter_6.txt
A  Extensions/adguard/filters/filter_7.txt
A  Extensions/adguard/filters/filter_8.txt
A  Extensions/adguard/filters/filter_9.txt
A  Extensions/adguard/filters/filter_mobile_1.txt
A  Extensions/adguard/filters/filter_mobile_10.txt
A  Extensions/adguard/filters/filter_mobile_11.txt
A  Extensions/adguard/filters/filter_mobile_13.txt
A  Extensions/adguard/filters/filter_mobile_14.txt
A  Extensions/adguard/filters/filter_mobile_15.txt
A  Extensions/adguard/filters/filter_mobile_16.txt
A  Extensions/adguard/filters/filter_mobile_17.txt
A  Extensions/adguard/filters/filter_mobile_18.txt
A  Extensions/adguard/filters/filter_mobile_19.txt
A  Extensions/adguard/filters/filter_mobile_2.txt
A  Extensions/adguard/filters/filter_mobile_20.txt
A  Extensions/adguard/filters/filter_mobile_21.txt
A  Extensions/adguard/filters/filter_mobile_22.txt
A  Extensions/adguard/filters/filter_mobile_224.txt
A  Extensions/adguard/filters/filter_mobile_23.txt
A  Extensions/adguard/filters/filter_mobile_3.txt
A  Extensions/adguard/filters/filter_mobile_4.txt
A  Extensions/adguard/filters/filter_mobile_5.txt
A  Extensions/adguard/filters/filter_mobile_6.txt
A  Extensions/adguard/filters/filter_mobile_7.txt
A  Extensions/adguard/filters/filter_mobile_8.txt
A  Extensions/adguard/filters/filter_mobile_9.txt
A  Extensions/adguard/filters/filters.json
A  Extensions/adguard/filters/filters_i18n.json
A  Extensions/adguard/manifest.json
A  Extensions/adguard/pages/assistant-inject.js
A  Extensions/adguard/pages/background.html
A  Extensions/adguard/pages/background.js
A  Extensions/adguard/pages/blocking/blocked.html
A  Extensions/adguard/pages/blocking/blocked.js
A  Extensions/adguard/pages/blocking/safebrowsing.html
A  Extensions/adguard/pages/blocking/safebrowsing.js
A  Extensions/adguard/pages/content-script-end.js
A  Extensions/adguard/pages/content-script-start.js
A  Extensions/adguard/pages/devtools-elements-sidebar.html
A  Extensions/adguard/pages/devtools-elements-sidebar.js
A  Extensions/adguard/pages/devtools.html
A  Extensions/adguard/pages/devtools.js
A  Extensions/adguard/pages/filtering-log.html
A  Extensions/adguard/pages/filtering-log.js
A  Extensions/adguard/pages/fullscreen-user-rules.html
A  Extensions/adguard/pages/fullscreen-user-rules.js
A  Extensions/adguard/pages/options.html
A  Extensions/adguard/pages/options.js
A  Extensions/adguard/pages/popup.html
A  Extensions/adguard/pages/popup.js
A  Extensions/adguard/pages/post-install.html
A  Extensions/adguard/pages/post-install.js
A  Extensions/adguard/pages/subscribe.js
A  Extensions/adguard/pages/thankyou.js
A  Extensions/adguard/runtime.js
A  Extensions/adguard/shared/editor.js
A  Extensions/adguard/vendors/agtree.js
A  Extensions/adguard/vendors/css-tokenizer.js
A  Extensions/adguard/vendors/mobx.js
A  Extensions/adguard/vendors/react.js
A  Extensions/adguard/vendors/scriptlets.js
A  Extensions/adguard/vendors/text-encoding-polyfill.js
A  Extensions/adguard/vendors/tsurlfilter-declarative-converter.js
A  Extensions/adguard/vendors/tsurlfilter.js
A  Extensions/adguard/vendors/tswebextension.js
A  Extensions/adguard/vendors/xstate.js
A  Extensions/adguard/web-accessible-resources/redirects.yml
A  Extensions/adguard/web-accessible-resources/redirects/1x1-transparent.gif
A  Extensions/adguard/web-accessible-resources/redirects/2x2-transparent.png
A  Extensions/adguard/web-accessible-resources/redirects/32x32-transparent.png
A  Extensions/adguard/web-accessible-resources/redirects/3x2-transparent.png
A  Extensions/adguard/web-accessible-resources/redirects/amazon-apstag.js
A  Extensions/adguard/web-accessible-resources/redirects/ati-smarttag.js
A  Extensions/adguard/web-accessible-resources/redirects/click2load.html
A  Extensions/adguard/web-accessible-resources/redirects/didomi-loader.js
A  Extensions/adguard/web-accessible-resources/redirects/fingerprintjs.js
A  Extensions/adguard/web-accessible-resources/redirects/fingerprintjs2.js
A  Extensions/adguard/web-accessible-resources/redirects/fingerprintjs3.js
A  Extensions/adguard/web-accessible-resources/redirects/gemius.js
A  Extensions/adguard/web-accessible-resources/redirects/google-analytics-ga.js
A  Extensions/adguard/web-accessible-resources/redirects/google-analytics.js
A  Extensions/adguard/web-accessible-resources/redirects/google-ima3.js
A  Extensions/adguard/web-accessible-resources/redirects/googlesyndication-adsbygoogle.js
A  Extensions/adguard/web-accessible-resources/redirects/googletagservices-gpt.js
A  Extensions/adguard/web-accessible-resources/redirects/matomo.js
A  Extensions/adguard/web-accessible-resources/redirects/metrika-yandex-tag.js
A  Extensions/adguard/web-accessible-resources/redirects/metrika-yandex-watch.js
A  Extensions/adguard/web-accessible-resources/redirects/naver-wcslog.js
A  Extensions/adguard/web-accessible-resources/redirects/noeval.js
A  Extensions/adguard/web-accessible-resources/redirects/noopcss.css
A  Extensions/adguard/web-accessible-resources/redirects/noopframe.html
A  Extensions/adguard/web-accessible-resources/redirects/noopjs.js
A  Extensions/adguard/web-accessible-resources/redirects/noopjson.json
A  Extensions/adguard/web-accessible-resources/redirects/noopmp3.mp3
A  Extensions/adguard/web-accessible-resources/redirects/noopmp4.mp4
A  Extensions/adguard/web-accessible-resources/redirects/nooptext.js
A  Extensions/adguard/web-accessible-resources/redirects/noopvast02.xml
A  Extensions/adguard/web-accessible-resources/redirects/noopvast03.xml
A  Extensions/adguard/web-accessible-resources/redirects/noopvast04.xml
A  Extensions/adguard/web-accessible-resources/redirects/noopvmap01.xml
A  Extensions/adguard/web-accessible-resources/redirects/pardot-1.0.js
A  Extensions/adguard/web-accessible-resources/redirects/prebid-ads.js
A  Extensions/adguard/web-accessible-resources/redirects/prebid.js
A  Extensions/adguard/web-accessible-resources/redirects/prevent-bab.js
A  Extensions/adguard/web-accessible-resources/redirects/prevent-bab2.js
A  Extensions/adguard/web-accessible-resources/redirects/prevent-fab-3.2.0.js
A  Extensions/adguard/web-accessible-resources/redirects/prevent-popads-net.js
A  Extensions/adguard/web-accessible-resources/redirects/scorecardresearch-beacon.js
A  Extensions/adguard/web-accessible-resources/redirects/set-popads-dummy.js
A  Extensions/consent-o-matic/Action.js
A  Extensions/consent-o-matic/CMP.js
A  Extensions/consent-o-matic/Consent.js
A  Extensions/consent-o-matic/ConsentEngine.js
A  Extensions/consent-o-matic/Detector.js
A  Extensions/consent-o-matic/GDPRConfig.js
A  Extensions/consent-o-matic/Language.js
A  Extensions/consent-o-matic/Matcher.js
A  Extensions/consent-o-matic/Tools.js
A  Extensions/consent-o-matic/background.js
A  Extensions/consent-o-matic/content.css
A  Extensions/consent-o-matic/content.js
A  Extensions/consent-o-matic/content.scss
A  Extensions/consent-o-matic/contentScript.js
A  Extensions/consent-o-matic/editor.html
A  Extensions/consent-o-matic/editor.js
A  Extensions/consent-o-matic/hide.svg
A  Extensions/consent-o-matic/icon_1024.png
A  Extensions/consent-o-matic/icon_128.png
A  Extensions/consent-o-matic/icon_48.png
A  Extensions/consent-o-matic/icon_96.png
A  Extensions/consent-o-matic/logo.svg
A  Extensions/consent-o-matic/main.css
A  Extensions/consent-o-matic/manifest.chromium.json
A  Extensions/consent-o-matic/manifest.firefox.json
A  Extensions/consent-o-matic/manifest.json
A  Extensions/consent-o-matic/manifest.safari.json
A  Extensions/consent-o-matic/minimize.svg
A  Extensions/consent-o-matic/options.html
A  Extensions/consent-o-matic/options.js
A  Extensions/consent-o-matic/popup.html
A  Extensions/consent-o-matic/popup.js
A  Extensions/consent-o-matic/service.js
A  Extensions/consent-o-matic/templates.html
A  Extensions/consent-o-matic/ui.css
A  Extensions/consent-o-matic/ui.js
A  Extensions/consent-o-matic/ui.scss
A  Horizon.Browser.csproj
A  Horizon.bat
A  Horizon_Bootstrapper.bat
A  Install_Horizon_Browser_beta.ifp
A  LICENSE
A  LICENSE.rtf
A  LICENSE.txt
A  MainWindow.AdvancedCalc.cs
A  MainWindow.Widgets.cs
A  MainWindow.xaml
A  MainWindow.xaml.cs
A  MainWindow.xaml.cs.bak
A  Output/Setup_Horizon_Browser_Beta.exe
A  PRIVACY_POLICY.md
A  README.md
A  Services/AccountSyncService.cs
A  Services/BackgroundKeepAliveService.cs
A  Services/BatteryBridge.cs
A  Services/BookmarksService.cs
A  Services/BrowserDetectionService.cs
A  Services/CacheJanitorService.cs
A  Services/CalendarBridge.cs
A  Services/ChromiumHarvester.cs
A  Services/ConfigService.cs
A  Services/DownloadBridge.cs
A  Services/ExtensionRecord.cs
A  Services/ExtensionService.cs
A  Services/FluxJanitorService.cs
A  Services/GithubUpdateService.cs
A  Services/HealthService.cs
A  Services/HistoryService.cs
A  Services/HomePageService.cs
A  Services/LogService.cs
A  Services/MediaBridge.cs
A  Services/MediaDownloadService.cs
A  Services/NotificationCenterService.cs
A  Services/SettingsService.cs
A  Services/Startupservice.cs
A  Services/TabSleepRulesService.cs
A  Services/ThemeService.cs
A  Services/VaultService.cs
A  Services/WeatherBridge.cs
A  Setup_Horizon_Browser_Alpha.ifp
A  Setup_Horizon_Browser_Beta.ifp
A  Setup_Horizon_Browser_Beta.iss
A  SmartCopy.ps1
A  "TERMS_OF SERVICE.txt"
A  Themes/Horizon.xaml
A  Themes/Light.xaml
A  Themes/Redmond.xaml
A  Uninstall/uninstall.bat
A  Update_manager.bat
A  Update_manager_OLD.bat
A  ViewModels/TabViewModel.cs
A  Views/HomePageSettingsWindow.xaml
A  Views/HomePageSettingsWindow.xaml.cs
A  Views/HomePageView.xaml
A  Views/HomePageView.xaml.cs
A  Views/LoginRecoveryDialog.xaml
A  Views/LoginRecoveryDialog.xaml.cs
A  Views/MaintenanceWindow.xaml
A  Views/MaintenanceWindow.xaml.cs
A  Views/NotificationToast.xaml
A  Views/NotificationToast.xaml.cs
A  Views/SettingsWindow.xaml
A  Views/SettingsWindow.xaml.cs
A  Views/StartupVideoWindow.xaml
A  Views/StartupVideoWindow.xaml.cs
A  Views/TabSwitcherWindow.xaml
A  Views/TabSwitcherWindow.xaml.cs
A  _SmartCopy.config.txt
A  backup.bat
A  changelog.txt
A  cookies.json
A  deploy_backend.ps1
A  deploy_branch.bat
A  dir
A  emergency_log_failure.txt
A  extra_files.txt
A  extra_folders.txt
A  global.json
A  history.json
A  horizon.conf
A  install_auto.ps1
A  logs/Setup_Bootstrapper.log
A  logs/deploy_20260713_224333.log
A  logs/deploy_20260715_221843.log
A  logs/deploy_20260715_222433.log
A  logs/deploy_20260715_222446.log
A  logs/deploy_20260719_222456.log
A  logs/deploy_20260719_222820.log
A  logs/deploy_20260719_223134.log
A  logs/deploy_20260719_223238.log
A  logs/deploy_20260719_223348.log
A  logs/deploy_20260719_223537.log
A  logs/deploy_20260719_223812.log
A  logs/deploy_20260719_224048.log
A  logs/deploy_20260719_224303.log
A  logs/deploy_20260719_224549.log
A  logs/deploy_20260719_224738.log
A  logs/deploy_20260719_225047.log
A  logs/deploy_20260719_225146.log
A  logs/deploy_20260719_225431.log
A  logs/horizon_update.log
A  logs/scan_debug_1776531966.log
A  logs/scan_debug_1776532031.log
A  logs/scan_debug_1776706586.log
A  logs/scan_debug_1776706631.log
A  logs/scan_debug_1782134229.log
A  logs/scan_debug_1782135107.log
A  logs/scan_debug_1782135140.log
A  logs/scan_debug_1782135373.log
A  logs/scan_debug_1784152048.log
A  logs/scan_debug_1784216178.log
A  logs/scan_debug_1784466822.log
A  logs/scan_debug_1784726679.log
A  logs/scan_debug_1784727586.log
A  logs/scan_debug_1784737196.log
A  logs/scan_debug_1784797405.log
A  maintenance_tool.bat
A  manage_build_files.bat
A  mapper_exclusions.txt
A  overlay.hta
A  path.txt
A  project_map_1782135374.txt
A  project_map_1784797406.txt
A  project_mapper.py
A  push_automation.py
A  push_to_github.py
A  restore.bat
A  src/Gemini_Generated_Image_53kxcj53kxcj53kx.ico
A  src/Gemini_Generated_Image_53kxcj53kxcj53kx.png
A  src/Gemini_Generated_Image_7395cs7395cs7395.ico
A  src/Gemini_Generated_Image_7395cs7395cs7395.png
A  src/icons/Gemini_Generated_Image_53kxcj53kxcj53kx.ico
A  src/icons/Gemini_Generated_Image_7395cs7395cs7395.ico
A  start_horizon.bat
A  start_mapper.bat
A  "start_videos/Animate_this_image (1).mp4"
A  "start_videos/Animate_this_image (2).mp4"
A  start_videos/Animate_this_image.mp4
A  start_videos/Animate_this_image_slow.mp4
A  start_videos/make_a_very_short_and_very_smo.mp4
A  update.txt
A  update_orchestrator.bat
A  update_status.txt
A  version.txt
A  wallpapers/127583-3840x2160-desktop-4k-the-elder-scrolls-wallpaper.jpg
A  wallpapers/1547194-3840x2160-desktop-4k-ubisoft-background-photo.jpg
A  wallpapers/187459-2560x1600-desktop-hd-ferrari-background-image.jpg
A  wallpapers/2112444-3840x2160-desktop-4k-night-sky-background-image.jpg
A  wallpapers/24529-3840x2160-desktop-4k-comet-wallpaper-image.jpg
A  wallpapers/320248-1920x1080-desktop-1080p-iron-man-background.jpg
A  wallpapers/3250110-2560x1440-desktop-hd-mountain-lake-wallpaper-photo.jpg
A  wallpapers/3448162-1920x1080-desktop-hd-sith-empire-background-image.jpg
A  wallpapers/48333-1920x1115-desktop-hd-the-lion-king-wallpaper.jpg
A  wallpapers/5815553-3840x2160-desktop-hd-4k-wallpaper.jpg
A  wallpapers/5825552.jpg
A  wallpapers/5825560.jpg
A  wallpapers/5825621.jpg
A  wallpapers/5825636.jpg
A  wallpapers/5825644.jpg
A  wallpapers/5825663.jpg
A  wallpapers/5825736.jpg
A  wallpapers/77766-3840x2160-desktop-4k-halo-wallpaper-photo.jpg
A  wallpapers/833-1920x1410-desktop-hd-halo-background-photo.jpg
A  wallpapers/850-3840x2160-desktop-4k-halo-background.jpg
A  wallpapers/854-3840x2160-desktop-4k-halo-background.jpg
A  wallpapers/861-2560x1440-desktop-hd-halo-wallpaper-photo.jpg
A  wallpapers/90848-3840x2160-desktop-4k-mars-wallpaper.jpg
A  "wallpapers/Screenshot (72).png"
A  wallpapers/Wallpaper1.jpg
A  wallpapers/Wallpaper10.jpg
A  wallpapers/Wallpaper11.png
A  wallpapers/Wallpaper2.jpg
A  wallpapers/Wallpaper3.jpg
A  wallpapers/Wallpaper4.jpg
A  wallpapers/Wallpaper5.jpg
A  wallpapers/Wallpaper6.jpg
A  wallpapers/Wallpaper7.jpg
A  wallpapers/Wallpaper8.jpg
A  wallpapers/alone-forest-mountain-top-scenery-4k-wallpaper-uhdpaper.com-487@5@e.jpg
A  wallpapers/alone-guy-car-night-moon-sky-stars-scenery-digital-art-4k-wallpaper-uhdpaper.com-212@5@k.jpg
A  wallpapers/alone-standing-purple-wave-digital-art-8k-wallpaper-uhdpaper.com-70@1@o.jpg
A  wallpapers/anime-yokai-mask-katana-4k-wallpaper-uhdpaper.com-136@5@q.jpg
A  wallpapers/beautiful-mountain-nature-colorful-scenery-minimalist-uhdpaper.com-4K-4.3057.jpg
A  wallpapers/bird-branch-animal-4k-wallpaper-uhdpaper.com-745@3@a.jpg
A  wallpapers/black-cat-animal-digital-art-4k-wallpaper-uhdpaper.com-80@5@h.jpg
A  wallpapers/black-cat-digital-art-4k-wallpaper-uhdpaper.com-940@5@m.jpg
A  wallpapers/blue-birds-animals-4k-wallpaper-uhdpaper.com-724@2@b.jpg
A  wallpapers/car-night-street-digital-art-4k-wallpaper-uhdpaper.com-16@0@j.jpg
A  wallpapers/coffee-love-design-digital-art-4k-wallpaper-uhdpaper.com-139@5@g.jpg
A  wallpapers/cyberpunk-2077-car-4k-wallpaper-uhdpaper.com-800@5@l.jpg
A  wallpapers/denji-chainsaw-man-minimalist-4k-wallpaper-uhdpaper.com-82@5@i.jpg
A  wallpapers/desert-mountain-scenery-4k-wallpaper-uhdpaper.com-876@5@m.jpg
A  wallpapers/desert-night-moon-scenery-digital-art-4k-wallpaper-uhdpaper.com-445@5@c.jpg
A  wallpapers/diablo-4-hell-4k-wallpaper-uhdpaper.com-87@1@k.jpg
A  wallpapers/eagle-flying-forest-fog-4k-wallpaper-uhdpaper.com-162@2@a.jpg
A  wallpapers/f1-24-racing-game-4k-wallpaper-uhdpaper.com-758@0@j.jpg
A  wallpapers/f1-24-racing-video-game-4k-wallpaper-uhdpaper.com-754@0@j.jpg
A  wallpapers/f1-movie-4k-wallpaper-uhdpaper.com-588@5@g.jpg
A  wallpapers/f1-sports-car-racing-4k-wallpaper-uhdpaper.com-93@5@h.jpg
A  wallpapers/flower-field-tulips-sunrise-windmill-nature-scenery-4k-wallpaper-uhdpaper.com-285@5@i.jpg
A  wallpapers/forest-aerial-view-nature-scenery-4k-wallpaper-uhdpaper.com-816@0@g.jpg
A  wallpapers/forza-horizon-6-car-race-4k-wallpaper-uhdpaper.com-177@5@p.jpg
A  wallpapers/forza-horizon-6-game-cars-4k-wallpaper-uhdpaper.com-175@5@p.jpg
A  wallpapers/forza-horizon-6-japan-road-4k-wallpaper-uhdpaper.com-169@5@p.jpg
A  wallpapers/forza-horizon-6-japan-scenery-4k-wallpaper-uhdpaper.com-174@5@p.jpg
A  wallpapers/forza-horizon-6-nissan-sports-car-4k-wallpaper-uhdpaper.com-187@5@p.jpg
A  wallpapers/forza-horizon-6-porsche-cherry-blossom-4k-wallpaper-uhdpaper.com-185@5@p.jpg
A  wallpapers/forza-horizon-6-sports-car-4k-wallpaper-uhdpaper.com-184@5@p.jpg
A  wallpapers/franky-one-piece-car-4k-wallpaper-uhdpaper.com-369@5@l.jpg
A  wallpapers/glacier-mountain-scenery-4k-wallpaper-uhdpaper.com-233@5@b.jpg
A  wallpapers/island-night-moon-scenery-digital-art-8k-wallpaper-uhdpaper.com-289@0@j.jpg
A  wallpapers/kakashi-car-4k-wallpaper-uhdpaper.com-349@5@l.jpg
A  wallpapers/lake-reflection-forest-nature-mountain-scenery-4k-wallpaper-uhdpaper.com-104@5@a.jpg
A  wallpapers/lofi-girl-cat-night-fireworks-4k-wallpaper-uhdpaper.com-504@5@f.jpg
A  wallpapers/luffy-one-piece-car-4k-wallpaper-uhdpaper.com-377@5@l.jpg
A  wallpapers/moon-ocean-girl-violin-boat-night-scenery-digital-art-4k-wallpaper-uhdpaper.com-196@5@k.jpg
A  wallpapers/mountain-lake-reflection-nature-scenery-4k-wallpaper-uhdpaper.com-385@0@h.jpg
A  wallpapers/mountain-landscape-scenery-digital-art-4k-wallpaper-uhdpaper.com-208@5@q.jpg
A  "wallpapers/nature-minimalist-scenery-silhouette-uhdpaper.com-4K-8.307 (1).jpg"
A  wallpapers/nature-minimalist-scenery-silhouette-uhdpaper.com-4K-8.307.jpg
A  wallpapers/night-firewatch-scenery-forest-nature-4k-wallpaper-uhdpaper.com-418@5@d.jpg
A  wallpapers/north-star-winter-mountain-scenery-4k-wallpaper-uhdpaper.com-107@5@k.jpg
A  wallpapers/ocean-car-floating-full-moon-scenery-digital-art-4k-wallpaper-uhdpaper.com-664@0@j.jpg
A  wallpapers/ocean-waves-beach-moon-night-scenery-digital-art-4k-wallpaper-uhdpaper.com-546@2@a.jpg
A  wallpapers/parrot-bird-flying-animal-4k-wallpaper-uhdpaper.com-159@5@g.jpg
A  wallpapers/pochita-chainsaw-man-4k-wallpaper-uhdpaper.com-364@5@q.jpg
A  wallpapers/rose-flower-close-up-nature-digital-art-4k-wallpaper-uhdpaper.com-417@5@d.jpg
A  wallpapers/sci-fi-star-citizen-aircraft-uhdpaper.com-4K-4.16.jpg
A  wallpapers/sea-nature-trees-sunset-scenery-uhdpaper.com-4K-6.956.jpg
A  wallpapers/sea-of-clouds-nature-scenery-4k-wallpaper-uhdpaper.com-886@5@m.jpg
A  wallpapers/sekiro-game-castle-scenery-4k-wallpaper-uhdpaper.com-621@5@n.jpg
A  wallpapers/skull-digital-art-4k-wallpaper-uhdpaper.com-271@5@i.jpg
A  wallpapers/starry-sky-night-lake-nature-scenery-4k-wallpaper-uhdpaper.com-576@5@h.jpg
A  wallpapers/sunrise-grass-field-tree-scenery-4k-wallpaper-uhdpaper.com-284@5@d.jpg
A  wallpapers/sunrise-mountain-forest-scenery-4k-wallpaper-uhdpaper.com-312@5@o.jpg
A  wallpapers/sunrise-mountain-scenery-4k-wallpaper-uhdpaper.com-444@5@c.jpg
A  wallpapers/sunset-lake-boat-night-sky-scenery-digital-art-4k-wallpaper-uhdpaper.com-395@3@b.jpg
A  wallpapers/sunset-river-scenery-digital-art-4k-wallpaper-uhdpaper.com-960@5@m.jpg
A  wallpapers/sunset-scenery-digital-art-4k-wallpaper-uhdpaper.com-888@5@l.jpg
A  wallpapers/sunset-sports-car-road-palm-trees-digital-art-4k-wallpaper-uhdpaper.com-226@0@k.jpg
A  wallpapers/tree-landscape-scenery-digital-art-8k-wallpaper-uhdpaper.com-252@5@i.jpg
A  wallpapers/tree-mountain-sunset-nature-scenery-4k-wallpaper-uhdpaper.com-645@2@b.jpg
A  wallpapers/winter-night-digital-art-scenery-4k-wallpaper-uhdpaper.com-108@5@k.jpg
2026-09-07 23:33:13,974 [DEBUG] stderr: 
2026-09-07 23:33:13,974 [DEBUG] Running: git commit -m version 2.7.5
2026-09-07 23:33:36,879 [DEBUG] stdout: [local_usable (root-commit) 092d764] version 2.7.5
 976 files changed, 1922496 insertions(+)
 create mode 100644 !START_Horizon_Browser.lnk
 create mode 100644 .gitignore
 create mode 100644 App.xaml
 create mode 100644 App.xaml.cs
 create mode 100644 Build_Release.bat
 create mode 100644 Controls/BookmarkIconConverter.cs
 create mode 100644 Controls/BrowserView.xaml
 create mode 100644 Controls/BrowserView.xaml.cs
 create mode 100644 Controls/FluxSidebar.xaml
 create mode 100644 Controls/FluxSidebar.xaml.cs
 create mode 100644 Controls/Omnibox.xaml
 create mode 100644 Controls/Omnibox.xaml.cs
 create mode 100644 Controls/PdfOpenDialog.xaml
 create mode 100644 Controls/PdfOpenDialog.xaml.cs
 create mode 100644 Controls/VaultSidebar.xaml
 create mode 100644 Controls/VaultSidebar.xaml.cs
 create mode 100644 Core/ExtensionInstaller.cs
 create mode 100644 Core/StealthEnvironment.cs
 create mode 100644 Core/TabColorPaletteExtractor.cs
 create mode 100644 Extensions/CRX-Extractor-Downloader-Chrome-Web-Store/128.png
 create mode 100644 Extensions/CRX-Extractor-Downloader-Chrome-Web-Store/16.png
 create mode 100644 Extensions/CRX-Extractor-Downloader-Chrome-Web-Store/32.png
 create mode 100644 Extensions/CRX-Extractor-Downloader-Chrome-Web-Store/48.png
 create mode 100644 Extensions/CRX-Extractor-Downloader-Chrome-Web-Store/README.md
 create mode 100644 Extensions/CRX-Extractor-Downloader-Chrome-Web-Store/_metadata/verified_contents.json
 create mode 100644 Extensions/CRX-Extractor-Downloader-Chrome-Web-Store/background.js
 create mode 100644 Extensions/CRX-Extractor-Downloader-Chrome-Web-Store/manifest.json
 create mode 100644 Extensions/CRX-Extractor-Downloader-Chrome-Web-Store/popup.html
 create mode 100644 Extensions/CRX-Extractor-Downloader-Chrome-Web-Store/popup.js
 create mode 100644 Extensions/Linguist-web-page-translator-Chrome-Web-Store/4a477f66bfd4e4d3cf689b2e55040e35.ttf
 create mode 100644 Extensions/Linguist-web-page-translator-Chrome-Web-Store/_locales/af/messages.json
 create mode 100644 Extensions/Linguist-web-page-translator-Chrome-Web-Store/_locales/am/messages.json
 create mode 100644 Extensions/Linguist-web-page-translator-Chrome-Web-Store/_locales/ar/messages.json
 create mode 100644 Extensions/Linguist-web-page-translator-Chrome-Web-Store/_locales/as/messages.json
 create mode 100644 Extensions/Linguist-web-page-translator-Chrome-Web-Store/_locales/az/messages.json
 create mode 100644 Extensions/Linguist-web-page-translator-Chrome-Web-Store/_locales/be/messages.json
 create mode 100644 Extensions/Linguist-web-page-translator-Chrome-Web-Store/_locales/bg/messages.json
 create mode 100644 Extensions/Linguist-web-page-translator-Chrome-Web-Store/_locales/bn/messages.json
 create mode 100644 Extensions/Linguist-web-page-translator-Chrome-Web-Store/_locales/ca/messages.json
 create mode 100644 Extensions/Linguist-web-page-translator-Chrome-Web-Store/_locales/cs/messages.json
 create mode 100644 Extensions/Linguist-web-page-translator-Chrome-Web-Store/_locales/da/messages.json
 create mode 100644 Extensions/Linguist-web-page-translator-Chrome-Web-Store/_locales/de/messages.json
 create mode 100644 Extensions/Linguist-web-page-translator-Chrome-Web-Store/_locales/el/messages.json
 create mode 100644 Extensions/Linguist-web-page-translator-Chrome-Web-Store/_locales/en/messages.json
 create mode 100644 Extensions/Linguist-web-page-translator-Chrome-Web-Store/_locales/es/messages.json
 create mode 100644 Extensions/Linguist-web-page-translator-Chrome-Web-Store/_locales/et/messages.json
 create mode 100644 Extensions/Linguist-web-page-translator-Chrome-Web-Store/_locales/fa/messages.json
 create mode 100644 Extensions/Linguist-web-page-translator-Chrome-Web-Store/_locales/ff/messages.json
 create mode 100644 Extensions/Linguist-web-page-translator-Chrome-Web-Store/_locales/fi/messages.json
 create mode 100644 Extensions/Linguist-web-page-translator-Chrome-Web-Store/_locales/fil/messages.json
 create mode 100644 Extensions/Linguist-web-page-translator-Chrome-Web-Store/_locales/fr/messages.json
 create mode 100644 Extensions/Linguist-web-page-translator-Chrome-Web-Store/_locales/gn/messages.json
 create mode 100644 Extensions/Linguist-web-page-translator-Chrome-Web-Store/_locales/gu/messages.json
 create mode 100644 Extensions/Linguist-web-page-translator-Chrome-Web-Store/_locales/ha/messages.json
 create mode 100644 Extensions/Linguist-web-page-translator-Chrome-Web-Store/_locales/he/messages.json
 create mode 100644 Extensions/Linguist-web-page-translator-Chrome-Web-Store/_locales/hi/messages.json
 create mode 100644 Extensions/Linguist-web-page-translator-Chrome-Web-Store/_locales/hr/messages.json
 create mode 100644 Extensions/Linguist-web-page-translator-Chrome-Web-Store/_locales/ht/messages.json
 create mode 100644 Extensions/Linguist-web-page-translator-Chrome-Web-Store/_locales/hu/messages.json
 create mode 100644 Extensions/Linguist-web-page-translator-Chrome-Web-Store/_locales/hy/messages.json
 create mode 100644 Extensions/Linguist-web-page-translator-Chrome-Web-Store/_locales/id/messages.json
 create mode 100644 Extensions/Linguist-web-page-translator-Chrome-Web-Store/_locales/ig/messages.json
 create mode 100644 Extensions/Linguist-web-page-translator-Chrome-Web-Store/_locales/it/messages.json
 create mode 100644 Extensions/Linguist-web-page-translator-Chrome-Web-Store/_locales/ja/messages.json
 create mode 100644 Extensions/Linguist-web-page-translator-Chrome-Web-Store/_locales/jv/messages.json
 create mode 100644 Extensions/Linguist-web-page-translator-Chrome-Web-Store/_locales/kg/messages.json
 create mode 100644 Extensions/Linguist-web-page-translator-Chrome-Web-Store/_locales/kk/messages.json
 create mode 100644 Extensions/Linguist-web-page-translator-Chrome-Web-Store/_locales/km/messages.json
 create mode 100644 Extensions/Linguist-web-page-translator-Chrome-Web-Store/_locales/kn/messages.json
 create mode 100644 Extensions/Linguist-web-page-translator-Chrome-Web-Store/_locales/ko/messages.json
 create mode 100644 Extensions/Linguist-web-page-translator-Chrome-Web-Store/_locales/kr/messages.json
 create mode 100644 Extensions/Linguist-web-page-translator-Chrome-Web-Store/_locales/ks/messages.json
 create mode 100644 Extensions/Linguist-web-page-translator-Chrome-Web-Store/_locales/ku/messages.json
 create mode 100644 Extensions/Linguist-web-page-translator-Chrome-Web-Store/_locales/ky/messages.json
 create mode 100644 Extensions/Linguist-web-page-translator-Chrome-Web-Store/_locales/lg/messages.json
 create mode 100644 Extensions/Linguist-web-page-translator-Chrome-Web-Store/_locales/ln/messages.json
 create mode 100644 Extensions/Linguist-web-page-translator-Chrome-Web-Store/_locales/lo/messages.json
 create mode 100644 Extensions/Linguist-web-page-translator-Chrome-Web-Store/_locales/lt/messages.json
 create mode 100644 Extensions/Linguist-web-page-translator-Chrome-Web-Store/_locales/lv/messages.json
 create mode 100644 Extensions/Linguist-web-page-translator-Chrome-Web-Store/_locales/mg/messages.json
 create mode 100644 Extensions/Linguist-web-page-translator-Chrome-Web-Store/_locales/ml/messages.json
 create mode 100644 Extensions/Linguist-web-page-translator-Chrome-Web-Store/_locales/mn/messages.json
 create mode 100644 Extensions/Linguist-web-page-translator-Chrome-Web-Store/_locales/mr/messages.json
 create mode 100644 Extensions/Linguist-web-page-translator-Chrome-Web-Store/_locales/ms/messages.json
 create mode 100644 Extensions/Linguist-web-page-translator-Chrome-Web-Store/_locales/my/messages.json
 create mode 100644 Extensions/Linguist-web-page-translator-Chrome-Web-Store/_locales/ne/messages.json
 create mode 100644 Extensions/Linguist-web-page-translator-Chrome-Web-Store/_locales/nl/messages.json
 create mode 100644 Extensions/Linguist-web-page-translator-Chrome-Web-Store/_locales/no/messages.json
 create mode 100644 Extensions/Linguist-web-page-translator-Chrome-Web-Store/_locales/ny/messages.json
 create mode 100644 Extensions/Linguist-web-page-translator-Chrome-Web-Store/_locales/om/messages.json
 create mode 100644 Extensions/Linguist-web-page-translator-Chrome-Web-Store/_locales/or/messages.json
 create mode 100644 Extensions/Linguist-web-page-translator-Chrome-Web-Store/_locales/pa/messages.json
 create mode 100644 Extensions/Linguist-web-page-translator-Chrome-Web-Store/_locales/pl/messages.json
 create mode 100644 Extensions/Linguist-web-page-translator-Chrome-Web-Store/_locales/ps/messages.json
 create mode 100644 Extensions/Linguist-web-page-translator-Chrome-Web-Store/_locales/pt/messages.json
 create mode 100644 Extensions/Linguist-web-page-translator-Chrome-Web-Store/_locales/rn/messages.json
 create mode 100644 Extensions/Linguist-web-page-translator-Chrome-Web-Store/_locales/ro/messages.json
 create mode 100644 Extensions/Linguist-web-page-translator-Chrome-Web-Store/_locales/ru/messages.json
 create mode 100644 Extensions/Linguist-web-page-translator-Chrome-Web-Store/_locales/rw/messages.json
 create mode 100644 Extensions/Linguist-web-page-translator-Chrome-Web-Store/_locales/sd/messages.json
 create mode 100644 Extensions/Linguist-web-page-translator-Chrome-Web-Store/_locales/sh/messages.json
 create mode 100644 Extensions/Linguist-web-page-translator-Chrome-Web-Store/_locales/si/messages.json
 create mode 100644 Extensions/Linguist-web-page-translator-Chrome-Web-Store/_locales/sk/messages.json
 create mode 100644 Extensions/Linguist-web-page-translator-Chrome-Web-Store/_locales/sl/messages.json
 create mode 100644 Extensions/Linguist-web-page-translator-Chrome-Web-Store/_locales/sn/messages.json
 create mode 100644 Extensions/Linguist-web-page-translator-Chrome-Web-Store/_locales/so/messages.json
 create mode 100644 Extensions/Linguist-web-page-translator-Chrome-Web-Store/_locales/sq/messages.json
 create mode 100644 Extensions/Linguist-web-page-translator-Chrome-Web-Store/_locales/sr/messages.json
 create mode 100644 Extensions/Linguist-web-page-translator-Chrome-Web-Store/_locales/st/messages.json
 create mode 100644 Extensions/Linguist-web-page-translator-Chrome-Web-Store/_locales/su/messages.json
 create mode 100644 Extensions/Linguist-web-page-translator-Chrome-Web-Store/_locales/sv/messages.json
 create mode 100644 Extensions/Linguist-web-page-translator-Chrome-Web-Store/_locales/sw/messages.json
 create mode 100644 Extensions/Linguist-web-page-translator-Chrome-Web-Store/_locales/ta/messages.json
 create mode 100644 Extensions/Linguist-web-page-translator-Chrome-Web-Store/_locales/te/messages.json
 create mode 100644 Extensions/Linguist-web-page-translator-Chrome-Web-Store/_locales/tg/messages.json
 create mode 100644 Extensions/Linguist-web-page-translator-Chrome-Web-Store/_locales/th/messages.json
 create mode 100644 Extensions/Linguist-web-page-translator-Chrome-Web-Store/_locales/tk/messages.json
 create mode 100644 Extensions/Linguist-web-page-translator-Chrome-Web-Store/_locales/tl/messages.json
 create mode 100644 Extensions/Linguist-web-page-translator-Chrome-Web-Store/_locales/tn/messages.json
 create mode 100644 Extensions/Linguist-web-page-translator-Chrome-Web-Store/_locales/tr/messages.json
 create mode 100644 Extensions/Linguist-web-page-translator-Chrome-Web-Store/_locales/tt/messages.json
 create mode 100644 Extensions/Linguist-web-page-translator-Chrome-Web-Store/_locales/ug/messages.json
 create mode 100644 Extensions/Linguist-web-page-translator-Chrome-Web-Store/_locales/uk/messages.json
 create mode 100644 Extensions/Linguist-web-page-translator-Chrome-Web-Store/_locales/uz/messages.json
 create mode 100644 Extensions/Linguist-web-page-translator-Chrome-Web-Store/_locales/vi/messages.json
 create mode 100644 Extensions/Linguist-web-page-translator-Chrome-Web-Store/_locales/xh/messages.json
 create mode 100644 Extensions/Linguist-web-page-translator-Chrome-Web-Store/_locales/yi/messages.json
 create mode 100644 Extensions/Linguist-web-page-translator-Chrome-Web-Store/_locales/yo/messages.json
 create mode 100644 Extensions/Linguist-web-page-translator-Chrome-Web-Store/_locales/zh/messages.json
 create mode 100644 Extensions/Linguist-web-page-translator-Chrome-Web-Store/_locales/zu/messages.json
 create mode 100644 Extensions/Linguist-web-page-translator-Chrome-Web-Store/_metadata/verified_contents.json
 create mode 100644 Extensions/Linguist-web-page-translator-Chrome-Web-Store/background-script.js
 create mode 100644 Extensions/Linguist-web-page-translator-Chrome-Web-Store/background-script.js.LICENSE.txt
 create mode 100644 Extensions/Linguist-web-page-translator-Chrome-Web-Store/contentscript.css
 create mode 100644 Extensions/Linguist-web-page-translator-Chrome-Web-Store/contentscript.js
 create mode 100644 Extensions/Linguist-web-page-translator-Chrome-Web-Store/contentscript.js.LICENSE.txt
 create mode 100644 Extensions/Linguist-web-page-translator-Chrome-Web-Store/f0b927537a401c2cf74c.ttf
 create mode 100644 Extensions/Linguist-web-page-translator-Chrome-Web-Store/manifest.json
 create mode 100644 Extensions/Linguist-web-page-translator-Chrome-Web-Store/offscreen-documents/main/main.html
 create mode 100644 Extensions/Linguist-web-page-translator-Chrome-Web-Store/offscreen-documents/main/main.js
 create mode 100644 Extensions/Linguist-web-page-translator-Chrome-Web-Store/offscreen-documents/translator/translator.html
 create mode 100644 Extensions/Linguist-web-page-translator-Chrome-Web-Store/offscreen-documents/translator/translator.js
 create mode 100644 Extensions/Linguist-web-page-translator-Chrome-Web-Store/offscreen-documents/worker/worker.html
 create mode 100644 Extensions/Linguist-web-page-translator-Chrome-Web-Store/offscreen-documents/worker/worker.js
 create mode 100644 Extensions/Linguist-web-page-translator-Chrome-Web-Store/pages/dictionary/dictionary.css
 create mode 100644 Extensions/Linguist-web-page-translator-Chrome-Web-Store/pages/dictionary/dictionary.html
 create mode 100644 Extensions/Linguist-web-page-translator-Chrome-Web-Store/pages/dictionary/dictionary.js
 create mode 100644 Extensions/Linguist-web-page-translator-Chrome-Web-Store/pages/dictionary/dictionary.js.LICENSE.txt
 create mode 100644 Extensions/Linguist-web-page-translator-Chrome-Web-Store/pages/history/history.css
 create mode 100644 Extensions/Linguist-web-page-translator-Chrome-Web-Store/pages/history/history.html
 create mode 100644 Extensions/Linguist-web-page-translator-Chrome-Web-Store/pages/history/history.js
 create mode 100644 Extensions/Linguist-web-page-translator-Chrome-Web-Store/pages/history/history.js.LICENSE.txt
 create mode 100644 Extensions/Linguist-web-page-translator-Chrome-Web-Store/pages/options/options.css
 create mode 100644 Extensions/Linguist-web-page-translator-Chrome-Web-Store/pages/options/options.html
 create mode 100644 Extensions/Linguist-web-page-translator-Chrome-Web-Store/pages/options/options.js
 create mode 100644 Extensions/Linguist-web-page-translator-Chrome-Web-Store/pages/options/options.js.LICENSE.txt
 create mode 100644 Extensions/Linguist-web-page-translator-Chrome-Web-Store/pages/popup/popup.css
 create mode 100644 Extensions/Linguist-web-page-translator-Chrome-Web-Store/pages/popup/popup.html
 create mode 100644 Extensions/Linguist-web-page-translator-Chrome-Web-Store/pages/popup/popup.js
 create mode 100644 Extensions/Linguist-web-page-translator-Chrome-Web-Store/pages/popup/popup.js.LICENSE.txt
 create mode 100644 Extensions/Linguist-web-page-translator-Chrome-Web-Store/static/logo.png
 create mode 100644 Extensions/Linguist-web-page-translator-Chrome-Web-Store/static/logo.svg
 create mode 100644 Extensions/Linguist-web-page-translator-Chrome-Web-Store/thirdparty/bergamot/bergamot-translator-worker.js
 create mode 100644 Extensions/Linguist-web-page-translator-Chrome-Web-Store/thirdparty/bergamot/bergamot-translator-worker.wasm
 create mode 100644 Extensions/Linguist-web-page-translator-Chrome-Web-Store/thirdparty/bergamot/translator.worker.js
 create mode 100644 Extensions/Remove-Paywalls-Chrome-Web-Store/_metadata/verified_contents.json
 create mode 100644 Extensions/Remove-Paywalls-Chrome-Web-Store/background.js
 create mode 100644 Extensions/Remove-Paywalls-Chrome-Web-Store/icon128.png
 create mode 100644 Extensions/Remove-Paywalls-Chrome-Web-Store/icon16.png
 create mode 100644 Extensions/Remove-Paywalls-Chrome-Web-Store/icon48.png
 create mode 100644 Extensions/Remove-Paywalls-Chrome-Web-Store/manifest.json
 create mode 100644 Extensions/Remove-Paywalls-Chrome-Web-Store/popup.html
 create mode 100644 Extensions/Remove-Paywalls-Chrome-Web-Store/popup.js
 create mode 100644 Extensions/Save-It-Later-Chrome-Web-Store/README.md
 create mode 100644 Extensions/Save-It-Later-Chrome-Web-Store/SAVE_FLOW.md
 create mode 100644 Extensions/Save-It-Later-Chrome-Web-Store/SECURITY.md
 create mode 100644 Extensions/Save-It-Later-Chrome-Web-Store/_metadata/verified_contents.json
 create mode 100644 Extensions/Save-It-Later-Chrome-Web-Store/auth.js
 create mode 100644 Extensions/Save-It-Later-Chrome-Web-Store/background.js
 create mode 100644 Extensions/Save-It-Later-Chrome-Web-Store/bookmarks.html
 create mode 100644 Extensions/Save-It-Later-Chrome-Web-Store/bookmarks.js
 create mode 100644 Extensions/Save-It-Later-Chrome-Web-Store/categorization-service.js
 create mode 100644 Extensions/Save-It-Later-Chrome-Web-Store/config.js
 create mode 100644 Extensions/Save-It-Later-Chrome-Web-Store/firestore.js
 create mode 100644 Extensions/Save-It-Later-Chrome-Web-Store/icons/README.md
 create mode 100644 Extensions/Save-It-Later-Chrome-Web-Store/icons/icon128.png
 create mode 100644 Extensions/Save-It-Later-Chrome-Web-Store/icons/icon16.png
 create mode 100644 Extensions/Save-It-Later-Chrome-Web-Store/icons/icon32.png
 create mode 100644 Extensions/Save-It-Later-Chrome-Web-Store/icons/icon48.png
 create mode 100644 Extensions/Save-It-Later-Chrome-Web-Store/manifest.json
 create mode 100644 Extensions/Save-It-Later-Chrome-Web-Store/metadata-fetcher.js
 create mode 100644 Extensions/Save-It-Later-Chrome-Web-Store/package-for-store.sh
 create mode 100644 Extensions/Save-It-Later-Chrome-Web-Store/popup.css
 create mode 100644 Extensions/Save-It-Later-Chrome-Web-Store/popup.html
 create mode 100644 Extensions/Save-It-Later-Chrome-Web-Store/popup.js
 create mode 100644 Extensions/SponsorBlock-for-YouTube-Skip-Sponsorships-Chrome-Web-Store/_locales/ar/messages.json
 create mode 100644 Extensions/SponsorBlock-for-YouTube-Skip-Sponsorships-Chrome-Web-Store/_locales/bg/messages.json
 create mode 100644 Extensions/SponsorBlock-for-YouTube-Skip-Sponsorships-Chrome-Web-Store/_locales/bn/messages.json
 create mode 100644 Extensions/SponsorBlock-for-YouTube-Skip-Sponsorships-Chrome-Web-Store/_locales/ca/messages.json
 create mode 100644 Extensions/SponsorBlock-for-YouTube-Skip-Sponsorships-Chrome-Web-Store/_locales/cs/messages.json
 create mode 100644 Extensions/SponsorBlock-for-YouTube-Skip-Sponsorships-Chrome-Web-Store/_locales/da/messages.json
 create mode 100644 Extensions/SponsorBlock-for-YouTube-Skip-Sponsorships-Chrome-Web-Store/_locales/de/messages.json
 create mode 100644 Extensions/SponsorBlock-for-YouTube-Skip-Sponsorships-Chrome-Web-Store/_locales/el/messages.json
 create mode 100644 Extensions/SponsorBlock-for-YouTube-Skip-Sponsorships-Chrome-Web-Store/_locales/en/messages.json
 create mode 100644 Extensions/SponsorBlock-for-YouTube-Skip-Sponsorships-Chrome-Web-Store/_locales/es/messages.json
 create mode 100644 Extensions/SponsorBlock-for-YouTube-Skip-Sponsorships-Chrome-Web-Store/_locales/et/messages.json
 create mode 100644 Extensions/SponsorBlock-for-YouTube-Skip-Sponsorships-Chrome-Web-Store/_locales/fa/messages.json
 create mode 100644 Extensions/SponsorBlock-for-YouTube-Skip-Sponsorships-Chrome-Web-Store/_locales/fi/messages.json
 create mode 100644 Extensions/SponsorBlock-for-YouTube-Skip-Sponsorships-Chrome-Web-Store/_locales/fil/messages.json
 create mode 100644 Extensions/SponsorBlock-for-YouTube-Skip-Sponsorships-Chrome-Web-Store/_locales/fr/messages.json
 create mode 100644 Extensions/SponsorBlock-for-YouTube-Skip-Sponsorships-Chrome-Web-Store/_locales/he/messages.json
 create mode 100644 Extensions/SponsorBlock-for-YouTube-Skip-Sponsorships-Chrome-Web-Store/_locales/hi/messages.json
 create mode 100644 Extensions/SponsorBlock-for-YouTube-Skip-Sponsorships-Chrome-Web-Store/_locales/hr/messages.json
 create mode 100644 Extensions/SponsorBlock-for-YouTube-Skip-Sponsorships-Chrome-Web-Store/_locales/hu/messages.json
 create mode 100644 Extensions/SponsorBlock-for-YouTube-Skip-Sponsorships-Chrome-Web-Store/_locales/id/messages.json
 create mode 100644 Extensions/SponsorBlock-for-YouTube-Skip-Sponsorships-Chrome-Web-Store/_locales/it/messages.json
 create mode 100644 Extensions/SponsorBlock-for-YouTube-Skip-Sponsorships-Chrome-Web-Store/_locales/ja/messages.json
 create mode 100644 Extensions/SponsorBlock-for-YouTube-Skip-Sponsorships-Chrome-Web-Store/_locales/kn/messages.json
 create mode 100644 Extensions/SponsorBlock-for-YouTube-Skip-Sponsorships-Chrome-Web-Store/_locales/ko/messages.json
 create mode 100644 Extensions/SponsorBlock-for-YouTube-Skip-Sponsorships-Chrome-Web-Store/_locales/lt/messages.json
 create mode 100644 Extensions/SponsorBlock-for-YouTube-Skip-Sponsorships-Chrome-Web-Store/_locales/lv/messages.json
 create mode 100644 Extensions/SponsorBlock-for-YouTube-Skip-Sponsorships-Chrome-Web-Store/_locales/ml/messages.json
 create mode 100644 Extensions/SponsorBlock-for-YouTube-Skip-Sponsorships-Chrome-Web-Store/_locales/ms/messages.json
 create mode 100644 Extensions/SponsorBlock-for-YouTube-Skip-Sponsorships-Chrome-Web-Store/_locales/nl/messages.json
 create mode 100644 Extensions/SponsorBlock-for-YouTube-Skip-Sponsorships-Chrome-Web-Store/_locales/no/messages.json
 create mode 100644 Extensions/SponsorBlock-for-YouTube-Skip-Sponsorships-Chrome-Web-Store/_locales/pl/messages.json
 create mode 100644 Extensions/SponsorBlock-for-YouTube-Skip-Sponsorships-Chrome-Web-Store/_locales/pt_BR/messages.json
 create mode 100644 Extensions/SponsorBlock-for-YouTube-Skip-Sponsorships-Chrome-Web-Store/_locales/pt_PT/messages.json
 create mode 100644 Extensions/SponsorBlock-for-YouTube-Skip-Sponsorships-Chrome-Web-Store/_locales/ro/messages.json
 create mode 100644 Extensions/SponsorBlock-for-YouTube-Skip-Sponsorships-Chrome-Web-Store/_locales/ru/messages.json
 create mode 100644 Extensions/SponsorBlock-for-YouTube-Skip-Sponsorships-Chrome-Web-Store/_locales/sk/messages.json
 create mode 100644 Extensions/SponsorBlock-for-YouTube-Skip-Sponsorships-Chrome-Web-Store/_locales/sl/messages.json
 create mode 100644 Extensions/SponsorBlock-for-YouTube-Skip-Sponsorships-Chrome-Web-Store/_locales/sr/messages.json
 create mode 100644 Extensions/SponsorBlock-for-YouTube-Skip-Sponsorships-Chrome-Web-Store/_locales/sv/messages.json
 create mode 100644 Extensions/SponsorBlock-for-YouTube-Skip-Sponsorships-Chrome-Web-Store/_locales/ta/messages.json
 create mode 100644 Extensions/SponsorBlock-for-YouTube-Skip-Sponsorships-Chrome-Web-Store/_locales/te/messages.json
 create mode 100644 Extensions/SponsorBlock-for-YouTube-Skip-Sponsorships-Chrome-Web-Store/_locales/th/messages.json
 create mode 100644 Extensions/SponsorBlock-for-YouTube-Skip-Sponsorships-Chrome-Web-Store/_locales/tr/messages.json
 create mode 100644 Extensions/SponsorBlock-for-YouTube-Skip-Sponsorships-Chrome-Web-Store/_locales/uk/messages.json
 create mode 100644 Extensions/SponsorBlock-for-YouTube-Skip-Sponsorships-Chrome-Web-Store/_locales/vi/messages.json
 create mode 100644 Extensions/SponsorBlock-for-YouTube-Skip-Sponsorships-Chrome-Web-Store/_locales/zh_CN/messages.json
 create mode 100644 Extensions/SponsorBlock-for-YouTube-Skip-Sponsorships-Chrome-Web-Store/_locales/zh_TW/messages.json
 create mode 100644 Extensions/SponsorBlock-for-YouTube-Skip-Sponsorships-Chrome-Web-Store/_metadata/verified_contents.json
 create mode 100644 Extensions/SponsorBlock-for-YouTube-Skip-Sponsorships-Chrome-Web-Store/content.css
 create mode 100644 Extensions/SponsorBlock-for-YouTube-Skip-Sponsorships-Chrome-Web-Store/help/images/notice.png
 create mode 100644 Extensions/SponsorBlock-for-YouTube-Skip-Sponsorships-Chrome-Web-Store/help/images/popup.png
 create mode 100644 Extensions/SponsorBlock-for-YouTube-Skip-Sponsorships-Chrome-Web-Store/help/images/submission menu.png
 create mode 100644 Extensions/SponsorBlock-for-YouTube-Skip-Sponsorships-Chrome-Web-Store/help/images/votebuttons.gif
 create mode 100644 Extensions/SponsorBlock-for-YouTube-Skip-Sponsorships-Chrome-Web-Store/help/index.html
 create mode 100644 Extensions/SponsorBlock-for-YouTube-Skip-Sponsorships-Chrome-Web-Store/help/styles.css
 create mode 100644 Extensions/SponsorBlock-for-YouTube-Skip-Sponsorships-Chrome-Web-Store/icons/IconSponsorBlocker1024px.png
 create mode 100644 Extensions/SponsorBlock-for-YouTube-Skip-Sponsorships-Chrome-Web-Store/icons/IconSponsorBlocker128px.png
 create mode 100644 Extensions/SponsorBlock-for-YouTube-Skip-Sponsorships-Chrome-Web-Store/icons/IconSponsorBlocker16px.png
 create mode 100644 Extensions/SponsorBlock-for-YouTube-Skip-Sponsorships-Chrome-Web-Store/icons/IconSponsorBlocker256px.png
 create mode 100644 Extensions/SponsorBlock-for-YouTube-Skip-Sponsorships-Chrome-Web-Store/icons/IconSponsorBlocker32px.png
 create mode 100644 Extensions/SponsorBlock-for-YouTube-Skip-Sponsorships-Chrome-Web-Store/icons/IconSponsorBlocker512px.png
 create mode 100644 Extensions/SponsorBlock-for-YouTube-Skip-Sponsorships-Chrome-Web-Store/icons/IconSponsorBlocker64px.png
 create mode 100644 Extensions/SponsorBlock-for-YouTube-Skip-Sponsorships-Chrome-Web-Store/icons/LogoSponsorBlocker1024px.png
 create mode 100644 Extensions/SponsorBlock-for-YouTube-Skip-Sponsorships-Chrome-Web-Store/icons/LogoSponsorBlocker128px.png
 create mode 100644 Extensions/SponsorBlock-for-YouTube-Skip-Sponsorships-Chrome-Web-Store/icons/LogoSponsorBlocker256px.png
 create mode 100644 Extensions/SponsorBlock-for-YouTube-Skip-Sponsorships-Chrome-Web-Store/icons/LogoSponsorBlocker512px.png
 create mode 100644 Extensions/SponsorBlock-for-YouTube-Skip-Sponsorships-Chrome-Web-Store/icons/LogoSponsorBlocker64px.png
 create mode 100644 Extensions/SponsorBlock-for-YouTube-Skip-Sponsorships-Chrome-Web-Store/icons/PlayerCancelSegmentIconSponsorBlocker.svg
 create mode 100644 Extensions/SponsorBlock-for-YouTube-Skip-Sponsorships-Chrome-Web-Store/icons/PlayerDeleteIconSponsorBlocker.svg
 create mode 100644 Extensions/SponsorBlock-for-YouTube-Skip-Sponsorships-Chrome-Web-Store/icons/PlayerInfoIconSponsorBlocker.svg
 create mode 100644 Extensions/SponsorBlock-for-YouTube-Skip-Sponsorships-Chrome-Web-Store/icons/PlayerStartIconSponsorBlocker.svg
 create mode 100644 Extensions/SponsorBlock-for-YouTube-Skip-Sponsorships-Chrome-Web-Store/icons/PlayerStopIconSponsorBlocker.svg
 create mode 100644 Extensions/SponsorBlock-for-YouTube-Skip-Sponsorships-Chrome-Web-Store/icons/PlayerUploadFailedIconSponsorBlocker.svg
 create mode 100644 Extensions/SponsorBlock-for-YouTube-Skip-Sponsorships-Chrome-Web-Store/icons/PlayerUploadIconSponsorBlocker.svg
 create mode 100644 Extensions/SponsorBlock-for-YouTube-Skip-Sponsorships-Chrome-Web-Store/icons/SafariIconSponsorBlocker128px.png
 create mode 100644 Extensions/SponsorBlock-for-YouTube-Skip-Sponsorships-Chrome-Web-Store/icons/SafariIconSponsorBlocker16px.png
 create mode 100644 Extensions/SponsorBlock-for-YouTube-Skip-Sponsorships-Chrome-Web-Store/icons/SafariIconSponsorBlocker32px.png
 create mode 100644 Extensions/SponsorBlock-for-YouTube-Skip-Sponsorships-Chrome-Web-Store/icons/SafariIconSponsorBlocker64px.png
 create mode 100644 Extensions/SponsorBlock-for-YouTube-Skip-Sponsorships-Chrome-Web-Store/icons/beep.oga
 create mode 100644 Extensions/SponsorBlock-for-YouTube-Skip-Sponsorships-Chrome-Web-Store/icons/bolt.svg
 create mode 100644 Extensions/SponsorBlock-for-YouTube-Skip-Sponsorships-Chrome-Web-Store/icons/campaign.svg
 create mode 100644 Extensions/SponsorBlock-for-YouTube-Skip-Sponsorships-Chrome-Web-Store/icons/check-smaller.svg
 create mode 100644 Extensions/SponsorBlock-for-YouTube-Skip-Sponsorships-Chrome-Web-Store/icons/check.svg
 create mode 100644 Extensions/SponsorBlock-for-YouTube-Skip-Sponsorships-Chrome-Web-Store/icons/clipboard.svg
 create mode 100644 Extensions/SponsorBlock-for-YouTube-Skip-Sponsorships-Chrome-Web-Store/icons/close-smaller.svg
 create mode 100644 Extensions/SponsorBlock-for-YouTube-Skip-Sponsorships-Chrome-Web-Store/icons/close.png
 create mode 100644 Extensions/SponsorBlock-for-YouTube-Skip-Sponsorships-Chrome-Web-Store/icons/dearrow.svg
 create mode 100644 Extensions/SponsorBlock-for-YouTube-Skip-Sponsorships-Chrome-Web-Store/icons/downvote.png
 create mode 100644 Extensions/SponsorBlock-for-YouTube-Skip-Sponsorships-Chrome-Web-Store/icons/export.svg
 create mode 100644 Extensions/SponsorBlock-for-YouTube-Skip-Sponsorships-Chrome-Web-Store/icons/heart.svg
 create mode 100644 Extensions/SponsorBlock-for-YouTube-Skip-Sponsorships-Chrome-Web-Store/icons/help.svg
 create mode 100644 Extensions/SponsorBlock-for-YouTube-Skip-Sponsorships-Chrome-Web-Store/icons/import.svg
 create mode 100644 Extensions/SponsorBlock-for-YouTube-Skip-Sponsorships-Chrome-Web-Store/icons/lightbulb.svg
 create mode 100644 Extensions/SponsorBlock-for-YouTube-Skip-Sponsorships-Chrome-Web-Store/icons/loop.svg
 create mode 100644 Extensions/SponsorBlock-for-YouTube-Skip-Sponsorships-Chrome-Web-Store/icons/looped.svg
 create mode 100644 Extensions/SponsorBlock-for-YouTube-Skip-Sponsorships-Chrome-Web-Store/icons/money.svg
 create mode 100644 Extensions/SponsorBlock-for-YouTube-Skip-Sponsorships-Chrome-Web-Store/icons/music-note.svg
 create mode 100644 Extensions/SponsorBlock-for-YouTube-Skip-Sponsorships-Chrome-Web-Store/icons/newprofilepic.jpg
 create mode 100644 Extensions/SponsorBlock-for-YouTube-Skip-Sponsorships-Chrome-Web-Store/icons/not_visible.svg
 create mode 100644 Extensions/SponsorBlock-for-YouTube-Skip-Sponsorships-Chrome-Web-Store/icons/pause.svg
 create mode 100644 Extensions/SponsorBlock-for-YouTube-Skip-Sponsorships-Chrome-Web-Store/icons/pencil.svg
 create mode 100644 Extensions/SponsorBlock-for-YouTube-Skip-Sponsorships-Chrome-Web-Store/icons/pride.svg
 create mode 100644 Extensions/SponsorBlock-for-YouTube-Skip-Sponsorships-Chrome-Web-Store/icons/refresh.svg
 create mode 100644 Extensions/SponsorBlock-for-YouTube-Skip-Sponsorships-Chrome-Web-Store/icons/report.png
 create mode 100644 Extensions/SponsorBlock-for-YouTube-Skip-Sponsorships-Chrome-Web-Store/icons/right-arrow.svg
 create mode 100644 Extensions/SponsorBlock-for-YouTube-Skip-Sponsorships-Chrome-Web-Store/icons/sb-pride.png
 create mode 100644 Extensions/SponsorBlock-for-YouTube-Skip-Sponsorships-Chrome-Web-Store/icons/segway.png
 create mode 100644 Extensions/SponsorBlock-for-YouTube-Skip-Sponsorships-Chrome-Web-Store/icons/settings.svg
 create mode 100644 Extensions/SponsorBlock-for-YouTube-Skip-Sponsorships-Chrome-Web-Store/icons/skip.svg
 create mode 100644 Extensions/SponsorBlock-for-YouTube-Skip-Sponsorships-Chrome-Web-Store/icons/skipIcon.svg
 create mode 100644 Extensions/SponsorBlock-for-YouTube-Skip-Sponsorships-Chrome-Web-Store/icons/sort.svg
 create mode 100644 Extensions/SponsorBlock-for-YouTube-Skip-Sponsorships-Chrome-Web-Store/icons/star.svg
 create mode 100644 Extensions/SponsorBlock-for-YouTube-Skip-Sponsorships-Chrome-Web-Store/icons/stop.svg
 create mode 100644 Extensions/SponsorBlock-for-YouTube-Skip-Sponsorships-Chrome-Web-Store/icons/stopwatch.svg
 create mode 100644 Extensions/SponsorBlock-for-YouTube-Skip-Sponsorships-Chrome-Web-Store/icons/thumb.svg
 create mode 100644 Extensions/SponsorBlock-for-YouTube-Skip-Sponsorships-Chrome-Web-Store/icons/thumbs_down.svg
 create mode 100644 Extensions/SponsorBlock-for-YouTube-Skip-Sponsorships-Chrome-Web-Store/icons/thumbs_down_locked.svg
 create mode 100644 Extensions/SponsorBlock-for-YouTube-Skip-Sponsorships-Chrome-Web-Store/icons/thumbs_up.svg
 create mode 100644 Extensions/SponsorBlock-for-YouTube-Skip-Sponsorships-Chrome-Web-Store/icons/upvote.png
 create mode 100644 Extensions/SponsorBlock-for-YouTube-Skip-Sponsorships-Chrome-Web-Store/icons/upvote.svg
 create mode 100644 Extensions/SponsorBlock-for-YouTube-Skip-Sponsorships-Chrome-Web-Store/icons/visible.svg
 create mode 100644 Extensions/SponsorBlock-for-YouTube-Skip-Sponsorships-Chrome-Web-Store/js/background.js
 create mode 100644 Extensions/SponsorBlock-for-YouTube-Skip-Sponsorships-Chrome-Web-Store/js/content.js
 create mode 100644 Extensions/SponsorBlock-for-YouTube-Skip-Sponsorships-Chrome-Web-Store/js/content.js.LICENSE.txt
 create mode 100644 Extensions/SponsorBlock-for-YouTube-Skip-Sponsorships-Chrome-Web-Store/js/document.js
 create mode 100644 Extensions/SponsorBlock-for-YouTube-Skip-Sponsorships-Chrome-Web-Store/js/help.js
 create mode 100644 Extensions/SponsorBlock-for-YouTube-Skip-Sponsorships-Chrome-Web-Store/js/options.js
 create mode 100644 Extensions/SponsorBlock-for-YouTube-Skip-Sponsorships-Chrome-Web-Store/js/options.js.LICENSE.txt
 create mode 100644 Extensions/SponsorBlock-for-YouTube-Skip-Sponsorships-Chrome-Web-Store/js/permissions.js
 create mode 100644 Extensions/SponsorBlock-for-YouTube-Skip-Sponsorships-Chrome-Web-Store/js/popup.js
 create mode 100644 Extensions/SponsorBlock-for-YouTube-Skip-Sponsorships-Chrome-Web-Store/js/popup.js.LICENSE.txt
 create mode 100644 Extensions/SponsorBlock-for-YouTube-Skip-Sponsorships-Chrome-Web-Store/libs/6xKydSBYKcSV-LCoeQqfX1RYOo3ig4vwlBduz8A.woff2
 create mode 100644 Extensions/SponsorBlock-for-YouTube-Skip-Sponsorships-Chrome-Web-Store/libs/6xKydSBYKcSV-LCoeQqfX1RYOo3ig4vwlxdu.woff2
 create mode 100644 Extensions/SponsorBlock-for-YouTube-Skip-Sponsorships-Chrome-Web-Store/libs/6xKydSBYKcSV-LCoeQqfX1RYOo3ig4vwmBduz8A.woff2
 create mode 100644 Extensions/SponsorBlock-for-YouTube-Skip-Sponsorships-Chrome-Web-Store/libs/6xKydSBYKcSV-LCoeQqfX1RYOo3ig4vwmRduz8A.woff2
 create mode 100644 Extensions/SponsorBlock-for-YouTube-Skip-Sponsorships-Chrome-Web-Store/libs/Source+Sans+Pro.css
 create mode 100644 Extensions/SponsorBlock-for-YouTube-Skip-Sponsorships-Chrome-Web-Store/manifest.json
 create mode 100644 Extensions/SponsorBlock-for-YouTube-Skip-Sponsorships-Chrome-Web-Store/options/options.css
 create mode 100644 Extensions/SponsorBlock-for-YouTube-Skip-Sponsorships-Chrome-Web-Store/options/options.html
 create mode 100644 Extensions/SponsorBlock-for-YouTube-Skip-Sponsorships-Chrome-Web-Store/oss-attribution/attribution.txt
 create mode 100644 Extensions/SponsorBlock-for-YouTube-Skip-Sponsorships-Chrome-Web-Store/permissions/index.html
 create mode 100644 Extensions/SponsorBlock-for-YouTube-Skip-Sponsorships-Chrome-Web-Store/permissions/styles.css
 create mode 100644 Extensions/SponsorBlock-for-YouTube-Skip-Sponsorships-Chrome-Web-Store/popup.css
 create mode 100644 Extensions/SponsorBlock-for-YouTube-Skip-Sponsorships-Chrome-Web-Store/popup.html
 create mode 100644 Extensions/SponsorBlock-for-YouTube-Skip-Sponsorships-Chrome-Web-Store/res/countries.json
 create mode 100644 Extensions/SponsorBlock-for-YouTube-Skip-Sponsorships-Chrome-Web-Store/shared.css
 create mode 100644 Extensions/TWP-Translate-[BETA]-Chrome-Web-Store/LICENSE
 create mode 100644 Extensions/TWP-Translate-[BETA]-Chrome-Web-Store/_locales/af/messages.json
 create mode 100644 Extensions/TWP-Translate-[BETA]-Chrome-Web-Store/_locales/ar/messages.json
 create mode 100644 Extensions/TWP-Translate-[BETA]-Chrome-Web-Store/_locales/bg/messages.json
 create mode 100644 Extensions/TWP-Translate-[BETA]-Chrome-Web-Store/_locales/bn/messages.json
 create mode 100644 Extensions/TWP-Translate-[BETA]-Chrome-Web-Store/_locales/ca/messages.json
 create mode 100644 Extensions/TWP-Translate-[BETA]-Chrome-Web-Store/_locales/cs/messages.json
 create mode 100644 Extensions/TWP-Translate-[BETA]-Chrome-Web-Store/_locales/da/messages.json
 create mode 100644 Extensions/TWP-Translate-[BETA]-Chrome-Web-Store/_locales/de/messages.json
 create mode 100644 Extensions/TWP-Translate-[BETA]-Chrome-Web-Store/_locales/el/messages.json
 create mode 100644 Extensions/TWP-Translate-[BETA]-Chrome-Web-Store/_locales/en/messages.json
 create mode 100644 Extensions/TWP-Translate-[BETA]-Chrome-Web-Store/_locales/es/messages.json
 create mode 100644 Extensions/TWP-Translate-[BETA]-Chrome-Web-Store/_locales/fa/messages.json
 create mode 100644 Extensions/TWP-Translate-[BETA]-Chrome-Web-Store/_locales/fi/messages.json
 create mode 100644 Extensions/TWP-Translate-[BETA]-Chrome-Web-Store/_locales/fr/messages.json
 create mode 100644 Extensions/TWP-Translate-[BETA]-Chrome-Web-Store/_locales/he/messages.json
 create mode 100644 Extensions/TWP-Translate-[BETA]-Chrome-Web-Store/_locales/hi/messages.json
 create mode 100644 Extensions/TWP-Translate-[BETA]-Chrome-Web-Store/_locales/hr/messages.json
 create mode 100644 Extensions/TWP-Translate-[BETA]-Chrome-Web-Store/_locales/hu/messages.json
 create mode 100644 Extensions/TWP-Translate-[BETA]-Chrome-Web-Store/_locales/is/messages.json
 create mode 100644 Extensions/TWP-Translate-[BETA]-Chrome-Web-Store/_locales/it/messages.json
 create mode 100644 Extensions/TWP-Translate-[BETA]-Chrome-Web-Store/_locales/ja/messages.json
 create mode 100644 Extensions/TWP-Translate-[BETA]-Chrome-Web-Store/_locales/kaa/messages.json
 create mode 100644 Extensions/TWP-Translate-[BETA]-Chrome-Web-Store/_locales/ko/messages.json
 create mode 100644 Extensions/TWP-Translate-[BETA]-Chrome-Web-Store/_locales/lv/messages.json
 create mode 100644 Extensions/TWP-Translate-[BETA]-Chrome-Web-Store/_locales/nl/messages.json
 create mode 100644 Extensions/TWP-Translate-[BETA]-Chrome-Web-Store/_locales/no/messages.json
 create mode 100644 Extensions/TWP-Translate-[BETA]-Chrome-Web-Store/_locales/pl/messages.json
 create mode 100644 Extensions/TWP-Translate-[BETA]-Chrome-Web-Store/_locales/pt_BR/messages.json
 create mode 100644 Extensions/TWP-Translate-[BETA]-Chrome-Web-Store/_locales/pt_PT/messages.json
 create mode 100644 Extensions/TWP-Translate-[BETA]-Chrome-Web-Store/_locales/ro/messages.json
 create mode 100644 Extensions/TWP-Translate-[BETA]-Chrome-Web-Store/_locales/ru/messages.json
 create mode 100644 Extensions/TWP-Translate-[BETA]-Chrome-Web-Store/_locales/sat/messages.json
 create mode 100644 Extensions/TWP-Translate-[BETA]-Chrome-Web-Store/_locales/sl/messages.json
 create mode 100644 Extensions/TWP-Translate-[BETA]-Chrome-Web-Store/_locales/sr/messages.json
 create mode 100644 Extensions/TWP-Translate-[BETA]-Chrome-Web-Store/_locales/sv/messages.json
 create mode 100644 Extensions/TWP-Translate-[BETA]-Chrome-Web-Store/_locales/ta/messages.json
 create mode 100644 Extensions/TWP-Translate-[BETA]-Chrome-Web-Store/_locales/th/messages.json
 create mode 100644 Extensions/TWP-Translate-[BETA]-Chrome-Web-Store/_locales/tr/messages.json
 create mode 100644 Extensions/TWP-Translate-[BETA]-Chrome-Web-Store/_locales/ug/messages.json
 create mode 100644 Extensions/TWP-Translate-[BETA]-Chrome-Web-Store/_locales/uk/messages.json
 create mode 100644 Extensions/TWP-Translate-[BETA]-Chrome-Web-Store/_locales/vi/messages.json
 create mode 100644 Extensions/TWP-Translate-[BETA]-Chrome-Web-Store/_locales/zh_CN/messages.json
 create mode 100644 Extensions/TWP-Translate-[BETA]-Chrome-Web-Store/_locales/zh_TW/messages.json
 create mode 100644 Extensions/TWP-Translate-[BETA]-Chrome-Web-Store/_metadata/verified_contents.json
 create mode 100644 Extensions/TWP-Translate-[BETA]-Chrome-Web-Store/background/background.js
 create mode 100644 Extensions/TWP-Translate-[BETA]-Chrome-Web-Store/background/textToSpeech.js
 create mode 100644 Extensions/TWP-Translate-[BETA]-Chrome-Web-Store/background/translationCache.js
 create mode 100644 Extensions/TWP-Translate-[BETA]-Chrome-Web-Store/background/translationService.js
 create mode 100644 Extensions/TWP-Translate-[BETA]-Chrome-Web-Store/bg.js
 create mode 100644 Extensions/TWP-Translate-[BETA]-Chrome-Web-Store/contentScript/checkScriptIsInjected.js
 create mode 100644 Extensions/TWP-Translate-[BETA]-Chrome-Web-Store/contentScript/css/showOriginal.css
 create mode 100644 Extensions/TWP-Translate-[BETA]-Chrome-Web-Store/contentScript/css/showTranslated.css
 create mode 100644 Extensions/TWP-Translate-[BETA]-Chrome-Web-Store/contentScript/css/translateSelected.css
 create mode 100644 Extensions/TWP-Translate-[BETA]-Chrome-Web-Store/contentScript/deepl.js
 create mode 100644 Extensions/TWP-Translate-[BETA]-Chrome-Web-Store/contentScript/html/popupMobile.html
 create mode 100644 Extensions/TWP-Translate-[BETA]-Chrome-Web-Store/contentScript/pageTranslator.js
 create mode 100644 Extensions/TWP-Translate-[BETA]-Chrome-Web-Store/contentScript/popupMobile.js
 create mode 100644 Extensions/TWP-Translate-[BETA]-Chrome-Web-Store/contentScript/showOriginal.js
 create mode 100644 Extensions/TWP-Translate-[BETA]-Chrome-Web-Store/contentScript/showTranslated.js
 create mode 100644 Extensions/TWP-Translate-[BETA]-Chrome-Web-Store/contentScript/translateSelected.js
 create mode 100644 Extensions/TWP-Translate-[BETA]-Chrome-Web-Store/firefox-manifest.json
 create mode 100644 Extensions/TWP-Translate-[BETA]-Chrome-Web-Store/icons/bing-translate-32.png
 create mode 100644 Extensions/TWP-Translate-[BETA]-Chrome-Web-Store/icons/btn_donate_LG.webp
 create mode 100644 Extensions/TWP-Translate-[BETA]-Chrome-Web-Store/icons/coinpayments.png
 create mode 100644 Extensions/TWP-Translate-[BETA]-Chrome-Web-Store/icons/google-translate-32.png
 create mode 100644 Extensions/TWP-Translate-[BETA]-Chrome-Web-Store/icons/icon-128.png
 create mode 100644 Extensions/TWP-Translate-[BETA]-Chrome-Web-Store/icons/icon-16.png
 create mode 100644 Extensions/TWP-Translate-[BETA]-Chrome-Web-Store/icons/icon-32-translated.png
 create mode 100644 Extensions/TWP-Translate-[BETA]-Chrome-Web-Store/icons/icon-32.png
 create mode 100644 Extensions/TWP-Translate-[BETA]-Chrome-Web-Store/icons/icon-64.png
 create mode 100644 Extensions/TWP-Translate-[BETA]-Chrome-Web-Store/icons/icon-translated.svg
 create mode 100644 Extensions/TWP-Translate-[BETA]-Chrome-Web-Store/icons/icon.svg
 create mode 100644 Extensions/TWP-Translate-[BETA]-Chrome-Web-Store/icons/patreon.png
 create mode 100644 Extensions/TWP-Translate-[BETA]-Chrome-Web-Store/icons/patreon_icon.png
 create mode 100644 Extensions/TWP-Translate-[BETA]-Chrome-Web-Store/icons/pixel.gif
 create mode 100644 Extensions/TWP-Translate-[BETA]-Chrome-Web-Store/icons/swap-32.png
 create mode 100644 Extensions/TWP-Translate-[BETA]-Chrome-Web-Store/icons/yandex-translate-32.png
 create mode 100644 Extensions/TWP-Translate-[BETA]-Chrome-Web-Store/lib/XMLHttpRequestShim.js
 create mode 100644 Extensions/TWP-Translate-[BETA]-Chrome-Web-Store/lib/checkedLastError.js
 create mode 100644 Extensions/TWP-Translate-[BETA]-Chrome-Web-Store/lib/config.js
 create mode 100644 Extensions/TWP-Translate-[BETA]-Chrome-Web-Store/lib/i18n.js
 create mode 100644 Extensions/TWP-Translate-[BETA]-Chrome-Web-Store/lib/languages.js
 create mode 100644 Extensions/TWP-Translate-[BETA]-Chrome-Web-Store/lib/platformInfo.js
 create mode 100644 Extensions/TWP-Translate-[BETA]-Chrome-Web-Store/lib/polyfill.js
 create mode 100644 Extensions/TWP-Translate-[BETA]-Chrome-Web-Store/lib/stuff.js
 create mode 100644 Extensions/TWP-Translate-[BETA]-Chrome-Web-Store/manifest.json
 create mode 100644 Extensions/TWP-Translate-[BETA]-Chrome-Web-Store/off_screen.html
 create mode 100644 Extensions/TWP-Translate-[BETA]-Chrome-Web-Store/off_screen.js
 create mode 100644 Extensions/TWP-Translate-[BETA]-Chrome-Web-Store/options/darkmode.js
 create mode 100644 Extensions/TWP-Translate-[BETA]-Chrome-Web-Store/options/open-options.html
 create mode 100644 Extensions/TWP-Translate-[BETA]-Chrome-Web-Store/options/open-options.js
 create mode 100644 Extensions/TWP-Translate-[BETA]-Chrome-Web-Store/options/options.css
 create mode 100644 Extensions/TWP-Translate-[BETA]-Chrome-Web-Store/options/options.html
 create mode 100644 Extensions/TWP-Translate-[BETA]-Chrome-Web-Store/options/options.js
 create mode 100644 Extensions/TWP-Translate-[BETA]-Chrome-Web-Store/options/release-notes/en.html
 create mode 100644 Extensions/TWP-Translate-[BETA]-Chrome-Web-Store/popup/detect-pdf.js
 create mode 100644 Extensions/TWP-Translate-[BETA]-Chrome-Web-Store/popup/improve-translation.html
 create mode 100644 Extensions/TWP-Translate-[BETA]-Chrome-Web-Store/popup/improve-translation.js
 create mode 100644 Extensions/TWP-Translate-[BETA]-Chrome-Web-Store/popup/old-popup.css
 create mode 100644 Extensions/TWP-Translate-[BETA]-Chrome-Web-Store/popup/old-popup.html
 create mode 100644 Extensions/TWP-Translate-[BETA]-Chrome-Web-Store/popup/old-popup.js
 create mode 100644 Extensions/TWP-Translate-[BETA]-Chrome-Web-Store/popup/popup-translate-document.html
 create mode 100644 Extensions/TWP-Translate-[BETA]-Chrome-Web-Store/popup/popup-translate-document.js
 create mode 100644 Extensions/TWP-Translate-[BETA]-Chrome-Web-Store/popup/popup-translate-text.html
 create mode 100644 Extensions/TWP-Translate-[BETA]-Chrome-Web-Store/popup/popup-translate-text.js
 create mode 100644 Extensions/TWP-Translate-[BETA]-Chrome-Web-Store/popup/popup.css
 create mode 100644 Extensions/TWP-Translate-[BETA]-Chrome-Web-Store/popup/popup.html
 create mode 100644 Extensions/TWP-Translate-[BETA]-Chrome-Web-Store/popup/popup.js
 create mode 100644 Extensions/TWP-Translate-[BETA]-Chrome-Web-Store/w3css/4/w3.css
 create mode 100644 Extensions/adguard/_locales/ar/messages.json
 create mode 100644 Extensions/adguard/_locales/be/messages.json
 create mode 100644 Extensions/adguard/_locales/bg/messages.json
 create mode 100644 Extensions/adguard/_locales/bn/messages.json
 create mode 100644 Extensions/adguard/_locales/ca/messages.json
 create mode 100644 Extensions/adguard/_locales/cs/messages.json
 create mode 100644 Extensions/adguard/_locales/da/messages.json
 create mode 100644 Extensions/adguard/_locales/de/messages.json
 create mode 100644 Extensions/adguard/_locales/el/messages.json
 create mode 100644 Extensions/adguard/_locales/en/messages.json
 create mode 100644 Extensions/adguard/_locales/es/messages.json
 create mode 100644 Extensions/adguard/_locales/es_419/messages.json
 create mode 100644 Extensions/adguard/_locales/et/messages.json
 create mode 100644 Extensions/adguard/_locales/fa/messages.json
 create mode 100644 Extensions/adguard/_locales/fi/messages.json
 create mode 100644 Extensions/adguard/_locales/fil/messages.json
 create mode 100644 Extensions/adguard/_locales/fr/messages.json
 create mode 100644 Extensions/adguard/_locales/he/messages.json
 create mode 100644 Extensions/adguard/_locales/hi/messages.json
 create mode 100644 Extensions/adguard/_locales/hr/messages.json
 create mode 100644 Extensions/adguard/_locales/hu/messages.json
 create mode 100644 Extensions/adguard/_locales/hy/messages.json
 create mode 100644 Extensions/adguard/_locales/id/messages.json
 create mode 100644 Extensions/adguard/_locales/it/messages.json
 create mode 100644 Extensions/adguard/_locales/ja/messages.json
 create mode 100644 Extensions/adguard/_locales/kn/messages.json
 create mode 100644 Extensions/adguard/_locales/ko/messages.json
 create mode 100644 Extensions/adguard/_locales/lt/messages.json
 create mode 100644 Extensions/adguard/_locales/lv/messages.json
 create mode 100644 Extensions/adguard/_locales/mk-MK/messages.json
 create mode 100644 Extensions/adguard/_locales/mk/messages.json
 create mode 100644 Extensions/adguard/_locales/ms/messages.json
 create mode 100644 Extensions/adguard/_locales/nb/messages.json
 create mode 100644 Extensions/adguard/_locales/nl/messages.json
 create mode 100644 Extensions/adguard/_locales/pl/messages.json
 create mode 100644 Extensions/adguard/_locales/pt_BR/messages.json
 create mode 100644 Extensions/adguard/_locales/pt_PT/messages.json
 create mode 100644 Extensions/adguard/_locales/ro/messages.json
 create mode 100644 Extensions/adguard/_locales/ru/messages.json
 create mode 100644 Extensions/adguard/_locales/sk/messages.json
 create mode 100644 Extensions/adguard/_locales/sl/messages.json
 create mode 100644 Extensions/adguard/_locales/sr/messages.json
 create mode 100644 Extensions/adguard/_locales/sv/messages.json
 create mode 100644 Extensions/adguard/_locales/ta/messages.json
 create mode 100644 Extensions/adguard/_locales/te/messages.json
 create mode 100644 Extensions/adguard/_locales/th/messages.json
 create mode 100644 Extensions/adguard/_locales/tr/messages.json
 create mode 100644 Extensions/adguard/_locales/uk/messages.json
 create mode 100644 Extensions/adguard/_locales/vi/messages.json
 create mode 100644 Extensions/adguard/_locales/zh_CN/messages.json
 create mode 100644 Extensions/adguard/_locales/zh_TW/messages.json
 create mode 100644 Extensions/adguard/assets/css/alert-container.css
 create mode 100644 Extensions/adguard/assets/css/alert-popup.css
 create mode 100644 Extensions/adguard/assets/css/c3.css
 create mode 100644 Extensions/adguard/assets/css/devtools/custom.css
 create mode 100644 Extensions/adguard/assets/css/devtools/dark.css
 create mode 100644 Extensions/adguard/assets/css/devtools/elementsPanel.css
 create mode 100644 Extensions/adguard/assets/css/devtools/inspectorCommon.css
 create mode 100644 Extensions/adguard/assets/css/devtools/inspectorStyle.css
 create mode 100644 Extensions/adguard/assets/css/devtools/inspectorSyntaxHighlight.css
 create mode 100644 Extensions/adguard/assets/css/devtools/sidebarPane.css
 create mode 100644 Extensions/adguard/assets/css/fonts.css
 create mode 100644 Extensions/adguard/assets/css/layout.css
 create mode 100644 Extensions/adguard/assets/css/log.css
 create mode 100644 Extensions/adguard/assets/css/main.css
 create mode 100644 Extensions/adguard/assets/css/nanobar.css
 create mode 100644 Extensions/adguard/assets/css/rules-limits-container.css
 create mode 100644 Extensions/adguard/assets/css/rules-limits-popup.css
 create mode 100644 Extensions/adguard/assets/css/style.css
 create mode 100644 Extensions/adguard/assets/css/update-container.css
 create mode 100644 Extensions/adguard/assets/fonts/Roboto-Flex-Regular.woff2
 create mode 100644 Extensions/adguard/assets/icons/loading-19.png
 create mode 100644 Extensions/adguard/assets/icons/loading-38.png
 create mode 100644 Extensions/adguard/assets/icons/newyear25-off-19.png
 create mode 100644 Extensions/adguard/assets/icons/newyear25-off-38.png
 create mode 100644 Extensions/adguard/assets/icons/newyear25-on-19.png
 create mode 100644 Extensions/adguard/assets/icons/newyear25-on-38.png
 create mode 100644 Extensions/adguard/assets/icons/off-19.png
 create mode 100644 Extensions/adguard/assets/icons/off-38.png
 create mode 100644 Extensions/adguard/assets/icons/on-128.png
 create mode 100644 Extensions/adguard/assets/icons/on-16.png
 create mode 100644 Extensions/adguard/assets/icons/on-19.png
 create mode 100644 Extensions/adguard/assets/icons/on-38.png
 create mode 100644 Extensions/adguard/assets/icons/update-available-19.png
 create mode 100644 Extensions/adguard/assets/icons/update-available-38.png
 create mode 100644 Extensions/adguard/assets/icons/warning-19.png
 create mode 100644 Extensions/adguard/assets/icons/warning-38.png
 create mode 100644 Extensions/adguard/assets/images/alert.svg
 create mode 100644 Extensions/adguard/assets/images/app-store.svg
 create mode 100644 Extensions/adguard/assets/images/arrow-down-grey.svg
 create mode 100644 Extensions/adguard/assets/images/arrow-down.svg
 create mode 100644 Extensions/adguard/assets/images/avatar.svg
 create mode 100644 Extensions/adguard/assets/images/checked.svg
 create mode 100644 Extensions/adguard/assets/images/chrome.svg
 create mode 100644 Extensions/adguard/assets/images/cross.svg
 create mode 100644 Extensions/adguard/assets/images/dropbox.svg
 create mode 100644 Extensions/adguard/assets/images/filters.svg
 create mode 100644 Extensions/adguard/assets/images/google-play.svg
 create mode 100644 Extensions/adguard/assets/images/hero-green.svg
 create mode 100644 Extensions/adguard/assets/images/hero-red.svg
 create mode 100644 Extensions/adguard/assets/images/link.svg
 create mode 100644 Extensions/adguard/assets/images/logo-dark.svg
 create mode 100644 Extensions/adguard/assets/images/logo-shield.svg
 create mode 100644 Extensions/adguard/assets/images/logo.svg
 create mode 100644 Extensions/adguard/assets/images/newyear25.svg
 create mode 100644 Extensions/adguard/assets/images/reload-ico-green.svg
 create mode 100644 Extensions/adguard/assets/images/reload-ico.svg
 create mode 100644 Extensions/adguard/assets/images/shield.svg
 create mode 100644 Extensions/adguard/assets/images/tick.svg
 create mode 100644 Extensions/adguard/assets/images/toggler-bg.svg
 create mode 100644 Extensions/adguard/assets/images/trash.svg
 create mode 100644 Extensions/adguard/assets/js/preload-theme.js
 create mode 100644 Extensions/adguard/assets/videos/loading.webm
 create mode 100644 Extensions/adguard/filters/filter_1.txt
 create mode 100644 Extensions/adguard/filters/filter_10.txt
 create mode 100644 Extensions/adguard/filters/filter_11.txt
 create mode 100644 Extensions/adguard/filters/filter_13.txt
 create mode 100644 Extensions/adguard/filters/filter_14.txt
 create mode 100644 Extensions/adguard/filters/filter_15.txt
 create mode 100644 Extensions/adguard/filters/filter_16.txt
 create mode 100644 Extensions/adguard/filters/filter_17.txt
 create mode 100644 Extensions/adguard/filters/filter_18.txt
 create mode 100644 Extensions/adguard/filters/filter_19.txt
 create mode 100644 Extensions/adguard/filters/filter_2.txt
 create mode 100644 Extensions/adguard/filters/filter_20.txt
 create mode 100644 Extensions/adguard/filters/filter_21.txt
 create mode 100644 Extensions/adguard/filters/filter_22.txt
 create mode 100644 Extensions/adguard/filters/filter_224.txt
 create mode 100644 Extensions/adguard/filters/filter_23.txt
 create mode 100644 Extensions/adguard/filters/filter_3.txt
 create mode 100644 Extensions/adguard/filters/filter_4.txt
 create mode 100644 Extensions/adguard/filters/filter_5.txt
 create mode 100644 Extensions/adguard/filters/filter_6.txt
 create mode 100644 Extensions/adguard/filters/filter_7.txt
 create mode 100644 Extensions/adguard/filters/filter_8.txt
 create mode 100644 Extensions/adguard/filters/filter_9.txt
 create mode 100644 Extensions/adguard/filters/filter_mobile_1.txt
 create mode 100644 Extensions/adguard/filters/filter_mobile_10.txt
 create mode 100644 Extensions/adguard/filters/filter_mobile_11.txt
 create mode 100644 Extensions/adguard/filters/filter_mobile_13.txt
 create mode 100644 Extensions/adguard/filters/filter_mobile_14.txt
 create mode 100644 Extensions/adguard/filters/filter_mobile_15.txt
 create mode 100644 Extensions/adguard/filters/filter_mobile_16.txt
 create mode 100644 Extensions/adguard/filters/filter_mobile_17.txt
 create mode 100644 Extensions/adguard/filters/filter_mobile_18.txt
 create mode 100644 Extensions/adguard/filters/filter_mobile_19.txt
 create mode 100644 Extensions/adguard/filters/filter_mobile_2.txt
 create mode 100644 Extensions/adguard/filters/filter_mobile_20.txt
 create mode 100644 Extensions/adguard/filters/filter_mobile_21.txt
 create mode 100644 Extensions/adguard/filters/filter_mobile_22.txt
 create mode 100644 Extensions/adguard/filters/filter_mobile_224.txt
 create mode 100644 Extensions/adguard/filters/filter_mobile_23.txt
 create mode 100644 Extensions/adguard/filters/filter_mobile_3.txt
 create mode 100644 Extensions/adguard/filters/filter_mobile_4.txt
 create mode 100644 Extensions/adguard/filters/filter_mobile_5.txt
 create mode 100644 Extensions/adguard/filters/filter_mobile_6.txt
 create mode 100644 Extensions/adguard/filters/filter_mobile_7.txt
 create mode 100644 Extensions/adguard/filters/filter_mobile_8.txt
 create mode 100644 Extensions/adguard/filters/filter_mobile_9.txt
 create mode 100644 Extensions/adguard/filters/filters.json
 create mode 100644 Extensions/adguard/filters/filters_i18n.json
 create mode 100644 Extensions/adguard/manifest.json
 create mode 100644 Extensions/adguard/pages/assistant-inject.js
 create mode 100644 Extensions/adguard/pages/background.html
 create mode 100644 Extensions/adguard/pages/background.js
 create mode 100644 Extensions/adguard/pages/blocking/blocked.html
 create mode 100644 Extensions/adguard/pages/blocking/blocked.js
 create mode 100644 Extensions/adguard/pages/blocking/safebrowsing.html
 create mode 100644 Extensions/adguard/pages/blocking/safebrowsing.js
 create mode 100644 Extensions/adguard/pages/content-script-end.js
 create mode 100644 Extensions/adguard/pages/content-script-start.js
 create mode 100644 Extensions/adguard/pages/devtools-elements-sidebar.html
 create mode 100644 Extensions/adguard/pages/devtools-elements-sidebar.js
 create mode 100644 Extensions/adguard/pages/devtools.html
 create mode 100644 Extensions/adguard/pages/devtools.js
 create mode 100644 Extensions/adguard/pages/filtering-log.html
 create mode 100644 Extensions/adguard/pages/filtering-log.js
 create mode 100644 Extensions/adguard/pages/fullscreen-user-rules.html
 create mode 100644 Extensions/adguard/pages/fullscreen-user-rules.js
 create mode 100644 Extensions/adguard/pages/options.html
 create mode 100644 Extensions/adguard/pages/options.js
 create mode 100644 Extensions/adguard/pages/popup.html
 create mode 100644 Extensions/adguard/pages/popup.js
 create mode 100644 Extensions/adguard/pages/post-install.html
 create mode 100644 Extensions/adguard/pages/post-install.js
 create mode 100644 Extensions/adguard/pages/subscribe.js
 create mode 100644 Extensions/adguard/pages/thankyou.js
 create mode 100644 Extensions/adguard/runtime.js
 create mode 100644 Extensions/adguard/shared/editor.js
 create mode 100644 Extensions/adguard/vendors/agtree.js
 create mode 100644 Extensions/adguard/vendors/css-tokenizer.js
 create mode 100644 Extensions/adguard/vendors/mobx.js
 create mode 100644 Extensions/adguard/vendors/react.js
 create mode 100644 Extensions/adguard/vendors/scriptlets.js
 create mode 100644 Extensions/adguard/vendors/text-encoding-polyfill.js
 create mode 100644 Extensions/adguard/vendors/tsurlfilter-declarative-converter.js
 create mode 100644 Extensions/adguard/vendors/tsurlfilter.js
 create mode 100644 Extensions/adguard/vendors/tswebextension.js
 create mode 100644 Extensions/adguard/vendors/xstate.js
 create mode 100644 Extensions/adguard/web-accessible-resources/redirects.yml
 create mode 100644 Extensions/adguard/web-accessible-resources/redirects/1x1-transparent.gif
 create mode 100644 Extensions/adguard/web-accessible-resources/redirects/2x2-transparent.png
 create mode 100644 Extensions/adguard/web-accessible-resources/redirects/32x32-transparent.png
 create mode 100644 Extensions/adguard/web-accessible-resources/redirects/3x2-transparent.png
 create mode 100644 Extensions/adguard/web-accessible-resources/redirects/amazon-apstag.js
 create mode 100644 Extensions/adguard/web-accessible-resources/redirects/ati-smarttag.js
 create mode 100644 Extensions/adguard/web-accessible-resources/redirects/click2load.html
 create mode 100644 Extensions/adguard/web-accessible-resources/redirects/didomi-loader.js
 create mode 100644 Extensions/adguard/web-accessible-resources/redirects/fingerprintjs.js
 create mode 100644 Extensions/adguard/web-accessible-resources/redirects/fingerprintjs2.js
 create mode 100644 Extensions/adguard/web-accessible-resources/redirects/fingerprintjs3.js
 create mode 100644 Extensions/adguard/web-accessible-resources/redirects/gemius.js
 create mode 100644 Extensions/adguard/web-accessible-resources/redirects/google-analytics-ga.js
 create mode 100644 Extensions/adguard/web-accessible-resources/redirects/google-analytics.js
 create mode 100644 Extensions/adguard/web-accessible-resources/redirects/google-ima3.js
 create mode 100644 Extensions/adguard/web-accessible-resources/redirects/googlesyndication-adsbygoogle.js
 create mode 100644 Extensions/adguard/web-accessible-resources/redirects/googletagservices-gpt.js
 create mode 100644 Extensions/adguard/web-accessible-resources/redirects/matomo.js
 create mode 100644 Extensions/adguard/web-accessible-resources/redirects/metrika-yandex-tag.js
 create mode 100644 Extensions/adguard/web-accessible-resources/redirects/metrika-yandex-watch.js
 create mode 100644 Extensions/adguard/web-accessible-resources/redirects/naver-wcslog.js
 create mode 100644 Extensions/adguard/web-accessible-resources/redirects/noeval.js
 create mode 100644 Extensions/adguard/web-accessible-resources/redirects/noopcss.css
 create mode 100644 Extensions/adguard/web-accessible-resources/redirects/noopframe.html
 create mode 100644 Extensions/adguard/web-accessible-resources/redirects/noopjs.js
 create mode 100644 Extensions/adguard/web-accessible-resources/redirects/noopjson.json
 create mode 100644 Extensions/adguard/web-accessible-resources/redirects/noopmp3.mp3
 create mode 100644 Extensions/adguard/web-accessible-resources/redirects/noopmp4.mp4
 create mode 100644 Extensions/adguard/web-accessible-resources/redirects/nooptext.js
 create mode 100644 Extensions/adguard/web-accessible-resources/redirects/noopvast02.xml
 create mode 100644 Extensions/adguard/web-accessible-resources/redirects/noopvast03.xml
 create mode 100644 Extensions/adguard/web-accessible-resources/redirects/noopvast04.xml
 create mode 100644 Extensions/adguard/web-accessible-resources/redirects/noopvmap01.xml
 create mode 100644 Extensions/adguard/web-accessible-resources/redirects/pardot-1.0.js
 create mode 100644 Extensions/adguard/web-accessible-resources/redirects/prebid-ads.js
 create mode 100644 Extensions/adguard/web-accessible-resources/redirects/prebid.js
 create mode 100644 Extensions/adguard/web-accessible-resources/redirects/prevent-bab.js
 create mode 100644 Extensions/adguard/web-accessible-resources/redirects/prevent-bab2.js
 create mode 100644 Extensions/adguard/web-accessible-resources/redirects/prevent-fab-3.2.0.js
 create mode 100644 Extensions/adguard/web-accessible-resources/redirects/prevent-popads-net.js
 create mode 100644 Extensions/adguard/web-accessible-resources/redirects/scorecardresearch-beacon.js
 create mode 100644 Extensions/adguard/web-accessible-resources/redirects/set-popads-dummy.js
 create mode 100644 Extensions/consent-o-matic/Action.js
 create mode 100644 Extensions/consent-o-matic/CMP.js
 create mode 100644 Extensions/consent-o-matic/Consent.js
 create mode 100644 Extensions/consent-o-matic/ConsentEngine.js
 create mode 100644 Extensions/consent-o-matic/Detector.js
 create mode 100644 Extensions/consent-o-matic/GDPRConfig.js
 create mode 100644 Extensions/consent-o-matic/Language.js
 create mode 100644 Extensions/consent-o-matic/Matcher.js
 create mode 100644 Extensions/consent-o-matic/Tools.js
 create mode 100644 Extensions/consent-o-matic/background.js
 create mode 100644 Extensions/consent-o-matic/content.css
 create mode 100644 Extensions/consent-o-matic/content.js
 create mode 100644 Extensions/consent-o-matic/content.scss
 create mode 100644 Extensions/consent-o-matic/contentScript.js
 create mode 100644 Extensions/consent-o-matic/editor.html
 create mode 100644 Extensions/consent-o-matic/editor.js
 create mode 100644 Extensions/consent-o-matic/hide.svg
 create mode 100644 Extensions/consent-o-matic/icon_1024.png
 create mode 100644 Extensions/consent-o-matic/icon_128.png
 create mode 100644 Extensions/consent-o-matic/icon_48.png
 create mode 100644 Extensions/consent-o-matic/icon_96.png
 create mode 100644 Extensions/consent-o-matic/logo.svg
 create mode 100644 Extensions/consent-o-matic/main.css
 create mode 100644 Extensions/consent-o-matic/manifest.chromium.json
 create mode 100644 Extensions/consent-o-matic/manifest.firefox.json
 create mode 100644 Extensions/consent-o-matic/manifest.json
 create mode 100644 Extensions/consent-o-matic/manifest.safari.json
 create mode 100644 Extensions/consent-o-matic/minimize.svg
 create mode 100644 Extensions/consent-o-matic/options.html
 create mode 100644 Extensions/consent-o-matic/options.js
 create mode 100644 Extensions/consent-o-matic/popup.html
 create mode 100644 Extensions/consent-o-matic/popup.js
 create mode 100644 Extensions/consent-o-matic/service.js
 create mode 100644 Extensions/consent-o-matic/templates.html
 create mode 100644 Extensions/consent-o-matic/ui.css
 create mode 100644 Extensions/consent-o-matic/ui.js
 create mode 100644 Extensions/consent-o-matic/ui.scss
 create mode 100644 Horizon.Browser.csproj
 create mode 100644 Horizon.bat
 create mode 100644 Horizon_Bootstrapper.bat
 create mode 100644 Install_Horizon_Browser_beta.ifp
 create mode 100644 LICENSE
 create mode 100644 LICENSE.rtf
 create mode 100644 LICENSE.txt
 create mode 100644 MainWindow.AdvancedCalc.cs
 create mode 100644 MainWindow.Widgets.cs
 create mode 100644 MainWindow.xaml
 create mode 100644 MainWindow.xaml.cs
 create mode 100644 MainWindow.xaml.cs.bak
 create mode 100644 Output/Setup_Horizon_Browser_Beta.exe
 create mode 100644 PRIVACY_POLICY.md
 create mode 100644 README.md
 create mode 100644 Services/AccountSyncService.cs
 create mode 100644 Services/BackgroundKeepAliveService.cs
 create mode 100644 Services/BatteryBridge.cs
 create mode 100644 Services/BookmarksService.cs
 create mode 100644 Services/BrowserDetectionService.cs
 create mode 100644 Services/CacheJanitorService.cs
 create mode 100644 Services/CalendarBridge.cs
 create mode 100644 Services/ChromiumHarvester.cs
 create mode 100644 Services/ConfigService.cs
 create mode 100644 Services/DownloadBridge.cs
 create mode 100644 Services/ExtensionRecord.cs
 create mode 100644 Services/ExtensionService.cs
 create mode 100644 Services/FluxJanitorService.cs
 create mode 100644 Services/GithubUpdateService.cs
 create mode 100644 Services/HealthService.cs
 create mode 100644 Services/HistoryService.cs
 create mode 100644 Services/HomePageService.cs
 create mode 100644 Services/LogService.cs
 create mode 100644 Services/MediaBridge.cs
 create mode 100644 Services/MediaDownloadService.cs
 create mode 100644 Services/NotificationCenterService.cs
 create mode 100644 Services/SettingsService.cs
 create mode 100644 Services/Startupservice.cs
 create mode 100644 Services/TabSleepRulesService.cs
 create mode 100644 Services/ThemeService.cs
 create mode 100644 Services/VaultService.cs
 create mode 100644 Services/WeatherBridge.cs
 create mode 100644 Setup_Horizon_Browser_Alpha.ifp
 create mode 100644 Setup_Horizon_Browser_Beta.ifp
 create mode 100644 Setup_Horizon_Browser_Beta.iss
 create mode 100644 SmartCopy.ps1
 create mode 100644 TERMS_OF SERVICE.txt
 create mode 100644 Themes/Horizon.xaml
 create mode 100644 Themes/Light.xaml
 create mode 100644 Themes/Redmond.xaml
 create mode 100644 Uninstall/uninstall.bat
 create mode 100644 Update_manager.bat
 create mode 100644 Update_manager_OLD.bat
 create mode 100644 ViewModels/TabViewModel.cs
 create mode 100644 Views/HomePageSettingsWindow.xaml
 create mode 100644 Views/HomePageSettingsWindow.xaml.cs
 create mode 100644 Views/HomePageView.xaml
 create mode 100644 Views/HomePageView.xaml.cs
 create mode 100644 Views/LoginRecoveryDialog.xaml
 create mode 100644 Views/LoginRecoveryDialog.xaml.cs
 create mode 100644 Views/MaintenanceWindow.xaml
 create mode 100644 Views/MaintenanceWindow.xaml.cs
 create mode 100644 Views/NotificationToast.xaml
 create mode 100644 Views/NotificationToast.xaml.cs
 create mode 100644 Views/SettingsWindow.xaml
 create mode 100644 Views/SettingsWindow.xaml.cs
 create mode 100644 Views/StartupVideoWindow.xaml
 create mode 100644 Views/StartupVideoWindow.xaml.cs
 create mode 100644 Views/TabSwitcherWindow.xaml
 create mode 100644 Views/TabSwitcherWindow.xaml.cs
 create mode 100644 _SmartCopy.config.txt
 create mode 100644 backup.bat
 create mode 100644 changelog.txt
 create mode 100644 cookies.json
 create mode 100644 deploy_backend.ps1
 create mode 100644 deploy_branch.bat
 create mode 100644 dir
 create mode 100644 emergency_log_failure.txt
 create mode 100644 extra_files.txt
 create mode 100644 extra_folders.txt
 create mode 100644 global.json
 create mode 100644 history.json
 create mode 100644 horizon.conf
 create mode 100644 install_auto.ps1
 create mode 100644 logs/Setup_Bootstrapper.log
 create mode 100644 logs/deploy_20260713_224333.log
 create mode 100644 logs/deploy_20260715_221843.log
 create mode 100644 logs/deploy_20260715_222433.log
 create mode 100644 logs/deploy_20260715_222446.log
 create mode 100644 logs/deploy_20260719_222456.log
 create mode 100644 logs/deploy_20260719_222820.log
 create mode 100644 logs/deploy_20260719_223134.log
 create mode 100644 logs/deploy_20260719_223238.log
 create mode 100644 logs/deploy_20260719_223348.log
 create mode 100644 logs/deploy_20260719_223537.log
 create mode 100644 logs/deploy_20260719_223812.log
 create mode 100644 logs/deploy_20260719_224048.log
 create mode 100644 logs/deploy_20260719_224303.log
 create mode 100644 logs/deploy_20260719_224549.log
 create mode 100644 logs/deploy_20260719_224738.log
 create mode 100644 logs/deploy_20260719_225047.log
 create mode 100644 logs/deploy_20260719_225146.log
 create mode 100644 logs/deploy_20260719_225431.log
 create mode 100644 logs/horizon_update.log
 create mode 100644 logs/scan_debug_1776531966.log
 create mode 100644 logs/scan_debug_1776532031.log
 create mode 100644 logs/scan_debug_1776706586.log
 create mode 100644 logs/scan_debug_1776706631.log
 create mode 100644 logs/scan_debug_1782134229.log
 create mode 100644 logs/scan_debug_1782135107.log
 create mode 100644 logs/scan_debug_1782135140.log
 create mode 100644 logs/scan_debug_1782135373.log
 create mode 100644 logs/scan_debug_1784152048.log
 create mode 100644 logs/scan_debug_1784216178.log
 create mode 100644 logs/scan_debug_1784466822.log
 create mode 100644 logs/scan_debug_1784726679.log
 create mode 100644 logs/scan_debug_1784727586.log
 create mode 100644 logs/scan_debug_1784737196.log
 create mode 100644 logs/scan_debug_1784797405.log
 create mode 100644 maintenance_tool.bat
 create mode 100644 manage_build_files.bat
 create mode 100644 mapper_exclusions.txt
 create mode 100644 overlay.hta
 create mode 100644 path.txt
 create mode 100644 project_map_1782135374.txt
 create mode 100644 project_map_1784797406.txt
 create mode 100644 project_mapper.py
 create mode 100644 push_automation.py
 create mode 100644 push_to_github.py
 create mode 100644 restore.bat
 create mode 100644 src/Gemini_Generated_Image_53kxcj53kxcj53kx.ico
 create mode 100644 src/Gemini_Generated_Image_53kxcj53kxcj53kx.png
 create mode 100644 src/Gemini_Generated_Image_7395cs7395cs7395.ico
 create mode 100644 src/Gemini_Generated_Image_7395cs7395cs7395.png
 create mode 100644 src/icons/Gemini_Generated_Image_53kxcj53kxcj53kx.ico
 create mode 100644 src/icons/Gemini_Generated_Image_7395cs7395cs7395.ico
 create mode 100644 start_horizon.bat
 create mode 100644 start_mapper.bat
 create mode 100644 start_videos/Animate_this_image (1).mp4
 create mode 100644 start_videos/Animate_this_image (2).mp4
 create mode 100644 start_videos/Animate_this_image.mp4
 create mode 100644 start_videos/Animate_this_image_slow.mp4
 create mode 100644 start_videos/make_a_very_short_and_very_smo.mp4
 create mode 100644 update.txt
 create mode 100644 update_orchestrator.bat
 create mode 100644 update_status.txt
 create mode 100644 version.txt
 create mode 100644 wallpapers/127583-3840x2160-desktop-4k-the-elder-scrolls-wallpaper.jpg
 create mode 100644 wallpapers/1547194-3840x2160-desktop-4k-ubisoft-background-photo.jpg
 create mode 100644 wallpapers/187459-2560x1600-desktop-hd-ferrari-background-image.jpg
 create mode 100644 wallpapers/2112444-3840x2160-desktop-4k-night-sky-background-image.jpg
 create mode 100644 wallpapers/24529-3840x2160-desktop-4k-comet-wallpaper-image.jpg
 create mode 100644 wallpapers/320248-1920x1080-desktop-1080p-iron-man-background.jpg
 create mode 100644 wallpapers/3250110-2560x1440-desktop-hd-mountain-lake-wallpaper-photo.jpg
 create mode 100644 wallpapers/3448162-1920x1080-desktop-hd-sith-empire-background-image.jpg
 create mode 100644 wallpapers/48333-1920x1115-desktop-hd-the-lion-king-wallpaper.jpg
 create mode 100644 wallpapers/5815553-3840x2160-desktop-hd-4k-wallpaper.jpg
 create mode 100644 wallpapers/5825552.jpg
 create mode 100644 wallpapers/5825560.jpg
 create mode 100644 wallpapers/5825621.jpg
 create mode 100644 wallpapers/5825636.jpg
 create mode 100644 wallpapers/5825644.jpg
 create mode 100644 wallpapers/5825663.jpg
 create mode 100644 wallpapers/5825736.jpg
 create mode 100644 wallpapers/77766-3840x2160-desktop-4k-halo-wallpaper-photo.jpg
 create mode 100644 wallpapers/833-1920x1410-desktop-hd-halo-background-photo.jpg
 create mode 100644 wallpapers/850-3840x2160-desktop-4k-halo-background.jpg
 create mode 100644 wallpapers/854-3840x2160-desktop-4k-halo-background.jpg
 create mode 100644 wallpapers/861-2560x1440-desktop-hd-halo-wallpaper-photo.jpg
 create mode 100644 wallpapers/90848-3840x2160-desktop-4k-mars-wallpaper.jpg
 create mode 100644 wallpapers/Screenshot (72).png
 create mode 100644 wallpapers/Wallpaper1.jpg
 create mode 100644 wallpapers/Wallpaper10.jpg
 create mode 100644 wallpapers/Wallpaper11.png
 create mode 100644 wallpapers/Wallpaper2.jpg
 create mode 100644 wallpapers/Wallpaper3.jpg
 create mode 100644 wallpapers/Wallpaper4.jpg
 create mode 100644 wallpapers/Wallpaper5.jpg
 create mode 100644 wallpapers/Wallpaper6.jpg
 create mode 100644 wallpapers/Wallpaper7.jpg
 create mode 100644 wallpapers/Wallpaper8.jpg
 create mode 100644 wallpapers/alone-forest-mountain-top-scenery-4k-wallpaper-uhdpaper.com-487@5@e.jpg
 create mode 100644 wallpapers/alone-guy-car-night-moon-sky-stars-scenery-digital-art-4k-wallpaper-uhdpaper.com-212@5@k.jpg
 create mode 100644 wallpapers/alone-standing-purple-wave-digital-art-8k-wallpaper-uhdpaper.com-70@1@o.jpg
 create mode 100644 wallpapers/anime-yokai-mask-katana-4k-wallpaper-uhdpaper.com-136@5@q.jpg
 create mode 100644 wallpapers/beautiful-mountain-nature-colorful-scenery-minimalist-uhdpaper.com-4K-4.3057.jpg
 create mode 100644 wallpapers/bird-branch-animal-4k-wallpaper-uhdpaper.com-745@3@a.jpg
 create mode 100644 wallpapers/black-cat-animal-digital-art-4k-wallpaper-uhdpaper.com-80@5@h.jpg
 create mode 100644 wallpapers/black-cat-digital-art-4k-wallpaper-uhdpaper.com-940@5@m.jpg
 create mode 100644 wallpapers/blue-birds-animals-4k-wallpaper-uhdpaper.com-724@2@b.jpg
 create mode 100644 wallpapers/car-night-street-digital-art-4k-wallpaper-uhdpaper.com-16@0@j.jpg
 create mode 100644 wallpapers/coffee-love-design-digital-art-4k-wallpaper-uhdpaper.com-139@5@g.jpg
 create mode 100644 wallpapers/cyberpunk-2077-car-4k-wallpaper-uhdpaper.com-800@5@l.jpg
 create mode 100644 wallpapers/denji-chainsaw-man-minimalist-4k-wallpaper-uhdpaper.com-82@5@i.jpg
 create mode 100644 wallpapers/desert-mountain-scenery-4k-wallpaper-uhdpaper.com-876@5@m.jpg
 create mode 100644 wallpapers/desert-night-moon-scenery-digital-art-4k-wallpaper-uhdpaper.com-445@5@c.jpg
 create mode 100644 wallpapers/diablo-4-hell-4k-wallpaper-uhdpaper.com-87@1@k.jpg
 create mode 100644 wallpapers/eagle-flying-forest-fog-4k-wallpaper-uhdpaper.com-162@2@a.jpg
 create mode 100644 wallpapers/f1-24-racing-game-4k-wallpaper-uhdpaper.com-758@0@j.jpg
 create mode 100644 wallpapers/f1-24-racing-video-game-4k-wallpaper-uhdpaper.com-754@0@j.jpg
 create mode 100644 wallpapers/f1-movie-4k-wallpaper-uhdpaper.com-588@5@g.jpg
 create mode 100644 wallpapers/f1-sports-car-racing-4k-wallpaper-uhdpaper.com-93@5@h.jpg
 create mode 100644 wallpapers/flower-field-tulips-sunrise-windmill-nature-scenery-4k-wallpaper-uhdpaper.com-285@5@i.jpg
 create mode 100644 wallpapers/forest-aerial-view-nature-scenery-4k-wallpaper-uhdpaper.com-816@0@g.jpg
 create mode 100644 wallpapers/forza-horizon-6-car-race-4k-wallpaper-uhdpaper.com-177@5@p.jpg
 create mode 100644 wallpapers/forza-horizon-6-game-cars-4k-wallpaper-uhdpaper.com-175@5@p.jpg
 create mode 100644 wallpapers/forza-horizon-6-japan-road-4k-wallpaper-uhdpaper.com-169@5@p.jpg
 create mode 100644 wallpapers/forza-horizon-6-japan-scenery-4k-wallpaper-uhdpaper.com-174@5@p.jpg
 create mode 100644 wallpapers/forza-horizon-6-nissan-sports-car-4k-wallpaper-uhdpaper.com-187@5@p.jpg
 create mode 100644 wallpapers/forza-horizon-6-porsche-cherry-blossom-4k-wallpaper-uhdpaper.com-185@5@p.jpg
 create mode 100644 wallpapers/forza-horizon-6-sports-car-4k-wallpaper-uhdpaper.com-184@5@p.jpg
 create mode 100644 wallpapers/franky-one-piece-car-4k-wallpaper-uhdpaper.com-369@5@l.jpg
 create mode 100644 wallpapers/glacier-mountain-scenery-4k-wallpaper-uhdpaper.com-233@5@b.jpg
 create mode 100644 wallpapers/island-night-moon-scenery-digital-art-8k-wallpaper-uhdpaper.com-289@0@j.jpg
 create mode 100644 wallpapers/kakashi-car-4k-wallpaper-uhdpaper.com-349@5@l.jpg
 create mode 100644 wallpapers/lake-reflection-forest-nature-mountain-scenery-4k-wallpaper-uhdpaper.com-104@5@a.jpg
 create mode 100644 wallpapers/lofi-girl-cat-night-fireworks-4k-wallpaper-uhdpaper.com-504@5@f.jpg
 create mode 100644 wallpapers/luffy-one-piece-car-4k-wallpaper-uhdpaper.com-377@5@l.jpg
 create mode 100644 wallpapers/moon-ocean-girl-violin-boat-night-scenery-digital-art-4k-wallpaper-uhdpaper.com-196@5@k.jpg
 create mode 100644 wallpapers/mountain-lake-reflection-nature-scenery-4k-wallpaper-uhdpaper.com-385@0@h.jpg
 create mode 100644 wallpapers/mountain-landscape-scenery-digital-art-4k-wallpaper-uhdpaper.com-208@5@q.jpg
 create mode 100644 wallpapers/nature-minimalist-scenery-silhouette-uhdpaper.com-4K-8.307 (1).jpg
 create mode 100644 wallpapers/nature-minimalist-scenery-silhouette-uhdpaper.com-4K-8.307.jpg
 create mode 100644 wallpapers/night-firewatch-scenery-forest-nature-4k-wallpaper-uhdpaper.com-418@5@d.jpg
 create mode 100644 wallpapers/north-star-winter-mountain-scenery-4k-wallpaper-uhdpaper.com-107@5@k.jpg
 create mode 100644 wallpapers/ocean-car-floating-full-moon-scenery-digital-art-4k-wallpaper-uhdpaper.com-664@0@j.jpg
 create mode 100644 wallpapers/ocean-waves-beach-moon-night-scenery-digital-art-4k-wallpaper-uhdpaper.com-546@2@a.jpg
 create mode 100644 wallpapers/parrot-bird-flying-animal-4k-wallpaper-uhdpaper.com-159@5@g.jpg
 create mode 100644 wallpapers/pochita-chainsaw-man-4k-wallpaper-uhdpaper.com-364@5@q.jpg
 create mode 100644 wallpapers/rose-flower-close-up-nature-digital-art-4k-wallpaper-uhdpaper.com-417@5@d.jpg
 create mode 100644 wallpapers/sci-fi-star-citizen-aircraft-uhdpaper.com-4K-4.16.jpg
 create mode 100644 wallpapers/sea-nature-trees-sunset-scenery-uhdpaper.com-4K-6.956.jpg
 create mode 100644 wallpapers/sea-of-clouds-nature-scenery-4k-wallpaper-uhdpaper.com-886@5@m.jpg
 create mode 100644 wallpapers/sekiro-game-castle-scenery-4k-wallpaper-uhdpaper.com-621@5@n.jpg
 create mode 100644 wallpapers/skull-digital-art-4k-wallpaper-uhdpaper.com-271@5@i.jpg
 create mode 100644 wallpapers/starry-sky-night-lake-nature-scenery-4k-wallpaper-uhdpaper.com-576@5@h.jpg
 create mode 100644 wallpapers/sunrise-grass-field-tree-scenery-4k-wallpaper-uhdpaper.com-284@5@d.jpg
 create mode 100644 wallpapers/sunrise-mountain-forest-scenery-4k-wallpaper-uhdpaper.com-312@5@o.jpg
 create mode 100644 wallpapers/sunrise-mountain-scenery-4k-wallpaper-uhdpaper.com-444@5@c.jpg
 create mode 100644 wallpapers/sunset-lake-boat-night-sky-scenery-digital-art-4k-wallpaper-uhdpaper.com-395@3@b.jpg
 create mode 100644 wallpapers/sunset-river-scenery-digital-art-4k-wallpaper-uhdpaper.com-960@5@m.jpg
 create mode 100644 wallpapers/sunset-scenery-digital-art-4k-wallpaper-uhdpaper.com-888@5@l.jpg
 create mode 100644 wallpapers/sunset-sports-car-road-palm-trees-digital-art-4k-wallpaper-uhdpaper.com-226@0@k.jpg
 create mode 100644 wallpapers/tree-landscape-scenery-digital-art-8k-wallpaper-uhdpaper.com-252@5@i.jpg
 create mode 100644 wallpapers/tree-mountain-sunset-nature-scenery-4k-wallpaper-uhdpaper.com-645@2@b.jpg
 create mode 100644 wallpapers/winter-night-digital-art-scenery-4k-wallpaper-uhdpaper.com-108@5@k.jpg
2026-09-07 23:33:36,880 [DEBUG] stderr: 
2026-09-07 23:33:36,884 [INFO] Checking for remote changes before pushing.
2026-09-07 23:33:36,887 [DEBUG] Running: git fetch origin
2026-09-07 23:36:35,414 [DEBUG] stdout: 
2026-09-07 23:36:35,414 [DEBUG] stderr: From https://github.com/MoRDekai1364/Horizon_Browser
 * [new branch]      alpha                      -> origin/alpha
 * [new branch]      beta                       -> origin/beta
 * [new branch]      local_usable               -> origin/local_usable
 * [new branch]      official_release           -> origin/official_release
 * [new tag]         Horizon_Browser_2.7.3      -> Horizon_Browser_2.7.3
 * [new tag]         Horizon_Browser_2.7.4      -> Horizon_Browser_2.7.4
 * [new tag]         Horizon_Browser_2.7.4_Beta -> Horizon_Browser_2.7.4_Beta
 * [new tag]         Horizon_Browser_2.7.5_Release -> Horizon_Browser_2.7.5_Release
 * [new tag]         Horizon_Browser_version_2.7.3 -> Horizon_Browser_version_2.7.3
 * [new tag]         Horizon                    -> Horizon
 * [new tag]         Horizon_2.6.1              -> Horizon_2.6.1
 * [new tag]         Horizon_2.6.2              -> Horizon_2.6.2
 * [new tag]         Horizon_Browser_2.0        -> Horizon_Browser_2.0
 * [new tag]         Horizon_Browser_2.1        -> Horizon_Browser_2.1
 * [new tag]         Horizon_Browser_2.2        -> Horizon_Browser_2.2
 * [new tag]         Horizon_Browser_2.3        -> Horizon_Browser_2.3
 * [new tag]         Horizon_Browser_2.4        -> Horizon_Browser_2.4
 * [new tag]         Horizon_Browser_2.6.3      -> Horizon_Browser_2.6.3
 * [new tag]         Horizon_Browser_2.6.4      -> Horizon_Browser_2.6.4
 * [new tag]         Horizon_Browser_2.6.5      -> Horizon_Browser_2.6.5
 * [new tag]         Horizon_Browser_2.6.6      -> Horizon_Browser_2.6.6
 * [new tag]         Horizon_Browser_2.6.8      -> Horizon_Browser_2.6.8
 * [new tag]         Horizon_Browser_2.6.9      -> Horizon_Browser_2.6.9
 * [new tag]         Horizon_Browser_Beta       -> Horizon_Browser_Beta
 * [new tag]         Horizon_Browser_Official_Release -> Horizon_Browser_Official_Release
 * [new tag]         Horizon_browser            -> Horizon_browser
 * [new tag]         Horizon_browser_2.6        -> Horizon_browser_2.6
2026-09-07 23:36:35,414 [DEBUG] Running: git rev-parse --verify --quiet origin/local_usable
2026-09-07 23:36:35,522 [DEBUG] stdout: 22644b0d8d098df9ebb775e185004978ae0c99e8
2026-09-07 23:36:35,522 [DEBUG] stderr: 
2026-09-07 23:36:35,522 [DEBUG] Running: git rev-parse local_usable
2026-09-07 23:36:35,631 [DEBUG] stdout: 092d764e4551b3012334147462d4b6f3482ca5ae
2026-09-07 23:36:35,632 [DEBUG] stderr: 
2026-09-07 23:36:35,632 [DEBUG] Running: git rev-parse origin/local_usable
2026-09-07 23:36:35,746 [DEBUG] stdout: 22644b0d8d098df9ebb775e185004978ae0c99e8
2026-09-07 23:36:35,746 [DEBUG] stderr: 
2026-09-07 23:36:35,747 [DEBUG] Running: git rev-list --count local_usable..origin/local_usable
2026-09-07 23:36:35,866 [DEBUG] stdout: 1
2026-09-07 23:36:35,866 [DEBUG] stderr: 
2026-09-07 23:36:35,866 [INFO] Remote has 1 commit(s) you don't have locally — rebasing before push.
2026-09-07 23:36:35,866 [DEBUG] Running: git rebase origin/local_usable
2026-09-07 23:37:06,416 [DEBUG] stdout: warning: Cannot merge binary files: !START_Horizon_Browser.lnk (HEAD vs. 092d764 (version 2.7.5))
Auto-merging !START_Horizon_Browser.lnk
CONFLICT (add/add): Merge conflict in !START_Horizon_Browser.lnk
Auto-merging Views/HomePageView.xaml
CONFLICT (add/add): Merge conflict in Views/HomePageView.xaml
Auto-merging Views/HomePageView.xaml.cs
CONFLICT (add/add): Merge conflict in Views/HomePageView.xaml.cs
Auto-merging _SmartCopy.config.txt
CONFLICT (add/add): Merge conflict in _SmartCopy.config.txt
Auto-merging path.txt
CONFLICT (add/add): Merge conflict in path.txt
Auto-merging version.txt
CONFLICT (add/add): Merge conflict in version.txt
2026-09-07 23:37:06,416 [DEBUG] stderr: Rebasing (1/1)
error: could not apply 092d764... version 2.7.5
hint: Resolve all conflicts manually, mark them as resolved with
hint: "git add/rm <conflicted_files>", then run "git rebase --continue".
hint: You can instead skip this commit: run "git rebase --skip".
hint: To abort and get back to the state before "git rebase", run "git rebase --abort".
hint: Disable this message with "git config set advice.mergeConflict false"
Could not apply 092d764... # version 2.7.5
2026-09-07 23:37:06,416 [DEBUG] Running: git rebase --abort
2026-09-07 23:37:10,603 [DEBUG] stdout: 
2026-09-07 23:37:10,603 [DEBUG] stderr: 
2026-09-07 23:37:10,603 [ERROR] Rebase failed — the remote has changes that conflict with yours. Resolve manually: open a terminal in E:\Programming\Personal_projects\Horizon_Browser\Horizon_Browser_official_release\code_files and run 'git pull --rebase origin local_usable', fix the conflicts, then re-run this script.
